candidate,candidate_code,sequence,order,branch,origin,price_factor,capacity_weight,damping,selected_sweep,max_gain_percent,limiting_player,multistart_status,region,region_label,year,capacity_gw,price_usd_per_kw,demand_gw,domestic_output_gw,imports_gw,exports_gw,import_share
ch-af-apac-eu-row-us/pf080_k100_a030,CH-pf080_k100_a030,ch-af-apac-eu-row-us,CH-first,pf080_k100_a030,low_price_reinitialization,0.8,1,0.3,13,0.9271650271,apac,not_yet_audited,ch,China,2025,931,163.324,324,324,4.40711745e-09,111.6,1.360221435e-11
ch-af-apac-eu-row-us/pf080_k100_a030,CH-pf080_k100_a030,ch-af-apac-eu-row-us,CH-first,pf080_k100_a030,low_price_reinitialization,0.8,1,0.3,13,0.9271650271,apac,not_yet_audited,af,Africa,2025,3.4,248.5090571,10,3.402582351e-09,9.999999996,3.399999996,0.9999999997
ch-af-apac-eu-row-us/pf080_k100_a030,CH-pf080_k100_a030,ch-af-apac-eu-row-us,CH-first,pf080_k100_a030,low_price_reinitialization,0.8,1,0.3,13,0.9271650271,apac,not_yet_audited,eu,EU,2025,22,294.1733321,75,1.174543446e-08,74.99999999,1.211780885e-08,0.9999999998
ch-af-apac-eu-row-us/pf080_k100_a030,CH-pf080_k100_a030,ch-af-apac-eu-row-us,CH-first,pf080_k100_a030,low_price_reinitialization,0.8,1,0.3,13,0.9271650271,apac,not_yet_audited,us,US,2025,42,293.7491228,45,3.342420881e-09,45,6.914774769e-09,0.9999999999
ch-af-apac-eu-row-us/pf080_k100_a030,CH-pf080_k100_a030,ch-af-apac-eu-row-us,CH-first,pf080_k100_a030,low_price_reinitialization,0.8,1,0.3,13,0.9271650271,apac,not_yet_audited,apac,APAC,2025,110,194.534241,50,49.99999999,6.592849324e-09,59.99999999,1.318569865e-10
ch-af-apac-eu-row-us/pf080_k100_a030,CH-pf080_k100_a030,ch-af-apac-eu-row-us,CH-first,pf080_k100_a030,low_price_reinitialization,0.8,1,0.3,13,0.9271650271,apac,not_yet_audited,row,ROW,2025,293,293.5978116,45,1.540568519e-09,45,4.675856091e-09,1
ch-af-apac-eu-row-us/pf080_k100_a030,CH-pf080_k100_a030,ch-af-apac-eu-row-us,CH-first,pf080_k100_a030,low_price_reinitialization,0.8,1,0.3,13,0.9271650271,apac,not_yet_audited,ch,China,2030,525.0738867,107.7909239,350,349.9999996,3.489107983e-07,135.8742461,9.968879952e-10
ch-af-apac-eu-row-us/pf080_k100_a030,CH-pf080_k100_a030,ch-af-apac-eu-row-us,CH-first,pf080_k100_a030,low_price_reinitialization,0.8,1,0.3,13,0.9271650271,apac,not_yet_audited,af,Africa,2030,0.6431990234,229.717223,13.99999999,3.037305323e-07,13.99999969,0.6431986662,0.9999999783
ch-af-apac-eu-row-us/pf080_k100_a030,CH-pf080_k100_a030,ch-af-apac-eu-row-us,CH-first,pf080_k100_a030,low_price_reinitialization,0.8,1,0.3,13,0.9271650271,apac,not_yet_audited,eu,EU,2030,0.001273964878,255.5057732,89.99999999,0.001272227126,89.99872776,1.649282936e-06,0.9999858641
ch-af-apac-eu-row-us/pf080_k100_a030,CH-pf080_k100_a030,ch-af-apac-eu-row-us,CH-first,pf080_k100_a030,low_price_reinitialization,0.8,1,0.3,13,0.9271650271,apac,not_yet_audited,us,US,2030,0.003666073881,248.9109143,64.99999998,0.003664190737,64.99633579,1.717859308e-06,0.9999436278
ch-af-apac-eu-row-us/pf080_k100_a030,CH-pf080_k100_a030,ch-af-apac-eu-row-us,CH-first,pf080_k100_a030,low_price_reinitialization,0.8,1,0.3,13,0.9271650271,apac,not_yet_audited,apac,APAC,2030,172.3329595,136.9022271,84.99999998,84.9999995,4.801068734e-07,87.33295941,5.648316158e-09
ch-af-apac-eu-row-us/pf080_k100_a030,CH-pf080_k100_a030,ch-af-apac-eu-row-us,CH-first,pf080_k100_a030,low_price_reinitialization,0.8,1,0.3,13,0.9271650271,apac,not_yet_audited,row,ROW,2030,15.1446568,252.7077959,69.99999999,15.14465344,54.85534655,3.028361234e-06,0.7836478079
ch-af-apac-eu-row-us/pf080_k100_a030,CH-pf080_k100_a030,ch-af-apac-eu-row-us,CH-first,pf080_k100_a030,low_price_reinitialization,0.8,1,0.3,13,0.9271650271,apac,not_yet_audited,ch,China,2035,515.9525201,95.908833,333,333,9.452389381e-09,131.3093588,2.83855537e-11
ch-af-apac-eu-row-us/pf080_k100_a030,CH-pf080_k100_a030,ch-af-apac-eu-row-us,CH-first,pf080_k100_a030,low_price_reinitialization,0.8,1,0.3,13,0.9271650271,apac,not_yet_audited,af,Africa,2035,0.61129037,189.8925819,20,2.03294641e-08,19.99999998,0.6112903481,0.999999999
ch-af-apac-eu-row-us/pf080_k100_a030,CH-pf080_k100_a030,ch-af-apac-eu-row-us,CH-first,pf080_k100_a030,low_price_reinitialization,0.8,1,0.3,13,0.9271650271,apac,not_yet_audited,eu,EU,2035,0.0004289972023,205.1420616,95,0.0004289690478,94.99957103,2.260973862e-08,0.9999954845
ch-af-apac-eu-row-us/pf080_k100_a030,CH-pf080_k100_a030,ch-af-apac-eu-row-us,CH-first,pf080_k100_a030,low_price_reinitialization,0.8,1,0.3,13,0.9271650271,apac,not_yet_audited,us,US,2035,0.002394713744,206.3403643,70,0.0023946854,69.99760531,2.376009112e-08,0.9999657902
ch-af-apac-eu-row-us/pf080_k100_a030,CH-pf080_k100_a030,ch-af-apac-eu-row-us,CH-first,pf080_k100_a030,low_price_reinitialization,0.8,1,0.3,13,0.9271650271,apac,not_yet_audited,apac,APAC,2035,235.0765271,112.1078515,103,103,1.080479872e-08,132.076527,1.049009584e-10
ch-af-apac-eu-row-us/pf080_k100_a030,CH-pf080_k100_a030,ch-af-apac-eu-row-us,CH-first,pf080_k100_a030,low_price_reinitialization,0.8,1,0.3,13,0.9271650271,apac,not_yet_audited,row,ROW,2035,15.09580637,205.4820897,79,8.829584782e-08,78.99999991,3.939576761e-08,0.9999999989
ch-af-apac-eu-row-us/pf080_k100_a030,CH-pf080_k100_a030,ch-af-apac-eu-row-us,CH-first,pf080_k100_a030,low_price_reinitialization,0.8,1,0.3,13,0.9271650271,apac,not_yet_audited,ch,China,2040,514.0976569,86.65125723,316,315.9999998,1.813697681e-07,108.9156091,5.739549624e-10
ch-af-apac-eu-row-us/pf080_k100_a030,CH-pf080_k100_a030,ch-af-apac-eu-row-us,CH-first,pf080_k100_a030,low_price_reinitialization,0.8,1,0.3,13,0.9271650271,apac,not_yet_audited,af,Africa,2040,0.6527350313,248.0473843,28,5.058173506e-07,27.99999949,0.6527345021,0.9999999819
ch-af-apac-eu-row-us/pf080_k100_a030,CH-pf080_k100_a030,ch-af-apac-eu-row-us,CH-first,pf080_k100_a030,low_price_reinitialization,0.8,1,0.3,13,0.9271650271,apac,not_yet_audited,eu,EU,2040,0.0001023386862,263.374174,98.99999999,0.00010177648,98.99989822,5.263679984e-07,0.999998972
ch-af-apac-eu-row-us/pf080_k100_a030,CH-pf080_k100_a030,ch-af-apac-eu-row-us,CH-first,pf080_k100_a030,low_price_reinitialization,0.8,1,0.3,13,0.9271650271,apac,not_yet_audited,us,US,2040,0.001727768915,264.0194964,74.99999999,0.001726909547,74.99827308,8.23094854e-07,0.9999769745
ch-af-apac-eu-row-us/pf080_k100_a030,CH-pf080_k100_a030,ch-af-apac-eu-row-us,CH-first,pf080_k100_a030,low_price_reinitialization,0.8,1,0.3,13,0.9271650271,apac,not_yet_audited,apac,APAC,2040,292.340693,110.2384394,126,125.9999998,1.649627479e-07,166.3406928,1.309228158e-09
ch-af-apac-eu-row-us/pf080_k100_a030,CH-pf080_k100_a030,ch-af-apac-eu-row-us,CH-first,pf080_k100_a030,low_price_reinitialization,0.8,1,0.3,13,0.9271650271,apac,not_yet_audited,row,ROW,2040,15.08913342,262.6043112,88.99999999,15.08913207,73.91086792,1.294990571e-06,0.8304591902
ch-af-apac-eu-row-us/pf080_k100_a040,CH-pf080_k100_a040,ch-af-apac-eu-row-us,CH-first,pf080_k100_a040,low_price_reinitialization,0.8,1,0.4,12,0.6054652146,ch,not_yet_audited,ch,China,2025,931,163.324,324,324,2.566511602e-08,111.5999999,7.921332104e-11
ch-af-apac-eu-row-us/pf080_k100_a040,CH-pf080_k100_a040,ch-af-apac-eu-row-us,CH-first,pf080_k100_a040,low_price_reinitialization,0.8,1,0.4,12,0.6054652146,ch,not_yet_audited,af,Africa,2025,3.4,265.8118586,9.999999999,4.057432263e-08,9.999999959,3.399999954,0.9999999959
ch-af-apac-eu-row-us/pf080_k100_a040,CH-pf080_k100_a040,ch-af-apac-eu-row-us,CH-first,pf080_k100_a040,low_price_reinitialization,0.8,1,0.4,12,0.6054652146,ch,not_yet_audited,eu,EU,2025,22,286.9743891,75,4.611960585e-08,74.99999995,7.86359144e-08,0.9999999994
ch-af-apac-eu-row-us/pf080_k100_a040,CH-pf080_k100_a040,ch-af-apac-eu-row-us,CH-first,pf080_k100_a040,low_price_reinitialization,0.8,1,0.4,12,0.6054652146,ch,not_yet_audited,us,US,2025,42,282.7344765,45,1.351684503e-08,44.99999998,3.922951201e-08,0.9999999997
ch-af-apac-eu-row-us/pf080_k100_a040,CH-pf080_k100_a040,ch-af-apac-eu-row-us,CH-first,pf080_k100_a040,low_price_reinitialization,0.8,1,0.4,12,0.6054652146,ch,not_yet_audited,apac,APAC,2025,110,196.6829843,50,49.99999995,5.25353737e-08,60,1.050707474e-09
ch-af-apac-eu-row-us/pf080_k100_a040,CH-pf080_k100_a040,ch-af-apac-eu-row-us,CH-first,pf080_k100_a040,low_price_reinitialization,0.8,1,0.4,12,0.6054652146,ch,not_yet_audited,row,ROW,2025,293,293.4566154,45,9.083132582e-09,44.99999999,2.632304585e-08,0.9999999998
ch-af-apac-eu-row-us/pf080_k100_a040,CH-pf080_k100_a040,ch-af-apac-eu-row-us,CH-first,pf080_k100_a040,low_price_reinitialization,0.8,1,0.4,12,0.6054652146,ch,not_yet_audited,ch,China,2030,521.9343507,107.7909238,350,350,3.266807674e-08,137.7275083,9.333736211e-11
ch-af-apac-eu-row-us/pf080_k100_a040,CH-pf080_k100_a040,ch-af-apac-eu-row-us,CH-first,pf080_k100_a040,low_price_reinitialization,0.8,1,0.4,12,0.6054652146,ch,not_yet_audited,af,Africa,2030,0.8326524857,233.6756354,14,3.493081284e-08,13.99999996,0.8326524454,0.9999999975
ch-af-apac-eu-row-us/pf080_k100_a040,CH-pf080_k100_a040,ch-af-apac-eu-row-us,CH-first,pf080_k100_a040,low_price_reinitialization,0.8,1,0.4,12,0.6054652146,ch,not_yet_audited,eu,EU,2030,0.00131504916,262.6035854,90,0.001314957028,89.99868504,8.226670171e-08,0.9999853894
ch-af-apac-eu-row-us/pf080_k100_a040,CH-pf080_k100_a040,ch-af-apac-eu-row-us,CH-first,pf080_k100_a040,low_price_reinitialization,0.8,1,0.4,12,0.6054652146,ch,not_yet_audited,us,US,2030,0.003741430144,258.1055198,65,0.003741273776,64.99625872,1.434186652e-07,0.9999424419
ch-af-apac-eu-row-us/pf080_k100_a040,CH-pf080_k100_a040,ch-af-apac-eu-row-us,CH-first,pf080_k100_a040,low_price_reinitialization,0.8,1,0.4,12,0.6054652146,ch,not_yet_audited,apac,APAC,2030,173.2137249,137.686444,85,84.99999995,5.04629098e-08,88.21372495,5.936812918e-10
ch-af-apac-eu-row-us/pf080_k100_a040,CH-pf080_k100_a040,ch-af-apac-eu-row-us,CH-first,pf080_k100_a040,low_price_reinitialization,0.8,1,0.4,12,0.6054652146,ch,not_yet_audited,row,ROW,2030,12.22105794,262.1027404,70,12.22105772,57.77894228,1.971643334e-07,0.8254134612
ch-af-apac-eu-row-us/pf080_k100_a040,CH-pf080_k100_a040,ch-af-apac-eu-row-us,CH-first,pf080_k100_a040,low_price_reinitialization,0.8,1,0.4,12,0.6054652146,ch,not_yet_audited,ch,China,2035,519.2846208,95.90883301,333,333,4.180316358e-08,119.5388271,1.255350258e-10
ch-af-apac-eu-row-us/pf080_k100_a040,CH-pf080_k100_a040,ch-af-apac-eu-row-us,CH-first,pf080_k100_a040,low_price_reinitialization,0.8,1,0.4,12,0.6054652146,ch,not_yet_audited,af,Africa,2035,0.7860854361,213.2704006,20,8.462686801e-08,19.99999991,0.7860853442,0.9999999958
ch-af-apac-eu-row-us/pf080_k100_a040,CH-pf080_k100_a040,ch-af-apac-eu-row-us,CH-first,pf080_k100_a040,low_price_reinitialization,0.8,1,0.4,12,0.6054652146,ch,not_yet_audited,eu,EU,2035,0.0007479828363,230.637587,95,0.0007478818824,94.99925212,8.692626172e-08,0.9999921276
ch-af-apac-eu-row-us/pf080_k100_a040,CH-pf080_k100_a040,ch-af-apac-eu-row-us,CH-first,pf080_k100_a040,low_price_reinitialization,0.8,1,0.4,12,0.6054652146,ch,not_yet_audited,us,US,2035,0.002284148083,225.5668806,70,0.002283738837,69.99771626,3.899644615e-07,0.9999673752
ch-af-apac-eu-row-us/pf080_k100_a040,CH-pf080_k100_a040,ch-af-apac-eu-row-us,CH-first,pf080_k100_a040,low_price_reinitialization,0.8,1,0.4,12,0.6054652146,ch,not_yet_audited,apac,APAC,2035,234.4598034,121.6520926,103,102.9999999,6.760400158e-08,131.4598034,6.563495299e-10
ch-af-apac-eu-row-us/pf080_k100_a040,CH-pf080_k100_a040,ch-af-apac-eu-row-us,CH-first,pf080_k100_a040,low_price_reinitialization,0.8,1,0.4,12,0.6054652146,ch,not_yet_audited,row,ROW,2035,12.21225209,231.802103,79,12.21225186,66.78774814,1.997612434e-07,0.8454145335
ch-af-apac-eu-row-us/pf080_k100_a040,CH-pf080_k100_a040,ch-af-apac-eu-row-us,CH-first,pf080_k100_a040,low_price_reinitialization,0.8,1,0.4,12,0.6054652146,ch,not_yet_audited,ch,China,2040,516.621365,86.65125723,316,315.9999998,2.309929465e-07,108.6586496,7.30990337e-10
ch-af-apac-eu-row-us/pf080_k100_a040,CH-pf080_k100_a040,ch-af-apac-eu-row-us,CH-first,pf080_k100_a040,low_price_reinitialization,0.8,1,0.4,12,0.6054652146,ch,not_yet_audited,af,Africa,2040,0.7920241671,197.308738,28,1.538502115e-06,27.99999846,0.7920225963,0.9999999451
ch-af-apac-eu-row-us/pf080_k100_a040,CH-pf080_k100_a040,ch-af-apac-eu-row-us,CH-first,pf080_k100_a040,low_price_reinitialization,0.8,1,0.4,12,0.6054652146,ch,not_yet_audited,eu,EU,2040,0.0003011714668,198.1786879,98.99999999,3.883346781e-07,98.99999961,0.000300706257,0.9999999961
ch-af-apac-eu-row-us/pf080_k100_a040,CH-pf080_k100_a040,ch-af-apac-eu-row-us,CH-first,pf080_k100_a040,low_price_reinitialization,0.8,1,0.4,12,0.6054652146,ch,not_yet_audited,us,US,2040,0.002115175338,198.2503898,74.99999999,0.002113635068,74.99788635,1.474047166e-06,0.9999718182
ch-af-apac-eu-row-us/pf080_k100_a040,CH-pf080_k100_a040,ch-af-apac-eu-row-us,CH-first,pf080_k100_a040,low_price_reinitialization,0.8,1,0.4,12,0.6054652146,ch,not_yet_audited,apac,APAC,2040,295.3346662,102.7564173,126,125.9999996,3.921506408e-07,169.3346654,3.112306673e-09
ch-af-apac-eu-row-us/pf080_k100_a040,CH-pf080_k100_a040,ch-af-apac-eu-row-us,CH-first,pf080_k100_a040,low_price_reinitialization,0.8,1,0.4,12,0.6054652146,ch,not_yet_audited,row,ROW,2040,12.21224538,208.1620858,88.99999999,12.21224456,76.78775543,6.385749872e-07,0.862783769
ch-af-apac-eu-row-us/pf100_k050_a030,CH-pf100_k050_a030,ch-af-apac-eu-row-us,CH-first,pf100_k050_a030,older_ch_first,1,0.5,0.3,14,0.5181402831,apac,fails_1_percent,ch,China,2025,931,163.324,324,324,1.347211172e-08,111.5999988,4.158059173e-11
ch-af-apac-eu-row-us/pf100_k050_a030,CH-pf100_k050_a030,ch-af-apac-eu-row-us,CH-first,pf100_k050_a030,older_ch_first,1,0.5,0.3,14,0.5181402831,apac,fails_1_percent,af,Africa,2025,3.4,260.8121011,10,1.38471573e-08,9.999999986,3.399999984,0.9999999986
ch-af-apac-eu-row-us/pf100_k050_a030,CH-pf100_k050_a030,ch-af-apac-eu-row-us,CH-first,pf100_k050_a030,older_ch_first,1,0.5,0.3,14,0.5181402831,apac,fails_1_percent,eu,EU,2025,22,298.7754639,75,1.123117146e-06,74.99999888,5.4686046e-08,0.999999985
ch-af-apac-eu-row-us/pf100_k050_a030,CH-pf100_k050_a030,ch-af-apac-eu-row-us,CH-first,pf100_k050_a030,older_ch_first,1,0.5,0.3,14,0.5181402831,apac,fails_1_percent,us,US,2025,42,294.302859,45,1.078348545e-08,44.99999999,2.470318122e-08,0.9999999998
ch-af-apac-eu-row-us/pf100_k050_a030,CH-pf100_k050_a030,ch-af-apac-eu-row-us,CH-first,pf100_k050_a030,older_ch_first,1,0.5,0.3,14,0.5181402831,apac,fails_1_percent,apac,APAC,2025,110,194.3398745,50,49.99999997,2.597996024e-08,59.99999999,5.195992048e-10
ch-af-apac-eu-row-us/pf100_k050_a030,CH-pf100_k050_a030,ch-af-apac-eu-row-us,CH-first,pf100_k050_a030,older_ch_first,1,0.5,0.3,14,0.5181402831,apac,fails_1_percent,row,ROW,2025,293,300.7549703,45,5.410068485e-09,44.99999999,1.458882659e-08,0.9999999999
ch-af-apac-eu-row-us/pf100_k050_a030,CH-pf100_k050_a030,ch-af-apac-eu-row-us,CH-first,pf100_k050_a030,older_ch_first,1,0.5,0.3,14,0.5181402831,apac,fails_1_percent,ch,China,2030,537.527526,107.7909238,350,350,8.43854224e-09,143.5099539,2.411012069e-11
ch-af-apac-eu-row-us/pf100_k050_a030,CH-pf100_k050_a030,ch-af-apac-eu-row-us,CH-first,pf100_k050_a030,older_ch_first,1,0.5,0.3,14,0.5181402831,apac,fails_1_percent,af,Africa,2030,1.394325985,218.3106854,14,2.107790856e-08,13.99999998,1.394325962,0.9999999985
ch-af-apac-eu-row-us/pf100_k050_a030,CH-pf100_k050_a030,ch-af-apac-eu-row-us,CH-first,pf100_k050_a030,older_ch_first,1,0.5,0.3,14,0.5181402831,apac,fails_1_percent,eu,EU,2030,5.41786392,234.8948133,90,5.41786389,84.58213611,2.719775772e-08,0.9398015123
ch-af-apac-eu-row-us/pf100_k050_a030,CH-pf100_k050_a030,ch-af-apac-eu-row-us,CH-first,pf100_k050_a030,older_ch_first,1,0.5,0.3,14,0.5181402831,apac,fails_1_percent,us,US,2030,0.8539265687,226.4980414,65,0.8539263487,64.14607365,2.162721282e-07,0.9868626716
ch-af-apac-eu-row-us/pf100_k050_a030,CH-pf100_k050_a030,ch-af-apac-eu-row-us,CH-first,pf100_k050_a030,older_ch_first,1,0.5,0.3,14,0.5181402831,apac,fails_1_percent,apac,APAC,2030,172.8239294,127.7670073,85,84.99999999,1.241415965e-08,87.82392943,1.46048937e-10
ch-af-apac-eu-row-us/pf100_k050_a030,CH-pf100_k050_a030,ch-af-apac-eu-row-us,CH-first,pf100_k050_a030,older_ch_first,1,0.5,0.3,14,0.5181402831,apac,fails_1_percent,row,ROW,2030,32.62541577,231.9799622,70,1.43251755e-07,69.99999986,3.495153041e-08,0.999999998
ch-af-apac-eu-row-us/pf100_k050_a030,CH-pf100_k050_a030,ch-af-apac-eu-row-us,CH-first,pf100_k050_a030,older_ch_first,1,0.5,0.3,14,0.5181402831,apac,fails_1_percent,ch,China,2035,530.5868236,95.908833,333,333,1.457317529e-08,124.6159694,4.376328915e-11
ch-af-apac-eu-row-us/pf100_k050_a030,CH-pf100_k050_a030,ch-af-apac-eu-row-us,CH-first,pf100_k050_a030,older_ch_first,1,0.5,0.3,14,0.5181402831,apac,fails_1_percent,af,Africa,2035,1.37396,201.8390297,20,1.373959581,18.62604042,4.16113621e-07,0.931302021
ch-af-apac-eu-row-us/pf100_k050_a030,CH-pf100_k050_a030,ch-af-apac-eu-row-us,CH-first,pf100_k050_a030,older_ch_first,1,0.5,0.3,14,0.5181402831,apac,fails_1_percent,eu,EU,2035,5.396166115,210.7175879,95,5.396166078,89.60383392,3.214089399e-08,0.9431982518
ch-af-apac-eu-row-us/pf100_k050_a030,CH-pf100_k050_a030,ch-af-apac-eu-row-us,CH-first,pf100_k050_a030,older_ch_first,1,0.5,0.3,14,0.5181402831,apac,fails_1_percent,us,US,2035,0.8517222266,203.2456008,70,0.8517220801,69.14827792,1.398373299e-07,0.9878325417
ch-af-apac-eu-row-us/pf100_k050_a030,CH-pf100_k050_a030,ch-af-apac-eu-row-us,CH-first,pf100_k050_a030,older_ch_first,1,0.5,0.3,14,0.5181402831,apac,fails_1_percent,apac,APAC,2035,234.762182,112.9322959,103,103,2.079060253e-08,131.762182,2.0185051e-10
ch-af-apac-eu-row-us/pf100_k050_a030,CH-pf100_k050_a030,ch-af-apac-eu-row-us,CH-first,pf100_k050_a030,older_ch_first,1,0.5,0.3,14,0.5181402831,apac,fails_1_percent,row,ROW,2035,32.60916766,206.5179411,79,2.948393983e-07,78.9999997,7.212831093e-08,0.9999999963
ch-af-apac-eu-row-us/pf100_k050_a030,CH-pf100_k050_a030,ch-af-apac-eu-row-us,CH-first,pf100_k050_a030,older_ch_first,1,0.5,0.3,14,0.5181402831,apac,fails_1_percent,ch,China,2040,530.9156309,86.65125725,316,315.9999995,5.235761528e-07,116.6513788,1.65688656e-09
ch-af-apac-eu-row-us/pf100_k050_a030,CH-pf100_k050_a030,ch-af-apac-eu-row-us,CH-first,pf100_k050_a030,older_ch_first,1,0.5,0.3,14,0.5181402831,apac,fails_1_percent,af,Africa,2040,1.356263299,186.1944916,27.99999999,1.356261794,26.6437382,1.400698957e-06,0.9515620788
ch-af-apac-eu-row-us/pf100_k050_a030,CH-pf100_k050_a030,ch-af-apac-eu-row-us,CH-first,pf100_k050_a030,older_ch_first,1,0.5,0.3,14,0.5181402831,apac,fails_1_percent,eu,EU,2040,5.389891385,189.4138606,98.99999999,5.389890358,93.61010963,9.106341772e-07,0.945556663
ch-af-apac-eu-row-us/pf100_k050_a030,CH-pf100_k050_a030,ch-af-apac-eu-row-us,CH-first,pf100_k050_a030,older_ch_first,1,0.5,0.3,14,0.5181402831,apac,fails_1_percent,us,US,2040,0.8510038931,185.9879674,74.99999998,0.8510002945,74.14899969,3.224579143e-06,0.9886533294
ch-af-apac-eu-row-us/pf100_k050_a030,CH-pf100_k050_a030,ch-af-apac-eu-row-us,CH-first,pf100_k050_a030,older_ch_first,1,0.5,0.3,14,0.5181402831,apac,fails_1_percent,apac,APAC,2040,292.7514613,100.5362995,126,125.9999994,5.425586749e-07,166.751456,4.30602123e-09
ch-af-apac-eu-row-us/pf100_k050_a030,CH-pf100_k050_a030,ch-af-apac-eu-row-us,CH-first,pf100_k050_a030,older_ch_first,1,0.5,0.3,14,0.5181402831,apac,fails_1_percent,row,ROW,2040,32.60313993,186.2691921,88.99999999,6.254988436e-06,88.99999374,2.046902917e-06,0.9999999297
ch-af-apac-eu-row-us/pf100_k050_a040,CH-pf100_k050_a040,ch-af-apac-eu-row-us,CH-first,pf100_k050_a040,older_ch_first,1,0.5,0.4,10,0.5336679649,apac,fails_1_percent,ch,China,2025,931,163.324,324,324,8.496347843e-09,111.5999997,2.622329581e-11
ch-af-apac-eu-row-us/pf100_k050_a040,CH-pf100_k050_a040,ch-af-apac-eu-row-us,CH-first,pf100_k050_a040,older_ch_first,1,0.5,0.4,10,0.5336679649,apac,fails_1_percent,af,Africa,2025,3.4,255.0184866,10,6.526338201e-09,9.999999993,3.399999992,0.9999999993
ch-af-apac-eu-row-us/pf100_k050_a040,CH-pf100_k050_a040,ch-af-apac-eu-row-us,CH-first,pf100_k050_a040,older_ch_first,1,0.5,0.4,10,0.5336679649,apac,fails_1_percent,eu,EU,2025,22,298.4282334,75,2.444685523e-07,74.99999976,3.536413548e-08,0.9999999967
ch-af-apac-eu-row-us/pf100_k050_a040,CH-pf100_k050_a040,ch-af-apac-eu-row-us,CH-first,pf100_k050_a040,older_ch_first,1,0.5,0.4,10,0.5336679649,apac,fails_1_percent,us,US,2025,42,294.2496137,45,6.368141044e-09,44.99999999,1.448022261e-08,0.9999999999
ch-af-apac-eu-row-us/pf100_k050_a040,CH-pf100_k050_a040,ch-af-apac-eu-row-us,CH-first,pf100_k050_a040,older_ch_first,1,0.5,0.4,10,0.5336679649,apac,fails_1_percent,apac,APAC,2025,110,191.2420984,50,49.99999999,1.415145957e-08,59.99999997,2.830291913e-10
ch-af-apac-eu-row-us/pf100_k050_a040,CH-pf100_k050_a040,ch-af-apac-eu-row-us,CH-first,pf100_k050_a040,older_ch_first,1,0.5,0.4,10,0.5336679649,apac,fails_1_percent,row,ROW,2025,293,300.5606033,45,3.254467082e-09,45,8.534452464e-09,0.9999999999
ch-af-apac-eu-row-us/pf100_k050_a040,CH-pf100_k050_a040,ch-af-apac-eu-row-us,CH-first,pf100_k050_a040,older_ch_first,1,0.5,0.4,10,0.5336679649,apac,fails_1_percent,ch,China,2030,522.7840235,107.7909238,350,350,1.088914531e-08,143.7412305,3.111184373e-11
ch-af-apac-eu-row-us/pf100_k050_a040,CH-pf100_k050_a040,ch-af-apac-eu-row-us,CH-first,pf100_k050_a040,older_ch_first,1,0.5,0.4,10,0.5336679649,apac,fails_1_percent,af,Africa,2030,3.070938622,209.4346208,14,1.365269713e-07,13.99999986,3.070938484,0.9999999902
ch-af-apac-eu-row-us/pf100_k050_a040,CH-pf100_k050_a040,ch-af-apac-eu-row-us,CH-first,pf100_k050_a040,older_ch_first,1,0.5,0.4,10,0.5336679649,apac,fails_1_percent,eu,EU,2030,3.987031145,224.6024887,90,3.987031114,86.01296889,2.584542894e-08,0.9556996543
ch-af-apac-eu-row-us/pf100_k050_a040,CH-pf100_k050_a040,ch-af-apac-eu-row-us,CH-first,pf100_k050_a040,older_ch_first,1,0.5,0.4,10,0.5336679649,apac,fails_1_percent,us,US,2030,0.5988718942,215.3386748,65,0.5988710351,64.40112896,8.5442998e-07,0.9907865995
ch-af-apac-eu-row-us/pf100_k050_a040,CH-pf100_k050_a040,ch-af-apac-eu-row-us,CH-first,pf100_k050_a040,older_ch_first,1,0.5,0.4,10,0.5336679649,apac,fails_1_percent,apac,APAC,2030,172.6019279,128.4961228,85,84.99999998,1.56033158e-08,87.60192783,1.835684211e-10
ch-af-apac-eu-row-us/pf100_k050_a040,CH-pf100_k050_a040,ch-af-apac-eu-row-us,CH-first,pf100_k050_a040,older_ch_first,1,0.5,0.4,10,0.5336679649,apac,fails_1_percent,row,ROW,2030,13.19698114,222.0223014,70,1.544528991e-08,69.99999998,2.369185814e-08,0.9999999998
ch-af-apac-eu-row-us/pf100_k050_a040,CH-pf100_k050_a040,ch-af-apac-eu-row-us,CH-first,pf100_k050_a040,older_ch_first,1,0.5,0.4,10,0.5336679649,apac,fails_1_percent,ch,China,2035,502.0389148,95.90883302,333,332.9999999,5.478293785e-08,123.9725528,1.645133269e-10
ch-af-apac-eu-row-us/pf100_k050_a040,CH-pf100_k050_a040,ch-af-apac-eu-row-us,CH-first,pf100_k050_a040,older_ch_first,1,0.5,0.4,10,0.5336679649,apac,fails_1_percent,af,Africa,2035,3.087999408,206.9650087,20,3.087997396,16.9120026,2.001642911e-06,0.8456001302
ch-af-apac-eu-row-us/pf100_k050_a040,CH-pf100_k050_a040,ch-af-apac-eu-row-us,CH-first,pf100_k050_a040,older_ch_first,1,0.5,0.4,10,0.5336679649,apac,fails_1_percent,eu,EU,2035,3.967000361,213.527269,95,3.967000233,91.03299977,1.09848895e-07,0.9582421028
ch-af-apac-eu-row-us/pf100_k050_a040,CH-pf100_k050_a040,ch-af-apac-eu-row-us,CH-first,pf100_k050_a040,older_ch_first,1,0.5,0.4,10,0.5336679649,apac,fails_1_percent,us,US,2035,0.5962322056,209.4415588,70,0.5962320496,69.40376795,1.23936851e-07,0.9914823993
ch-af-apac-eu-row-us/pf100_k050_a040,CH-pf100_k050_a040,ch-af-apac-eu-row-us,CH-first,pf100_k050_a040,older_ch_first,1,0.5,0.4,10,0.5336679649,apac,fails_1_percent,apac,APAC,2035,235.3762128,112.6918255,103,102.9999999,7.881053763e-08,132.3762125,7.651508508e-10
ch-af-apac-eu-row-us/pf100_k050_a040,CH-pf100_k050_a040,ch-af-apac-eu-row-us,CH-first,pf100_k050_a040,older_ch_first,1,0.5,0.4,10,0.5336679649,apac,fails_1_percent,row,ROW,2035,13.13223998,206.8568718,79,2.22877447e-06,78.99999777,6.270450291e-07,0.9999999718
ch-af-apac-eu-row-us/pf100_k050_a040,CH-pf100_k050_a040,ch-af-apac-eu-row-us,CH-first,pf100_k050_a040,older_ch_first,1,0.5,0.4,10,0.5336679649,apac,fails_1_percent,ch,China,2040,499.2341896,86.65125723,316,315.9999998,1.951485329e-07,114.0103253,6.175586484e-10
ch-af-apac-eu-row-us/pf100_k050_a040,CH-pf100_k050_a040,ch-af-apac-eu-row-us,CH-first,pf100_k050_a040,older_ch_first,1,0.5,0.4,10,0.5336679649,apac,fails_1_percent,af,Africa,2040,3.129976745,181.4327493,28,3.129944662,24.87005534,3.205188969e-05,0.8882162621
ch-af-apac-eu-row-us/pf100_k050_a040,CH-pf100_k050_a040,ch-af-apac-eu-row-us,CH-first,pf100_k050_a040,older_ch_first,1,0.5,0.4,10,0.5336679649,apac,fails_1_percent,eu,EU,2040,3.95991384,194.3381187,99,3.95991334,95.04008666,4.25496749e-07,0.9600008753
ch-af-apac-eu-row-us/pf100_k050_a040,CH-pf100_k050_a040,ch-af-apac-eu-row-us,CH-first,pf100_k050_a040,older_ch_first,1,0.5,0.4,10,0.5336679649,apac,fails_1_percent,us,US,2040,0.5956224973,187.7154329,74.99999999,0.5956196905,74.4043803,2.687547441e-06,0.9920584041
ch-af-apac-eu-row-us/pf100_k050_a040,CH-pf100_k050_a040,ch-af-apac-eu-row-us,CH-first,pf100_k050_a040,older_ch_first,1,0.5,0.4,10,0.5336679649,apac,fails_1_percent,apac,APAC,2040,295.3041576,100.6534358,126,125.9999998,2.41521664e-07,169.3041557,1.916838603e-09
ch-af-apac-eu-row-us/pf100_k050_a040,CH-pf100_k050_a040,ch-af-apac-eu-row-us,CH-first,pf100_k050_a040,older_ch_first,1,0.5,0.4,10,0.5336679649,apac,fails_1_percent,row,ROW,2040,13.12503902,186.4597672,89,3.504384593e-06,88.99999649,3.051577871e-06,0.9999999606
ch-af-apac-eu-row-us/pf100_k100_a040,CH-pf100_k100_a040,ch-af-apac-eu-row-us,CH-first,pf100_k100_a040,older_ch_first,1,1,0.4,10,0.9607367771,apac,fails_1_percent,ch,China,2025,931,163.324,324,323.9999999,5.755234094e-08,111.5999987,1.776306819e-10
ch-af-apac-eu-row-us/pf100_k100_a040,CH-pf100_k100_a040,ch-af-apac-eu-row-us,CH-first,pf100_k100_a040,older_ch_first,1,1,0.4,10,0.9607367771,apac,fails_1_percent,af,Africa,2025,3.4,269.8323677,9.999999999,9.836921718e-08,9.9999999,3.39999989,0.9999999902
ch-af-apac-eu-row-us/pf100_k100_a040,CH-pf100_k100_a040,ch-af-apac-eu-row-us,CH-first,pf100_k100_a040,older_ch_first,1,1,0.4,10,0.9607367771,apac,fails_1_percent,eu,EU,2025,22,298.1925729,75,1.211677617e-06,74.99999879,2.273018994e-07,0.9999999838
ch-af-apac-eu-row-us/pf100_k100_a040,CH-pf100_k100_a040,ch-af-apac-eu-row-us,CH-first,pf100_k100_a040,older_ch_first,1,1,0.4,10,0.9607367771,apac,fails_1_percent,us,US,2025,42,296.2810869,45,4.619759287e-08,44.99999995,9.983839402e-08,0.999999999
ch-af-apac-eu-row-us/pf100_k100_a040,CH-pf100_k100_a040,ch-af-apac-eu-row-us,CH-first,pf100_k100_a040,older_ch_first,1,1,0.4,10,0.9607367771,apac,fails_1_percent,apac,APAC,2025,110,191.2848693,50,49.99999987,1.285103324e-07,59.99999983,2.570206647e-09
ch-af-apac-eu-row-us/pf100_k100_a040,CH-pf100_k100_a040,ch-af-apac-eu-row-us,CH-first,pf100_k100_a040,older_ch_first,1,1,0.4,10,0.9607367771,apac,fails_1_percent,row,ROW,2025,293,300.0383782,45,2.186069172e-08,44.99999998,5.926513581e-08,0.9999999995
ch-af-apac-eu-row-us/pf100_k100_a040,CH-pf100_k100_a040,ch-af-apac-eu-row-us,CH-first,pf100_k100_a040,older_ch_first,1,1,0.4,10,0.9607367771,apac,fails_1_percent,ch,China,2030,512.188923,107.7909242,350,349.9999997,2.957787653e-07,147.8911514,8.450821867e-10
ch-af-apac-eu-row-us/pf100_k100_a040,CH-pf100_k100_a040,ch-af-apac-eu-row-us,CH-first,pf100_k100_a040,older_ch_first,1,1,0.4,10,0.9607367771,apac,fails_1_percent,af,Africa,2030,2.629557348,224.2283478,13.99999999,2.629515787,11.37048421,4.150711809e-05,0.8121774437
ch-af-apac-eu-row-us/pf100_k100_a040,CH-pf100_k100_a040,ch-af-apac-eu-row-us,CH-first,pf100_k100_a040,older_ch_first,1,1,0.4,10,0.9607367771,apac,fails_1_percent,eu,EU,2030,2.10489123e-07,237.930953,89.99999999,3.007273947e-08,89.99999996,1.503458628e-07,0.9999999997
ch-af-apac-eu-row-us/pf100_k100_a040,CH-pf100_k100_a040,ch-af-apac-eu-row-us,CH-first,pf100_k100_a040,older_ch_first,1,1,0.4,10,0.9607367771,apac,fails_1_percent,us,US,2030,0.1600591191,228.2194747,64.99999998,2.223963209e-05,64.99997774,0.1600364812,0.9999996579
ch-af-apac-eu-row-us/pf100_k100_a040,CH-pf100_k100_a040,ch-af-apac-eu-row-us,CH-first,pf100_k100_a040,older_ch_first,1,1,0.4,10,0.9607367771,apac,fails_1_percent,apac,APAC,2030,173.3192285,138.3990669,84.99999999,84.99999898,1.002574168e-06,88.31922913,1.179499021e-08
ch-af-apac-eu-row-us/pf100_k100_a040,CH-pf100_k100_a040,ch-af-apac-eu-row-us,CH-first,pf100_k100_a040,older_ch_first,1,1,0.4,10,0.9607367771,apac,fails_1_percent,row,ROW,2030,20.34510113,229.6536607,69.99999999,1.855067054e-06,69.99999814,2.654739849e-06,0.9999999735
ch-af-apac-eu-row-us/pf100_k100_a040,CH-pf100_k100_a040,ch-af-apac-eu-row-us,CH-first,pf100_k100_a040,older_ch_first,1,1,0.4,10,0.9607367771,apac,fails_1_percent,ch,China,2035,487.0802659,95.90883301,333,333,3.658563145e-08,112.3240117,1.098667611e-10
ch-af-apac-eu-row-us/pf100_k100_a040,CH-pf100_k100_a040,ch-af-apac-eu-row-us,CH-first,pf100_k100_a040,older_ch_first,1,1,0.4,10,0.9607367771,apac,fails_1_percent,af,Africa,2035,2.21494392,205.6405368,20,2.214929855,17.78507014,1.40615333e-05,0.8892535072
ch-af-apac-eu-row-us/pf100_k100_a040,CH-pf100_k100_a040,ch-af-apac-eu-row-us,CH-first,pf100_k100_a040,older_ch_first,1,1,0.4,10,0.9607367771,apac,fails_1_percent,eu,EU,2035,2.08998069e-07,213.1994251,95,4.340750639e-08,94.99999996,1.370536289e-07,0.9999999995
ch-af-apac-eu-row-us/pf100_k100_a040,CH-pf100_k100_a040,ch-af-apac-eu-row-us,CH-first,pf100_k100_a040,older_ch_first,1,1,0.4,10,0.9607367771,apac,fails_1_percent,us,US,2035,0.1600131273,207.6294789,70,0.1600129574,69.83998704,1.515065968e-07,0.9977141006
ch-af-apac-eu-row-us/pf100_k100_a040,CH-pf100_k100_a040,ch-af-apac-eu-row-us,CH-first,pf100_k100_a040,older_ch_first,1,1,0.4,10,0.9607367771,apac,fails_1_percent,apac,APAC,2035,236.0416145,112.2076543,103,103,4.292886734e-08,133.0416144,4.167851198e-10
ch-af-apac-eu-row-us/pf100_k100_a040,CH-pf100_k100_a040,ch-af-apac-eu-row-us,CH-first,pf100_k100_a040,older_ch_first,1,1,0.4,10,0.9607367771,apac,fails_1_percent,row,ROW,2035,20.32820954,207.22232,79,16.25941653,62.74058347,2.222123051e-07,0.7941846009
ch-af-apac-eu-row-us/pf100_k100_a040,CH-pf100_k100_a040,ch-af-apac-eu-row-us,CH-first,pf100_k100_a040,older_ch_first,1,1,0.4,10,0.9607367771,apac,fails_1_percent,ch,China,2040,486.4173301,86.6512573,316,315.9999996,3.875576824e-07,128.555333,1.226448362e-09
ch-af-apac-eu-row-us/pf100_k100_a040,CH-pf100_k100_a040,ch-af-apac-eu-row-us,CH-first,pf100_k100_a040,older_ch_first,1,1,0.4,10,0.9607367771,apac,fails_1_percent,af,Africa,2040,2.190066475,187.6428225,27.99999999,2.19006199,25.809938,4.429538378e-06,0.9217835003
ch-af-apac-eu-row-us/pf100_k100_a040,CH-pf100_k100_a040,ch-af-apac-eu-row-us,CH-first,pf100_k100_a040,older_ch_first,1,1,0.4,10,0.9607367771,apac,fails_1_percent,eu,EU,2040,2.08455834e-07,191.3615444,98.99999999,2.979745172e-08,98.99999996,1.48874988e-07,0.9999999997
ch-af-apac-eu-row-us/pf100_k100_a040,CH-pf100_k100_a040,ch-af-apac-eu-row-us,CH-first,pf100_k100_a040,older_ch_first,1,1,0.4,10,0.9607367771,apac,fails_1_percent,us,US,2040,0.1599679549,193.4444689,74.99999999,0.1599669333,74.84003305,8.368406444e-07,0.9978671076
ch-af-apac-eu-row-us/pf100_k100_a040,CH-pf100_k100_a040,ch-af-apac-eu-row-us,CH-first,pf100_k100_a040,older_ch_first,1,1,0.4,10,0.9607367771,apac,fails_1_percent,apac,APAC,2040,286.0946333,100.4733251,126,125.9999996,3.892823067e-07,160.0946287,3.089542117e-09
ch-af-apac-eu-row-us/pf100_k100_a040,CH-pf100_k100_a040,ch-af-apac-eu-row-us,CH-first,pf100_k100_a040,older_ch_first,1,1,0.4,10,0.9607367771,apac,fails_1_percent,row,ROW,2040,20.3208837,185.142377,88.99999999,2.34995532e-06,88.99999764,2.314781359e-06,0.9999999736
ch-af-apac-eu-row-us/pf120_k050_a030,CH-pf120_k050_a030,ch-af-apac-eu-row-us,CH-first,pf120_k050_a030,older_ch_first,1.2,0.5,0.3,13,0.7902826148,apac,fails_1_percent,ch,China,2025,931,163.324,324,323.9999999,1.275396085e-07,111.599999,3.93640767e-10
ch-af-apac-eu-row-us/pf120_k050_a030,CH-pf120_k050_a030,ch-af-apac-eu-row-us,CH-first,pf120_k050_a030,older_ch_first,1.2,0.5,0.3,13,0.7902826148,apac,fails_1_percent,af,Africa,2025,3.4,268.7267379,9.999999997,3.474042537e-07,9.999999649,3.399999629,0.9999999653
ch-af-apac-eu-row-us/pf120_k050_a030,CH-pf120_k050_a030,ch-af-apac-eu-row-us,CH-first,pf120_k050_a030,older_ch_first,1.2,0.5,0.3,13,0.7902826148,apac,fails_1_percent,eu,EU,2025,22,296.525171,75,7.606162892e-07,74.99999924,4.559807382e-07,0.9999999899
ch-af-apac-eu-row-us/pf120_k050_a030,CH-pf120_k050_a030,ch-af-apac-eu-row-us,CH-first,pf120_k050_a030,older_ch_first,1.2,0.5,0.3,13,0.7902826148,apac,fails_1_percent,us,US,2025,42,292.5773509,44.99999999,8.722204301e-08,44.9999999,2.017353168e-07,0.9999999981
ch-af-apac-eu-row-us/pf120_k050_a030,CH-pf120_k050_a030,ch-af-apac-eu-row-us,CH-first,pf120_k050_a030,older_ch_first,1.2,0.5,0.3,13,0.7902826148,apac,fails_1_percent,apac,APAC,2025,110,191.7878487,49.99999999,49.99999975,2.383951144e-07,59.99999967,4.767902289e-09
ch-af-apac-eu-row-us/pf120_k050_a030,CH-pf120_k050_a030,ch-af-apac-eu-row-us,CH-first,pf120_k050_a030,older_ch_first,1.2,0.5,0.3,13,0.7902826148,apac,fails_1_percent,row,ROW,2025,293,297.2101888,45,4.617471411e-08,44.99999995,1.314978307e-07,0.999999999
ch-af-apac-eu-row-us/pf120_k050_a030,CH-pf120_k050_a030,ch-af-apac-eu-row-us,CH-first,pf120_k050_a030,older_ch_first,1.2,0.5,0.3,13,0.7902826148,apac,fails_1_percent,ch,China,2030,510.8193221,107.7909239,350,349.9999999,8.452009349e-08,146.8783741,2.414859814e-10
ch-af-apac-eu-row-us/pf120_k050_a030,CH-pf120_k050_a030,ch-af-apac-eu-row-us,CH-first,pf120_k050_a030,older_ch_first,1.2,0.5,0.3,13,0.7902826148,apac,fails_1_percent,af,Africa,2030,3.418620949,222.261805,14,3.418586447,10.58141355,3.448855591e-05,0.7558152537
ch-af-apac-eu-row-us/pf120_k050_a030,CH-pf120_k050_a030,ch-af-apac-eu-row-us,CH-first,pf120_k050_a030,older_ch_first,1.2,0.5,0.3,13,0.7902826148,apac,fails_1_percent,eu,EU,2030,0.1136829094,239.1929284,90,0.1136827148,89.88631728,1.64541637e-07,0.9987368587
ch-af-apac-eu-row-us/pf120_k050_a030,CH-pf120_k050_a030,ch-af-apac-eu-row-us,CH-first,pf120_k050_a030,older_ch_first,1.2,0.5,0.3,13,0.7902826148,apac,fails_1_percent,us,US,2030,0.6063337416,236.1415397,65,0.6063334181,64.39366658,2.708409826e-07,0.9906717936
ch-af-apac-eu-row-us/pf120_k050_a030,CH-pf120_k050_a030,ch-af-apac-eu-row-us,CH-first,pf120_k050_a030,older_ch_first,1.2,0.5,0.3,13,0.7902826148,apac,fails_1_percent,apac,APAC,2030,172.9829879,126.3890596,85,84.99999985,1.429094681e-07,87.98298752,1.68128786e-09
ch-af-apac-eu-row-us/pf120_k050_a030,CH-pf120_k050_a030,ch-af-apac-eu-row-us,CH-first,pf120_k050_a030,older_ch_first,1.2,0.5,0.3,13,0.7902826148,apac,fails_1_percent,row,ROW,2030,11.20215277,230.4775673,70,5.38620125e-07,69.99999946,5.410761716e-07,0.9999999923
ch-af-apac-eu-row-us/pf120_k050_a030,CH-pf120_k050_a030,ch-af-apac-eu-row-us,CH-first,pf120_k050_a030,older_ch_first,1.2,0.5,0.3,13,0.7902826148,apac,fails_1_percent,ch,China,2035,482.8292011,95.90883304,333,332.9999999,6.011045954e-08,126.8833955,1.805118905e-10
ch-af-apac-eu-row-us/pf120_k050_a030,CH-pf120_k050_a030,ch-af-apac-eu-row-us,CH-first,pf120_k050_a030,older_ch_first,1.2,0.5,0.3,13,0.7902826148,apac,fails_1_percent,af,Africa,2035,3.419036882,206.2008156,20,3.419036034,16.58096397,8.38925497e-07,0.8290481983
ch-af-apac-eu-row-us/pf120_k050_a030,CH-pf120_k050_a030,ch-af-apac-eu-row-us,CH-first,pf120_k050_a030,older_ch_first,1.2,0.5,0.3,13,0.7902826148,apac,fails_1_percent,eu,EU,2035,0.1109653431,212.0624063,95,0.1109651948,94.8890348,1.258101401e-07,0.9988319453
ch-af-apac-eu-row-us/pf120_k050_a030,CH-pf120_k050_a030,ch-af-apac-eu-row-us,CH-first,pf120_k050_a030,older_ch_first,1.2,0.5,0.3,13,0.7902826148,apac,fails_1_percent,us,US,2035,0.5987540803,208.940273,70,0.5987538297,69.40124617,2.093994799e-07,0.9914463739
ch-af-apac-eu-row-us/pf120_k050_a030,CH-pf120_k050_a030,ch-af-apac-eu-row-us,CH-first,pf120_k050_a030,older_ch_first,1.2,0.5,0.3,13,0.7902826148,apac,fails_1_percent,apac,APAC,2035,235.9878475,111.8828444,103,102.9999999,8.666234298e-08,132.987847,8.413819707e-10
ch-af-apac-eu-row-us/pf120_k050_a030,CH-pf120_k050_a030,ch-af-apac-eu-row-us,CH-first,pf120_k050_a030,older_ch_first,1.2,0.5,0.3,13,0.7902826148,apac,fails_1_percent,row,ROW,2035,11.19312725,206.3717781,79,1.066477721e-06,78.99999893,3.284552181e-07,0.9999999865
ch-af-apac-eu-row-us/pf120_k050_a030,CH-pf120_k050_a030,ch-af-apac-eu-row-us,CH-first,pf120_k050_a030,older_ch_first,1.2,0.5,0.3,13,0.7902826148,apac,fails_1_percent,ch,China,2040,482.5117927,86.65125721,316,316,4.411038699e-08,106.5633949,1.395898323e-10
ch-af-apac-eu-row-us/pf120_k050_a030,CH-pf120_k050_a030,ch-af-apac-eu-row-us,CH-first,pf120_k050_a030,older_ch_first,1.2,0.5,0.3,13,0.7902826148,apac,fails_1_percent,af,Africa,2040,3.502485349,191.9101025,28,3.502483158,24.49751684,2.184325643e-06,0.8749113158
ch-af-apac-eu-row-us/pf120_k050_a030,CH-pf120_k050_a030,ch-af-apac-eu-row-us,CH-first,pf120_k050_a030,older_ch_first,1.2,0.5,0.3,13,0.7902826148,apac,fails_1_percent,eu,EU,2040,0.1100868002,199.5093591,99,0.1100866474,98.88991335,1.476286789e-07,0.9988880137
ch-af-apac-eu-row-us/pf120_k050_a030,CH-pf120_k050_a030,ch-af-apac-eu-row-us,CH-first,pf120_k050_a030,older_ch_first,1.2,0.5,0.3,13,0.7902826148,apac,fails_1_percent,us,US,2040,0.5961744385,190.3304845,75,0.5961731058,74.40382689,1.306924777e-06,0.9920510253
ch-af-apac-eu-row-us/pf120_k050_a030,CH-pf120_k050_a030,ch-af-apac-eu-row-us,CH-first,pf120_k050_a030,older_ch_first,1.2,0.5,0.3,13,0.7902826148,apac,fails_1_percent,apac,APAC,2040,295.0426084,101.3703942,126,125.9999999,7.033996853e-08,169.0426081,5.582537185e-10
ch-af-apac-eu-row-us/pf120_k050_a030,CH-pf120_k050_a030,ch-af-apac-eu-row-us,CH-first,pf120_k050_a030,older_ch_first,1.2,0.5,0.3,13,0.7902826148,apac,fails_1_percent,row,ROW,2040,11.18525068,191.353059,89,11.1852502,77.8147498,3.346321077e-07,0.8743230315
ch-af-apac-eu-row-us/pf120_k050_a040,CH-pf120_k050_a040,ch-af-apac-eu-row-us,CH-first,pf120_k050_a040,older_ch_first,1.2,0.5,0.4,15,0.80252874,ch,fails_1_percent,ch,China,2025,931,163.324,324,323.9999996,3.333961678e-07,89.60000446,1.029000518e-09
ch-af-apac-eu-row-us/pf120_k050_a040,CH-pf120_k050_a040,ch-af-apac-eu-row-us,CH-first,pf120_k050_a040,older_ch_first,1.2,0.5,0.4,15,0.80252874,ch,fails_1_percent,af,Africa,2025,3.4,265.7891365,9.999999992,4.274558046e-07,9.999999564,3.399999509,0.9999999573
ch-af-apac-eu-row-us/pf120_k050_a040,CH-pf120_k050_a040,ch-af-apac-eu-row-us,CH-first,pf120_k050_a040,older_ch_first,1.2,0.5,0.4,15,0.80252874,ch,fails_1_percent,eu,EU,2025,22,300.2637451,74.99999999,21.99999367,53.00000632,1.604007693e-06,0.706666751
ch-af-apac-eu-row-us/pf120_k050_a040,CH-pf120_k050_a040,ch-af-apac-eu-row-us,CH-first,pf120_k050_a040,older_ch_first,1.2,0.5,0.4,15,0.80252874,ch,fails_1_percent,us,US,2025,42,301.8605153,44.99999997,3.739146085e-07,44.9999996,5.748239048e-07,0.9999999917
ch-af-apac-eu-row-us/pf120_k050_a040,CH-pf120_k050_a040,ch-af-apac-eu-row-us,CH-first,pf120_k050_a040,older_ch_first,1.2,0.5,0.4,15,0.80252874,ch,fails_1_percent,apac,APAC,2025,110,195.3808962,49.99999998,49.99999838,1.595988629e-06,60.00000077,3.191977259e-08
ch-af-apac-eu-row-us/pf120_k050_a040,CH-pf120_k050_a040,ch-af-apac-eu-row-us,CH-first,pf120_k050_a040,older_ch_first,1.2,0.5,0.4,15,0.80252874,ch,fails_1_percent,row,ROW,2025,293,301.9832124,44.99999999,1.359244586e-07,44.99999985,3.53209414e-07,0.999999997
ch-af-apac-eu-row-us/pf120_k050_a040,CH-pf120_k050_a040,ch-af-apac-eu-row-us,CH-first,pf120_k050_a040,older_ch_first,1.2,0.5,0.4,15,0.80252874,ch,fails_1_percent,ch,China,2030,577.2545606,107.7909238,350,349.9999999,8.458837214e-08,142.8374764,2.416810633e-10
ch-af-apac-eu-row-us/pf120_k050_a040,CH-pf120_k050_a040,ch-af-apac-eu-row-us,CH-first,pf120_k050_a040,older_ch_first,1.2,0.5,0.4,15,0.80252874,ch,fails_1_percent,af,Africa,2030,3.021391026,247.5309163,14,2.715852512e-07,13.99999973,3.021390743,0.9999999806
ch-af-apac-eu-row-us/pf120_k050_a040,CH-pf120_k050_a040,ch-af-apac-eu-row-us,CH-first,pf120_k050_a040,older_ch_first,1.2,0.5,0.4,15,0.80252874,ch,fails_1_percent,eu,EU,2030,0.06931438244,271.3763951,90,0.06931419308,89.9306858,1.693497402e-07,0.9992298423
ch-af-apac-eu-row-us/pf120_k050_a040,CH-pf120_k050_a040,ch-af-apac-eu-row-us,CH-first,pf120_k050_a040,older_ch_first,1.2,0.5,0.4,15,0.80252874,ch,fails_1_percent,us,US,2030,0.6060612668,266.8241543,64.99999999,0.6060608392,64.39393916,3.982781228e-07,0.9906759871
ch-af-apac-eu-row-us/pf120_k050_a040,CH-pf120_k050_a040,ch-af-apac-eu-row-us,CH-first,pf120_k050_a040,older_ch_first,1.2,0.5,0.4,15,0.80252874,ch,fails_1_percent,apac,APAC,2030,172.7337742,130.2693268,85,84.99999985,1.413385613e-07,87.7337741,1.662806603e-09
ch-af-apac-eu-row-us/pf120_k050_a040,CH-pf120_k050_a040,ch-af-apac-eu-row-us,CH-first,pf120_k050_a040,older_ch_first,1.2,0.5,0.4,15,0.80252874,ch,fails_1_percent,row,ROW,2030,4.731983193,262.534951,70,4.731982434,65.26801756,7.052536074e-07,0.9324002509
ch-af-apac-eu-row-us/pf120_k050_a040,CH-pf120_k050_a040,ch-af-apac-eu-row-us,CH-first,pf120_k050_a040,older_ch_first,1.2,0.5,0.4,15,0.80252874,ch,fails_1_percent,ch,China,2035,568.3089878,95.90883301,333,332.9999999,1.225766839e-07,122.7408184,3.680981499e-10
ch-af-apac-eu-row-us/pf120_k050_a040,CH-pf120_k050_a040,ch-af-apac-eu-row-us,CH-first,pf120_k050_a040,older_ch_first,1.2,0.5,0.4,15,0.80252874,ch,fails_1_percent,af,Africa,2035,3.006829168,235.1861836,20,3.00682094,16.99317906,8.211496734e-06,0.849658953
ch-af-apac-eu-row-us/pf120_k050_a040,CH-pf120_k050_a040,ch-af-apac-eu-row-us,CH-first,pf120_k050_a040,older_ch_first,1.2,0.5,0.4,15,0.80252874,ch,fails_1_percent,eu,EU,2035,0.06732766268,239.4659205,95,0.06732736058,94.93267264,2.695891063e-07,0.9992912909
ch-af-apac-eu-row-us/pf120_k050_a040,CH-pf120_k050_a040,ch-af-apac-eu-row-us,CH-first,pf120_k050_a040,older_ch_first,1.2,0.5,0.4,15,0.80252874,ch,fails_1_percent,us,US,2035,0.5917009809,235.3308582,69.99999999,0.5917003262,69.40829967,6.069057686e-07,0.9915471382
ch-af-apac-eu-row-us/pf120_k050_a040,CH-pf120_k050_a040,ch-af-apac-eu-row-us,CH-first,pf120_k050_a040,older_ch_first,1.2,0.5,0.4,15,0.80252874,ch,fails_1_percent,apac,APAC,2035,235.8794347,116.0512755,103,102.9999997,2.560332241e-07,132.8794345,2.485759457e-09
ch-af-apac-eu-row-us/pf120_k050_a040,CH-pf120_k050_a040,ch-af-apac-eu-row-us,CH-first,pf120_k050_a040,older_ch_first,1.2,0.5,0.4,15,0.80252874,ch,fails_1_percent,row,ROW,2035,4.713889741,242.692254,79,4.713889248,74.28611075,4.328122225e-07,0.9403305158
ch-af-apac-eu-row-us/pf120_k050_a040,CH-pf120_k050_a040,ch-af-apac-eu-row-us,CH-first,pf120_k050_a040,older_ch_first,1.2,0.5,0.4,15,0.80252874,ch,fails_1_percent,ch,China,2040,568.419235,86.65125724,316,315.9999992,7.330387267e-07,110.2367714,2.319742806e-09
ch-af-apac-eu-row-us/pf120_k050_a040,CH-pf120_k050_a040,ch-af-apac-eu-row-us,CH-first,pf120_k050_a040,older_ch_first,1.2,0.5,0.4,15,0.80252874,ch,fails_1_percent,af,Africa,2040,3.00899598,190.9682079,27.99999999,3.008990843,24.99100915,5.024159242e-06,0.8925360413
ch-af-apac-eu-row-us/pf120_k050_a040,CH-pf120_k050_a040,ch-af-apac-eu-row-us,CH-first,pf120_k050_a040,older_ch_first,1.2,0.5,0.4,15,0.80252874,ch,fails_1_percent,eu,EU,2040,0.06682305727,194.9808958,98.99999999,0.06682163743,98.93317835,1.190686096e-06,0.999325034
ch-af-apac-eu-row-us/pf120_k050_a040,CH-pf120_k050_a040,ch-af-apac-eu-row-us,CH-first,pf120_k050_a040,older_ch_first,1.2,0.5,0.4,15,0.80252874,ch,fails_1_percent,us,US,2040,0.5907973418,192.9763658,74.99999997,0.5907945823,74.40920539,2.323444729e-06,0.9921227389
ch-af-apac-eu-row-us/pf120_k050_a040,CH-pf120_k050_a040,ch-af-apac-eu-row-us,CH-first,pf120_k050_a040,older_ch_first,1.2,0.5,0.4,15,0.80252874,ch,fails_1_percent,apac,APAC,2040,298.4203759,99.44087276,126,125.9999975,2.459587496e-06,172.420205,1.952053568e-08
ch-af-apac-eu-row-us/pf120_k050_a040,CH-pf120_k050_a040,ch-af-apac-eu-row-us,CH-first,pf120_k050_a040,older_ch_first,1.2,0.5,0.4,15,0.80252874,ch,fails_1_percent,row,ROW,2040,4.676532405,187.2251383,88.99999999,4.676400398,84.32359959,1.072238758e-05,0.9474561753
ch-af-apac-eu-row-us/pf120_k100_a040,CH-pf120_k100_a040,ch-af-apac-eu-row-us,CH-first,pf120_k100_a040,older_ch_first,1.2,1,0.4,6,0.6265249312,apac,fails_1_percent,ch,China,2025,931,163.324,324,323.9999998,1.469123985e-07,111.5999985,4.534333288e-10
ch-af-apac-eu-row-us/pf120_k100_a040,CH-pf120_k100_a040,ch-af-apac-eu-row-us,CH-first,pf120_k100_a040,older_ch_first,1.2,1,0.4,6,0.6265249312,apac,fails_1_percent,af,Africa,2025,3.4,252.7262178,9.999999996,2.609459811e-07,9.999999735,3.399999705,0.9999999739
ch-af-apac-eu-row-us/pf120_k100_a040,CH-pf120_k100_a040,ch-af-apac-eu-row-us,CH-first,pf120_k100_a040,older_ch_first,1.2,1,0.4,6,0.6265249312,apac,fails_1_percent,eu,EU,2025,22,296.1243902,74.99999999,7.799375968e-07,74.99999921,3.922069657e-07,0.9999999896
ch-af-apac-eu-row-us/pf120_k100_a040,CH-pf120_k100_a040,ch-af-apac-eu-row-us,CH-first,pf120_k100_a040,older_ch_first,1.2,1,0.4,6,0.6265249312,apac,fails_1_percent,us,US,2025,42,285.7133796,44.99999999,9.869721216e-08,44.99999989,2.559270943e-07,0.9999999978
ch-af-apac-eu-row-us/pf120_k100_a040,CH-pf120_k100_a040,ch-af-apac-eu-row-us,CH-first,pf120_k100_a040,older_ch_first,1.2,1,0.4,6,0.6265249312,apac,fails_1_percent,apac,APAC,2025,110,209.1546211,49.99999999,49.99999966,3.262967238e-07,60.00000019,6.525934478e-09
ch-af-apac-eu-row-us/pf120_k100_a040,CH-pf120_k100_a040,ch-af-apac-eu-row-us,CH-first,pf120_k100_a040,older_ch_first,1.2,1,0.4,6,0.6265249312,apac,fails_1_percent,row,ROW,2025,293,292.2448016,44.99999999,5.836322568e-08,44.99999994,1.658719251e-07,0.9999999987
ch-af-apac-eu-row-us/pf120_k100_a040,CH-pf120_k100_a040,ch-af-apac-eu-row-us,CH-first,pf120_k100_a040,older_ch_first,1.2,1,0.4,6,0.6265249312,apac,fails_1_percent,ch,China,2030,581.0738549,107.7909238,350,349.9999999,6.515208513e-08,149.5138581,1.861488146e-10
ch-af-apac-eu-row-us/pf120_k100_a040,CH-pf120_k100_a040,ch-af-apac-eu-row-us,CH-first,pf120_k100_a040,older_ch_first,1.2,1,0.4,6,0.6265249312,apac,fails_1_percent,af,Africa,2030,1.190938455,157.8682764,14,1.190932483,12.80906752,5.948230215e-06,0.9149333941
ch-af-apac-eu-row-us/pf120_k100_a040,CH-pf120_k100_a040,ch-af-apac-eu-row-us,CH-first,pf120_k100_a040,older_ch_first,1.2,1,0.4,6,0.6265249312,apac,fails_1_percent,eu,EU,2030,0.000569878712,166.2501719,90,2.606271315e-09,90,7.116950402e-08,1
ch-af-apac-eu-row-us/pf120_k100_a040,CH-pf120_k100_a040,ch-af-apac-eu-row-us,CH-first,pf120_k100_a040,older_ch_first,1.2,1,0.4,6,0.6265249312,apac,fails_1_percent,us,US,2030,0.02149456938,163.2900779,65,1.663307305e-08,64.99999998,3.744270707e-08,0.9999999997
ch-af-apac-eu-row-us/pf120_k100_a040,CH-pf120_k100_a040,ch-af-apac-eu-row-us,CH-first,pf120_k100_a040,older_ch_first,1.2,1,0.4,6,0.6265249312,apac,fails_1_percent,apac,APAC,2030,173.2952037,126.274297,85,84.99999979,2.112519866e-07,88.2952036,2.485317489e-09
ch-af-apac-eu-row-us/pf120_k100_a040,CH-pf120_k100_a040,ch-af-apac-eu-row-us,CH-first,pf120_k100_a040,older_ch_first,1.2,1,0.4,6,0.6265249312,apac,fails_1_percent,row,ROW,2030,12.20982526,167.4653972,70,1.445126961e-08,69.99999998,4.815487656e-08,0.9999999998
ch-af-apac-eu-row-us/pf120_k100_a040,CH-pf120_k100_a040,ch-af-apac-eu-row-us,CH-first,pf120_k100_a040,older_ch_first,1.2,1,0.4,6,0.6265249312,apac,fails_1_percent,ch,China,2035,561.0578486,95.908833,333,333,2.898206536e-08,128.9204877,8.703322932e-11
ch-af-apac-eu-row-us/pf120_k100_a040,CH-pf120_k100_a040,ch-af-apac-eu-row-us,CH-first,pf120_k100_a040,older_ch_first,1.2,1,0.4,6,0.6265249312,apac,fails_1_percent,af,Africa,2035,1.43719852,163.8982681,20,1.43719801,18.56280199,5.020509309e-07,0.9281400995
ch-af-apac-eu-row-us/pf120_k100_a040,CH-pf120_k100_a040,ch-af-apac-eu-row-us,CH-first,pf120_k100_a040,older_ch_first,1.2,1,0.4,6,0.6265249312,apac,fails_1_percent,eu,EU,2035,0.0002330829215,171.3563783,95,1.600116912e-08,94.99999998,6.747735355e-08,0.9999999998
ch-af-apac-eu-row-us/pf120_k100_a040,CH-pf120_k100_a040,ch-af-apac-eu-row-us,CH-first,pf120_k100_a040,older_ch_first,1.2,1,0.4,6,0.6265249312,apac,fails_1_percent,us,US,2035,0.01512399948,162.9637847,70,1.770298229e-08,69.99999998,5.053656546e-08,0.9999999997
ch-af-apac-eu-row-us/pf120_k100_a040,CH-pf120_k100_a040,ch-af-apac-eu-row-us,CH-first,pf120_k100_a040,older_ch_first,1.2,1,0.4,6,0.6265249312,apac,fails_1_percent,apac,APAC,2035,236.6423137,118.2922872,103,102.9999999,5.610855068e-08,133.6423137,5.447432105e-10
ch-af-apac-eu-row-us/pf120_k100_a040,CH-pf120_k100_a040,ch-af-apac-eu-row-us,CH-first,pf120_k100_a040,older_ch_first,1.2,1,0.4,6,0.6265249312,apac,fails_1_percent,row,ROW,2035,12.19659005,170.4711805,79,1.264550597e-08,78.99999999,3.401804989e-08,0.9999999998
ch-af-apac-eu-row-us/pf120_k100_a040,CH-pf120_k100_a040,ch-af-apac-eu-row-us,CH-first,pf120_k100_a040,older_ch_first,1.2,1,0.4,6,0.6265249312,apac,fails_1_percent,ch,China,2040,561.0722524,86.65125723,316,315.9999996,4.072938863e-07,122.018355,1.288904703e-09
ch-af-apac-eu-row-us/pf120_k100_a040,CH-pf120_k100_a040,ch-af-apac-eu-row-us,CH-first,pf120_k100_a040,older_ch_first,1.2,1,0.4,6,0.6265249312,apac,fails_1_percent,af,Africa,2040,1.808116714,179.1571855,27.99999999,4.332274088e-06,27.99999566,1.808112311,0.9999998453
ch-af-apac-eu-row-us/pf120_k100_a040,CH-pf120_k100_a040,ch-af-apac-eu-row-us,CH-first,pf120_k100_a040,older_ch_first,1.2,1,0.4,6,0.6265249312,apac,fails_1_percent,eu,EU,2040,6.439529571e-05,189.6920629,98.99999999,6.402687043e-05,98.99993597,2.859114783e-07,0.9999993533
ch-af-apac-eu-row-us/pf120_k100_a040,CH-pf120_k100_a040,ch-af-apac-eu-row-us,CH-first,pf120_k100_a040,older_ch_first,1.2,1,0.4,6,0.6265249312,apac,fails_1_percent,us,US,2040,0.007876343544,169.162718,74.99999998,7.352180183e-07,74.99999925,0.007874782671,0.9999999902
ch-af-apac-eu-row-us/pf120_k100_a040,CH-pf120_k100_a040,ch-af-apac-eu-row-us,CH-first,pf120_k100_a040,older_ch_first,1.2,1,0.4,6,0.6265249312,apac,fails_1_percent,apac,APAC,2040,293.165589,102.568068,126,125.9999994,6.063383701e-07,167.1655876,4.812209287e-09
ch-af-apac-eu-row-us/pf120_k100_a040,CH-pf120_k100_a040,ch-af-apac-eu-row-us,CH-first,pf120_k100_a040,older_ch_first,1.2,1,0.4,6,0.6265249312,apac,fails_1_percent,row,ROW,2040,12.18873623,173.7031998,88.99999999,4.516259224e-07,88.99999954,1.428198924e-06,0.9999999949
af-eu-us-apac-row-ch/pf100_k050_a040,AF-pf100_k050_a040,af-eu-us-apac-row-ch,AF-first,pf100_k050_a040,new_reinitialization,1,0.5,0.4,12,0.9745364142,ch,not_yet_audited,ch,China,2025,931,163.324,324,323.9999998,1.677843952e-07,111.5999996,5.178530717e-10
af-eu-us-apac-row-ch/pf100_k050_a040,AF-pf100_k050_a040,af-eu-us-apac-row-ch,AF-first,pf100_k050_a040,new_reinitialization,1,0.5,0.4,12,0.9745364142,ch,not_yet_audited,af,Africa,2025,3.4,263.0581117,9.999999996,2.109995458e-07,9.999999785,3.399999759,0.9999999789
af-eu-us-apac-row-ch/pf100_k050_a040,AF-pf100_k050_a040,af-eu-us-apac-row-ch,AF-first,pf100_k050_a040,new_reinitialization,1,0.5,0.4,12,0.9745364142,ch,not_yet_audited,eu,EU,2025,22,297.2304538,75,1.228562351e-06,74.99999877,7.503938193e-07,0.9999999836
af-eu-us-apac-row-ch/pf100_k050_a040,AF-pf100_k050_a040,af-eu-us-apac-row-ch,AF-first,pf100_k050_a040,new_reinitialization,1,0.5,0.4,12,0.9745364142,ch,not_yet_audited,us,US,2025,42,291.226835,44.99999999,1.01883834e-07,44.99999989,2.705713661e-07,0.9999999977
af-eu-us-apac-row-ch/pf100_k050_a040,AF-pf100_k050_a040,af-eu-us-apac-row-ch,AF-first,pf100_k050_a040,new_reinitialization,1,0.5,0.4,12,0.9745364142,ch,not_yet_audited,apac,APAC,2025,110,189.0248426,49.99999999,49.99999949,5.037935102e-07,59.99999849,1.007587021e-08
af-eu-us-apac-row-ch/pf100_k050_a040,AF-pf100_k050_a040,af-eu-us-apac-row-ch,AF-first,pf100_k050_a040,new_reinitialization,1,0.5,0.4,12,0.9745364142,ch,not_yet_audited,row,ROW,2025,293,301.9307362,45,6.288015091e-08,44.99999993,1.613188545e-07,0.9999999986
af-eu-us-apac-row-ch/pf100_k050_a040,AF-pf100_k050_a040,af-eu-us-apac-row-ch,AF-first,pf100_k050_a040,new_reinitialization,1,0.5,0.4,12,0.9745364142,ch,not_yet_audited,ch,China,2030,501.2703787,107.7909255,350,349.9999997,2.758824952e-07,144.9763567,7.882357007e-10
af-eu-us-apac-row-ch/pf100_k050_a040,AF-pf100_k050_a040,af-eu-us-apac-row-ch,AF-first,pf100_k050_a040,new_reinitialization,1,0.5,0.4,12,0.9745364142,ch,not_yet_audited,af,Africa,2030,0.3610633965,224.7225372,13.99999999,5.246273983e-07,13.99999947,0.3610628312,0.9999999625
af-eu-us-apac-row-ch/pf100_k050_a040,AF-pf100_k050_a040,af-eu-us-apac-row-ch,AF-first,pf100_k050_a040,new_reinitialization,1,0.5,0.4,12,0.9745364142,ch,not_yet_audited,eu,EU,2030,3.970006553,237.8396902,89.99999999,3.970005668,86.02999433,7.742022132e-07,0.9558888259
af-eu-us-apac-row-ch/pf100_k050_a040,AF-pf100_k050_a040,af-eu-us-apac-row-ch,AF-first,pf100_k050_a040,new_reinitialization,1,0.5,0.4,12,0.9745364142,ch,not_yet_audited,us,US,2030,1.65518412,233.8340456,64.99999999,1.65518264,63.34481735,1.279331814e-06,0.9745356517
af-eu-us-apac-row-ch/pf100_k050_a040,AF-pf100_k050_a040,af-eu-us-apac-row-ch,AF-first,pf100_k050_a040,new_reinitialization,1,0.5,0.4,12,0.9745364142,ch,not_yet_audited,apac,APAC,2030,173.0281589,125.7787377,84.99999999,84.9999995,4.911035169e-07,88.02815727,5.777688434e-09
af-eu-us-apac-row-ch/pf100_k050_a040,AF-pf100_k050_a040,af-eu-us-apac-row-ch,AF-first,pf100_k050_a040,new_reinitialization,1,0.5,0.4,12,0.9745364142,ch,not_yet_audited,row,ROW,2030,3.97400153,232.9238123,69.99999999,0.00923103246,69.99076896,1.997742751e-06,0.9998681281
af-eu-us-apac-row-ch/pf100_k050_a040,AF-pf100_k050_a040,af-eu-us-apac-row-ch,AF-first,pf100_k050_a040,new_reinitialization,1,0.5,0.4,12,0.9745364142,ch,not_yet_audited,ch,China,2035,498.1076455,95.90883316,333,332.9999995,5.144866462e-07,120.9713541,1.545004944e-09
af-eu-us-apac-row-ch/pf100_k050_a040,AF-pf100_k050_a040,af-eu-us-apac-row-ch,AF-first,pf100_k050_a040,new_reinitialization,1,0.5,0.4,12,0.9745364142,ch,not_yet_audited,af,Africa,2035,0.2482990496,214.2211194,19.99999999,0.2482961882,19.7517038,2.80499707e-06,0.9875851906
af-eu-us-apac-row-ch/pf100_k050_a040,AF-pf100_k050_a040,af-eu-us-apac-row-ch,AF-first,pf100_k050_a040,new_reinitialization,1,0.5,0.4,12,0.9745364142,ch,not_yet_audited,eu,EU,2035,3.962842611,214.331923,94.99999999,3.962840532,91.03715946,1.870102611e-06,0.9582858891
af-eu-us-apac-row-ch/pf100_k050_a040,AF-pf100_k050_a040,af-eu-us-apac-row-ch,AF-first,pf100_k050_a040,new_reinitialization,1,0.5,0.4,12,0.9745364142,ch,not_yet_audited,us,US,2035,1.653869068,213.8107048,69.99999998,1.653867059,68.34613292,1.717914329e-06,0.9763733277
af-eu-us-apac-row-ch/pf100_k050_a040,AF-pf100_k050_a040,af-eu-us-apac-row-ch,AF-first,pf100_k050_a040,new_reinitialization,1,0.5,0.4,12,0.9745364142,ch,not_yet_audited,apac,APAC,2035,236.216953,112.3436156,103,102.9999991,8.731877028e-07,133.2169503,8.477550514e-09
af-eu-us-apac-row-ch/pf100_k050_a040,AF-pf100_k050_a040,af-eu-us-apac-row-ch,AF-first,pf100_k050_a040,new_reinitialization,1,0.5,0.4,12,0.9745364142,ch,not_yet_audited,row,ROW,2035,3.94668866,208.146559,78.99999999,3.946681791,75.0533182,4.90486914e-06,0.9500420026
af-eu-us-apac-row-ch/pf100_k050_a040,AF-pf100_k050_a040,af-eu-us-apac-row-ch,AF-first,pf100_k050_a040,new_reinitialization,1,0.5,0.4,12,0.9745364142,ch,not_yet_audited,ch,China,2040,500.0657313,86.6512572,316,316,1.409313998e-08,110.1648655,4.459854425e-11
af-eu-us-apac-row-ch/pf100_k050_a040,AF-pf100_k050_a040,af-eu-us-apac-row-ch,AF-first,pf100_k050_a040,new_reinitialization,1,0.5,0.4,12,0.9745364142,ch,not_yet_audited,af,Africa,2040,0.2570487028,253.9510605,28,3.943653575e-08,27.99999996,0.2570486619,0.9999999986
af-eu-us-apac-row-ch/pf100_k050_a040,AF-pf100_k050_a040,af-eu-us-apac-row-ch,AF-first,pf100_k050_a040,new_reinitialization,1,0.5,0.4,12,0.9745364142,ch,not_yet_audited,eu,EU,2040,3.959946868,264.7332321,99,3.959946837,95.04005316,2.942588146e-08,0.960000537
af-eu-us-apac-row-ch/pf100_k050_a040,AF-pf100_k050_a040,af-eu-us-apac-row-ch,AF-first,pf100_k050_a040,new_reinitialization,1,0.5,0.4,12,0.9745364142,ch,not_yet_audited,us,US,2040,1.65386977,264.3186015,75,1.653869738,73.34613026,2.942823492e-08,0.9779484035
af-eu-us-apac-row-ch/pf100_k050_a040,AF-pf100_k050_a040,af-eu-us-apac-row-ch,AF-first,pf100_k050_a040,new_reinitialization,1,0.5,0.4,12,0.9745364142,ch,not_yet_audited,apac,APAC,2040,297.0610152,101.0540074,126,126,1.395957135e-08,171.0610151,1.107902488e-10
af-eu-us-apac-row-ch/pf100_k050_a040,AF-pf100_k050_a040,af-eu-us-apac-row-ch,AF-first,pf100_k050_a040,new_reinitialization,1,0.5,0.4,12,0.9745364142,ch,not_yet_audited,row,ROW,2040,3.903254156,250.8199989,89,4.839864021e-06,88.99999516,3.903249313,0.9999999456
af-eu-us-apac-row-ch/pf100_k100_a040,AF-pf100_k100_a040,af-eu-us-apac-row-ch,AF-first,pf100_k100_a040,new_reinitialization,1,1,0.4,12,0.8041774943,apac,not_yet_audited,ch,China,2025,931,163.324,324,323.9999999,6.728417971e-08,111.599997,2.076672213e-10
af-eu-us-apac-row-ch/pf100_k100_a040,AF-pf100_k100_a040,af-eu-us-apac-row-ch,AF-first,pf100_k100_a040,new_reinitialization,1,1,0.4,12,0.8041774943,apac,not_yet_audited,af,Africa,2025,3.4,266.1743764,9.999999998,7.39479575e-08,9.999999924,3.399999914,0.9999999926
af-eu-us-apac-row-ch/pf100_k100_a040,AF-pf100_k100_a040,af-eu-us-apac-row-ch,AF-first,pf100_k100_a040,new_reinitialization,1,1,0.4,12,0.8041774943,apac,not_yet_audited,eu,EU,2025,22,298.7297449,75,2.878709202e-06,74.99999712,2.949695414e-07,0.9999999616
af-eu-us-apac-row-ch/pf100_k100_a040,AF-pf100_k100_a040,af-eu-us-apac-row-ch,AF-first,pf100_k100_a040,new_reinitialization,1,1,0.4,12,0.8041774943,apac,not_yet_audited,us,US,2025,42,299.5888102,44.99999999,6.222442091e-08,44.99999993,1.152531136e-07,0.9999999986
af-eu-us-apac-row-ch/pf100_k100_a040,AF-pf100_k100_a040,af-eu-us-apac-row-ch,AF-first,pf100_k100_a040,new_reinitialization,1,1,0.4,12,0.8041774943,apac,not_yet_audited,apac,APAC,2025,110,191.2019318,50,49.99999984,1.544516704e-07,59.99999978,3.089033407e-09
af-eu-us-apac-row-ch/pf100_k100_a040,AF-pf100_k100_a040,af-eu-us-apac-row-ch,AF-first,pf100_k100_a040,new_reinitialization,1,1,0.4,12,0.8041774943,apac,not_yet_audited,row,ROW,2025,293,299.7229393,45,2.508063066e-08,44.99999997,6.981404899e-08,0.9999999994
af-eu-us-apac-row-ch/pf100_k100_a040,AF-pf100_k100_a040,af-eu-us-apac-row-ch,AF-first,pf100_k100_a040,new_reinitialization,1,1,0.4,12,0.8041774943,apac,not_yet_audited,ch,China,2030,504.640163,107.7909244,350,349.9999997,2.826233916e-07,147.8054373,8.074954045e-10
af-eu-us-apac-row-ch/pf100_k100_a040,AF-pf100_k100_a040,af-eu-us-apac-row-ch,AF-first,pf100_k100_a040,new_reinitialization,1,1,0.4,12,0.8041774943,apac,not_yet_audited,af,Africa,2030,3.229954117,219.1599249,14,1.364530441e-06,13.99999863,3.22995271,0.9999999025
af-eu-us-apac-row-ch/pf100_k100_a040,AF-pf100_k100_a040,af-eu-us-apac-row-ch,AF-first,pf100_k100_a040,new_reinitialization,1,1,0.4,12,0.8041774943,apac,not_yet_audited,eu,EU,2030,1.949337659e-05,240.2580523,89.99999999,1.927851387e-05,89.99998072,1.609106072e-07,0.9999997858
af-eu-us-apac-row-ch/pf100_k100_a040,AF-pf100_k100_a040,af-eu-us-apac-row-ch,AF-first,pf100_k100_a040,new_reinitialization,1,1,0.4,12,0.8041774943,apac,not_yet_audited,us,US,2030,0.0003269494154,231.0246904,64.99999999,0.000257490213,64.9997425,6.93038673e-05,0.9999960386
af-eu-us-apac-row-ch/pf100_k100_a040,AF-pf100_k100_a040,af-eu-us-apac-row-ch,AF-first,pf100_k100_a040,new_reinitialization,1,1,0.4,12,0.8041774943,apac,not_yet_audited,apac,APAC,2030,172.9642595,124.8157629,84.99999999,84.99999954,4.465983323e-07,87.96425616,5.254098027e-09
af-eu-us-apac-row-ch/pf100_k100_a040,AF-pf100_k100_a040,af-eu-us-apac-row-ch,AF-first,pf100_k100_a040,new_reinitialization,1,1,0.4,12,0.8041774943,apac,not_yet_audited,row,ROW,2030,11.90005655,227.8316032,69.99999999,8.620488468e-07,69.99999913,6.024748501e-06,0.9999999877
af-eu-us-apac-row-ch/pf100_k100_a040,AF-pf100_k100_a040,af-eu-us-apac-row-ch,AF-first,pf100_k100_a040,new_reinitialization,1,1,0.4,12,0.8041774943,apac,not_yet_audited,ch,China,2035,504.0376648,95.90883302,333,332.9999999,6.24868112e-08,115.8375729,1.876480817e-10
af-eu-us-apac-row-ch/pf100_k100_a040,AF-pf100_k100_a040,af-eu-us-apac-row-ch,AF-first,pf100_k100_a040,new_reinitialization,1,1,0.4,12,0.8041774943,apac,not_yet_audited,af,Africa,2035,3.407251673,228.9224956,20,5.748954351e-07,19.99999942,3.407251088,0.9999999713
af-eu-us-apac-row-ch/pf100_k100_a040,AF-pf100_k100_a040,af-eu-us-apac-row-ch,AF-first,pf100_k100_a040,new_reinitialization,1,1,0.4,12,0.8041774943,apac,not_yet_audited,eu,EU,2035,1.949054087e-05,250.572158,95,1.934478838e-05,94.99998065,1.281969e-07,0.9999997964
af-eu-us-apac-row-ch/pf100_k100_a040,AF-pf100_k100_a040,af-eu-us-apac-row-ch,AF-first,pf100_k100_a040,new_reinitialization,1,1,0.4,12,0.8041774943,apac,not_yet_audited,us,US,2035,0.0003269401362,245.1171804,70,0.000326524325,69.99967347,3.954499488e-07,0.9999953354
af-eu-us-apac-row-ch/pf100_k100_a040,AF-pf100_k100_a040,af-eu-us-apac-row-ch,AF-first,pf100_k100_a040,new_reinitialization,1,1,0.4,12,0.8041774943,apac,not_yet_audited,apac,APAC,2035,235.8702892,120.3380365,103,102.9999999,1.370430505e-07,132.8702892,1.330515053e-09
af-eu-us-apac-row-ch/pf100_k100_a040,AF-pf100_k100_a040,af-eu-us-apac-row-ch,AF-first,pf100_k100_a040,new_reinitialization,1,1,0.4,12,0.8041774943,apac,not_yet_audited,row,ROW,2035,11.88454005,243.8279871,79,11.88453912,67.11546088,8.975266529e-07,0.849562796
af-eu-us-apac-row-ch/pf100_k100_a040,AF-pf100_k100_a040,af-eu-us-apac-row-ch,AF-first,pf100_k100_a040,new_reinitialization,1,1,0.4,12,0.8041774943,apac,not_yet_audited,ch,China,2040,506.3457526,86.65125722,316,315.9999999,1.399876206e-07,103.7829011,4.429987995e-10
af-eu-us-apac-row-ch/pf100_k100_a040,AF-pf100_k100_a040,af-eu-us-apac-row-ch,AF-first,pf100_k100_a040,new_reinitialization,1,1,0.4,12,0.8041774943,apac,not_yet_audited,af,Africa,2040,3.70538838,224.4996287,28,3.705386845,24.29461315,1.517146321e-06,0.8676647555
af-eu-us-apac-row-ch/pf100_k100_a040,AF-pf100_k100_a040,af-eu-us-apac-row-ch,AF-first,pf100_k100_a040,new_reinitialization,1,1,0.4,12,0.8041774943,apac,not_yet_audited,eu,EU,2040,1.948906394e-05,222.4478216,99,1.771081411e-05,98.99998229,1.767635106e-06,0.9999998211
af-eu-us-apac-row-ch/pf100_k100_a040,AF-pf100_k100_a040,af-eu-us-apac-row-ch,AF-first,pf100_k100_a040,new_reinitialization,1,1,0.4,12,0.8041774943,apac,not_yet_audited,us,US,2040,0.0003269309001,232.776983,74.99999999,0.000326614434,74.99967338,2.793512891e-07,0.9999956451
af-eu-us-apac-row-ch/pf100_k100_a040,AF-pf100_k100_a040,af-eu-us-apac-row-ch,AF-first,pf100_k100_a040,new_reinitialization,1,1,0.4,12,0.8041774943,apac,not_yet_audited,apac,APAC,2040,297.6330925,99.60691589,126,125.9999998,2.319293636e-07,171.6330811,1.840709235e-09
af-eu-us-apac-row-ch/pf100_k100_a040,AF-pf100_k100_a040,af-eu-us-apac-row-ch,AF-first,pf100_k100_a040,new_reinitialization,1,1,0.4,12,0.8041774943,apac,not_yet_audited,row,ROW,2040,11.87828356,213.9614012,89,11.87827766,77.12172233,5.816663965e-06,0.866536206
af-eu-us-apac-row-ch/pf120_k050_a030,AF-pf120_k050_a030,af-eu-us-apac-row-ch,AF-first,pf120_k050_a030,new_reinitialization,1.2,0.5,0.3,13,0.9517448123,apac,not_yet_audited,ch,China,2025,931,163.324,324,324,2.612409259e-08,89.60000041,8.06299154e-11
af-eu-us-apac-row-ch/pf120_k050_a030,AF-pf120_k050_a030,af-eu-us-apac-row-ch,AF-first,pf120_k050_a030,new_reinitialization,1.2,0.5,0.3,13,0.9517448123,apac,not_yet_audited,af,Africa,2025,3.4,265.214431,9.999999999,2.158256917e-08,9.999999978,3.399999974,0.9999999978
af-eu-us-apac-row-ch/pf120_k050_a030,AF-pf120_k050_a030,af-eu-us-apac-row-ch,AF-first,pf120_k050_a030,new_reinitialization,1.2,0.5,0.3,13,0.9517448123,apac,not_yet_audited,eu,EU,2025,22,300.3370164,75,1.875943967e-05,74.99998124,21.9999808,0.9999997499
af-eu-us-apac-row-ch/pf120_k050_a030,AF-pf120_k050_a030,af-eu-us-apac-row-ch,AF-first,pf120_k050_a030,new_reinitialization,1.2,0.5,0.3,13,0.9517448123,apac,not_yet_audited,us,US,2025,42,295.7903793,45,2.335105442e-08,44.99999997,5.222720394e-08,0.9999999995
af-eu-us-apac-row-ch/pf120_k050_a030,AF-pf120_k050_a030,af-eu-us-apac-row-ch,AF-first,pf120_k050_a030,new_reinitialization,1.2,0.5,0.3,13,0.9517448123,apac,not_yet_audited,apac,APAC,2025,110,196.1922308,50,49.99999992,8.07670934e-08,60.00000002,1.615341868e-09
af-eu-us-apac-row-ch/pf120_k050_a030,AF-pf120_k050_a030,af-eu-us-apac-row-ch,AF-first,pf120_k050_a030,new_reinitialization,1.2,0.5,0.3,13,0.9517448123,apac,not_yet_audited,row,ROW,2025,293,309.8372502,45,1.280139948e-08,44.99999999,2.747296705e-08,0.9999999997
af-eu-us-apac-row-ch/pf120_k050_a030,AF-pf120_k050_a030,af-eu-us-apac-row-ch,AF-first,pf120_k050_a030,new_reinitialization,1.2,0.5,0.3,13,0.9517448123,apac,not_yet_audited,ch,China,2030,525.3630741,107.7909238,350,350,5.652279668e-09,139.4363272,1.614937048e-11
af-eu-us-apac-row-ch/pf120_k050_a030,AF-pf120_k050_a030,af-eu-us-apac-row-ch,AF-first,pf120_k050_a030,new_reinitialization,1.2,0.5,0.3,13,0.9517448123,apac,not_yet_audited,af,Africa,2030,3.393434173,218.9887827,14,3.681659047e-08,13.99999996,3.393434135,0.9999999974
af-eu-us-apac-row-ch/pf120_k050_a030,AF-pf120_k050_a030,af-eu-us-apac-row-ch,AF-first,pf120_k050_a030,new_reinitialization,1.2,0.5,0.3,13,0.9517448123,apac,not_yet_audited,eu,EU,2030,0.1709711267,237.9339312,90,0.1709711172,89.82902888,7.740474977e-09,0.9981003209
af-eu-us-apac-row-ch/pf120_k050_a030,AF-pf120_k050_a030,af-eu-us-apac-row-ch,AF-first,pf120_k050_a030,new_reinitialization,1.2,0.5,0.3,13,0.9517448123,apac,not_yet_audited,us,US,2030,0.8512038077,229.8642241,65,0.8512037524,64.14879625,5.027983099e-08,0.9869045577
af-eu-us-apac-row-ch/pf120_k050_a030,AF-pf120_k050_a030,af-eu-us-apac-row-ch,AF-first,pf120_k050_a030,new_reinitialization,1.2,0.5,0.3,13,0.9517448123,apac,not_yet_audited,apac,APAC,2030,172.3754823,134.4647311,85,84.99999999,1.300072842e-08,87.37548226,1.529497461e-10
af-eu-us-apac-row-ch/pf120_k050_a030,AF-pf120_k050_a030,af-eu-us-apac-row-ch,AF-first,pf120_k050_a030,new_reinitialization,1.2,0.5,0.3,13,0.9517448123,apac,not_yet_audited,row,ROW,2030,7.772581645,233.3966597,70,7.772581415,62.22741858,3.211929718e-08,0.8889631226
af-eu-us-apac-row-ch/pf120_k050_a030,AF-pf120_k050_a030,af-eu-us-apac-row-ch,AF-first,pf120_k050_a030,new_reinitialization,1.2,0.5,0.3,13,0.9517448123,apac,not_yet_audited,ch,China,2035,495.242283,95.90883302,333,332.9999999,5.097651042e-08,127.8776623,1.530826139e-10
af-eu-us-apac-row-ch/pf120_k050_a030,AF-pf120_k050_a030,af-eu-us-apac-row-ch,AF-first,pf120_k050_a030,new_reinitialization,1.2,0.5,0.3,13,0.9517448123,apac,not_yet_audited,af,Africa,2035,3.390172512,204.5478531,20,3.390172018,16.60982798,4.865884673e-07,0.8304913991
af-eu-us-apac-row-ch/pf120_k050_a030,AF-pf120_k050_a030,af-eu-us-apac-row-ch,AF-first,pf120_k050_a030,new_reinitialization,1.2,0.5,0.3,13,0.9517448123,apac,not_yet_audited,eu,EU,2035,0.1607437119,210.8315004,95,0.1607435886,94.83925641,9.465993376e-08,0.9983079622
af-eu-us-apac-row-ch/pf120_k050_a030,AF-pf120_k050_a030,af-eu-us-apac-row-ch,AF-first,pf120_k050_a030,new_reinitialization,1.2,0.5,0.3,13,0.9517448123,apac,not_yet_audited,us,US,2035,0.8488251062,204.9611578,70,0.8488248675,69.15117513,2.000464669e-07,0.9878739305
af-eu-us-apac-row-ch/pf120_k050_a030,AF-pf120_k050_a030,af-eu-us-apac-row-ch,AF-first,pf120_k050_a030,new_reinitialization,1.2,0.5,0.3,13,0.9517448123,apac,not_yet_audited,apac,APAC,2035,234.7225942,114.1155076,103,102.9999999,7.03465335e-08,131.7225941,6.829760534e-10
af-eu-us-apac-row-ch/pf120_k050_a030,AF-pf120_k050_a030,af-eu-us-apac-row-ch,AF-first,pf120_k050_a030,new_reinitialization,1.2,0.5,0.3,13,0.9517448123,apac,not_yet_audited,row,ROW,2035,7.745797548,206.7934322,79,2.213602103e-06,78.99999779,2.209298845e-07,0.999999972
af-eu-us-apac-row-ch/pf120_k050_a030,AF-pf120_k050_a030,af-eu-us-apac-row-ch,AF-first,pf120_k050_a030,new_reinitialization,1.2,0.5,0.3,13,0.9517448123,apac,not_yet_audited,ch,China,2040,494.9345403,101.1082551,316,315.9999997,2.799637701e-07,178.9345403,8.859612979e-10
af-eu-us-apac-row-ch/pf120_k050_a030,AF-pf120_k050_a030,af-eu-us-apac-row-ch,AF-first,pf120_k050_a030,new_reinitialization,1.2,0.5,0.3,13,0.9517448123,apac,not_yet_audited,af,Africa,2040,3.40215883,203.7965135,28,3.402150832,24.59784916,7.958287215e-06,0.8784946131
af-eu-us-apac-row-ch/pf120_k050_a030,AF-pf120_k050_a030,af-eu-us-apac-row-ch,AF-first,pf120_k050_a030,new_reinitialization,1.2,0.5,0.3,13,0.9517448123,apac,not_yet_audited,eu,EU,2040,0.1524326029,210.85412,98.99999999,0.1524321682,98.84756783,3.650047455e-07,0.9984602811
af-eu-us-apac-row-ch/pf120_k050_a030,AF-pf120_k050_a030,af-eu-us-apac-row-ch,AF-first,pf120_k050_a030,new_reinitialization,1.2,0.5,0.3,13,0.9517448123,apac,not_yet_audited,us,US,2040,0.8476001088,206.4784219,74.99999999,0.8475988829,74.1524011,1.112733586e-06,0.9886986816
af-eu-us-apac-row-ch/pf120_k050_a030,AF-pf120_k050_a030,af-eu-us-apac-row-ch,AF-first,pf120_k050_a030,new_reinitialization,1.2,0.5,0.3,13,0.9517448123,apac,not_yet_audited,apac,APAC,2040,275.182444,99.41154583,126,125.9999997,2.655190123e-07,99.94360741,2.107293749e-09
af-eu-us-apac-row-ch/pf120_k050_a030,AF-pf120_k050_a030,af-eu-us-apac-row-ch,AF-first,pf120_k050_a030,new_reinitialization,1.2,0.5,0.3,13,0.9517448123,apac,not_yet_audited,row,ROW,2040,7.719661686,210.7478353,88.99999999,7.71966054,81.28033945,9.637255584e-07,0.9132622411
af-eu-us-apac-row-ch/pf120_k050_a040,AF-pf120_k050_a040,af-eu-us-apac-row-ch,AF-first,pf120_k050_a040,new_reinitialization,1.2,0.5,0.4,11,0.7860138941,apac,not_yet_audited,ch,China,2025,931,163.324,324,324,8.735210853e-09,111.5999998,2.696052733e-11
af-eu-us-apac-row-ch/pf120_k050_a040,AF-pf120_k050_a040,af-eu-us-apac-row-ch,AF-first,pf120_k050_a040,new_reinitialization,1.2,0.5,0.4,11,0.7860138941,apac,not_yet_audited,af,Africa,2025,3.4,268.8399637,10,2.217271406e-08,9.999999978,3.399999976,0.9999999978
af-eu-us-apac-row-ch/pf120_k050_a040,AF-pf120_k050_a040,af-eu-us-apac-row-ch,AF-first,pf120_k050_a040,new_reinitialization,1.2,0.5,0.4,11,0.7860138941,apac,not_yet_audited,eu,EU,2025,22,298.5058054,75,2.293966112e-07,74.99999977,2.173448493e-08,0.9999999969
af-eu-us-apac-row-ch/pf120_k050_a040,AF-pf120_k050_a040,af-eu-us-apac-row-ch,AF-first,pf120_k050_a040,new_reinitialization,1.2,0.5,0.4,11,0.7860138941,apac,not_yet_audited,us,US,2025,42,292.5002899,45,5.913981703e-09,44.99999999,1.365480538e-08,0.9999999999
af-eu-us-apac-row-ch/pf120_k050_a040,AF-pf120_k050_a040,af-eu-us-apac-row-ch,AF-first,pf120_k050_a040,new_reinitialization,1.2,0.5,0.4,11,0.7860138941,apac,not_yet_audited,apac,APAC,2025,110,189.5838005,50,49.99999998,1.91541229e-08,59.99999994,3.830824579e-10
af-eu-us-apac-row-ch/pf120_k050_a040,AF-pf120_k050_a040,af-eu-us-apac-row-ch,AF-first,pf120_k050_a040,new_reinitialization,1.2,0.5,0.4,11,0.7860138941,apac,not_yet_audited,row,ROW,2025,293,292.2733347,45,2.826877055e-09,45,8.472134795e-09,0.9999999999
af-eu-us-apac-row-ch/pf120_k050_a040,AF-pf120_k050_a040,af-eu-us-apac-row-ch,AF-first,pf120_k050_a040,new_reinitialization,1.2,0.5,0.4,11,0.7860138941,apac,not_yet_audited,ch,China,2030,553.1914556,107.7909238,350,350,1.094808242e-08,147.658652,3.128023549e-11
af-eu-us-apac-row-ch/pf120_k050_a040,AF-pf120_k050_a040,af-eu-us-apac-row-ch,AF-first,pf120_k050_a040,new_reinitialization,1.2,0.5,0.4,11,0.7860138941,apac,not_yet_audited,af,Africa,2030,3.213828117,213.6686208,14,2.760416907e-08,13.99999997,3.213828087,0.999999998
af-eu-us-apac-row-ch/pf120_k050_a040,AF-pf120_k050_a040,af-eu-us-apac-row-ch,AF-first,pf120_k050_a040,new_reinitialization,1.2,0.5,0.4,11,0.7860138941,apac,not_yet_audited,eu,EU,2030,0.1027750979,240.2968881,90,0.1027750682,89.89722493,2.632259753e-08,0.9988580548
af-eu-us-apac-row-ch/pf120_k050_a040,AF-pf120_k050_a040,af-eu-us-apac-row-ch,AF-first,pf120_k050_a040,new_reinitialization,1.2,0.5,0.4,11,0.7860138941,apac,not_yet_audited,us,US,2030,0.2145084444,237.1065242,65,0.2145083962,64.7854916,4.437813218e-08,0.9966998708
af-eu-us-apac-row-ch/pf120_k050_a040,AF-pf120_k050_a040,af-eu-us-apac-row-ch,AF-first,pf120_k050_a040,new_reinitialization,1.2,0.5,0.4,11,0.7860138941,apac,not_yet_audited,apac,APAC,2030,172.8102356,128.1710891,85,84.99999998,1.924758492e-08,87.81023555,2.264421755e-10
af-eu-us-apac-row-ch/pf120_k050_a040,AF-pf120_k050_a040,af-eu-us-apac-row-ch,AF-first,pf120_k050_a040,new_reinitialization,1.2,0.5,0.4,11,0.7860138941,apac,not_yet_audited,row,ROW,2030,7.728312033,232.6606484,70,6.684110566e-07,69.99999933,1.46403128e-07,0.9999999905
af-eu-us-apac-row-ch/pf120_k050_a040,AF-pf120_k050_a040,af-eu-us-apac-row-ch,AF-first,pf120_k050_a040,new_reinitialization,1.2,0.5,0.4,11,0.7860138941,apac,not_yet_audited,ch,China,2035,490.3278341,95.90883301,333,333,1.527917235e-08,120.1602406,4.588340045e-11
af-eu-us-apac-row-ch/pf120_k050_a040,AF-pf120_k050_a040,af-eu-us-apac-row-ch,AF-first,pf120_k050_a040,new_reinitialization,1.2,0.5,0.4,11,0.7860138941,apac,not_yet_audited,af,Africa,2035,3.201215984,204.6762876,20,3.201215253,16.79878475,7.290011859e-07,0.8399392374
af-eu-us-apac-row-ch/pf120_k050_a040,AF-pf120_k050_a040,af-eu-us-apac-row-ch,AF-first,pf120_k050_a040,new_reinitialization,1.2,0.5,0.4,11,0.7860138941,apac,not_yet_audited,eu,EU,2035,0.08491733428,211.9038303,95,0.0849172622,94.91508274,6.675210091e-08,0.9991061341
af-eu-us-apac-row-ch/pf120_k050_a040,AF-pf120_k050_a040,af-eu-us-apac-row-ch,AF-first,pf120_k050_a040,new_reinitialization,1.2,0.5,0.4,11,0.7860138941,apac,not_yet_audited,us,US,2035,0.2128608345,205.6848978,70,0.212860789,69.78713921,3.771524111e-08,0.9969591316
af-eu-us-apac-row-ch/pf120_k050_a040,AF-pf120_k050_a040,af-eu-us-apac-row-ch,AF-first,pf120_k050_a040,new_reinitialization,1.2,0.5,0.4,11,0.7860138941,apac,not_yet_audited,apac,APAC,2035,235.6521734,111.6040906,103,103,2.633080009e-08,132.6521733,2.556388358e-10
af-eu-us-apac-row-ch/pf120_k050_a040,AF-pf120_k050_a040,af-eu-us-apac-row-ch,AF-first,pf120_k050_a040,new_reinitialization,1.2,0.5,0.4,11,0.7860138941,apac,not_yet_audited,row,ROW,2035,7.68859215,209.2964133,79,7.688591964,71.31140804,5.47087666e-08,0.9026760511
af-eu-us-apac-row-ch/pf120_k050_a040,AF-pf120_k050_a040,af-eu-us-apac-row-ch,AF-first,pf120_k050_a040,new_reinitialization,1.2,0.5,0.4,11,0.7860138941,apac,not_yet_audited,ch,China,2040,490.5566645,86.65125723,316,315.9999998,1.839238574e-07,111.0965876,5.820375234e-10
af-eu-us-apac-row-ch/pf120_k050_a040,AF-pf120_k050_a040,af-eu-us-apac-row-ch,AF-first,pf120_k050_a040,new_reinitialization,1.2,0.5,0.4,11,0.7860138941,apac,not_yet_audited,af,Africa,2040,3.228843501,190.2768951,28,3.228841905,24.77115809,1.569145283e-06,0.8846842177
af-eu-us-apac-row-ch/pf120_k050_a040,AF-pf120_k050_a040,af-eu-us-apac-row-ch,AF-first,pf120_k050_a040,new_reinitialization,1.2,0.5,0.4,11,0.7860138941,apac,not_yet_audited,eu,EU,2040,0.07933453285,194.7513178,99,0.07933404469,98.92066595,4.592377256e-07,0.999198646
af-eu-us-apac-row-ch/pf120_k050_a040,AF-pf120_k050_a040,af-eu-us-apac-row-ch,AF-first,pf120_k050_a040,new_reinitialization,1.2,0.5,0.4,11,0.7860138941,apac,not_yet_audited,us,US,2040,0.2122421723,190.1877362,74.99999999,0.2122417808,74.78775821,2.94854835e-07,0.9971701096
af-eu-us-apac-row-ch/pf120_k050_a040,AF-pf120_k050_a040,af-eu-us-apac-row-ch,AF-first,pf120_k050_a040,new_reinitialization,1.2,0.5,0.4,11,0.7860138941,apac,not_yet_audited,apac,APAC,2040,294.7290432,100.7444935,126,125.9999998,2.295456099e-07,168.7290413,1.821790555e-09
af-eu-us-apac-row-ch/pf120_k050_a040,AF-pf120_k050_a040,af-eu-us-apac-row-ch,AF-first,pf120_k050_a040,new_reinitialization,1.2,0.5,0.4,11,0.7860138941,apac,not_yet_audited,row,ROW,2040,7.653960182,187.4596158,89,7.653949684,81.34605031,1.750156537e-06,0.9140005653
eu-us-af-row-apac-ch/pf100_k050_a030,EU-pf100_k050_a030,eu-us-af-row-apac-ch,EU-first,pf100_k050_a030,new_reinitialization,1,0.5,0.3,15,0.8603590553,apac,not_yet_audited,ch,China,2025,931,163.324,324,324,7.694017219e-09,111.5999999,2.374696673e-11
eu-us-af-row-apac-ch/pf100_k050_a030,EU-pf100_k050_a030,eu-us-af-row-apac-ch,EU-first,pf100_k050_a030,new_reinitialization,1,0.5,0.3,15,0.8603590553,apac,not_yet_audited,af,Africa,2025,3.4,262.9763146,10,9.331133355e-09,9.99999999,3.399999989,0.9999999991
eu-us-af-row-apac-ch/pf100_k050_a030,EU-pf100_k050_a030,eu-us-af-row-apac-ch,EU-first,pf100_k050_a030,new_reinitialization,1,0.5,0.3,15,0.8603590553,apac,not_yet_audited,eu,EU,2025,22,297.2451141,75,6.808555473e-08,74.99999993,2.185816939e-08,0.9999999991
eu-us-af-row-apac-ch/pf100_k050_a030,EU-pf100_k050_a030,eu-us-af-row-apac-ch,EU-first,pf100_k050_a030,new_reinitialization,1,0.5,0.3,15,0.8603590553,apac,not_yet_audited,us,US,2025,42,293.5651577,45,6.090621732e-09,44.99999999,1.287529867e-08,0.9999999999
eu-us-af-row-apac-ch/pf100_k050_a030,EU-pf100_k050_a030,eu-us-af-row-apac-ch,EU-first,pf100_k050_a030,new_reinitialization,1,0.5,0.3,15,0.8603590553,apac,not_yet_audited,apac,APAC,2025,110,197.6416055,50,49.99999998,1.698202514e-08,60,3.396405028e-10
eu-us-af-row-apac-ch/pf100_k050_a030,EU-pf100_k050_a030,eu-us-af-row-apac-ch,EU-first,pf100_k050_a030,new_reinitialization,1,0.5,0.3,15,0.8603590553,apac,not_yet_audited,row,ROW,2025,293,288.5294972,45,2.564035492e-09,45,8.300506893e-09,0.9999999999
eu-us-af-row-apac-ch/pf100_k050_a030,EU-pf100_k050_a030,eu-us-af-row-apac-ch,EU-first,pf100_k050_a030,new_reinitialization,1,0.5,0.3,15,0.8603590553,apac,not_yet_audited,ch,China,2030,530.6168174,107.7909239,350,349.9999998,2.012335393e-07,149.9215514,5.749529695e-10
eu-us-af-row-apac-ch/pf100_k050_a030,EU-pf100_k050_a030,eu-us-af-row-apac-ch,EU-first,pf100_k050_a030,new_reinitialization,1,0.5,0.3,15,0.8603590553,apac,not_yet_audited,af,Africa,2030,0.3942460248,227.2969445,14,6.428125514e-07,13.99999935,0.3942453511,0.9999999541
eu-us-af-row-apac-ch/pf100_k050_a030,EU-pf100_k050_a030,eu-us-af-row-apac-ch,EU-first,pf100_k050_a030,new_reinitialization,1,0.5,0.3,15,0.8603590553,apac,not_yet_audited,eu,EU,2030,1.853646933,239.0601104,89.99999999,1.853646255,88.14635374,5.922057658e-07,0.9794039305
eu-us-af-row-apac-ch/pf100_k050_a030,EU-pf100_k050_a030,eu-us-af-row-apac-ch,EU-first,pf100_k050_a030,new_reinitialization,1,0.5,0.3,15,0.8603590553,apac,not_yet_audited,us,US,2030,0.6425328245,235.372291,64.99999999,0.6425318925,64.3574681,7.9151192e-07,0.990114894
eu-us-af-row-apac-ch/pf100_k050_a030,EU-pf100_k050_a030,eu-us-af-row-apac-ch,EU-first,pf100_k050_a030,new_reinitialization,1,0.5,0.3,15,0.8603590553,apac,not_yet_audited,apac,APAC,2030,171.1880155,133.6927814,84.99999999,84.99999958,4.059566358e-07,86.18801554,4.775960422e-09
eu-us-af-row-apac-ch/pf100_k050_a030,EU-pf100_k050_a030,eu-us-af-row-apac-ch,EU-first,pf100_k050_a030,new_reinitialization,1,0.5,0.3,15,0.8603590553,apac,not_yet_audited,row,ROW,2030,22.53681953,232.3090396,69.99999999,5.649565805e-06,69.99999435,2.420938543e-06,0.9999999193
eu-us-af-row-apac-ch/pf100_k050_a030,EU-pf100_k050_a030,eu-us-af-row-apac-ch,EU-first,pf100_k050_a030,new_reinitialization,1,0.5,0.3,15,0.8603590553,apac,not_yet_audited,ch,China,2035,521.6834245,95.908833,333,333,1.029862655e-08,131.2066804,3.092680644e-11
eu-us-af-row-apac-ch/pf100_k050_a030,EU-pf100_k050_a030,eu-us-af-row-apac-ch,EU-first,pf100_k050_a030,new_reinitialization,1,0.5,0.3,15,0.8603590553,apac,not_yet_audited,af,Africa,2035,0.3997078742,205.6392282,20,0.3997076638,19.60029234,2.088960751e-07,0.9800146168
eu-us-af-row-apac-ch/pf100_k050_a030,EU-pf100_k050_a030,eu-us-af-row-apac-ch,EU-first,pf100_k050_a030,new_reinitialization,1,0.5,0.3,15,0.8603590553,apac,not_yet_audited,eu,EU,2035,1.850922161,212.6508182,95,1.850922129,93.14907787,2.730116448e-08,0.9805166092
eu-us-af-row-apac-ch/pf100_k050_a030,EU-pf100_k050_a030,eu-us-af-row-apac-ch,EU-first,pf100_k050_a030,new_reinitialization,1,0.5,0.3,15,0.8603590553,apac,not_yet_audited,us,US,2035,0.6408583632,206.6185174,70,0.6408583038,69.3591417,5.118405031e-08,0.9908448814
eu-us-af-row-apac-ch/pf100_k050_a030,EU-pf100_k050_a030,eu-us-af-row-apac-ch,EU-first,pf100_k050_a030,new_reinitialization,1,0.5,0.3,15,0.8603590553,apac,not_yet_audited,apac,APAC,2035,232.9018295,112.4940387,103,103,1.3349611e-08,129.9018294,1.296078738e-10
eu-us-af-row-apac-ch/pf100_k050_a030,EU-pf100_k050_a030,eu-us-af-row-apac-ch,EU-first,pf100_k050_a030,new_reinitialization,1,0.5,0.3,15,0.8603590553,apac,not_yet_audited,row,ROW,2035,22.50805334,207.1178458,79,1.801702997e-06,78.9999982,8.200238027e-08,0.9999999772
eu-us-af-row-apac-ch/pf100_k050_a030,EU-pf100_k050_a030,eu-us-af-row-apac-ch,EU-first,pf100_k050_a030,new_reinitialization,1,0.5,0.3,15,0.8603590553,apac,not_yet_audited,ch,China,2040,521.6991195,86.65125727,316,315.9999995,4.639244659e-07,120.7191478,1.468115398e-09
eu-us-af-row-apac-ch/pf100_k050_a030,EU-pf100_k050_a030,eu-us-af-row-apac-ch,EU-first,pf100_k050_a030,new_reinitialization,1,0.5,0.3,15,0.8603590553,apac,not_yet_audited,af,Africa,2040,0.4337924626,189.9811563,27.99999999,0.4337896905,27.5662103,2.721625606e-06,0.984507511
eu-us-af-row-apac-ch/pf100_k050_a030,EU-pf100_k050_a030,eu-us-af-row-apac-ch,EU-first,pf100_k050_a030,new_reinitialization,1,0.5,0.3,15,0.8603590553,apac,not_yet_audited,eu,EU,2040,1.848951011,191.4040757,98.99999999,1.848949479,97.15105051,1.346103639e-06,0.9813237426
eu-us-af-row-apac-ch/pf100_k050_a030,EU-pf100_k050_a030,eu-us-af-row-apac-ch,EU-first,pf100_k050_a030,new_reinitialization,1,0.5,0.3,15,0.8603590553,apac,not_yet_audited,us,US,2040,0.6407766396,190.6352666,74.99999998,0.6407751717,74.35922481,1.20094204e-06,0.991456331
eu-us-af-row-apac-ch/pf100_k050_a030,EU-pf100_k050_a030,eu-us-af-row-apac-ch,EU-first,pf100_k050_a030,new_reinitialization,1,0.5,0.3,15,0.8603590553,apac,not_yet_audited,apac,APAC,2040,293.3572208,100.4179134,126,125.9999995,4.82992851e-07,167.3572145,3.833276596e-09
eu-us-af-row-apac-ch/pf100_k050_a030,EU-pf100_k050_a030,eu-us-af-row-apac-ch,EU-first,pf100_k050_a030,new_reinitialization,1,0.5,0.3,15,0.8603590553,apac,not_yet_audited,row,ROW,2040,22.50229518,187.0831216,88.99999999,0.0001160133642,88.99988398,2.948231437e-06,0.9999986965
eu-us-af-row-apac-ch/pf120_k050_a030,EU-pf120_k050_a030,eu-us-af-row-apac-ch,EU-first,pf120_k050_a030,new_reinitialization,1.2,0.5,0.3,13,0.8094185635,apac,not_yet_audited,ch,China,2025,931,163.324,324,324,8.960755524e-09,111.5999999,2.765665285e-11
eu-us-af-row-apac-ch/pf120_k050_a030,EU-pf120_k050_a030,eu-us-af-row-apac-ch,EU-first,pf120_k050_a030,new_reinitialization,1.2,0.5,0.3,13,0.8094185635,apac,not_yet_audited,af,Africa,2025,3.4,255.6122665,10,8.508394368e-09,9.999999991,3.39999999,0.9999999991
eu-us-af-row-apac-ch/pf120_k050_a030,EU-pf120_k050_a030,eu-us-af-row-apac-ch,EU-first,pf120_k050_a030,new_reinitialization,1.2,0.5,0.3,13,0.8094185635,apac,not_yet_audited,eu,EU,2025,22,297.0535483,75,7.341990505e-08,74.99999993,3.690547325e-08,0.999999999
eu-us-af-row-apac-ch/pf120_k050_a030,EU-pf120_k050_a030,eu-us-af-row-apac-ch,EU-first,pf120_k050_a030,new_reinitialization,1.2,0.5,0.3,13,0.8094185635,apac,not_yet_audited,us,US,2025,42,292.8397478,45,6.722244281e-09,44.99999999,1.562466087e-08,0.9999999999
eu-us-af-row-apac-ch/pf120_k050_a030,EU-pf120_k050_a030,eu-us-af-row-apac-ch,EU-first,pf120_k050_a030,new_reinitialization,1.2,0.5,0.3,13,0.8094185635,apac,not_yet_audited,apac,APAC,2025,110,194.3343489,50,49.99999998,1.82279075e-08,59.99999999,3.6455815e-10
eu-us-af-row-apac-ch/pf120_k050_a030,EU-pf120_k050_a030,eu-us-af-row-apac-ch,EU-first,pf120_k050_a030,new_reinitialization,1.2,0.5,0.3,13,0.8094185635,apac,not_yet_audited,row,ROW,2025,293,300.5345443,45,3.6143237e-09,45,9.151919296e-09,0.9999999999
eu-us-af-row-apac-ch/pf120_k050_a030,EU-pf120_k050_a030,eu-us-af-row-apac-ch,EU-first,pf120_k050_a030,new_reinitialization,1.2,0.5,0.3,13,0.8094185635,apac,not_yet_audited,ch,China,2030,519.1857492,107.7909238,350,350,7.133456666e-09,147.4984232,2.038130476e-11
eu-us-af-row-apac-ch/pf120_k050_a030,EU-pf120_k050_a030,eu-us-af-row-apac-ch,EU-first,pf120_k050_a030,new_reinitialization,1.2,0.5,0.3,13,0.8094185635,apac,not_yet_audited,af,Africa,2030,3.332000714,213.5509513,14,1.969640363e-08,13.99999998,3.332000694,0.9999999986
eu-us-af-row-apac-ch/pf120_k050_a030,EU-pf120_k050_a030,eu-us-af-row-apac-ch,EU-first,pf120_k050_a030,new_reinitialization,1.2,0.5,0.3,13,0.8094185635,apac,not_yet_audited,eu,EU,2030,0.1483983798,238.4101161,90,0.1483983678,89.85160163,9.326265682e-09,0.9983511292
eu-us-af-row-apac-ch/pf120_k050_a030,EU-pf120_k050_a030,eu-us-af-row-apac-ch,EU-first,pf120_k050_a030,new_reinitialization,1.2,0.5,0.3,13,0.8094185635,apac,not_yet_audited,us,US,2030,0.2169519775,232.1493056,65,0.2169518979,64.7830481,7.387338895e-08,0.9966622785
eu-us-af-row-apac-ch/pf120_k050_a030,EU-pf120_k050_a030,eu-us-af-row-apac-ch,EU-first,pf120_k050_a030,new_reinitialization,1.2,0.5,0.3,13,0.8094185635,apac,not_yet_audited,apac,APAC,2030,172.8042257,128.5932491,85,84.99999999,9.336980698e-09,87.80422568,1.098468317e-10
eu-us-af-row-apac-ch/pf120_k050_a030,EU-pf120_k050_a030,eu-us-af-row-apac-ch,EU-first,pf120_k050_a030,new_reinitialization,1.2,0.5,0.3,13,0.8094185635,apac,not_yet_audited,row,ROW,2030,7.791130428,231.4289729,70,8.503154896e-08,69.99999991,3.393474604e-08,0.9999999988
eu-us-af-row-apac-ch/pf120_k050_a030,EU-pf120_k050_a030,eu-us-af-row-apac-ch,EU-first,pf120_k050_a030,new_reinitialization,1.2,0.5,0.3,13,0.8094185635,apac,not_yet_audited,ch,China,2035,506.0985737,95.90883304,333,332.9999999,1.294902725e-07,127.7150201,3.888596772e-10
eu-us-af-row-apac-ch/pf120_k050_a030,EU-pf120_k050_a030,eu-us-af-row-apac-ch,EU-first,pf120_k050_a030,new_reinitialization,1.2,0.5,0.3,13,0.8094185635,apac,not_yet_audited,af,Africa,2035,3.369488403,196.4769621,20,1.925817048e-05,19.99998074,3.369469123,0.9999990371
eu-us-af-row-apac-ch/pf120_k050_a030,EU-pf120_k050_a030,eu-us-af-row-apac-ch,EU-first,pf120_k050_a030,new_reinitialization,1.2,0.5,0.3,13,0.8094185635,apac,not_yet_audited,eu,EU,2035,0.1089286314,209.5470298,95,0.1089284191,94.89107158,1.679077561e-07,0.9988533851
eu-us-af-row-apac-ch/pf120_k050_a030,EU-pf120_k050_a030,eu-us-af-row-apac-ch,EU-first,pf120_k050_a030,new_reinitialization,1.2,0.5,0.3,13,0.8094185635,apac,not_yet_audited,us,US,2035,0.2046610387,205.2103013,69.99999999,0.2046605233,69.79533947,4.253065323e-07,0.9970762782
eu-us-af-row-apac-ch/pf120_k050_a030,EU-pf120_k050_a030,eu-us-af-row-apac-ch,EU-first,pf120_k050_a030,new_reinitialization,1.2,0.5,0.3,13,0.8094185635,apac,not_yet_audited,apac,APAC,2035,235.6018983,114.2516098,103,102.9999998,1.910498474e-07,132.6018979,1.854852887e-09
eu-us-af-row-apac-ch/pf120_k050_a030,EU-pf120_k050_a030,eu-us-af-row-apac-ch,EU-first,pf120_k050_a030,new_reinitialization,1.2,0.5,0.3,13,0.8094185635,apac,not_yet_audited,row,ROW,2035,7.760099298,206.6939373,79,3.989656795e-06,78.99999601,4.271436125e-07,0.9999999495
eu-us-af-row-apac-ch/pf120_k050_a030,EU-pf120_k050_a030,eu-us-af-row-apac-ch,EU-first,pf120_k050_a030,new_reinitialization,1.2,0.5,0.3,13,0.8094185635,apac,not_yet_audited,ch,China,2040,505.4062747,86.6512573,316,315.9999994,5.574482329e-07,117.3587504,1.764076687e-09
eu-us-af-row-apac-ch/pf120_k050_a030,EU-pf120_k050_a030,eu-us-af-row-apac-ch,EU-first,pf120_k050_a030,new_reinitialization,1.2,0.5,0.3,13,0.8094185635,apac,not_yet_audited,af,Africa,2040,3.544171439,188.5791178,27.99999999,3.544168213,24.45583178,3.135048625e-06,0.8734225638
eu-us-af-row-apac-ch/pf120_k050_a030,EU-pf120_k050_a030,eu-us-af-row-apac-ch,EU-first,pf120_k050_a030,new_reinitialization,1.2,0.5,0.3,13,0.8094185635,apac,not_yet_audited,eu,EU,2040,0.1084825699,189.2816589,98.99999999,0.1084807393,98.89151925,1.625042433e-06,0.998904235
eu-us-af-row-apac-ch/pf120_k050_a030,EU-pf120_k050_a030,eu-us-af-row-apac-ch,EU-first,pf120_k050_a030,new_reinitialization,1.2,0.5,0.3,13,0.8094185635,apac,not_yet_audited,us,US,2040,0.2037860678,186.6466901,74.99999998,0.2037837886,74.79621619,1.872375169e-06,0.9972828828
eu-us-af-row-apac-ch/pf120_k050_a030,EU-pf120_k050_a030,eu-us-af-row-apac-ch,EU-first,pf120_k050_a030,new_reinitialization,1.2,0.5,0.3,13,0.8094185635,apac,not_yet_audited,apac,APAC,2040,295.7847882,102.469315,126,125.9999992,8.267398085e-07,169.7847865,6.561427052e-09
eu-us-af-row-apac-ch/pf120_k050_a030,EU-pf120_k050_a030,eu-us-af-row-apac-ch,EU-first,pf120_k050_a030,new_reinitialization,1.2,0.5,0.3,13,0.8094185635,apac,not_yet_audited,row,ROW,2040,7.733346719,186.8131666,88.99999999,2.264507161e-05,88.99997734,2.485309655e-06,0.9999997456
eu-us-af-row-apac-ch/pf120_k050_a040,EU-pf120_k050_a040,eu-us-af-row-apac-ch,EU-first,pf120_k050_a040,new_reinitialization,1.2,0.5,0.4,9,0.8106346252,apac,not_yet_audited,ch,China,2025,931,163.324,324,324,4.637453276e-08,111.5999997,1.43131274e-10
eu-us-af-row-apac-ch/pf120_k050_a040,EU-pf120_k050_a040,eu-us-af-row-apac-ch,EU-first,pf120_k050_a040,new_reinitialization,1.2,0.5,0.4,9,0.8106346252,apac,not_yet_audited,af,Africa,2025,3.4,262.1357168,9.999999999,1.249156056e-07,9.999999874,3.399999865,0.9999999875
eu-us-af-row-apac-ch/pf120_k050_a040,EU-pf120_k050_a040,eu-us-af-row-apac-ch,EU-first,pf120_k050_a040,new_reinitialization,1.2,0.5,0.4,9,0.8106346252,apac,not_yet_audited,eu,EU,2025,22,294.483227,75,1.663838518e-07,74.99999983,1.304052824e-07,0.9999999978
eu-us-af-row-apac-ch/pf120_k050_a040,EU-pf120_k050_a040,eu-us-af-row-apac-ch,EU-first,pf120_k050_a040,new_reinitialization,1.2,0.5,0.4,9,0.8106346252,apac,not_yet_audited,us,US,2025,42,287.3597815,45,2.900306178e-08,44.99999997,7.4183642e-08,0.9999999994
eu-us-af-row-apac-ch/pf120_k050_a040,EU-pf120_k050_a040,eu-us-af-row-apac-ch,EU-first,pf120_k050_a040,new_reinitialization,1.2,0.5,0.4,9,0.8106346252,apac,not_yet_audited,apac,APAC,2025,110,198.5828862,50,49.99999985,1.489033285e-07,60.00000006,2.97806657e-09
eu-us-af-row-apac-ch/pf120_k050_a040,EU-pf120_k050_a040,eu-us-af-row-apac-ch,EU-first,pf120_k050_a040,new_reinitialization,1.2,0.5,0.4,9,0.8106346252,apac,not_yet_audited,row,ROW,2025,293,294.262323,45,1.698968175e-08,44.99999998,4.631061295e-08,0.9999999996
eu-us-af-row-apac-ch/pf120_k050_a040,EU-pf120_k050_a040,eu-us-af-row-apac-ch,EU-first,pf120_k050_a040,new_reinitialization,1.2,0.5,0.4,9,0.8106346252,apac,not_yet_audited,ch,China,2030,585.607109,107.7909238,350,350,2.367489602e-08,147.5328165,6.764256007e-11
eu-us-af-row-apac-ch/pf120_k050_a040,EU-pf120_k050_a040,eu-us-af-row-apac-ch,EU-first,pf120_k050_a040,new_reinitialization,1.2,0.5,0.4,9,0.8106346252,apac,not_yet_audited,af,Africa,2030,3.231293939,224.1847252,14,3.231292611,10.76870739,1.323849885e-06,0.7691933849
eu-us-af-row-apac-ch/pf120_k050_a040,EU-pf120_k050_a040,eu-us-af-row-apac-ch,EU-first,pf120_k050_a040,new_reinitialization,1.2,0.5,0.4,9,0.8106346252,apac,not_yet_audited,eu,EU,2030,0.1134302609,242.2538628,90,0.1134302193,89.88656978,3.443658556e-08,0.9987396642
eu-us-af-row-apac-ch/pf120_k050_a040,EU-pf120_k050_a040,eu-us-af-row-apac-ch,EU-first,pf120_k050_a040,new_reinitialization,1.2,0.5,0.4,9,0.8106346252,apac,not_yet_audited,us,US,2030,0.6061792765,239.2774793,65,0.606179183,64.39382082,7.978423191e-08,0.9906741664
eu-us-af-row-apac-ch/pf120_k050_a040,EU-pf120_k050_a040,eu-us-af-row-apac-ch,EU-first,pf120_k050_a040,new_reinitialization,1.2,0.5,0.4,9,0.8106346252,apac,not_yet_audited,apac,APAC,2030,172.5162782,130.2266683,85,84.99999996,3.774672831e-08,87.51627813,4.440791566e-10
eu-us-af-row-apac-ch/pf120_k050_a040,EU-pf120_k050_a040,eu-us-af-row-apac-ch,EU-first,pf120_k050_a040,new_reinitialization,1.2,0.5,0.4,9,0.8106346252,apac,not_yet_audited,row,ROW,2030,12.88166519,232.6910194,70,1.466699669e-06,69.99999853,4.776361109e-07,0.999999979
eu-us-af-row-apac-ch/pf120_k050_a040,EU-pf120_k050_a040,eu-us-af-row-apac-ch,EU-first,pf120_k050_a040,new_reinitialization,1.2,0.5,0.4,9,0.8106346252,apac,not_yet_audited,ch,China,2035,576.2256841,95.90883303,333,332.9999997,3.135575249e-07,128.2739295,9.416141891e-10
eu-us-af-row-apac-ch/pf120_k050_a040,EU-pf120_k050_a040,eu-us-af-row-apac-ch,EU-first,pf120_k050_a040,new_reinitialization,1.2,0.5,0.4,9,0.8106346252,apac,not_yet_audited,af,Africa,2035,3.078968335,202.596483,19.99999999,3.078962165,16.92103783,6.11946317e-06,0.8460518917
eu-us-af-row-apac-ch/pf120_k050_a040,EU-pf120_k050_a040,eu-us-af-row-apac-ch,EU-first,pf120_k050_a040,new_reinitialization,1.2,0.5,0.4,9,0.8106346252,apac,not_yet_audited,eu,EU,2035,0.1120765418,208.7856645,94.99999999,0.1120760273,94.88792397,4.142411989e-07,0.9988202523
eu-us-af-row-apac-ch/pf120_k050_a040,EU-pf120_k050_a040,eu-us-af-row-apac-ch,EU-first,pf120_k050_a040,new_reinitialization,1.2,0.5,0.4,9,0.8106346252,apac,not_yet_audited,us,US,2035,0.5954848703,205.1647328,69.99999999,0.5954834406,69.40451655,1.177014858e-06,0.9914930937
eu-us-af-row-apac-ch/pf120_k050_a040,EU-pf120_k050_a040,eu-us-af-row-apac-ch,EU-first,pf120_k050_a040,new_reinitialization,1.2,0.5,0.4,9,0.8106346252,apac,not_yet_audited,apac,APAC,2035,234.9395326,113.9489663,103,102.9999996,4.270893426e-07,131.9395319,4.146498472e-09
eu-us-af-row-apac-ch/pf120_k050_a040,EU-pf120_k050_a040,eu-us-af-row-apac-ch,EU-first,pf120_k050_a040,new_reinitialization,1.2,0.5,0.4,9,0.8106346252,apac,not_yet_audited,row,ROW,2035,12.81350029,206.6983247,78.99999999,8.797573073e-06,78.9999912,1.15865994e-06,0.9999998886
eu-us-af-row-apac-ch/pf120_k050_a040,EU-pf120_k050_a040,eu-us-af-row-apac-ch,EU-first,pf120_k050_a040,new_reinitialization,1.2,0.5,0.4,9,0.8106346252,apac,not_yet_audited,ch,China,2040,576.3988373,86.6512572,316,315.9999999,5.189604596e-08,119.2252911,1.642279935e-10
eu-us-af-row-apac-ch/pf120_k050_a040,EU-pf120_k050_a040,eu-us-af-row-apac-ch,EU-first,pf120_k050_a040,new_reinitialization,1.2,0.5,0.4,9,0.8106346252,apac,not_yet_audited,af,Africa,2040,3.106558409,178.8038496,28,1.559518701e-05,27.9999844,3.106542804,0.999999443
eu-us-af-row-apac-ch/pf120_k050_a040,EU-pf120_k050_a040,eu-us-af-row-apac-ch,EU-first,pf120_k050_a040,new_reinitialization,1.2,0.5,0.4,9,0.8106346252,apac,not_yet_audited,eu,EU,2040,0.1110275503,189.0330858,99,0.1110273893,98.88897261,1.367412883e-07,0.9988785112
eu-us-af-row-apac-ch/pf120_k050_a040,EU-pf120_k050_a040,eu-us-af-row-apac-ch,EU-first,pf120_k050_a040,new_reinitialization,1.2,0.5,0.4,9,0.8106346252,apac,not_yet_audited,us,US,2040,0.5882073036,184.2898575,75,0.5882070635,74.41179293,1.914067159e-07,0.9921572392
eu-us-af-row-apac-ch/pf120_k050_a040,EU-pf120_k050_a040,eu-us-af-row-apac-ch,EU-first,pf120_k050_a040,new_reinitialization,1.2,0.5,0.4,9,0.8106346252,apac,not_yet_audited,apac,APAC,2040,293.9689155,101.6019125,126,125.9999999,6.32310628e-08,167.9689152,5.018338318e-10
eu-us-af-row-apac-ch/pf120_k050_a040,EU-pf120_k050_a040,eu-us-af-row-apac-ch,EU-first,pf120_k050_a040,new_reinitialization,1.2,0.5,0.4,9,0.8106346252,apac,not_yet_audited,row,ROW,2040,12.75487721,185.5770064,89,4.457974809e-07,88.99999955,1.726758485e-07,0.999999995
eu-us-af-row-apac-ch/pf120_k100_a040,EU-pf120_k100_a040,eu-us-af-row-apac-ch,EU-first,pf120_k100_a040,new_reinitialization,1.2,1,0.4,1,0.8948696892,apac,not_yet_audited,ch,China,2025,931,163.324,324,324,4.997859768e-09,171.5999998,1.542549311e-11
eu-us-af-row-apac-ch/pf120_k100_a040,EU-pf120_k100_a040,eu-us-af-row-apac-ch,EU-first,pf120_k100_a040,new_reinitialization,1.2,1,0.4,1,0.8948696892,apac,not_yet_audited,af,Africa,2025,3.4,221.2951624,10,3.399999989,6.60000001,7.467271469e-09,0.6600000011
eu-us-af-row-apac-ch/pf120_k100_a040,EU-pf120_k100_a040,eu-us-af-row-apac-ch,EU-first,pf120_k100_a040,new_reinitialization,1.2,1,0.4,1,0.8948696892,apac,not_yet_audited,eu,EU,2025,22,227.7347128,75,1.354473559e-09,75,3.880164965e-09,1
eu-us-af-row-apac-ch/pf120_k100_a040,EU-pf120_k100_a040,eu-us-af-row-apac-ch,EU-first,pf120_k100_a040,new_reinitialization,1.2,1,0.4,1,0.8948696892,apac,not_yet_audited,us,US,2025,42,222.4155329,45,1.183650366e-09,45,3.610620995e-09,1
eu-us-af-row-apac-ch/pf120_k100_a040,EU-pf120_k100_a040,eu-us-af-row-apac-ch,EU-first,pf120_k100_a040,new_reinitialization,1.2,1,0.4,1,0.8948696892,apac,not_yet_audited,apac,APAC,2025,110,187.5,50,49.99999999,8.842278401e-09,1.858965077e-07,1.76845568e-10
eu-us-af-row-apac-ch/pf120_k100_a040,EU-pf120_k100_a040,eu-us-af-row-apac-ch,EU-first,pf120_k100_a040,new_reinitialization,1.2,1,0.4,1,0.8948696892,apac,not_yet_audited,row,ROW,2025,293,228.6449146,45,9.62918324e-10,45,2.986286156e-09,1
eu-us-af-row-apac-ch/pf120_k100_a040,EU-pf120_k100_a040,eu-us-af-row-apac-ch,EU-first,pf120_k100_a040,new_reinitialization,1.2,1,0.4,1,0.8948696892,apac,not_yet_audited,ch,China,2030,845.5801578,107.7909238,350,350,4.425830465e-08,157.4518926,1.26452299e-10
eu-us-af-row-apac-ch/pf120_k100_a040,EU-pf120_k100_a040,eu-us-af-row-apac-ch,EU-first,pf120_k100_a040,new_reinitialization,1.2,1,0.4,1,0.8948696892,apac,not_yet_audited,af,Africa,2030,3.540501477,152.7635798,14,3.540501304,10.4594987,1.522323666e-07,0.7471070497
eu-us-af-row-apac-ch/pf120_k100_a040,EU-pf120_k100_a040,eu-us-af-row-apac-ch,EU-first,pf120_k100_a040,new_reinitialization,1.2,1,0.4,1,0.8948696892,apac,not_yet_audited,eu,EU,2030,0.0007596520142,158.2597693,90,1.356612156e-08,89.99999999,1.923824173e-08,0.9999999998
eu-us-af-row-apac-ch/pf120_k100_a040,EU-pf120_k100_a040,eu-us-af-row-apac-ch,EU-first,pf120_k100_a040,new_reinitialization,1.2,1,0.4,1,0.8948696892,apac,not_yet_audited,us,US,2030,0.01605928788,153.0995734,65,7.521174862e-09,64.99999999,3.241081731e-08,0.9999999999
eu-us-af-row-apac-ch/pf120_k100_a040,EU-pf120_k100_a040,eu-us-af-row-apac-ch,EU-first,pf120_k100_a040,new_reinitialization,1.2,1,0.4,1,0.8948696892,apac,not_yet_audited,apac,APAC,2030,163.0076062,125.082676,85,84.99999993,7.058731134e-08,78.0076059,8.304389569e-10
eu-us-af-row-apac-ch/pf120_k100_a040,EU-pf120_k100_a040,eu-us-af-row-apac-ch,EU-first,pf120_k100_a040,new_reinitialization,1.2,1,0.4,1,0.8948696892,apac,not_yet_audited,row,ROW,2030,152.0517438,157.6109231,70,1.102881249e-08,69.99999999,3.18991972e-08,0.9999999998
eu-us-af-row-apac-ch/pf120_k100_a040,EU-pf120_k100_a040,eu-us-af-row-apac-ch,EU-first,pf120_k100_a040,new_reinitialization,1.2,1,0.4,1,0.8948696892,apac,not_yet_audited,ch,China,2035,845.3369083,95.908833,333,332.9999999,5.708891076e-08,163.96002,1.714381704e-10
eu-us-af-row-apac-ch/pf120_k100_a040,EU-pf120_k100_a040,eu-us-af-row-apac-ch,EU-first,pf120_k100_a040,new_reinitialization,1.2,1,0.4,1,0.8948696892,apac,not_yet_audited,af,Africa,2035,5.039979217,133.1776097,20,5.03997894,14.96002106,2.452917502e-07,0.748001053
eu-us-af-row-apac-ch/pf120_k100_a040,EU-pf120_k100_a040,eu-us-af-row-apac-ch,EU-first,pf120_k100_a040,new_reinitialization,1.2,1,0.4,1,0.8948696892,apac,not_yet_audited,eu,EU,2035,0.000538758753,141.2746679,95,2.63557765e-09,95,5.775357992e-08,1
eu-us-af-row-apac-ch/pf120_k100_a040,EU-pf120_k100_a040,eu-us-af-row-apac-ch,EU-first,pf120_k100_a040,new_reinitialization,1.2,1,0.4,1,0.8948696892,apac,not_yet_audited,us,US,2035,0.003705994694,137.9590403,70,8.122801484e-09,69.99999999,2.67656088e-08,0.9999999999
eu-us-af-row-apac-ch/pf120_k100_a040,EU-pf120_k100_a040,eu-us-af-row-apac-ch,EU-first,pf120_k100_a040,new_reinitialization,1.2,1,0.4,1,0.8948696892,apac,not_yet_audited,apac,APAC,2035,205.7868407,110.0152081,103,102.9999999,8.726156967e-08,95.00000085,8.471997055e-10
eu-us-af-row-apac-ch/pf120_k100_a040,EU-pf120_k100_a040,eu-us-af-row-apac-ch,EU-first,pf120_k100_a040,new_reinitialization,1.2,1,0.4,1,0.8948696892,apac,not_yet_audited,row,ROW,2035,152.0512479,142.9514292,79,1.449468784e-08,78.99999998,3.926274374e-08,0.9999999998
eu-us-af-row-apac-ch/pf120_k100_a040,EU-pf120_k100_a040,eu-us-af-row-apac-ch,EU-first,pf120_k100_a040,new_reinitialization,1.2,1,0.4,1,0.8948696892,apac,not_yet_audited,ch,China,2040,843.7689032,86.6512572,316,316,1.648845681e-08,166.637842,5.21786608e-11
eu-us-af-row-apac-ch/pf120_k100_a040,EU-pf120_k100_a040,eu-us-af-row-apac-ch,EU-first,pf120_k100_a040,new_reinitialization,1.2,1,0.4,1,0.8948696892,apac,not_yet_audited,af,Africa,2040,6.53997128,128.4264724,28,6.539971215,21.46002878,5.665838746e-08,0.7664295995
eu-us-af-row-apac-ch/pf120_k100_a040,EU-pf120_k100_a040,eu-us-af-row-apac-ch,EU-first,pf120_k100_a040,new_reinitialization,1.2,1,0.4,1,0.8948696892,apac,not_yet_audited,eu,EU,2040,0.0006670374467,131.5469718,99,1.28247619e-09,99,1.581516852e-08,1
eu-us-af-row-apac-ch/pf120_k100_a040,EU-pf120_k100_a040,eu-us-af-row-apac-ch,EU-first,pf120_k100_a040,new_reinitialization,1.2,1,0.4,1,0.8948696892,apac,not_yet_audited,us,US,2040,0.00376442126,128.7895774,75,3.994129506e-09,75,1.203970088e-08,0.9999999999
eu-us-af-row-apac-ch/pf120_k100_a040,EU-pf120_k100_a040,eu-us-af-row-apac-ch,EU-first,pf120_k100_a040,new_reinitialization,1.2,1,0.4,1,0.8948696892,apac,not_yet_audited,apac,APAC,2040,243.8221868,101.7358438,126,126,2.66904868e-08,117.8221867,2.118292603e-10
eu-us-af-row-apac-ch/pf120_k100_a040,EU-pf120_k100_a040,eu-us-af-row-apac-ch,EU-first,pf120_k100_a040,new_reinitialization,1.2,1,0.4,1,0.8948696892,apac,not_yet_audited,row,ROW,2040,152.0363689,132.9345674,89,4.869020838e-09,88.99999999,1.274301298e-08,0.9999999999
