candidate,candidate_code,sequence,order,branch,origin,price_factor,capacity_weight,damping,selected_sweep,max_gain_percent,limiting_player,multistart_status,region,region_label,year,price_usd_per_kw
ch-af-apac-eu-row-us/pf080_k050_a040,CH-pf080_k050_a040,ch-af-apac-eu-row-us,CH-first,pf080_k050_a040,clean_objective_stage2,0.8,0.5,0.4,12,0.6249764404,apac,one_start_only,ch,China,2025,163.324
ch-af-apac-eu-row-us/pf080_k050_a040,CH-pf080_k050_a040,ch-af-apac-eu-row-us,CH-first,pf080_k050_a040,clean_objective_stage2,0.8,0.5,0.4,12,0.6249764404,apac,one_start_only,af,Africa,2025,316.2382284
ch-af-apac-eu-row-us/pf080_k050_a040,CH-pf080_k050_a040,ch-af-apac-eu-row-us,CH-first,pf080_k050_a040,clean_objective_stage2,0.8,0.5,0.4,12,0.6249764404,apac,one_start_only,eu,EU,2025,290.6387116
ch-af-apac-eu-row-us/pf080_k050_a040,CH-pf080_k050_a040,ch-af-apac-eu-row-us,CH-first,pf080_k050_a040,clean_objective_stage2,0.8,0.5,0.4,12,0.6249764404,apac,one_start_only,us,US,2025,397.4871595
ch-af-apac-eu-row-us/pf080_k050_a040,CH-pf080_k050_a040,ch-af-apac-eu-row-us,CH-first,pf080_k050_a040,clean_objective_stage2,0.8,0.5,0.4,12,0.6249764404,apac,one_start_only,apac,APAC,2025,187.4579997
ch-af-apac-eu-row-us/pf080_k050_a040,CH-pf080_k050_a040,ch-af-apac-eu-row-us,CH-first,pf080_k050_a040,clean_objective_stage2,0.8,0.5,0.4,12,0.6249764404,apac,one_start_only,row,ROW,2025,351.9362744
ch-af-apac-eu-row-us/pf080_k050_a040,CH-pf080_k050_a040,ch-af-apac-eu-row-us,CH-first,pf080_k050_a040,clean_objective_stage2,0.8,0.5,0.4,12,0.6249764404,apac,one_start_only,ch,China,2030,107.7909238
ch-af-apac-eu-row-us/pf080_k050_a040,CH-pf080_k050_a040,ch-af-apac-eu-row-us,CH-first,pf080_k050_a040,clean_objective_stage2,0.8,0.5,0.4,12,0.6249764404,apac,one_start_only,af,Africa,2030,261.5250698
ch-af-apac-eu-row-us/pf080_k050_a040,CH-pf080_k050_a040,ch-af-apac-eu-row-us,CH-first,pf080_k050_a040,clean_objective_stage2,0.8,0.5,0.4,12,0.6249764404,apac,one_start_only,eu,EU,2030,261.6210509
ch-af-apac-eu-row-us/pf080_k050_a040,CH-pf080_k050_a040,ch-af-apac-eu-row-us,CH-first,pf080_k050_a040,clean_objective_stage2,0.8,0.5,0.4,12,0.6249764404,apac,one_start_only,us,US,2030,259.4225877
ch-af-apac-eu-row-us/pf080_k050_a040,CH-pf080_k050_a040,ch-af-apac-eu-row-us,CH-first,pf080_k050_a040,clean_objective_stage2,0.8,0.5,0.4,12,0.6249764404,apac,one_start_only,apac,APAC,2030,140.1470627
ch-af-apac-eu-row-us/pf080_k050_a040,CH-pf080_k050_a040,ch-af-apac-eu-row-us,CH-first,pf080_k050_a040,clean_objective_stage2,0.8,0.5,0.4,12,0.6249764404,apac,one_start_only,row,ROW,2030,232.9759387
ch-af-apac-eu-row-us/pf080_k050_a040,CH-pf080_k050_a040,ch-af-apac-eu-row-us,CH-first,pf080_k050_a040,clean_objective_stage2,0.8,0.5,0.4,12,0.6249764404,apac,one_start_only,ch,China,2035,95.90883461
ch-af-apac-eu-row-us/pf080_k050_a040,CH-pf080_k050_a040,ch-af-apac-eu-row-us,CH-first,pf080_k050_a040,clean_objective_stage2,0.8,0.5,0.4,12,0.6249764404,apac,one_start_only,af,Africa,2035,241.8363712
ch-af-apac-eu-row-us/pf080_k050_a040,CH-pf080_k050_a040,ch-af-apac-eu-row-us,CH-first,pf080_k050_a040,clean_objective_stage2,0.8,0.5,0.4,12,0.6249764404,apac,one_start_only,eu,EU,2035,224.9651733
ch-af-apac-eu-row-us/pf080_k050_a040,CH-pf080_k050_a040,ch-af-apac-eu-row-us,CH-first,pf080_k050_a040,clean_objective_stage2,0.8,0.5,0.4,12,0.6249764404,apac,one_start_only,us,US,2035,220.8397915
ch-af-apac-eu-row-us/pf080_k050_a040,CH-pf080_k050_a040,ch-af-apac-eu-row-us,CH-first,pf080_k050_a040,clean_objective_stage2,0.8,0.5,0.4,12,0.6249764404,apac,one_start_only,apac,APAC,2035,110.0152087
ch-af-apac-eu-row-us/pf080_k050_a040,CH-pf080_k050_a040,ch-af-apac-eu-row-us,CH-first,pf080_k050_a040,clean_objective_stage2,0.8,0.5,0.4,12,0.6249764404,apac,one_start_only,row,ROW,2035,207.2368271
ch-af-apac-eu-row-us/pf080_k050_a040,CH-pf080_k050_a040,ch-af-apac-eu-row-us,CH-first,pf080_k050_a040,clean_objective_stage2,0.8,0.5,0.4,12,0.6249764404,apac,one_start_only,ch,China,2040,86.65125722
ch-af-apac-eu-row-us/pf080_k050_a040,CH-pf080_k050_a040,ch-af-apac-eu-row-us,CH-first,pf080_k050_a040,clean_objective_stage2,0.8,0.5,0.4,12,0.6249764404,apac,one_start_only,af,Africa,2040,307.6473637
ch-af-apac-eu-row-us/pf080_k050_a040,CH-pf080_k050_a040,ch-af-apac-eu-row-us,CH-first,pf080_k050_a040,clean_objective_stage2,0.8,0.5,0.4,12,0.6249764404,apac,one_start_only,eu,EU,2040,352.6310034
ch-af-apac-eu-row-us/pf080_k050_a040,CH-pf080_k050_a040,ch-af-apac-eu-row-us,CH-first,pf080_k050_a040,clean_objective_stage2,0.8,0.5,0.4,12,0.6249764404,apac,one_start_only,us,US,2040,287.257963
ch-af-apac-eu-row-us/pf080_k050_a040,CH-pf080_k050_a040,ch-af-apac-eu-row-us,CH-first,pf080_k050_a040,clean_objective_stage2,0.8,0.5,0.4,12,0.6249764404,apac,one_start_only,apac,APAC,2040,99.41154579
ch-af-apac-eu-row-us/pf080_k050_a040,CH-pf080_k050_a040,ch-af-apac-eu-row-us,CH-first,pf080_k050_a040,clean_objective_stage2,0.8,0.5,0.4,12,0.6249764404,apac,one_start_only,row,ROW,2040,187.2617191
ch-af-apac-eu-row-us/pf080_k100_a030,CH-pf080_k100_a030,ch-af-apac-eu-row-us,CH-first,pf080_k100_a030,clean_objective_stage2,0.8,1,0.3,11,0.9051136202,apac,one_start_only,ch,China,2025,163.324
ch-af-apac-eu-row-us/pf080_k100_a030,CH-pf080_k100_a030,ch-af-apac-eu-row-us,CH-first,pf080_k100_a030,clean_objective_stage2,0.8,1,0.3,11,0.9051136202,apac,one_start_only,af,Africa,2025,337.978607
ch-af-apac-eu-row-us/pf080_k100_a030,CH-pf080_k100_a030,ch-af-apac-eu-row-us,CH-first,pf080_k100_a030,clean_objective_stage2,0.8,1,0.3,11,0.9051136202,apac,one_start_only,eu,EU,2025,283.2465316
ch-af-apac-eu-row-us/pf080_k100_a030,CH-pf080_k100_a030,ch-af-apac-eu-row-us,CH-first,pf080_k100_a030,clean_objective_stage2,0.8,1,0.3,11,0.9051136202,apac,one_start_only,us,US,2025,288.8809197
ch-af-apac-eu-row-us/pf080_k100_a030,CH-pf080_k100_a030,ch-af-apac-eu-row-us,CH-first,pf080_k100_a030,clean_objective_stage2,0.8,1,0.3,11,0.9051136202,apac,one_start_only,apac,APAC,2025,198.3802904
ch-af-apac-eu-row-us/pf080_k100_a030,CH-pf080_k100_a030,ch-af-apac-eu-row-us,CH-first,pf080_k100_a030,clean_objective_stage2,0.8,1,0.3,11,0.9051136202,apac,one_start_only,row,ROW,2025,324.434749
ch-af-apac-eu-row-us/pf080_k100_a030,CH-pf080_k100_a030,ch-af-apac-eu-row-us,CH-first,pf080_k100_a030,clean_objective_stage2,0.8,1,0.3,11,0.9051136202,apac,one_start_only,ch,China,2030,107.7531168
ch-af-apac-eu-row-us/pf080_k100_a030,CH-pf080_k100_a030,ch-af-apac-eu-row-us,CH-first,pf080_k100_a030,clean_objective_stage2,0.8,1,0.3,11,0.9051136202,apac,one_start_only,af,Africa,2030,369.399198
ch-af-apac-eu-row-us/pf080_k100_a030,CH-pf080_k100_a030,ch-af-apac-eu-row-us,CH-first,pf080_k100_a030,clean_objective_stage2,0.8,1,0.3,11,0.9051136202,apac,one_start_only,eu,EU,2030,398.0024
ch-af-apac-eu-row-us/pf080_k100_a030,CH-pf080_k100_a030,ch-af-apac-eu-row-us,CH-first,pf080_k100_a030,clean_objective_stage2,0.8,1,0.3,11,0.9051136202,apac,one_start_only,us,US,2030,306.6671052
ch-af-apac-eu-row-us/pf080_k100_a030,CH-pf080_k100_a030,ch-af-apac-eu-row-us,CH-first,pf080_k100_a030,clean_objective_stage2,0.8,1,0.3,11,0.9051136202,apac,one_start_only,apac,APAC,2030,136.0845674
ch-af-apac-eu-row-us/pf080_k100_a030,CH-pf080_k100_a030,ch-af-apac-eu-row-us,CH-first,pf080_k100_a030,clean_objective_stage2,0.8,1,0.3,11,0.9051136202,apac,one_start_only,row,ROW,2030,295.0572644
ch-af-apac-eu-row-us/pf080_k100_a030,CH-pf080_k100_a030,ch-af-apac-eu-row-us,CH-first,pf080_k100_a030,clean_objective_stage2,0.8,1,0.3,11,0.9051136202,apac,one_start_only,ch,China,2035,95.90883303
ch-af-apac-eu-row-us/pf080_k100_a030,CH-pf080_k100_a030,ch-af-apac-eu-row-us,CH-first,pf080_k100_a030,clean_objective_stage2,0.8,1,0.3,11,0.9051136202,apac,one_start_only,af,Africa,2035,304.4402779
ch-af-apac-eu-row-us/pf080_k100_a030,CH-pf080_k100_a030,ch-af-apac-eu-row-us,CH-first,pf080_k100_a030,clean_objective_stage2,0.8,1,0.3,11,0.9051136202,apac,one_start_only,eu,EU,2035,305.7872902
ch-af-apac-eu-row-us/pf080_k100_a030,CH-pf080_k100_a030,ch-af-apac-eu-row-us,CH-first,pf080_k100_a030,clean_objective_stage2,0.8,1,0.3,11,0.9051136202,apac,one_start_only,us,US,2035,328.1373451
ch-af-apac-eu-row-us/pf080_k100_a030,CH-pf080_k100_a030,ch-af-apac-eu-row-us,CH-first,pf080_k100_a030,clean_objective_stage2,0.8,1,0.3,11,0.9051136202,apac,one_start_only,apac,APAC,2035,110.015208
ch-af-apac-eu-row-us/pf080_k100_a030,CH-pf080_k100_a030,ch-af-apac-eu-row-us,CH-first,pf080_k100_a030,clean_objective_stage2,0.8,1,0.3,11,0.9051136202,apac,one_start_only,row,ROW,2035,297.7389419
ch-af-apac-eu-row-us/pf080_k100_a030,CH-pf080_k100_a030,ch-af-apac-eu-row-us,CH-first,pf080_k100_a030,clean_objective_stage2,0.8,1,0.3,11,0.9051136202,apac,one_start_only,ch,China,2040,86.65125729
ch-af-apac-eu-row-us/pf080_k100_a030,CH-pf080_k100_a030,ch-af-apac-eu-row-us,CH-first,pf080_k100_a030,clean_objective_stage2,0.8,1,0.3,11,0.9051136202,apac,one_start_only,af,Africa,2040,186.8889148
ch-af-apac-eu-row-us/pf080_k100_a030,CH-pf080_k100_a030,ch-af-apac-eu-row-us,CH-first,pf080_k100_a030,clean_objective_stage2,0.8,1,0.3,11,0.9051136202,apac,one_start_only,eu,EU,2040,166.2330649
ch-af-apac-eu-row-us/pf080_k100_a030,CH-pf080_k100_a030,ch-af-apac-eu-row-us,CH-first,pf080_k100_a030,clean_objective_stage2,0.8,1,0.3,11,0.9051136202,apac,one_start_only,us,US,2040,175.2632508
ch-af-apac-eu-row-us/pf080_k100_a030,CH-pf080_k100_a030,ch-af-apac-eu-row-us,CH-first,pf080_k100_a030,clean_objective_stage2,0.8,1,0.3,11,0.9051136202,apac,one_start_only,apac,APAC,2040,99.41154604
ch-af-apac-eu-row-us/pf080_k100_a030,CH-pf080_k100_a030,ch-af-apac-eu-row-us,CH-first,pf080_k100_a030,clean_objective_stage2,0.8,1,0.3,11,0.9051136202,apac,one_start_only,row,ROW,2040,181.4978137
ch-af-apac-eu-row-us/pf080_k100_a040,CH-pf080_k100_a040,ch-af-apac-eu-row-us,CH-first,pf080_k100_a040,clean_objective_stage2,0.8,1,0.4,13,0.8920375905,row,one_start_only,ch,China,2025,163.324
ch-af-apac-eu-row-us/pf080_k100_a040,CH-pf080_k100_a040,ch-af-apac-eu-row-us,CH-first,pf080_k100_a040,clean_objective_stage2,0.8,1,0.4,13,0.8920375905,row,one_start_only,af,Africa,2025,358.8068253
ch-af-apac-eu-row-us/pf080_k100_a040,CH-pf080_k100_a040,ch-af-apac-eu-row-us,CH-first,pf080_k100_a040,clean_objective_stage2,0.8,1,0.4,13,0.8920375905,row,one_start_only,eu,EU,2025,278.7967448
ch-af-apac-eu-row-us/pf080_k100_a040,CH-pf080_k100_a040,ch-af-apac-eu-row-us,CH-first,pf080_k100_a040,clean_objective_stage2,0.8,1,0.4,13,0.8920375905,row,one_start_only,us,US,2025,296.3781046
ch-af-apac-eu-row-us/pf080_k100_a040,CH-pf080_k100_a040,ch-af-apac-eu-row-us,CH-first,pf080_k100_a040,clean_objective_stage2,0.8,1,0.4,13,0.8920375905,row,one_start_only,apac,APAC,2025,271.5953164
ch-af-apac-eu-row-us/pf080_k100_a040,CH-pf080_k100_a040,ch-af-apac-eu-row-us,CH-first,pf080_k100_a040,clean_objective_stage2,0.8,1,0.4,13,0.8920375905,row,one_start_only,row,ROW,2025,330.2186111
ch-af-apac-eu-row-us/pf080_k100_a040,CH-pf080_k100_a040,ch-af-apac-eu-row-us,CH-first,pf080_k100_a040,clean_objective_stage2,0.8,1,0.4,13,0.8920375905,row,one_start_only,ch,China,2030,118.0004646
ch-af-apac-eu-row-us/pf080_k100_a040,CH-pf080_k100_a040,ch-af-apac-eu-row-us,CH-first,pf080_k100_a040,clean_objective_stage2,0.8,1,0.4,13,0.8920375905,row,one_start_only,af,Africa,2030,348.4505292
ch-af-apac-eu-row-us/pf080_k100_a040,CH-pf080_k100_a040,ch-af-apac-eu-row-us,CH-first,pf080_k100_a040,clean_objective_stage2,0.8,1,0.4,13,0.8920375905,row,one_start_only,eu,EU,2030,227.9346984
ch-af-apac-eu-row-us/pf080_k100_a040,CH-pf080_k100_a040,ch-af-apac-eu-row-us,CH-first,pf080_k100_a040,clean_objective_stage2,0.8,1,0.4,13,0.8920375905,row,one_start_only,us,US,2030,211.7811631
ch-af-apac-eu-row-us/pf080_k100_a040,CH-pf080_k100_a040,ch-af-apac-eu-row-us,CH-first,pf080_k100_a040,clean_objective_stage2,0.8,1,0.4,13,0.8920375905,row,one_start_only,apac,APAC,2030,123.6420624
ch-af-apac-eu-row-us/pf080_k100_a040,CH-pf080_k100_a040,ch-af-apac-eu-row-us,CH-first,pf080_k100_a040,clean_objective_stage2,0.8,1,0.4,13,0.8920375905,row,one_start_only,row,ROW,2030,232.9367154
ch-af-apac-eu-row-us/pf080_k100_a040,CH-pf080_k100_a040,ch-af-apac-eu-row-us,CH-first,pf080_k100_a040,clean_objective_stage2,0.8,1,0.4,13,0.8920375905,row,one_start_only,ch,China,2035,95.90883314
ch-af-apac-eu-row-us/pf080_k100_a040,CH-pf080_k100_a040,ch-af-apac-eu-row-us,CH-first,pf080_k100_a040,clean_objective_stage2,0.8,1,0.4,13,0.8920375905,row,one_start_only,af,Africa,2035,369.0425236
ch-af-apac-eu-row-us/pf080_k100_a040,CH-pf080_k100_a040,ch-af-apac-eu-row-us,CH-first,pf080_k100_a040,clean_objective_stage2,0.8,1,0.4,13,0.8920375905,row,one_start_only,eu,EU,2035,309.1418343
ch-af-apac-eu-row-us/pf080_k100_a040,CH-pf080_k100_a040,ch-af-apac-eu-row-us,CH-first,pf080_k100_a040,clean_objective_stage2,0.8,1,0.4,13,0.8920375905,row,one_start_only,us,US,2035,298.630082
ch-af-apac-eu-row-us/pf080_k100_a040,CH-pf080_k100_a040,ch-af-apac-eu-row-us,CH-first,pf080_k100_a040,clean_objective_stage2,0.8,1,0.4,13,0.8920375905,row,one_start_only,apac,APAC,2035,110.015208
ch-af-apac-eu-row-us/pf080_k100_a040,CH-pf080_k100_a040,ch-af-apac-eu-row-us,CH-first,pf080_k100_a040,clean_objective_stage2,0.8,1,0.4,13,0.8920375905,row,one_start_only,row,ROW,2035,207.2850609
ch-af-apac-eu-row-us/pf080_k100_a040,CH-pf080_k100_a040,ch-af-apac-eu-row-us,CH-first,pf080_k100_a040,clean_objective_stage2,0.8,1,0.4,13,0.8920375905,row,one_start_only,ch,China,2040,86.6512572
ch-af-apac-eu-row-us/pf080_k100_a040,CH-pf080_k100_a040,ch-af-apac-eu-row-us,CH-first,pf080_k100_a040,clean_objective_stage2,0.8,1,0.4,13,0.8920375905,row,one_start_only,af,Africa,2040,542.9205287
ch-af-apac-eu-row-us/pf080_k100_a040,CH-pf080_k100_a040,ch-af-apac-eu-row-us,CH-first,pf080_k100_a040,clean_objective_stage2,0.8,1,0.4,13,0.8920375905,row,one_start_only,eu,EU,2040,479.312254
ch-af-apac-eu-row-us/pf080_k100_a040,CH-pf080_k100_a040,ch-af-apac-eu-row-us,CH-first,pf080_k100_a040,clean_objective_stage2,0.8,1,0.4,13,0.8920375905,row,one_start_only,us,US,2040,357.3726144
ch-af-apac-eu-row-us/pf080_k100_a040,CH-pf080_k100_a040,ch-af-apac-eu-row-us,CH-first,pf080_k100_a040,clean_objective_stage2,0.8,1,0.4,13,0.8920375905,row,one_start_only,apac,APAC,2040,99.41154578
ch-af-apac-eu-row-us/pf080_k100_a040,CH-pf080_k100_a040,ch-af-apac-eu-row-us,CH-first,pf080_k100_a040,clean_objective_stage2,0.8,1,0.4,13,0.8920375905,row,one_start_only,row,ROW,2040,314.5004285
ch-af-apac-eu-row-us/pf100_k050_a040,CH-pf100_k050_a040,ch-af-apac-eu-row-us,CH-first,pf100_k050_a040,clean_objective_stage2,1,0.5,0.4,11,0.5501195224,us,one_start_only,ch,China,2025,163.324
ch-af-apac-eu-row-us/pf100_k050_a040,CH-pf100_k050_a040,ch-af-apac-eu-row-us,CH-first,pf100_k050_a040,clean_objective_stage2,1,0.5,0.4,11,0.5501195224,us,one_start_only,af,Africa,2025,470.5061256
ch-af-apac-eu-row-us/pf100_k050_a040,CH-pf100_k050_a040,ch-af-apac-eu-row-us,CH-first,pf100_k050_a040,clean_objective_stage2,1,0.5,0.4,11,0.5501195224,us,one_start_only,eu,EU,2025,432.2830679
ch-af-apac-eu-row-us/pf100_k050_a040,CH-pf100_k050_a040,ch-af-apac-eu-row-us,CH-first,pf100_k050_a040,clean_objective_stage2,1,0.5,0.4,11,0.5501195224,us,one_start_only,us,US,2025,306.8128556
ch-af-apac-eu-row-us/pf100_k050_a040,CH-pf100_k050_a040,ch-af-apac-eu-row-us,CH-first,pf100_k050_a040,clean_objective_stage2,1,0.5,0.4,11,0.5501195224,us,one_start_only,apac,APAC,2025,187.5
ch-af-apac-eu-row-us/pf100_k050_a040,CH-pf100_k050_a040,ch-af-apac-eu-row-us,CH-first,pf100_k050_a040,clean_objective_stage2,1,0.5,0.4,11,0.5501195224,us,one_start_only,row,ROW,2025,329.5622043
ch-af-apac-eu-row-us/pf100_k050_a040,CH-pf100_k050_a040,ch-af-apac-eu-row-us,CH-first,pf100_k050_a040,clean_objective_stage2,1,0.5,0.4,11,0.5501195224,us,one_start_only,ch,China,2030,107.7909238
ch-af-apac-eu-row-us/pf100_k050_a040,CH-pf100_k050_a040,ch-af-apac-eu-row-us,CH-first,pf100_k050_a040,clean_objective_stage2,1,0.5,0.4,11,0.5501195224,us,one_start_only,af,Africa,2030,306.1296632
ch-af-apac-eu-row-us/pf100_k050_a040,CH-pf100_k050_a040,ch-af-apac-eu-row-us,CH-first,pf100_k050_a040,clean_objective_stage2,1,0.5,0.4,11,0.5501195224,us,one_start_only,eu,EU,2030,231.4480581
ch-af-apac-eu-row-us/pf100_k050_a040,CH-pf100_k050_a040,ch-af-apac-eu-row-us,CH-first,pf100_k050_a040,clean_objective_stage2,1,0.5,0.4,11,0.5501195224,us,one_start_only,us,US,2030,217.6804305
ch-af-apac-eu-row-us/pf100_k050_a040,CH-pf100_k050_a040,ch-af-apac-eu-row-us,CH-first,pf100_k050_a040,clean_objective_stage2,1,0.5,0.4,11,0.5501195224,us,one_start_only,apac,APAC,2030,165.0314417
ch-af-apac-eu-row-us/pf100_k050_a040,CH-pf100_k050_a040,ch-af-apac-eu-row-us,CH-first,pf100_k050_a040,clean_objective_stage2,1,0.5,0.4,11,0.5501195224,us,one_start_only,row,ROW,2030,219.8495284
ch-af-apac-eu-row-us/pf100_k050_a040,CH-pf100_k050_a040,ch-af-apac-eu-row-us,CH-first,pf100_k050_a040,clean_objective_stage2,1,0.5,0.4,11,0.5501195224,us,one_start_only,ch,China,2035,95.90883302
ch-af-apac-eu-row-us/pf100_k050_a040,CH-pf100_k050_a040,ch-af-apac-eu-row-us,CH-first,pf100_k050_a040,clean_objective_stage2,1,0.5,0.4,11,0.5501195224,us,one_start_only,af,Africa,2035,316.8151145
ch-af-apac-eu-row-us/pf100_k050_a040,CH-pf100_k050_a040,ch-af-apac-eu-row-us,CH-first,pf100_k050_a040,clean_objective_stage2,1,0.5,0.4,11,0.5501195224,us,one_start_only,eu,EU,2035,302.2276541
ch-af-apac-eu-row-us/pf100_k050_a040,CH-pf100_k050_a040,ch-af-apac-eu-row-us,CH-first,pf100_k050_a040,clean_objective_stage2,1,0.5,0.4,11,0.5501195224,us,one_start_only,us,US,2035,249.0648064
ch-af-apac-eu-row-us/pf100_k050_a040,CH-pf100_k050_a040,ch-af-apac-eu-row-us,CH-first,pf100_k050_a040,clean_objective_stage2,1,0.5,0.4,11,0.5501195224,us,one_start_only,apac,APAC,2035,110.015208
ch-af-apac-eu-row-us/pf100_k050_a040,CH-pf100_k050_a040,ch-af-apac-eu-row-us,CH-first,pf100_k050_a040,clean_objective_stage2,1,0.5,0.4,11,0.5501195224,us,one_start_only,row,ROW,2035,207.2850605
ch-af-apac-eu-row-us/pf100_k050_a040,CH-pf100_k050_a040,ch-af-apac-eu-row-us,CH-first,pf100_k050_a040,clean_objective_stage2,1,0.5,0.4,11,0.5501195224,us,one_start_only,ch,China,2040,86.6512572
ch-af-apac-eu-row-us/pf100_k050_a040,CH-pf100_k050_a040,ch-af-apac-eu-row-us,CH-first,pf100_k050_a040,clean_objective_stage2,1,0.5,0.4,11,0.5501195224,us,one_start_only,af,Africa,2040,351.0903265
ch-af-apac-eu-row-us/pf100_k050_a040,CH-pf100_k050_a040,ch-af-apac-eu-row-us,CH-first,pf100_k050_a040,clean_objective_stage2,1,0.5,0.4,11,0.5501195224,us,one_start_only,eu,EU,2040,338.6869828
ch-af-apac-eu-row-us/pf100_k050_a040,CH-pf100_k050_a040,ch-af-apac-eu-row-us,CH-first,pf100_k050_a040,clean_objective_stage2,1,0.5,0.4,11,0.5501195224,us,one_start_only,us,US,2040,279.4523678
ch-af-apac-eu-row-us/pf100_k050_a040,CH-pf100_k050_a040,ch-af-apac-eu-row-us,CH-first,pf100_k050_a040,clean_objective_stage2,1,0.5,0.4,11,0.5501195224,us,one_start_only,apac,APAC,2040,99.41154578
ch-af-apac-eu-row-us/pf100_k050_a040,CH-pf100_k050_a040,ch-af-apac-eu-row-us,CH-first,pf100_k050_a040,clean_objective_stage2,1,0.5,0.4,11,0.5501195224,us,one_start_only,row,ROW,2040,243.3803189
ch-af-apac-eu-row-us/pf100_k100_a030,CH-pf100_k100_a030,ch-af-apac-eu-row-us,CH-first,pf100_k100_a030,clean_objective_stage2,1,1,0.3,4,0.9819254614,apac,one_start_only,ch,China,2025,163.324
ch-af-apac-eu-row-us/pf100_k100_a030,CH-pf100_k100_a030,ch-af-apac-eu-row-us,CH-first,pf100_k100_a030,clean_objective_stage2,1,1,0.3,4,0.9819254614,apac,one_start_only,af,Africa,2025,310.8978171
ch-af-apac-eu-row-us/pf100_k100_a030,CH-pf100_k100_a030,ch-af-apac-eu-row-us,CH-first,pf100_k100_a030,clean_objective_stage2,1,1,0.3,4,0.9819254614,apac,one_start_only,eu,EU,2025,310.921442
ch-af-apac-eu-row-us/pf100_k100_a030,CH-pf100_k100_a030,ch-af-apac-eu-row-us,CH-first,pf100_k100_a030,clean_objective_stage2,1,1,0.3,4,0.9819254614,apac,one_start_only,us,US,2025,288.8477404
ch-af-apac-eu-row-us/pf100_k100_a030,CH-pf100_k100_a030,ch-af-apac-eu-row-us,CH-first,pf100_k100_a030,clean_objective_stage2,1,1,0.3,4,0.9819254614,apac,one_start_only,apac,APAC,2025,309.0264582
ch-af-apac-eu-row-us/pf100_k100_a030,CH-pf100_k100_a030,ch-af-apac-eu-row-us,CH-first,pf100_k100_a030,clean_objective_stage2,1,1,0.3,4,0.9819254614,apac,one_start_only,row,ROW,2025,325.7521036
ch-af-apac-eu-row-us/pf100_k100_a030,CH-pf100_k100_a030,ch-af-apac-eu-row-us,CH-first,pf100_k100_a030,clean_objective_stage2,1,1,0.3,4,0.9819254614,apac,one_start_only,ch,China,2030,107.7909238
ch-af-apac-eu-row-us/pf100_k100_a030,CH-pf100_k100_a030,ch-af-apac-eu-row-us,CH-first,pf100_k100_a030,clean_objective_stage2,1,1,0.3,4,0.9819254614,apac,one_start_only,af,Africa,2030,246.9195625
ch-af-apac-eu-row-us/pf100_k100_a030,CH-pf100_k100_a030,ch-af-apac-eu-row-us,CH-first,pf100_k100_a030,clean_objective_stage2,1,1,0.3,4,0.9819254614,apac,one_start_only,eu,EU,2030,220.913943
ch-af-apac-eu-row-us/pf100_k100_a030,CH-pf100_k100_a030,ch-af-apac-eu-row-us,CH-first,pf100_k100_a030,clean_objective_stage2,1,1,0.3,4,0.9819254614,apac,one_start_only,us,US,2030,219.7200926
ch-af-apac-eu-row-us/pf100_k100_a030,CH-pf100_k100_a030,ch-af-apac-eu-row-us,CH-first,pf100_k100_a030,clean_objective_stage2,1,1,0.3,4,0.9819254614,apac,one_start_only,apac,APAC,2030,195.4990727
ch-af-apac-eu-row-us/pf100_k100_a030,CH-pf100_k100_a030,ch-af-apac-eu-row-us,CH-first,pf100_k100_a030,clean_objective_stage2,1,1,0.3,4,0.9819254614,apac,one_start_only,row,ROW,2030,221.4098172
ch-af-apac-eu-row-us/pf100_k100_a030,CH-pf100_k100_a030,ch-af-apac-eu-row-us,CH-first,pf100_k100_a030,clean_objective_stage2,1,1,0.3,4,0.9819254614,apac,one_start_only,ch,China,2035,95.90883301
ch-af-apac-eu-row-us/pf100_k100_a030,CH-pf100_k100_a030,ch-af-apac-eu-row-us,CH-first,pf100_k100_a030,clean_objective_stage2,1,1,0.3,4,0.9819254614,apac,one_start_only,af,Africa,2035,221.3258296
ch-af-apac-eu-row-us/pf100_k100_a030,CH-pf100_k100_a030,ch-af-apac-eu-row-us,CH-first,pf100_k100_a030,clean_objective_stage2,1,1,0.3,4,0.9819254614,apac,one_start_only,eu,EU,2035,205.1761059
ch-af-apac-eu-row-us/pf100_k100_a030,CH-pf100_k100_a030,ch-af-apac-eu-row-us,CH-first,pf100_k100_a030,clean_objective_stage2,1,1,0.3,4,0.9819254614,apac,one_start_only,us,US,2035,178.1006539
ch-af-apac-eu-row-us/pf100_k100_a030,CH-pf100_k100_a030,ch-af-apac-eu-row-us,CH-first,pf100_k100_a030,clean_objective_stage2,1,1,0.3,4,0.9819254614,apac,one_start_only,apac,APAC,2035,163.8117886
ch-af-apac-eu-row-us/pf100_k100_a030,CH-pf100_k100_a030,ch-af-apac-eu-row-us,CH-first,pf100_k100_a030,clean_objective_stage2,1,1,0.3,4,0.9819254614,apac,one_start_only,row,ROW,2035,201.9339442
ch-af-apac-eu-row-us/pf100_k100_a030,CH-pf100_k100_a030,ch-af-apac-eu-row-us,CH-first,pf100_k100_a030,clean_objective_stage2,1,1,0.3,4,0.9819254614,apac,one_start_only,ch,China,2040,86.65125721
ch-af-apac-eu-row-us/pf100_k100_a030,CH-pf100_k100_a030,ch-af-apac-eu-row-us,CH-first,pf100_k100_a030,clean_objective_stage2,1,1,0.3,4,0.9819254614,apac,one_start_only,af,Africa,2040,194.6923532
ch-af-apac-eu-row-us/pf100_k100_a030,CH-pf100_k100_a030,ch-af-apac-eu-row-us,CH-first,pf100_k100_a030,clean_objective_stage2,1,1,0.3,4,0.9819254614,apac,one_start_only,eu,EU,2040,194.6514641
ch-af-apac-eu-row-us/pf100_k100_a030,CH-pf100_k100_a030,ch-af-apac-eu-row-us,CH-first,pf100_k100_a030,clean_objective_stage2,1,1,0.3,4,0.9819254614,apac,one_start_only,us,US,2040,184.533711
ch-af-apac-eu-row-us/pf100_k100_a030,CH-pf100_k100_a030,ch-af-apac-eu-row-us,CH-first,pf100_k100_a030,clean_objective_stage2,1,1,0.3,4,0.9819254614,apac,one_start_only,apac,APAC,2040,159.4670296
ch-af-apac-eu-row-us/pf100_k100_a030,CH-pf100_k100_a030,ch-af-apac-eu-row-us,CH-first,pf100_k100_a030,clean_objective_stage2,1,1,0.3,4,0.9819254614,apac,one_start_only,row,ROW,2040,186.8245371
ch-af-apac-eu-row-us/pf100_k100_a040,CH-pf100_k100_a040,ch-af-apac-eu-row-us,CH-first,pf100_k100_a040,clean_objective_stage2,1,1,0.4,10,0.7295700092,eu,one_start_only,ch,China,2025,163.324
ch-af-apac-eu-row-us/pf100_k100_a040,CH-pf100_k100_a040,ch-af-apac-eu-row-us,CH-first,pf100_k100_a040,clean_objective_stage2,1,1,0.4,10,0.7295700092,eu,one_start_only,af,Africa,2025,364.533733
ch-af-apac-eu-row-us/pf100_k100_a040,CH-pf100_k100_a040,ch-af-apac-eu-row-us,CH-first,pf100_k100_a040,clean_objective_stage2,1,1,0.4,10,0.7295700092,eu,one_start_only,eu,EU,2025,431.8496108
ch-af-apac-eu-row-us/pf100_k100_a040,CH-pf100_k100_a040,ch-af-apac-eu-row-us,CH-first,pf100_k100_a040,clean_objective_stage2,1,1,0.4,10,0.7295700092,eu,one_start_only,us,US,2025,425.7446397
ch-af-apac-eu-row-us/pf100_k100_a040,CH-pf100_k100_a040,ch-af-apac-eu-row-us,CH-first,pf100_k100_a040,clean_objective_stage2,1,1,0.4,10,0.7295700092,eu,one_start_only,apac,APAC,2025,250.3128546
ch-af-apac-eu-row-us/pf100_k100_a040,CH-pf100_k100_a040,ch-af-apac-eu-row-us,CH-first,pf100_k100_a040,clean_objective_stage2,1,1,0.4,10,0.7295700092,eu,one_start_only,row,ROW,2025,353.4146
ch-af-apac-eu-row-us/pf100_k100_a040,CH-pf100_k100_a040,ch-af-apac-eu-row-us,CH-first,pf100_k100_a040,clean_objective_stage2,1,1,0.4,10,0.7295700092,eu,one_start_only,ch,China,2030,107.790924
ch-af-apac-eu-row-us/pf100_k100_a040,CH-pf100_k100_a040,ch-af-apac-eu-row-us,CH-first,pf100_k100_a040,clean_objective_stage2,1,1,0.4,10,0.7295700092,eu,one_start_only,af,Africa,2030,307.8972517
ch-af-apac-eu-row-us/pf100_k100_a040,CH-pf100_k100_a040,ch-af-apac-eu-row-us,CH-first,pf100_k100_a040,clean_objective_stage2,1,1,0.4,10,0.7295700092,eu,one_start_only,eu,EU,2030,197.2593403
ch-af-apac-eu-row-us/pf100_k100_a040,CH-pf100_k100_a040,ch-af-apac-eu-row-us,CH-first,pf100_k100_a040,clean_objective_stage2,1,1,0.4,10,0.7295700092,eu,one_start_only,us,US,2030,228.6477204
ch-af-apac-eu-row-us/pf100_k100_a040,CH-pf100_k100_a040,ch-af-apac-eu-row-us,CH-first,pf100_k100_a040,clean_objective_stage2,1,1,0.4,10,0.7295700092,eu,one_start_only,apac,APAC,2030,199.624519
ch-af-apac-eu-row-us/pf100_k100_a040,CH-pf100_k100_a040,ch-af-apac-eu-row-us,CH-first,pf100_k100_a040,clean_objective_stage2,1,1,0.4,10,0.7295700092,eu,one_start_only,row,ROW,2030,232.9992862
ch-af-apac-eu-row-us/pf100_k100_a040,CH-pf100_k100_a040,ch-af-apac-eu-row-us,CH-first,pf100_k100_a040,clean_objective_stage2,1,1,0.4,10,0.7295700092,eu,one_start_only,ch,China,2035,95.908833
ch-af-apac-eu-row-us/pf100_k100_a040,CH-pf100_k100_a040,ch-af-apac-eu-row-us,CH-first,pf100_k100_a040,clean_objective_stage2,1,1,0.4,10,0.7295700092,eu,one_start_only,af,Africa,2035,439.9054418
ch-af-apac-eu-row-us/pf100_k100_a040,CH-pf100_k100_a040,ch-af-apac-eu-row-us,CH-first,pf100_k100_a040,clean_objective_stage2,1,1,0.4,10,0.7295700092,eu,one_start_only,eu,EU,2035,641.4506069
ch-af-apac-eu-row-us/pf100_k100_a040,CH-pf100_k100_a040,ch-af-apac-eu-row-us,CH-first,pf100_k100_a040,clean_objective_stage2,1,1,0.4,10,0.7295700092,eu,one_start_only,us,US,2035,307.1260932
ch-af-apac-eu-row-us/pf100_k100_a040,CH-pf100_k100_a040,ch-af-apac-eu-row-us,CH-first,pf100_k100_a040,clean_objective_stage2,1,1,0.4,10,0.7295700092,eu,one_start_only,apac,APAC,2035,110.015208
ch-af-apac-eu-row-us/pf100_k100_a040,CH-pf100_k100_a040,ch-af-apac-eu-row-us,CH-first,pf100_k100_a040,clean_objective_stage2,1,1,0.4,10,0.7295700092,eu,one_start_only,row,ROW,2035,440.3897852
ch-af-apac-eu-row-us/pf100_k100_a040,CH-pf100_k100_a040,ch-af-apac-eu-row-us,CH-first,pf100_k100_a040,clean_objective_stage2,1,1,0.4,10,0.7295700092,eu,one_start_only,ch,China,2040,86.65125722
ch-af-apac-eu-row-us/pf100_k100_a040,CH-pf100_k100_a040,ch-af-apac-eu-row-us,CH-first,pf100_k100_a040,clean_objective_stage2,1,1,0.4,10,0.7295700092,eu,one_start_only,af,Africa,2040,381.8144286
ch-af-apac-eu-row-us/pf100_k100_a040,CH-pf100_k100_a040,ch-af-apac-eu-row-us,CH-first,pf100_k100_a040,clean_objective_stage2,1,1,0.4,10,0.7295700092,eu,one_start_only,eu,EU,2040,386.8806675
ch-af-apac-eu-row-us/pf100_k100_a040,CH-pf100_k100_a040,ch-af-apac-eu-row-us,CH-first,pf100_k100_a040,clean_objective_stage2,1,1,0.4,10,0.7295700092,eu,one_start_only,us,US,2040,382.3116921
ch-af-apac-eu-row-us/pf100_k100_a040,CH-pf100_k100_a040,ch-af-apac-eu-row-us,CH-first,pf100_k100_a040,clean_objective_stage2,1,1,0.4,10,0.7295700092,eu,one_start_only,apac,APAC,2040,99.41154578
ch-af-apac-eu-row-us/pf100_k100_a040,CH-pf100_k100_a040,ch-af-apac-eu-row-us,CH-first,pf100_k100_a040,clean_objective_stage2,1,1,0.4,10,0.7295700092,eu,one_start_only,row,ROW,2040,303.9243732
ch-af-apac-eu-row-us/pf120_k050_a030,CH-pf120_k050_a030,ch-af-apac-eu-row-us,CH-first,pf120_k050_a030,clean_objective_stage2,1.2,0.5,0.3,5,0.5937755679,apac,one_start_only,ch,China,2025,163.324
ch-af-apac-eu-row-us/pf120_k050_a030,CH-pf120_k050_a030,ch-af-apac-eu-row-us,CH-first,pf120_k050_a030,clean_objective_stage2,1.2,0.5,0.3,5,0.5937755679,apac,one_start_only,af,Africa,2025,304.6120411
ch-af-apac-eu-row-us/pf120_k050_a030,CH-pf120_k050_a030,ch-af-apac-eu-row-us,CH-first,pf120_k050_a030,clean_objective_stage2,1.2,0.5,0.3,5,0.5937755679,apac,one_start_only,eu,EU,2025,288.0401315
ch-af-apac-eu-row-us/pf120_k050_a030,CH-pf120_k050_a030,ch-af-apac-eu-row-us,CH-first,pf120_k050_a030,clean_objective_stage2,1.2,0.5,0.3,5,0.5937755679,apac,one_start_only,us,US,2025,291.8401609
ch-af-apac-eu-row-us/pf120_k050_a030,CH-pf120_k050_a030,ch-af-apac-eu-row-us,CH-first,pf120_k050_a030,clean_objective_stage2,1.2,0.5,0.3,5,0.5937755679,apac,one_start_only,apac,APAC,2025,248.2271342
ch-af-apac-eu-row-us/pf120_k050_a030,CH-pf120_k050_a030,ch-af-apac-eu-row-us,CH-first,pf120_k050_a030,clean_objective_stage2,1.2,0.5,0.3,5,0.5937755679,apac,one_start_only,row,ROW,2025,346.0497741
ch-af-apac-eu-row-us/pf120_k050_a030,CH-pf120_k050_a030,ch-af-apac-eu-row-us,CH-first,pf120_k050_a030,clean_objective_stage2,1.2,0.5,0.3,5,0.5937755679,apac,one_start_only,ch,China,2030,107.7909238
ch-af-apac-eu-row-us/pf120_k050_a030,CH-pf120_k050_a030,ch-af-apac-eu-row-us,CH-first,pf120_k050_a030,clean_objective_stage2,1.2,0.5,0.3,5,0.5937755679,apac,one_start_only,af,Africa,2030,199.3642806
ch-af-apac-eu-row-us/pf120_k050_a030,CH-pf120_k050_a030,ch-af-apac-eu-row-us,CH-first,pf120_k050_a030,clean_objective_stage2,1.2,0.5,0.3,5,0.5937755679,apac,one_start_only,eu,EU,2030,242.1694096
ch-af-apac-eu-row-us/pf120_k050_a030,CH-pf120_k050_a030,ch-af-apac-eu-row-us,CH-first,pf120_k050_a030,clean_objective_stage2,1.2,0.5,0.3,5,0.5937755679,apac,one_start_only,us,US,2030,217.6406291
ch-af-apac-eu-row-us/pf120_k050_a030,CH-pf120_k050_a030,ch-af-apac-eu-row-us,CH-first,pf120_k050_a030,clean_objective_stage2,1.2,0.5,0.3,5,0.5937755679,apac,one_start_only,apac,APAC,2030,123.6420624
ch-af-apac-eu-row-us/pf120_k050_a030,CH-pf120_k050_a030,ch-af-apac-eu-row-us,CH-first,pf120_k050_a030,clean_objective_stage2,1.2,0.5,0.3,5,0.5937755679,apac,one_start_only,row,ROW,2030,225.4587815
ch-af-apac-eu-row-us/pf120_k050_a030,CH-pf120_k050_a030,ch-af-apac-eu-row-us,CH-first,pf120_k050_a030,clean_objective_stage2,1.2,0.5,0.3,5,0.5937755679,apac,one_start_only,ch,China,2035,95.90883302
ch-af-apac-eu-row-us/pf120_k050_a030,CH-pf120_k050_a030,ch-af-apac-eu-row-us,CH-first,pf120_k050_a030,clean_objective_stage2,1.2,0.5,0.3,5,0.5937755679,apac,one_start_only,af,Africa,2035,262.6883351
ch-af-apac-eu-row-us/pf120_k050_a030,CH-pf120_k050_a030,ch-af-apac-eu-row-us,CH-first,pf120_k050_a030,clean_objective_stage2,1.2,0.5,0.3,5,0.5937755679,apac,one_start_only,eu,EU,2035,209.1028007
ch-af-apac-eu-row-us/pf120_k050_a030,CH-pf120_k050_a030,ch-af-apac-eu-row-us,CH-first,pf120_k050_a030,clean_objective_stage2,1.2,0.5,0.3,5,0.5937755679,apac,one_start_only,us,US,2035,210.6970377
ch-af-apac-eu-row-us/pf120_k050_a030,CH-pf120_k050_a030,ch-af-apac-eu-row-us,CH-first,pf120_k050_a030,clean_objective_stage2,1.2,0.5,0.3,5,0.5937755679,apac,one_start_only,apac,APAC,2035,163.3325122
ch-af-apac-eu-row-us/pf120_k050_a030,CH-pf120_k050_a030,ch-af-apac-eu-row-us,CH-first,pf120_k050_a030,clean_objective_stage2,1.2,0.5,0.3,5,0.5937755679,apac,one_start_only,row,ROW,2035,194.0684429
ch-af-apac-eu-row-us/pf120_k050_a030,CH-pf120_k050_a030,ch-af-apac-eu-row-us,CH-first,pf120_k050_a030,clean_objective_stage2,1.2,0.5,0.3,5,0.5937755679,apac,one_start_only,ch,China,2040,86.65125723
ch-af-apac-eu-row-us/pf120_k050_a030,CH-pf120_k050_a030,ch-af-apac-eu-row-us,CH-first,pf120_k050_a030,clean_objective_stage2,1.2,0.5,0.3,5,0.5937755679,apac,one_start_only,af,Africa,2040,195.6455635
ch-af-apac-eu-row-us/pf120_k050_a030,CH-pf120_k050_a030,ch-af-apac-eu-row-us,CH-first,pf120_k050_a030,clean_objective_stage2,1.2,0.5,0.3,5,0.5937755679,apac,one_start_only,eu,EU,2040,177.1773573
ch-af-apac-eu-row-us/pf120_k050_a030,CH-pf120_k050_a030,ch-af-apac-eu-row-us,CH-first,pf120_k050_a030,clean_objective_stage2,1.2,0.5,0.3,5,0.5937755679,apac,one_start_only,us,US,2040,185.4465946
ch-af-apac-eu-row-us/pf120_k050_a030,CH-pf120_k050_a030,ch-af-apac-eu-row-us,CH-first,pf120_k050_a030,clean_objective_stage2,1.2,0.5,0.3,5,0.5937755679,apac,one_start_only,apac,APAC,2040,132.6209005
ch-af-apac-eu-row-us/pf120_k050_a030,CH-pf120_k050_a030,ch-af-apac-eu-row-us,CH-first,pf120_k050_a030,clean_objective_stage2,1.2,0.5,0.3,5,0.5937755679,apac,one_start_only,row,ROW,2040,176.4155084
ch-af-apac-eu-row-us/pf120_k050_a040,CH-pf120_k050_a040,ch-af-apac-eu-row-us,CH-first,pf120_k050_a040,clean_objective_stage2,1.2,0.5,0.4,4,0.5921495258,apac,one_start_only,ch,China,2025,163.324
ch-af-apac-eu-row-us/pf120_k050_a040,CH-pf120_k050_a040,ch-af-apac-eu-row-us,CH-first,pf120_k050_a040,clean_objective_stage2,1.2,0.5,0.4,4,0.5921495258,apac,one_start_only,af,Africa,2025,310.0591582
ch-af-apac-eu-row-us/pf120_k050_a040,CH-pf120_k050_a040,ch-af-apac-eu-row-us,CH-first,pf120_k050_a040,clean_objective_stage2,1.2,0.5,0.4,4,0.5921495258,apac,one_start_only,eu,EU,2025,291.0710979
ch-af-apac-eu-row-us/pf120_k050_a040,CH-pf120_k050_a040,ch-af-apac-eu-row-us,CH-first,pf120_k050_a040,clean_objective_stage2,1.2,0.5,0.4,4,0.5921495258,apac,one_start_only,us,US,2025,365.7254794
ch-af-apac-eu-row-us/pf120_k050_a040,CH-pf120_k050_a040,ch-af-apac-eu-row-us,CH-first,pf120_k050_a040,clean_objective_stage2,1.2,0.5,0.4,4,0.5921495258,apac,one_start_only,apac,APAC,2025,263.4894615
ch-af-apac-eu-row-us/pf120_k050_a040,CH-pf120_k050_a040,ch-af-apac-eu-row-us,CH-first,pf120_k050_a040,clean_objective_stage2,1.2,0.5,0.4,4,0.5921495258,apac,one_start_only,row,ROW,2025,305.7498298
ch-af-apac-eu-row-us/pf120_k050_a040,CH-pf120_k050_a040,ch-af-apac-eu-row-us,CH-first,pf120_k050_a040,clean_objective_stage2,1.2,0.5,0.4,4,0.5921495258,apac,one_start_only,ch,China,2030,107.7909238
ch-af-apac-eu-row-us/pf120_k050_a040,CH-pf120_k050_a040,ch-af-apac-eu-row-us,CH-first,pf120_k050_a040,clean_objective_stage2,1.2,0.5,0.4,4,0.5921495258,apac,one_start_only,af,Africa,2030,275.621562
ch-af-apac-eu-row-us/pf120_k050_a040,CH-pf120_k050_a040,ch-af-apac-eu-row-us,CH-first,pf120_k050_a040,clean_objective_stage2,1.2,0.5,0.4,4,0.5921495258,apac,one_start_only,eu,EU,2030,220.2190357
ch-af-apac-eu-row-us/pf120_k050_a040,CH-pf120_k050_a040,ch-af-apac-eu-row-us,CH-first,pf120_k050_a040,clean_objective_stage2,1.2,0.5,0.4,4,0.5921495258,apac,one_start_only,us,US,2030,246.3878583
ch-af-apac-eu-row-us/pf120_k050_a040,CH-pf120_k050_a040,ch-af-apac-eu-row-us,CH-first,pf120_k050_a040,clean_objective_stage2,1.2,0.5,0.4,4,0.5921495258,apac,one_start_only,apac,APAC,2030,185.8287318
ch-af-apac-eu-row-us/pf120_k050_a040,CH-pf120_k050_a040,ch-af-apac-eu-row-us,CH-first,pf120_k050_a040,clean_objective_stage2,1.2,0.5,0.4,4,0.5921495258,apac,one_start_only,row,ROW,2030,224.1186658
ch-af-apac-eu-row-us/pf120_k050_a040,CH-pf120_k050_a040,ch-af-apac-eu-row-us,CH-first,pf120_k050_a040,clean_objective_stage2,1.2,0.5,0.4,4,0.5921495258,apac,one_start_only,ch,China,2035,95.90883301
ch-af-apac-eu-row-us/pf120_k050_a040,CH-pf120_k050_a040,ch-af-apac-eu-row-us,CH-first,pf120_k050_a040,clean_objective_stage2,1.2,0.5,0.4,4,0.5921495258,apac,one_start_only,af,Africa,2035,249.5829393
ch-af-apac-eu-row-us/pf120_k050_a040,CH-pf120_k050_a040,ch-af-apac-eu-row-us,CH-first,pf120_k050_a040,clean_objective_stage2,1.2,0.5,0.4,4,0.5921495258,apac,one_start_only,eu,EU,2035,191.4976589
ch-af-apac-eu-row-us/pf120_k050_a040,CH-pf120_k050_a040,ch-af-apac-eu-row-us,CH-first,pf120_k050_a040,clean_objective_stage2,1.2,0.5,0.4,4,0.5921495258,apac,one_start_only,us,US,2035,188.3996018
ch-af-apac-eu-row-us/pf120_k050_a040,CH-pf120_k050_a040,ch-af-apac-eu-row-us,CH-first,pf120_k050_a040,clean_objective_stage2,1.2,0.5,0.4,4,0.5921495258,apac,one_start_only,apac,APAC,2035,123.5239246
ch-af-apac-eu-row-us/pf120_k050_a040,CH-pf120_k050_a040,ch-af-apac-eu-row-us,CH-first,pf120_k050_a040,clean_objective_stage2,1.2,0.5,0.4,4,0.5921495258,apac,one_start_only,row,ROW,2035,196.8970316
ch-af-apac-eu-row-us/pf120_k050_a040,CH-pf120_k050_a040,ch-af-apac-eu-row-us,CH-first,pf120_k050_a040,clean_objective_stage2,1.2,0.5,0.4,4,0.5921495258,apac,one_start_only,ch,China,2040,86.6512572
ch-af-apac-eu-row-us/pf120_k050_a040,CH-pf120_k050_a040,ch-af-apac-eu-row-us,CH-first,pf120_k050_a040,clean_objective_stage2,1.2,0.5,0.4,4,0.5921495258,apac,one_start_only,af,Africa,2040,211.2285209
ch-af-apac-eu-row-us/pf120_k050_a040,CH-pf120_k050_a040,ch-af-apac-eu-row-us,CH-first,pf120_k050_a040,clean_objective_stage2,1.2,0.5,0.4,4,0.5921495258,apac,one_start_only,eu,EU,2040,186.3322669
ch-af-apac-eu-row-us/pf120_k050_a040,CH-pf120_k050_a040,ch-af-apac-eu-row-us,CH-first,pf120_k050_a040,clean_objective_stage2,1.2,0.5,0.4,4,0.5921495258,apac,one_start_only,us,US,2040,226.1334343
ch-af-apac-eu-row-us/pf120_k050_a040,CH-pf120_k050_a040,ch-af-apac-eu-row-us,CH-first,pf120_k050_a040,clean_objective_stage2,1.2,0.5,0.4,4,0.5921495258,apac,one_start_only,apac,APAC,2040,155.2837867
ch-af-apac-eu-row-us/pf120_k050_a040,CH-pf120_k050_a040,ch-af-apac-eu-row-us,CH-first,pf120_k050_a040,clean_objective_stage2,1.2,0.5,0.4,4,0.5921495258,apac,one_start_only,row,ROW,2040,180.6646335
ch-af-apac-eu-row-us/pf120_k100_a030,CH-pf120_k100_a030,ch-af-apac-eu-row-us,CH-first,pf120_k100_a030,clean_objective_stage2,1.2,1,0.3,4,0.9065294856,us,one_start_only,ch,China,2025,163.324
ch-af-apac-eu-row-us/pf120_k100_a030,CH-pf120_k100_a030,ch-af-apac-eu-row-us,CH-first,pf120_k100_a030,clean_objective_stage2,1.2,1,0.3,4,0.9065294856,us,one_start_only,af,Africa,2025,338.0265259
ch-af-apac-eu-row-us/pf120_k100_a030,CH-pf120_k100_a030,ch-af-apac-eu-row-us,CH-first,pf120_k100_a030,clean_objective_stage2,1.2,1,0.3,4,0.9065294856,us,one_start_only,eu,EU,2025,283.5349011
ch-af-apac-eu-row-us/pf120_k100_a030,CH-pf120_k100_a030,ch-af-apac-eu-row-us,CH-first,pf120_k100_a030,clean_objective_stage2,1.2,1,0.3,4,0.9065294856,us,one_start_only,us,US,2025,284.5727057
ch-af-apac-eu-row-us/pf120_k100_a030,CH-pf120_k100_a030,ch-af-apac-eu-row-us,CH-first,pf120_k100_a030,clean_objective_stage2,1.2,1,0.3,4,0.9065294856,us,one_start_only,apac,APAC,2025,229.2729617
ch-af-apac-eu-row-us/pf120_k100_a030,CH-pf120_k100_a030,ch-af-apac-eu-row-us,CH-first,pf120_k100_a030,clean_objective_stage2,1.2,1,0.3,4,0.9065294856,us,one_start_only,row,ROW,2025,312.9354775
ch-af-apac-eu-row-us/pf120_k100_a030,CH-pf120_k100_a030,ch-af-apac-eu-row-us,CH-first,pf120_k100_a030,clean_objective_stage2,1.2,1,0.3,4,0.9065294856,us,one_start_only,ch,China,2030,107.7909238
ch-af-apac-eu-row-us/pf120_k100_a030,CH-pf120_k100_a030,ch-af-apac-eu-row-us,CH-first,pf120_k100_a030,clean_objective_stage2,1.2,1,0.3,4,0.9065294856,us,one_start_only,af,Africa,2030,215.3540868
ch-af-apac-eu-row-us/pf120_k100_a030,CH-pf120_k100_a030,ch-af-apac-eu-row-us,CH-first,pf120_k100_a030,clean_objective_stage2,1.2,1,0.3,4,0.9065294856,us,one_start_only,eu,EU,2030,207.9096165
ch-af-apac-eu-row-us/pf120_k100_a030,CH-pf120_k100_a030,ch-af-apac-eu-row-us,CH-first,pf120_k100_a030,clean_objective_stage2,1.2,1,0.3,4,0.9065294856,us,one_start_only,us,US,2030,222.819459
ch-af-apac-eu-row-us/pf120_k100_a030,CH-pf120_k100_a030,ch-af-apac-eu-row-us,CH-first,pf120_k100_a030,clean_objective_stage2,1.2,1,0.3,4,0.9065294856,us,one_start_only,apac,APAC,2030,166.6604288
ch-af-apac-eu-row-us/pf120_k100_a030,CH-pf120_k100_a030,ch-af-apac-eu-row-us,CH-first,pf120_k100_a030,clean_objective_stage2,1.2,1,0.3,4,0.9065294856,us,one_start_only,row,ROW,2030,232.9070322
ch-af-apac-eu-row-us/pf120_k100_a030,CH-pf120_k100_a030,ch-af-apac-eu-row-us,CH-first,pf120_k100_a030,clean_objective_stage2,1.2,1,0.3,4,0.9065294856,us,one_start_only,ch,China,2035,95.90883301
ch-af-apac-eu-row-us/pf120_k100_a030,CH-pf120_k100_a030,ch-af-apac-eu-row-us,CH-first,pf120_k100_a030,clean_objective_stage2,1.2,1,0.3,4,0.9065294856,us,one_start_only,af,Africa,2035,185.8385243
ch-af-apac-eu-row-us/pf120_k100_a030,CH-pf120_k100_a030,ch-af-apac-eu-row-us,CH-first,pf120_k100_a030,clean_objective_stage2,1.2,1,0.3,4,0.9065294856,us,one_start_only,eu,EU,2035,174.9318454
ch-af-apac-eu-row-us/pf120_k100_a030,CH-pf120_k100_a030,ch-af-apac-eu-row-us,CH-first,pf120_k100_a030,clean_objective_stage2,1.2,1,0.3,4,0.9065294856,us,one_start_only,us,US,2035,187.2772214
ch-af-apac-eu-row-us/pf120_k100_a030,CH-pf120_k100_a030,ch-af-apac-eu-row-us,CH-first,pf120_k100_a030,clean_objective_stage2,1.2,1,0.3,4,0.9065294856,us,one_start_only,apac,APAC,2035,134.5207776
ch-af-apac-eu-row-us/pf120_k100_a030,CH-pf120_k100_a030,ch-af-apac-eu-row-us,CH-first,pf120_k100_a030,clean_objective_stage2,1.2,1,0.3,4,0.9065294856,us,one_start_only,row,ROW,2035,187.7251898
ch-af-apac-eu-row-us/pf120_k100_a030,CH-pf120_k100_a030,ch-af-apac-eu-row-us,CH-first,pf120_k100_a030,clean_objective_stage2,1.2,1,0.3,4,0.9065294856,us,one_start_only,ch,China,2040,86.65125721
ch-af-apac-eu-row-us/pf120_k100_a030,CH-pf120_k100_a030,ch-af-apac-eu-row-us,CH-first,pf120_k100_a030,clean_objective_stage2,1.2,1,0.3,4,0.9065294856,us,one_start_only,af,Africa,2040,224.8235636
ch-af-apac-eu-row-us/pf120_k100_a030,CH-pf120_k100_a030,ch-af-apac-eu-row-us,CH-first,pf120_k100_a030,clean_objective_stage2,1.2,1,0.3,4,0.9065294856,us,one_start_only,eu,EU,2040,196.4985706
ch-af-apac-eu-row-us/pf120_k100_a030,CH-pf120_k100_a030,ch-af-apac-eu-row-us,CH-first,pf120_k100_a030,clean_objective_stage2,1.2,1,0.3,4,0.9065294856,us,one_start_only,us,US,2040,201.2889216
ch-af-apac-eu-row-us/pf120_k100_a030,CH-pf120_k100_a030,ch-af-apac-eu-row-us,CH-first,pf120_k100_a030,clean_objective_stage2,1.2,1,0.3,4,0.9065294856,us,one_start_only,apac,APAC,2040,152.1324214
ch-af-apac-eu-row-us/pf120_k100_a030,CH-pf120_k100_a030,ch-af-apac-eu-row-us,CH-first,pf120_k100_a030,clean_objective_stage2,1.2,1,0.3,4,0.9065294856,us,one_start_only,row,ROW,2040,170.5849503
ch-af-apac-eu-row-us/pf120_k100_a040,CH-pf120_k100_a040,ch-af-apac-eu-row-us,CH-first,pf120_k100_a040,clean_objective_stage2,1.2,1,0.4,7,0.7732214371,apac,one_start_only,ch,China,2025,163.324
ch-af-apac-eu-row-us/pf120_k100_a040,CH-pf120_k100_a040,ch-af-apac-eu-row-us,CH-first,pf120_k100_a040,clean_objective_stage2,1.2,1,0.4,7,0.7732214371,apac,one_start_only,af,Africa,2025,367.753162
ch-af-apac-eu-row-us/pf120_k100_a040,CH-pf120_k100_a040,ch-af-apac-eu-row-us,CH-first,pf120_k100_a040,clean_objective_stage2,1.2,1,0.4,7,0.7732214371,apac,one_start_only,eu,EU,2025,299.265
ch-af-apac-eu-row-us/pf120_k100_a040,CH-pf120_k100_a040,ch-af-apac-eu-row-us,CH-first,pf120_k100_a040,clean_objective_stage2,1.2,1,0.4,7,0.7732214371,apac,one_start_only,us,US,2025,317.9923608
ch-af-apac-eu-row-us/pf120_k100_a040,CH-pf120_k100_a040,ch-af-apac-eu-row-us,CH-first,pf120_k100_a040,clean_objective_stage2,1.2,1,0.4,7,0.7732214371,apac,one_start_only,apac,APAC,2025,272.4603985
ch-af-apac-eu-row-us/pf120_k100_a040,CH-pf120_k100_a040,ch-af-apac-eu-row-us,CH-first,pf120_k100_a040,clean_objective_stage2,1.2,1,0.4,7,0.7732214371,apac,one_start_only,row,ROW,2025,326.1381968
ch-af-apac-eu-row-us/pf120_k100_a040,CH-pf120_k100_a040,ch-af-apac-eu-row-us,CH-first,pf120_k100_a040,clean_objective_stage2,1.2,1,0.4,7,0.7732214371,apac,one_start_only,ch,China,2030,107.7909238
ch-af-apac-eu-row-us/pf120_k100_a040,CH-pf120_k100_a040,ch-af-apac-eu-row-us,CH-first,pf120_k100_a040,clean_objective_stage2,1.2,1,0.4,7,0.7732214371,apac,one_start_only,af,Africa,2030,244.468914
ch-af-apac-eu-row-us/pf120_k100_a040,CH-pf120_k100_a040,ch-af-apac-eu-row-us,CH-first,pf120_k100_a040,clean_objective_stage2,1.2,1,0.4,7,0.7732214371,apac,one_start_only,eu,EU,2030,229.2760454
ch-af-apac-eu-row-us/pf120_k100_a040,CH-pf120_k100_a040,ch-af-apac-eu-row-us,CH-first,pf120_k100_a040,clean_objective_stage2,1.2,1,0.4,7,0.7732214371,apac,one_start_only,us,US,2030,247.4218651
ch-af-apac-eu-row-us/pf120_k100_a040,CH-pf120_k100_a040,ch-af-apac-eu-row-us,CH-first,pf120_k100_a040,clean_objective_stage2,1.2,1,0.4,7,0.7732214371,apac,one_start_only,apac,APAC,2030,149.3036983
ch-af-apac-eu-row-us/pf120_k100_a040,CH-pf120_k100_a040,ch-af-apac-eu-row-us,CH-first,pf120_k100_a040,clean_objective_stage2,1.2,1,0.4,7,0.7732214371,apac,one_start_only,row,ROW,2030,231.5868607
ch-af-apac-eu-row-us/pf120_k100_a040,CH-pf120_k100_a040,ch-af-apac-eu-row-us,CH-first,pf120_k100_a040,clean_objective_stage2,1.2,1,0.4,7,0.7732214371,apac,one_start_only,ch,China,2035,95.908833
ch-af-apac-eu-row-us/pf120_k100_a040,CH-pf120_k100_a040,ch-af-apac-eu-row-us,CH-first,pf120_k100_a040,clean_objective_stage2,1.2,1,0.4,7,0.7732214371,apac,one_start_only,af,Africa,2035,213.9871085
ch-af-apac-eu-row-us/pf120_k100_a040,CH-pf120_k100_a040,ch-af-apac-eu-row-us,CH-first,pf120_k100_a040,clean_objective_stage2,1.2,1,0.4,7,0.7732214371,apac,one_start_only,eu,EU,2035,205.1006281
ch-af-apac-eu-row-us/pf120_k100_a040,CH-pf120_k100_a040,ch-af-apac-eu-row-us,CH-first,pf120_k100_a040,clean_objective_stage2,1.2,1,0.4,7,0.7732214371,apac,one_start_only,us,US,2035,228.2403969
ch-af-apac-eu-row-us/pf120_k100_a040,CH-pf120_k100_a040,ch-af-apac-eu-row-us,CH-first,pf120_k100_a040,clean_objective_stage2,1.2,1,0.4,7,0.7732214371,apac,one_start_only,apac,APAC,2035,144.9569879
ch-af-apac-eu-row-us/pf120_k100_a040,CH-pf120_k100_a040,ch-af-apac-eu-row-us,CH-first,pf120_k100_a040,clean_objective_stage2,1.2,1,0.4,7,0.7732214371,apac,one_start_only,row,ROW,2035,203.3763207
ch-af-apac-eu-row-us/pf120_k100_a040,CH-pf120_k100_a040,ch-af-apac-eu-row-us,CH-first,pf120_k100_a040,clean_objective_stage2,1.2,1,0.4,7,0.7732214371,apac,one_start_only,ch,China,2040,86.6512572
ch-af-apac-eu-row-us/pf120_k100_a040,CH-pf120_k100_a040,ch-af-apac-eu-row-us,CH-first,pf120_k100_a040,clean_objective_stage2,1.2,1,0.4,7,0.7732214371,apac,one_start_only,af,Africa,2040,190.0736144
ch-af-apac-eu-row-us/pf120_k100_a040,CH-pf120_k100_a040,ch-af-apac-eu-row-us,CH-first,pf120_k100_a040,clean_objective_stage2,1.2,1,0.4,7,0.7732214371,apac,one_start_only,eu,EU,2040,201.0079969
ch-af-apac-eu-row-us/pf120_k100_a040,CH-pf120_k100_a040,ch-af-apac-eu-row-us,CH-first,pf120_k100_a040,clean_objective_stage2,1.2,1,0.4,7,0.7732214371,apac,one_start_only,us,US,2040,170.1574395
ch-af-apac-eu-row-us/pf120_k100_a040,CH-pf120_k100_a040,ch-af-apac-eu-row-us,CH-first,pf120_k100_a040,clean_objective_stage2,1.2,1,0.4,7,0.7732214371,apac,one_start_only,apac,APAC,2040,141.1883887
ch-af-apac-eu-row-us/pf120_k100_a040,CH-pf120_k100_a040,ch-af-apac-eu-row-us,CH-first,pf120_k100_a040,clean_objective_stage2,1.2,1,0.4,7,0.7732214371,apac,one_start_only,row,ROW,2040,204.1738536
af-eu-us-apac-row-ch/pf080_k050_a030,AF-pf080_k050_a030,af-eu-us-apac-row-ch,AF-first,pf080_k050_a030,clean_objective_stage2,0.8,0.5,0.3,8,0.8485817696,apac,one_start_only,ch,China,2025,163.324
af-eu-us-apac-row-ch/pf080_k050_a030,AF-pf080_k050_a030,af-eu-us-apac-row-ch,AF-first,pf080_k050_a030,clean_objective_stage2,0.8,0.5,0.3,8,0.8485817696,apac,one_start_only,af,Africa,2025,269.1651898
af-eu-us-apac-row-ch/pf080_k050_a030,AF-pf080_k050_a030,af-eu-us-apac-row-ch,AF-first,pf080_k050_a030,clean_objective_stage2,0.8,0.5,0.3,8,0.8485817696,apac,one_start_only,eu,EU,2025,244.5684309
af-eu-us-apac-row-ch/pf080_k050_a030,AF-pf080_k050_a030,af-eu-us-apac-row-ch,AF-first,pf080_k050_a030,clean_objective_stage2,0.8,0.5,0.3,8,0.8485817696,apac,one_start_only,us,US,2025,256.0161953
af-eu-us-apac-row-ch/pf080_k050_a030,AF-pf080_k050_a030,af-eu-us-apac-row-ch,AF-first,pf080_k050_a030,clean_objective_stage2,0.8,0.5,0.3,8,0.8485817696,apac,one_start_only,apac,APAC,2025,187.6279621
af-eu-us-apac-row-ch/pf080_k050_a030,AF-pf080_k050_a030,af-eu-us-apac-row-ch,AF-first,pf080_k050_a030,clean_objective_stage2,0.8,0.5,0.3,8,0.8485817696,apac,one_start_only,row,ROW,2025,323.1705228
af-eu-us-apac-row-ch/pf080_k050_a030,AF-pf080_k050_a030,af-eu-us-apac-row-ch,AF-first,pf080_k050_a030,clean_objective_stage2,0.8,0.5,0.3,8,0.8485817696,apac,one_start_only,ch,China,2030,107.7909238
af-eu-us-apac-row-ch/pf080_k050_a030,AF-pf080_k050_a030,af-eu-us-apac-row-ch,AF-first,pf080_k050_a030,clean_objective_stage2,0.8,0.5,0.3,8,0.8485817696,apac,one_start_only,af,Africa,2030,234.1509222
af-eu-us-apac-row-ch/pf080_k050_a030,AF-pf080_k050_a030,af-eu-us-apac-row-ch,AF-first,pf080_k050_a030,clean_objective_stage2,0.8,0.5,0.3,8,0.8485817696,apac,one_start_only,eu,EU,2030,272.315578
af-eu-us-apac-row-ch/pf080_k050_a030,AF-pf080_k050_a030,af-eu-us-apac-row-ch,AF-first,pf080_k050_a030,clean_objective_stage2,0.8,0.5,0.3,8,0.8485817696,apac,one_start_only,us,US,2030,291.3748121
af-eu-us-apac-row-ch/pf080_k050_a030,AF-pf080_k050_a030,af-eu-us-apac-row-ch,AF-first,pf080_k050_a030,clean_objective_stage2,0.8,0.5,0.3,8,0.8485817696,apac,one_start_only,apac,APAC,2030,255.3329143
af-eu-us-apac-row-ch/pf080_k050_a030,AF-pf080_k050_a030,af-eu-us-apac-row-ch,AF-first,pf080_k050_a030,clean_objective_stage2,0.8,0.5,0.3,8,0.8485817696,apac,one_start_only,row,ROW,2030,232.9666833
af-eu-us-apac-row-ch/pf080_k050_a030,AF-pf080_k050_a030,af-eu-us-apac-row-ch,AF-first,pf080_k050_a030,clean_objective_stage2,0.8,0.5,0.3,8,0.8485817696,apac,one_start_only,ch,China,2035,95.908833
af-eu-us-apac-row-ch/pf080_k050_a030,AF-pf080_k050_a030,af-eu-us-apac-row-ch,AF-first,pf080_k050_a030,clean_objective_stage2,0.8,0.5,0.3,8,0.8485817696,apac,one_start_only,af,Africa,2035,229.797388
af-eu-us-apac-row-ch/pf080_k050_a030,AF-pf080_k050_a030,af-eu-us-apac-row-ch,AF-first,pf080_k050_a030,clean_objective_stage2,0.8,0.5,0.3,8,0.8485817696,apac,one_start_only,eu,EU,2035,213.4530793
af-eu-us-apac-row-ch/pf080_k050_a030,AF-pf080_k050_a030,af-eu-us-apac-row-ch,AF-first,pf080_k050_a030,clean_objective_stage2,0.8,0.5,0.3,8,0.8485817696,apac,one_start_only,us,US,2035,217.0812328
af-eu-us-apac-row-ch/pf080_k050_a030,AF-pf080_k050_a030,af-eu-us-apac-row-ch,AF-first,pf080_k050_a030,clean_objective_stage2,0.8,0.5,0.3,8,0.8485817696,apac,one_start_only,apac,APAC,2035,110.015208
af-eu-us-apac-row-ch/pf080_k050_a030,AF-pf080_k050_a030,af-eu-us-apac-row-ch,AF-first,pf080_k050_a030,clean_objective_stage2,0.8,0.5,0.3,8,0.8485817696,apac,one_start_only,row,ROW,2035,206.923959
af-eu-us-apac-row-ch/pf080_k050_a030,AF-pf080_k050_a030,af-eu-us-apac-row-ch,AF-first,pf080_k050_a030,clean_objective_stage2,0.8,0.5,0.3,8,0.8485817696,apac,one_start_only,ch,China,2040,86.65125723
af-eu-us-apac-row-ch/pf080_k050_a030,AF-pf080_k050_a030,af-eu-us-apac-row-ch,AF-first,pf080_k050_a030,clean_objective_stage2,0.8,0.5,0.3,8,0.8485817696,apac,one_start_only,af,Africa,2040,225.5152874
af-eu-us-apac-row-ch/pf080_k050_a030,AF-pf080_k050_a030,af-eu-us-apac-row-ch,AF-first,pf080_k050_a030,clean_objective_stage2,0.8,0.5,0.3,8,0.8485817696,apac,one_start_only,eu,EU,2040,208.4019927
af-eu-us-apac-row-ch/pf080_k050_a030,AF-pf080_k050_a030,af-eu-us-apac-row-ch,AF-first,pf080_k050_a030,clean_objective_stage2,0.8,0.5,0.3,8,0.8485817696,apac,one_start_only,us,US,2040,202.0336296
af-eu-us-apac-row-ch/pf080_k050_a030,AF-pf080_k050_a030,af-eu-us-apac-row-ch,AF-first,pf080_k050_a030,clean_objective_stage2,0.8,0.5,0.3,8,0.8485817696,apac,one_start_only,apac,APAC,2040,99.41154605
af-eu-us-apac-row-ch/pf080_k050_a030,AF-pf080_k050_a030,af-eu-us-apac-row-ch,AF-first,pf080_k050_a030,clean_objective_stage2,0.8,0.5,0.3,8,0.8485817696,apac,one_start_only,row,ROW,2040,187.2617195
af-eu-us-apac-row-ch/pf080_k050_a040,AF-pf080_k050_a040,af-eu-us-apac-row-ch,AF-first,pf080_k050_a040,clean_objective_stage2,0.8,0.5,0.4,11,0.8310431426,apac,one_start_only,ch,China,2025,163.324
af-eu-us-apac-row-ch/pf080_k050_a040,AF-pf080_k050_a040,af-eu-us-apac-row-ch,AF-first,pf080_k050_a040,clean_objective_stage2,0.8,0.5,0.4,11,0.8310431426,apac,one_start_only,af,Africa,2025,294.8996287
af-eu-us-apac-row-ch/pf080_k050_a040,AF-pf080_k050_a040,af-eu-us-apac-row-ch,AF-first,pf080_k050_a040,clean_objective_stage2,0.8,0.5,0.4,11,0.8310431426,apac,one_start_only,eu,EU,2025,355.8174231
af-eu-us-apac-row-ch/pf080_k050_a040,AF-pf080_k050_a040,af-eu-us-apac-row-ch,AF-first,pf080_k050_a040,clean_objective_stage2,0.8,0.5,0.4,11,0.8310431426,apac,one_start_only,us,US,2025,294.4897921
af-eu-us-apac-row-ch/pf080_k050_a040,AF-pf080_k050_a040,af-eu-us-apac-row-ch,AF-first,pf080_k050_a040,clean_objective_stage2,0.8,0.5,0.4,11,0.8310431426,apac,one_start_only,apac,APAC,2025,229.9174762
af-eu-us-apac-row-ch/pf080_k050_a040,AF-pf080_k050_a040,af-eu-us-apac-row-ch,AF-first,pf080_k050_a040,clean_objective_stage2,0.8,0.5,0.4,11,0.8310431426,apac,one_start_only,row,ROW,2025,301.5760903
af-eu-us-apac-row-ch/pf080_k050_a040,AF-pf080_k050_a040,af-eu-us-apac-row-ch,AF-first,pf080_k050_a040,clean_objective_stage2,0.8,0.5,0.4,11,0.8310431426,apac,one_start_only,ch,China,2030,107.7909252
af-eu-us-apac-row-ch/pf080_k050_a040,AF-pf080_k050_a040,af-eu-us-apac-row-ch,AF-first,pf080_k050_a040,clean_objective_stage2,0.8,0.5,0.4,11,0.8310431426,apac,one_start_only,af,Africa,2030,316.2762364
af-eu-us-apac-row-ch/pf080_k050_a040,AF-pf080_k050_a040,af-eu-us-apac-row-ch,AF-first,pf080_k050_a040,clean_objective_stage2,0.8,0.5,0.4,11,0.8310431426,apac,one_start_only,eu,EU,2030,222.294404
af-eu-us-apac-row-ch/pf080_k050_a040,AF-pf080_k050_a040,af-eu-us-apac-row-ch,AF-first,pf080_k050_a040,clean_objective_stage2,0.8,0.5,0.4,11,0.8310431426,apac,one_start_only,us,US,2030,269.231973
af-eu-us-apac-row-ch/pf080_k050_a040,AF-pf080_k050_a040,af-eu-us-apac-row-ch,AF-first,pf080_k050_a040,clean_objective_stage2,0.8,0.5,0.4,11,0.8310431426,apac,one_start_only,apac,APAC,2030,126.4839637
af-eu-us-apac-row-ch/pf080_k050_a040,AF-pf080_k050_a040,af-eu-us-apac-row-ch,AF-first,pf080_k050_a040,clean_objective_stage2,0.8,0.5,0.4,11,0.8310431426,apac,one_start_only,row,ROW,2030,221.6426719
af-eu-us-apac-row-ch/pf080_k050_a040,AF-pf080_k050_a040,af-eu-us-apac-row-ch,AF-first,pf080_k050_a040,clean_objective_stage2,0.8,0.5,0.4,11,0.8310431426,apac,one_start_only,ch,China,2035,95.90883304
af-eu-us-apac-row-ch/pf080_k050_a040,AF-pf080_k050_a040,af-eu-us-apac-row-ch,AF-first,pf080_k050_a040,clean_objective_stage2,0.8,0.5,0.4,11,0.8310431426,apac,one_start_only,af,Africa,2035,238.8604348
af-eu-us-apac-row-ch/pf080_k050_a040,AF-pf080_k050_a040,af-eu-us-apac-row-ch,AF-first,pf080_k050_a040,clean_objective_stage2,0.8,0.5,0.4,11,0.8310431426,apac,one_start_only,eu,EU,2035,259.6492525
af-eu-us-apac-row-ch/pf080_k050_a040,AF-pf080_k050_a040,af-eu-us-apac-row-ch,AF-first,pf080_k050_a040,clean_objective_stage2,0.8,0.5,0.4,11,0.8310431426,apac,one_start_only,us,US,2035,199.1481379
af-eu-us-apac-row-ch/pf080_k050_a040,AF-pf080_k050_a040,af-eu-us-apac-row-ch,AF-first,pf080_k050_a040,clean_objective_stage2,0.8,0.5,0.4,11,0.8310431426,apac,one_start_only,apac,APAC,2035,110.0152083
af-eu-us-apac-row-ch/pf080_k050_a040,AF-pf080_k050_a040,af-eu-us-apac-row-ch,AF-first,pf080_k050_a040,clean_objective_stage2,0.8,0.5,0.4,11,0.8310431426,apac,one_start_only,row,ROW,2035,207.2367435
af-eu-us-apac-row-ch/pf080_k050_a040,AF-pf080_k050_a040,af-eu-us-apac-row-ch,AF-first,pf080_k050_a040,clean_objective_stage2,0.8,0.5,0.4,11,0.8310431426,apac,one_start_only,ch,China,2040,86.6512572
af-eu-us-apac-row-ch/pf080_k050_a040,AF-pf080_k050_a040,af-eu-us-apac-row-ch,AF-first,pf080_k050_a040,clean_objective_stage2,0.8,0.5,0.4,11,0.8310431426,apac,one_start_only,af,Africa,2040,248.515076
af-eu-us-apac-row-ch/pf080_k050_a040,AF-pf080_k050_a040,af-eu-us-apac-row-ch,AF-first,pf080_k050_a040,clean_objective_stage2,0.8,0.5,0.4,11,0.8310431426,apac,one_start_only,eu,EU,2040,275.1767508
af-eu-us-apac-row-ch/pf080_k050_a040,AF-pf080_k050_a040,af-eu-us-apac-row-ch,AF-first,pf080_k050_a040,clean_objective_stage2,0.8,0.5,0.4,11,0.8310431426,apac,one_start_only,us,US,2040,170.2296097
af-eu-us-apac-row-ch/pf080_k050_a040,AF-pf080_k050_a040,af-eu-us-apac-row-ch,AF-first,pf080_k050_a040,clean_objective_stage2,0.8,0.5,0.4,11,0.8310431426,apac,one_start_only,apac,APAC,2040,99.41154578
af-eu-us-apac-row-ch/pf080_k050_a040,AF-pf080_k050_a040,af-eu-us-apac-row-ch,AF-first,pf080_k050_a040,clean_objective_stage2,0.8,0.5,0.4,11,0.8310431426,apac,one_start_only,row,ROW,2040,209.4673229
af-eu-us-apac-row-ch/pf100_k050_a030,AF-pf100_k050_a030,af-eu-us-apac-row-ch,AF-first,pf100_k050_a030,clean_objective_stage2,1,0.5,0.3,14,0.4468730365,row,one_start_only,ch,China,2025,163.324
af-eu-us-apac-row-ch/pf100_k050_a030,AF-pf100_k050_a030,af-eu-us-apac-row-ch,AF-first,pf100_k050_a030,clean_objective_stage2,1,0.5,0.3,14,0.4468730365,row,one_start_only,af,Africa,2025,394.09883
af-eu-us-apac-row-ch/pf100_k050_a030,AF-pf100_k050_a030,af-eu-us-apac-row-ch,AF-first,pf100_k050_a030,clean_objective_stage2,1,0.5,0.3,14,0.4468730365,row,one_start_only,eu,EU,2025,369.6806839
af-eu-us-apac-row-ch/pf100_k050_a030,AF-pf100_k050_a030,af-eu-us-apac-row-ch,AF-first,pf100_k050_a030,clean_objective_stage2,1,0.5,0.3,14,0.4468730365,row,one_start_only,us,US,2025,386.3300349
af-eu-us-apac-row-ch/pf100_k050_a030,AF-pf100_k050_a030,af-eu-us-apac-row-ch,AF-first,pf100_k050_a030,clean_objective_stage2,1,0.5,0.3,14,0.4468730365,row,one_start_only,apac,APAC,2025,300.5524333
af-eu-us-apac-row-ch/pf100_k050_a030,AF-pf100_k050_a030,af-eu-us-apac-row-ch,AF-first,pf100_k050_a030,clean_objective_stage2,1,0.5,0.3,14,0.4468730365,row,one_start_only,row,ROW,2025,353.425
af-eu-us-apac-row-ch/pf100_k050_a030,AF-pf100_k050_a030,af-eu-us-apac-row-ch,AF-first,pf100_k050_a030,clean_objective_stage2,1,0.5,0.3,14,0.4468730365,row,one_start_only,ch,China,2030,107.7909238
af-eu-us-apac-row-ch/pf100_k050_a030,AF-pf100_k050_a030,af-eu-us-apac-row-ch,AF-first,pf100_k050_a030,clean_objective_stage2,1,0.5,0.3,14,0.4468730365,row,one_start_only,af,Africa,2030,313.7254202
af-eu-us-apac-row-ch/pf100_k050_a030,AF-pf100_k050_a030,af-eu-us-apac-row-ch,AF-first,pf100_k050_a030,clean_objective_stage2,1,0.5,0.3,14,0.4468730365,row,one_start_only,eu,EU,2030,322.1824598
af-eu-us-apac-row-ch/pf100_k050_a030,AF-pf100_k050_a030,af-eu-us-apac-row-ch,AF-first,pf100_k050_a030,clean_objective_stage2,1,0.5,0.3,14,0.4468730365,row,one_start_only,us,US,2030,292.2571837
af-eu-us-apac-row-ch/pf100_k050_a030,AF-pf100_k050_a030,af-eu-us-apac-row-ch,AF-first,pf100_k050_a030,clean_objective_stage2,1,0.5,0.3,14,0.4468730365,row,one_start_only,apac,APAC,2030,188.085581
af-eu-us-apac-row-ch/pf100_k050_a030,AF-pf100_k050_a030,af-eu-us-apac-row-ch,AF-first,pf100_k050_a030,clean_objective_stage2,1,0.5,0.3,14,0.4468730365,row,one_start_only,row,ROW,2030,232.9807375
af-eu-us-apac-row-ch/pf100_k050_a030,AF-pf100_k050_a030,af-eu-us-apac-row-ch,AF-first,pf100_k050_a030,clean_objective_stage2,1,0.5,0.3,14,0.4468730365,row,one_start_only,ch,China,2035,95.90883301
af-eu-us-apac-row-ch/pf100_k050_a030,AF-pf100_k050_a030,af-eu-us-apac-row-ch,AF-first,pf100_k050_a030,clean_objective_stage2,1,0.5,0.3,14,0.4468730365,row,one_start_only,af,Africa,2035,279.1256493
af-eu-us-apac-row-ch/pf100_k050_a030,AF-pf100_k050_a030,af-eu-us-apac-row-ch,AF-first,pf100_k050_a030,clean_objective_stage2,1,0.5,0.3,14,0.4468730365,row,one_start_only,eu,EU,2035,285.3068492
af-eu-us-apac-row-ch/pf100_k050_a030,AF-pf100_k050_a030,af-eu-us-apac-row-ch,AF-first,pf100_k050_a030,clean_objective_stage2,1,0.5,0.3,14,0.4468730365,row,one_start_only,us,US,2035,233.4416524
af-eu-us-apac-row-ch/pf100_k050_a030,AF-pf100_k050_a030,af-eu-us-apac-row-ch,AF-first,pf100_k050_a030,clean_objective_stage2,1,0.5,0.3,14,0.4468730365,row,one_start_only,apac,APAC,2035,110.015208
af-eu-us-apac-row-ch/pf100_k050_a030,AF-pf100_k050_a030,af-eu-us-apac-row-ch,AF-first,pf100_k050_a030,clean_objective_stage2,1,0.5,0.3,14,0.4468730365,row,one_start_only,row,ROW,2035,207.2850605
af-eu-us-apac-row-ch/pf100_k050_a030,AF-pf100_k050_a030,af-eu-us-apac-row-ch,AF-first,pf100_k050_a030,clean_objective_stage2,1,0.5,0.3,14,0.4468730365,row,one_start_only,ch,China,2040,86.65125725
af-eu-us-apac-row-ch/pf100_k050_a030,AF-pf100_k050_a030,af-eu-us-apac-row-ch,AF-first,pf100_k050_a030,clean_objective_stage2,1,0.5,0.3,14,0.4468730365,row,one_start_only,af,Africa,2040,313.6750511
af-eu-us-apac-row-ch/pf100_k050_a030,AF-pf100_k050_a030,af-eu-us-apac-row-ch,AF-first,pf100_k050_a030,clean_objective_stage2,1,0.5,0.3,14,0.4468730365,row,one_start_only,eu,EU,2040,357.7720392
af-eu-us-apac-row-ch/pf100_k050_a030,AF-pf100_k050_a030,af-eu-us-apac-row-ch,AF-first,pf100_k050_a030,clean_objective_stage2,1,0.5,0.3,14,0.4468730365,row,one_start_only,us,US,2040,170.2296103
af-eu-us-apac-row-ch/pf100_k050_a030,AF-pf100_k050_a030,af-eu-us-apac-row-ch,AF-first,pf100_k050_a030,clean_objective_stage2,1,0.5,0.3,14,0.4468730365,row,one_start_only,apac,APAC,2040,99.41154579
af-eu-us-apac-row-ch/pf100_k050_a030,AF-pf100_k050_a030,af-eu-us-apac-row-ch,AF-first,pf100_k050_a030,clean_objective_stage2,1,0.5,0.3,14,0.4468730365,row,one_start_only,row,ROW,2040,289.5756158
af-eu-us-apac-row-ch/pf100_k050_a040,AF-pf100_k050_a040,af-eu-us-apac-row-ch,AF-first,pf100_k050_a040,clean_objective_stage2,1,0.5,0.4,6,0.9048946721,apac,one_start_only,ch,China,2025,163.324
af-eu-us-apac-row-ch/pf100_k050_a040,AF-pf100_k050_a040,af-eu-us-apac-row-ch,AF-first,pf100_k050_a040,clean_objective_stage2,1,0.5,0.4,6,0.9048946721,apac,one_start_only,af,Africa,2025,343.4205738
af-eu-us-apac-row-ch/pf100_k050_a040,AF-pf100_k050_a040,af-eu-us-apac-row-ch,AF-first,pf100_k050_a040,clean_objective_stage2,1,0.5,0.4,6,0.9048946721,apac,one_start_only,eu,EU,2025,372.7007022
af-eu-us-apac-row-ch/pf100_k050_a040,AF-pf100_k050_a040,af-eu-us-apac-row-ch,AF-first,pf100_k050_a040,clean_objective_stage2,1,0.5,0.4,6,0.9048946721,apac,one_start_only,us,US,2025,358.9256507
af-eu-us-apac-row-ch/pf100_k050_a040,AF-pf100_k050_a040,af-eu-us-apac-row-ch,AF-first,pf100_k050_a040,clean_objective_stage2,1,0.5,0.4,6,0.9048946721,apac,one_start_only,apac,APAC,2025,329.9525856
af-eu-us-apac-row-ch/pf100_k050_a040,AF-pf100_k050_a040,af-eu-us-apac-row-ch,AF-first,pf100_k050_a040,clean_objective_stage2,1,0.5,0.4,6,0.9048946721,apac,one_start_only,row,ROW,2025,353.4099999
af-eu-us-apac-row-ch/pf100_k050_a040,AF-pf100_k050_a040,af-eu-us-apac-row-ch,AF-first,pf100_k050_a040,clean_objective_stage2,1,0.5,0.4,6,0.9048946721,apac,one_start_only,ch,China,2030,107.7909239
af-eu-us-apac-row-ch/pf100_k050_a040,AF-pf100_k050_a040,af-eu-us-apac-row-ch,AF-first,pf100_k050_a040,clean_objective_stage2,1,0.5,0.4,6,0.9048946721,apac,one_start_only,af,Africa,2030,285.8469648
af-eu-us-apac-row-ch/pf100_k050_a040,AF-pf100_k050_a040,af-eu-us-apac-row-ch,AF-first,pf100_k050_a040,clean_objective_stage2,1,0.5,0.4,6,0.9048946721,apac,one_start_only,eu,EU,2030,282.1510455
af-eu-us-apac-row-ch/pf100_k050_a040,AF-pf100_k050_a040,af-eu-us-apac-row-ch,AF-first,pf100_k050_a040,clean_objective_stage2,1,0.5,0.4,6,0.9048946721,apac,one_start_only,us,US,2030,348.6946287
af-eu-us-apac-row-ch/pf100_k050_a040,AF-pf100_k050_a040,af-eu-us-apac-row-ch,AF-first,pf100_k050_a040,clean_objective_stage2,1,0.5,0.4,6,0.9048946721,apac,one_start_only,apac,APAC,2030,228.496801
af-eu-us-apac-row-ch/pf100_k050_a040,AF-pf100_k050_a040,af-eu-us-apac-row-ch,AF-first,pf100_k050_a040,clean_objective_stage2,1,0.5,0.4,6,0.9048946721,apac,one_start_only,row,ROW,2030,232.9853368
af-eu-us-apac-row-ch/pf100_k050_a040,AF-pf100_k050_a040,af-eu-us-apac-row-ch,AF-first,pf100_k050_a040,clean_objective_stage2,1,0.5,0.4,6,0.9048946721,apac,one_start_only,ch,China,2035,95.90883305
af-eu-us-apac-row-ch/pf100_k050_a040,AF-pf100_k050_a040,af-eu-us-apac-row-ch,AF-first,pf100_k050_a040,clean_objective_stage2,1,0.5,0.4,6,0.9048946721,apac,one_start_only,af,Africa,2035,277.7227743
af-eu-us-apac-row-ch/pf100_k050_a040,AF-pf100_k050_a040,af-eu-us-apac-row-ch,AF-first,pf100_k050_a040,clean_objective_stage2,1,0.5,0.4,6,0.9048946721,apac,one_start_only,eu,EU,2035,243.8481602
af-eu-us-apac-row-ch/pf100_k050_a040,AF-pf100_k050_a040,af-eu-us-apac-row-ch,AF-first,pf100_k050_a040,clean_objective_stage2,1,0.5,0.4,6,0.9048946721,apac,one_start_only,us,US,2035,232.7940557
af-eu-us-apac-row-ch/pf100_k050_a040,AF-pf100_k050_a040,af-eu-us-apac-row-ch,AF-first,pf100_k050_a040,clean_objective_stage2,1,0.5,0.4,6,0.9048946721,apac,one_start_only,apac,APAC,2035,190.7870451
af-eu-us-apac-row-ch/pf100_k050_a040,AF-pf100_k050_a040,af-eu-us-apac-row-ch,AF-first,pf100_k050_a040,clean_objective_stage2,1,0.5,0.4,6,0.9048946721,apac,one_start_only,row,ROW,2035,207.2255664
af-eu-us-apac-row-ch/pf100_k050_a040,AF-pf100_k050_a040,af-eu-us-apac-row-ch,AF-first,pf100_k050_a040,clean_objective_stage2,1,0.5,0.4,6,0.9048946721,apac,one_start_only,ch,China,2040,86.65125738
af-eu-us-apac-row-ch/pf100_k050_a040,AF-pf100_k050_a040,af-eu-us-apac-row-ch,AF-first,pf100_k050_a040,clean_objective_stage2,1,0.5,0.4,6,0.9048946721,apac,one_start_only,af,Africa,2040,185.161443
af-eu-us-apac-row-ch/pf100_k050_a040,AF-pf100_k050_a040,af-eu-us-apac-row-ch,AF-first,pf100_k050_a040,clean_objective_stage2,1,0.5,0.4,6,0.9048946721,apac,one_start_only,eu,EU,2040,260.0788791
af-eu-us-apac-row-ch/pf100_k050_a040,AF-pf100_k050_a040,af-eu-us-apac-row-ch,AF-first,pf100_k050_a040,clean_objective_stage2,1,0.5,0.4,6,0.9048946721,apac,one_start_only,us,US,2040,170.184332
af-eu-us-apac-row-ch/pf100_k050_a040,AF-pf100_k050_a040,af-eu-us-apac-row-ch,AF-first,pf100_k050_a040,clean_objective_stage2,1,0.5,0.4,6,0.9048946721,apac,one_start_only,apac,APAC,2040,105.9340644
af-eu-us-apac-row-ch/pf100_k050_a040,AF-pf100_k050_a040,af-eu-us-apac-row-ch,AF-first,pf100_k050_a040,clean_objective_stage2,1,0.5,0.4,6,0.9048946721,apac,one_start_only,row,ROW,2040,187.261719
af-eu-us-apac-row-ch/pf100_k100_a030,AF-pf100_k100_a030,af-eu-us-apac-row-ch,AF-first,pf100_k100_a030,clean_objective_stage2,1,1,0.3,11,0.6721281118,apac,one_start_only,ch,China,2025,163.324
af-eu-us-apac-row-ch/pf100_k100_a030,AF-pf100_k100_a030,af-eu-us-apac-row-ch,AF-first,pf100_k100_a030,clean_objective_stage2,1,1,0.3,11,0.6721281118,apac,one_start_only,af,Africa,2025,364.8503032
af-eu-us-apac-row-ch/pf100_k100_a030,AF-pf100_k100_a030,af-eu-us-apac-row-ch,AF-first,pf100_k100_a030,clean_objective_stage2,1,1,0.3,11,0.6721281118,apac,one_start_only,eu,EU,2025,365.1700558
af-eu-us-apac-row-ch/pf100_k100_a030,AF-pf100_k100_a030,af-eu-us-apac-row-ch,AF-first,pf100_k100_a030,clean_objective_stage2,1,1,0.3,11,0.6721281118,apac,one_start_only,us,US,2025,336.4336279
af-eu-us-apac-row-ch/pf100_k100_a030,AF-pf100_k100_a030,af-eu-us-apac-row-ch,AF-first,pf100_k100_a030,clean_objective_stage2,1,1,0.3,11,0.6721281118,apac,one_start_only,apac,APAC,2025,271.3788244
af-eu-us-apac-row-ch/pf100_k100_a030,AF-pf100_k100_a030,af-eu-us-apac-row-ch,AF-first,pf100_k100_a030,clean_objective_stage2,1,1,0.3,11,0.6721281118,apac,one_start_only,row,ROW,2025,353.4249999
af-eu-us-apac-row-ch/pf100_k100_a030,AF-pf100_k100_a030,af-eu-us-apac-row-ch,AF-first,pf100_k100_a030,clean_objective_stage2,1,1,0.3,11,0.6721281118,apac,one_start_only,ch,China,2030,107.7909239
af-eu-us-apac-row-ch/pf100_k100_a030,AF-pf100_k100_a030,af-eu-us-apac-row-ch,AF-first,pf100_k100_a030,clean_objective_stage2,1,1,0.3,11,0.6721281118,apac,one_start_only,af,Africa,2030,273.6295282
af-eu-us-apac-row-ch/pf100_k100_a030,AF-pf100_k100_a030,af-eu-us-apac-row-ch,AF-first,pf100_k100_a030,clean_objective_stage2,1,1,0.3,11,0.6721281118,apac,one_start_only,eu,EU,2030,274.2694319
af-eu-us-apac-row-ch/pf100_k100_a030,AF-pf100_k100_a030,af-eu-us-apac-row-ch,AF-first,pf100_k100_a030,clean_objective_stage2,1,1,0.3,11,0.6721281118,apac,one_start_only,us,US,2030,262.8051289
af-eu-us-apac-row-ch/pf100_k100_a030,AF-pf100_k100_a030,af-eu-us-apac-row-ch,AF-first,pf100_k100_a030,clean_objective_stage2,1,1,0.3,11,0.6721281118,apac,one_start_only,apac,APAC,2030,161.2220404
af-eu-us-apac-row-ch/pf100_k100_a030,AF-pf100_k100_a030,af-eu-us-apac-row-ch,AF-first,pf100_k100_a030,clean_objective_stage2,1,1,0.3,11,0.6721281118,apac,one_start_only,row,ROW,2030,232.9847602
af-eu-us-apac-row-ch/pf100_k100_a030,AF-pf100_k100_a030,af-eu-us-apac-row-ch,AF-first,pf100_k100_a030,clean_objective_stage2,1,1,0.3,11,0.6721281118,apac,one_start_only,ch,China,2035,95.90883305
af-eu-us-apac-row-ch/pf100_k100_a030,AF-pf100_k100_a030,af-eu-us-apac-row-ch,AF-first,pf100_k100_a030,clean_objective_stage2,1,1,0.3,11,0.6721281118,apac,one_start_only,af,Africa,2035,280.3987046
af-eu-us-apac-row-ch/pf100_k100_a030,AF-pf100_k100_a030,af-eu-us-apac-row-ch,AF-first,pf100_k100_a030,clean_objective_stage2,1,1,0.3,11,0.6721281118,apac,one_start_only,eu,EU,2035,261.1428999
af-eu-us-apac-row-ch/pf100_k100_a030,AF-pf100_k100_a030,af-eu-us-apac-row-ch,AF-first,pf100_k100_a030,clean_objective_stage2,1,1,0.3,11,0.6721281118,apac,one_start_only,us,US,2035,201.1542237
af-eu-us-apac-row-ch/pf100_k100_a030,AF-pf100_k100_a030,af-eu-us-apac-row-ch,AF-first,pf100_k100_a030,clean_objective_stage2,1,1,0.3,11,0.6721281118,apac,one_start_only,apac,APAC,2035,147.7803643
af-eu-us-apac-row-ch/pf100_k100_a030,AF-pf100_k100_a030,af-eu-us-apac-row-ch,AF-first,pf100_k100_a030,clean_objective_stage2,1,1,0.3,11,0.6721281118,apac,one_start_only,row,ROW,2035,207.2129996
af-eu-us-apac-row-ch/pf100_k100_a030,AF-pf100_k100_a030,af-eu-us-apac-row-ch,AF-first,pf100_k100_a030,clean_objective_stage2,1,1,0.3,11,0.6721281118,apac,one_start_only,ch,China,2040,86.65125741
af-eu-us-apac-row-ch/pf100_k100_a030,AF-pf100_k100_a030,af-eu-us-apac-row-ch,AF-first,pf100_k100_a030,clean_objective_stage2,1,1,0.3,11,0.6721281118,apac,one_start_only,af,Africa,2040,309.3135402
af-eu-us-apac-row-ch/pf100_k100_a030,AF-pf100_k100_a030,af-eu-us-apac-row-ch,AF-first,pf100_k100_a030,clean_objective_stage2,1,1,0.3,11,0.6721281118,apac,one_start_only,eu,EU,2040,243.6346811
af-eu-us-apac-row-ch/pf100_k100_a030,AF-pf100_k100_a030,af-eu-us-apac-row-ch,AF-first,pf100_k100_a030,clean_objective_stage2,1,1,0.3,11,0.6721281118,apac,one_start_only,us,US,2040,226.9448055
af-eu-us-apac-row-ch/pf100_k100_a030,AF-pf100_k100_a030,af-eu-us-apac-row-ch,AF-first,pf100_k100_a030,clean_objective_stage2,1,1,0.3,11,0.6721281118,apac,one_start_only,apac,APAC,2040,99.41154669
af-eu-us-apac-row-ch/pf100_k100_a030,AF-pf100_k100_a030,af-eu-us-apac-row-ch,AF-first,pf100_k100_a030,clean_objective_stage2,1,1,0.3,11,0.6721281118,apac,one_start_only,row,ROW,2040,181.1513713
af-eu-us-apac-row-ch/pf100_k100_a040,AF-pf100_k100_a040,af-eu-us-apac-row-ch,AF-first,pf100_k100_a040,clean_objective_stage2,1,1,0.4,8,0.9534369516,us,one_start_only,ch,China,2025,163.324
af-eu-us-apac-row-ch/pf100_k100_a040,AF-pf100_k100_a040,af-eu-us-apac-row-ch,AF-first,pf100_k100_a040,clean_objective_stage2,1,1,0.4,8,0.9534369516,us,one_start_only,af,Africa,2025,371.8172243
af-eu-us-apac-row-ch/pf100_k100_a040,AF-pf100_k100_a040,af-eu-us-apac-row-ch,AF-first,pf100_k100_a040,clean_objective_stage2,1,1,0.4,8,0.9534369516,us,one_start_only,eu,EU,2025,379.4142801
af-eu-us-apac-row-ch/pf100_k100_a040,AF-pf100_k100_a040,af-eu-us-apac-row-ch,AF-first,pf100_k100_a040,clean_objective_stage2,1,1,0.4,8,0.9534369516,us,one_start_only,us,US,2025,319.887203
af-eu-us-apac-row-ch/pf100_k100_a040,AF-pf100_k100_a040,af-eu-us-apac-row-ch,AF-first,pf100_k100_a040,clean_objective_stage2,1,1,0.4,8,0.9534369516,us,one_start_only,apac,APAC,2025,251.9530944
af-eu-us-apac-row-ch/pf100_k100_a040,AF-pf100_k100_a040,af-eu-us-apac-row-ch,AF-first,pf100_k100_a040,clean_objective_stage2,1,1,0.4,8,0.9534369516,us,one_start_only,row,ROW,2025,314.6308902
af-eu-us-apac-row-ch/pf100_k100_a040,AF-pf100_k100_a040,af-eu-us-apac-row-ch,AF-first,pf100_k100_a040,clean_objective_stage2,1,1,0.4,8,0.9534369516,us,one_start_only,ch,China,2030,107.7909238
af-eu-us-apac-row-ch/pf100_k100_a040,AF-pf100_k100_a040,af-eu-us-apac-row-ch,AF-first,pf100_k100_a040,clean_objective_stage2,1,1,0.4,8,0.9534369516,us,one_start_only,af,Africa,2030,300.691588
af-eu-us-apac-row-ch/pf100_k100_a040,AF-pf100_k100_a040,af-eu-us-apac-row-ch,AF-first,pf100_k100_a040,clean_objective_stage2,1,1,0.4,8,0.9534369516,us,one_start_only,eu,EU,2030,329.7308839
af-eu-us-apac-row-ch/pf100_k100_a040,AF-pf100_k100_a040,af-eu-us-apac-row-ch,AF-first,pf100_k100_a040,clean_objective_stage2,1,1,0.4,8,0.9534369516,us,one_start_only,us,US,2030,285.0987745
af-eu-us-apac-row-ch/pf100_k100_a040,AF-pf100_k100_a040,af-eu-us-apac-row-ch,AF-first,pf100_k100_a040,clean_objective_stage2,1,1,0.4,8,0.9534369516,us,one_start_only,apac,APAC,2030,218.4864383
af-eu-us-apac-row-ch/pf100_k100_a040,AF-pf100_k100_a040,af-eu-us-apac-row-ch,AF-first,pf100_k100_a040,clean_objective_stage2,1,1,0.4,8,0.9534369516,us,one_start_only,row,ROW,2030,232.9639583
af-eu-us-apac-row-ch/pf100_k100_a040,AF-pf100_k100_a040,af-eu-us-apac-row-ch,AF-first,pf100_k100_a040,clean_objective_stage2,1,1,0.4,8,0.9534369516,us,one_start_only,ch,China,2035,95.90883301
af-eu-us-apac-row-ch/pf100_k100_a040,AF-pf100_k100_a040,af-eu-us-apac-row-ch,AF-first,pf100_k100_a040,clean_objective_stage2,1,1,0.4,8,0.9534369516,us,one_start_only,af,Africa,2035,268.9459847
af-eu-us-apac-row-ch/pf100_k100_a040,AF-pf100_k100_a040,af-eu-us-apac-row-ch,AF-first,pf100_k100_a040,clean_objective_stage2,1,1,0.4,8,0.9534369516,us,one_start_only,eu,EU,2035,261.093377
af-eu-us-apac-row-ch/pf100_k100_a040,AF-pf100_k100_a040,af-eu-us-apac-row-ch,AF-first,pf100_k100_a040,clean_objective_stage2,1,1,0.4,8,0.9534369516,us,one_start_only,us,US,2035,245.2710195
af-eu-us-apac-row-ch/pf100_k100_a040,AF-pf100_k100_a040,af-eu-us-apac-row-ch,AF-first,pf100_k100_a040,clean_objective_stage2,1,1,0.4,8,0.9534369516,us,one_start_only,apac,APAC,2035,119.5804609
af-eu-us-apac-row-ch/pf100_k100_a040,AF-pf100_k100_a040,af-eu-us-apac-row-ch,AF-first,pf100_k100_a040,clean_objective_stage2,1,1,0.4,8,0.9534369516,us,one_start_only,row,ROW,2035,207.2237963
af-eu-us-apac-row-ch/pf100_k100_a040,AF-pf100_k100_a040,af-eu-us-apac-row-ch,AF-first,pf100_k100_a040,clean_objective_stage2,1,1,0.4,8,0.9534369516,us,one_start_only,ch,China,2040,86.65125734
af-eu-us-apac-row-ch/pf100_k100_a040,AF-pf100_k100_a040,af-eu-us-apac-row-ch,AF-first,pf100_k100_a040,clean_objective_stage2,1,1,0.4,8,0.9534369516,us,one_start_only,af,Africa,2040,170.1331243
af-eu-us-apac-row-ch/pf100_k100_a040,AF-pf100_k100_a040,af-eu-us-apac-row-ch,AF-first,pf100_k100_a040,clean_objective_stage2,1,1,0.4,8,0.9534369516,us,one_start_only,eu,EU,2040,222.3841292
af-eu-us-apac-row-ch/pf100_k100_a040,AF-pf100_k100_a040,af-eu-us-apac-row-ch,AF-first,pf100_k100_a040,clean_objective_stage2,1,1,0.4,8,0.9534369516,us,one_start_only,us,US,2040,216.4962732
af-eu-us-apac-row-ch/pf100_k100_a040,AF-pf100_k100_a040,af-eu-us-apac-row-ch,AF-first,pf100_k100_a040,clean_objective_stage2,1,1,0.4,8,0.9534369516,us,one_start_only,apac,APAC,2040,99.41154579
af-eu-us-apac-row-ch/pf100_k100_a040,AF-pf100_k100_a040,af-eu-us-apac-row-ch,AF-first,pf100_k100_a040,clean_objective_stage2,1,1,0.4,8,0.9534369516,us,one_start_only,row,ROW,2040,230.7831547
af-eu-us-apac-row-ch/pf120_k050_a030,AF-pf120_k050_a030,af-eu-us-apac-row-ch,AF-first,pf120_k050_a030,clean_objective_stage2,1.2,0.5,0.3,8,0.6549033438,apac,one_start_only,ch,China,2025,163.324
af-eu-us-apac-row-ch/pf120_k050_a030,AF-pf120_k050_a030,af-eu-us-apac-row-ch,AF-first,pf120_k050_a030,clean_objective_stage2,1.2,0.5,0.3,8,0.6549033438,apac,one_start_only,af,Africa,2025,371.0901704
af-eu-us-apac-row-ch/pf120_k050_a030,AF-pf120_k050_a030,af-eu-us-apac-row-ch,AF-first,pf120_k050_a030,clean_objective_stage2,1.2,0.5,0.3,8,0.6549033438,apac,one_start_only,eu,EU,2025,312.8044206
af-eu-us-apac-row-ch/pf120_k050_a030,AF-pf120_k050_a030,af-eu-us-apac-row-ch,AF-first,pf120_k050_a030,clean_objective_stage2,1.2,0.5,0.3,8,0.6549033438,apac,one_start_only,us,US,2025,319.4052329
af-eu-us-apac-row-ch/pf120_k050_a030,AF-pf120_k050_a030,af-eu-us-apac-row-ch,AF-first,pf120_k050_a030,clean_objective_stage2,1.2,0.5,0.3,8,0.6549033438,apac,one_start_only,apac,APAC,2025,256.4266965
af-eu-us-apac-row-ch/pf120_k050_a030,AF-pf120_k050_a030,af-eu-us-apac-row-ch,AF-first,pf120_k050_a030,clean_objective_stage2,1.2,0.5,0.3,8,0.6549033438,apac,one_start_only,row,ROW,2025,315.5620538
af-eu-us-apac-row-ch/pf120_k050_a030,AF-pf120_k050_a030,af-eu-us-apac-row-ch,AF-first,pf120_k050_a030,clean_objective_stage2,1.2,0.5,0.3,8,0.6549033438,apac,one_start_only,ch,China,2030,107.7909238
af-eu-us-apac-row-ch/pf120_k050_a030,AF-pf120_k050_a030,af-eu-us-apac-row-ch,AF-first,pf120_k050_a030,clean_objective_stage2,1.2,0.5,0.3,8,0.6549033438,apac,one_start_only,af,Africa,2030,279.1722263
af-eu-us-apac-row-ch/pf120_k050_a030,AF-pf120_k050_a030,af-eu-us-apac-row-ch,AF-first,pf120_k050_a030,clean_objective_stage2,1.2,0.5,0.3,8,0.6549033438,apac,one_start_only,eu,EU,2030,240.9437105
af-eu-us-apac-row-ch/pf120_k050_a030,AF-pf120_k050_a030,af-eu-us-apac-row-ch,AF-first,pf120_k050_a030,clean_objective_stage2,1.2,0.5,0.3,8,0.6549033438,apac,one_start_only,us,US,2030,235.8552733
af-eu-us-apac-row-ch/pf120_k050_a030,AF-pf120_k050_a030,af-eu-us-apac-row-ch,AF-first,pf120_k050_a030,clean_objective_stage2,1.2,0.5,0.3,8,0.6549033438,apac,one_start_only,apac,APAC,2030,162.9137914
af-eu-us-apac-row-ch/pf120_k050_a030,AF-pf120_k050_a030,af-eu-us-apac-row-ch,AF-first,pf120_k050_a030,clean_objective_stage2,1.2,0.5,0.3,8,0.6549033438,apac,one_start_only,row,ROW,2030,227.4439172
af-eu-us-apac-row-ch/pf120_k050_a030,AF-pf120_k050_a030,af-eu-us-apac-row-ch,AF-first,pf120_k050_a030,clean_objective_stage2,1.2,0.5,0.3,8,0.6549033438,apac,one_start_only,ch,China,2035,95.908833
af-eu-us-apac-row-ch/pf120_k050_a030,AF-pf120_k050_a030,af-eu-us-apac-row-ch,AF-first,pf120_k050_a030,clean_objective_stage2,1.2,0.5,0.3,8,0.6549033438,apac,one_start_only,af,Africa,2035,257.7995376
af-eu-us-apac-row-ch/pf120_k050_a030,AF-pf120_k050_a030,af-eu-us-apac-row-ch,AF-first,pf120_k050_a030,clean_objective_stage2,1.2,0.5,0.3,8,0.6549033438,apac,one_start_only,eu,EU,2035,226.3256785
af-eu-us-apac-row-ch/pf120_k050_a030,AF-pf120_k050_a030,af-eu-us-apac-row-ch,AF-first,pf120_k050_a030,clean_objective_stage2,1.2,0.5,0.3,8,0.6549033438,apac,one_start_only,us,US,2035,245.4855488
af-eu-us-apac-row-ch/pf120_k050_a030,AF-pf120_k050_a030,af-eu-us-apac-row-ch,AF-first,pf120_k050_a030,clean_objective_stage2,1.2,0.5,0.3,8,0.6549033438,apac,one_start_only,apac,APAC,2035,161.7348015
af-eu-us-apac-row-ch/pf120_k050_a030,AF-pf120_k050_a030,af-eu-us-apac-row-ch,AF-first,pf120_k050_a030,clean_objective_stage2,1.2,0.5,0.3,8,0.6549033438,apac,one_start_only,row,ROW,2035,207.2150375
af-eu-us-apac-row-ch/pf120_k050_a030,AF-pf120_k050_a030,af-eu-us-apac-row-ch,AF-first,pf120_k050_a030,clean_objective_stage2,1.2,0.5,0.3,8,0.6549033438,apac,one_start_only,ch,China,2040,86.65125721
af-eu-us-apac-row-ch/pf120_k050_a030,AF-pf120_k050_a030,af-eu-us-apac-row-ch,AF-first,pf120_k050_a030,clean_objective_stage2,1.2,0.5,0.3,8,0.6549033438,apac,one_start_only,af,Africa,2040,227.5382206
af-eu-us-apac-row-ch/pf120_k050_a030,AF-pf120_k050_a030,af-eu-us-apac-row-ch,AF-first,pf120_k050_a030,clean_objective_stage2,1.2,0.5,0.3,8,0.6549033438,apac,one_start_only,eu,EU,2040,218.8821948
af-eu-us-apac-row-ch/pf120_k050_a030,AF-pf120_k050_a030,af-eu-us-apac-row-ch,AF-first,pf120_k050_a030,clean_objective_stage2,1.2,0.5,0.3,8,0.6549033438,apac,one_start_only,us,US,2040,211.0062094
af-eu-us-apac-row-ch/pf120_k050_a030,AF-pf120_k050_a030,af-eu-us-apac-row-ch,AF-first,pf120_k050_a030,clean_objective_stage2,1.2,0.5,0.3,8,0.6549033438,apac,one_start_only,apac,APAC,2040,150.9548177
af-eu-us-apac-row-ch/pf120_k050_a030,AF-pf120_k050_a030,af-eu-us-apac-row-ch,AF-first,pf120_k050_a030,clean_objective_stage2,1.2,0.5,0.3,8,0.6549033438,apac,one_start_only,row,ROW,2040,187.1889385
af-eu-us-apac-row-ch/pf120_k100_a030,AF-pf120_k100_a030,af-eu-us-apac-row-ch,AF-first,pf120_k100_a030,clean_objective_stage2,1.2,1,0.3,5,0.7855083891,us,one_start_only,ch,China,2025,163.324
af-eu-us-apac-row-ch/pf120_k100_a030,AF-pf120_k100_a030,af-eu-us-apac-row-ch,AF-first,pf120_k100_a030,clean_objective_stage2,1.2,1,0.3,5,0.7855083891,us,one_start_only,af,Africa,2025,321.9459739
af-eu-us-apac-row-ch/pf120_k100_a030,AF-pf120_k100_a030,af-eu-us-apac-row-ch,AF-first,pf120_k100_a030,clean_objective_stage2,1.2,1,0.3,5,0.7855083891,us,one_start_only,eu,EU,2025,286.2714671
af-eu-us-apac-row-ch/pf120_k100_a030,AF-pf120_k100_a030,af-eu-us-apac-row-ch,AF-first,pf120_k100_a030,clean_objective_stage2,1.2,1,0.3,5,0.7855083891,us,one_start_only,us,US,2025,307.1366145
af-eu-us-apac-row-ch/pf120_k100_a030,AF-pf120_k100_a030,af-eu-us-apac-row-ch,AF-first,pf120_k100_a030,clean_objective_stage2,1.2,1,0.3,5,0.7855083891,us,one_start_only,apac,APAC,2025,261.0667401
af-eu-us-apac-row-ch/pf120_k100_a030,AF-pf120_k100_a030,af-eu-us-apac-row-ch,AF-first,pf120_k100_a030,clean_objective_stage2,1.2,1,0.3,5,0.7855083891,us,one_start_only,row,ROW,2025,319.9793166
af-eu-us-apac-row-ch/pf120_k100_a030,AF-pf120_k100_a030,af-eu-us-apac-row-ch,AF-first,pf120_k100_a030,clean_objective_stage2,1.2,1,0.3,5,0.7855083891,us,one_start_only,ch,China,2030,107.7909238
af-eu-us-apac-row-ch/pf120_k100_a030,AF-pf120_k100_a030,af-eu-us-apac-row-ch,AF-first,pf120_k100_a030,clean_objective_stage2,1.2,1,0.3,5,0.7855083891,us,one_start_only,af,Africa,2030,236.8202399
af-eu-us-apac-row-ch/pf120_k100_a030,AF-pf120_k100_a030,af-eu-us-apac-row-ch,AF-first,pf120_k100_a030,clean_objective_stage2,1.2,1,0.3,5,0.7855083891,us,one_start_only,eu,EU,2030,268.0139468
af-eu-us-apac-row-ch/pf120_k100_a030,AF-pf120_k100_a030,af-eu-us-apac-row-ch,AF-first,pf120_k100_a030,clean_objective_stage2,1.2,1,0.3,5,0.7855083891,us,one_start_only,us,US,2030,262.9969682
af-eu-us-apac-row-ch/pf120_k100_a030,AF-pf120_k100_a030,af-eu-us-apac-row-ch,AF-first,pf120_k100_a030,clean_objective_stage2,1.2,1,0.3,5,0.7855083891,us,one_start_only,apac,APAC,2030,218.3678401
af-eu-us-apac-row-ch/pf120_k100_a030,AF-pf120_k100_a030,af-eu-us-apac-row-ch,AF-first,pf120_k100_a030,clean_objective_stage2,1.2,1,0.3,5,0.7855083891,us,one_start_only,row,ROW,2030,225.251713
af-eu-us-apac-row-ch/pf120_k100_a030,AF-pf120_k100_a030,af-eu-us-apac-row-ch,AF-first,pf120_k100_a030,clean_objective_stage2,1.2,1,0.3,5,0.7855083891,us,one_start_only,ch,China,2035,95.90883302
af-eu-us-apac-row-ch/pf120_k100_a030,AF-pf120_k100_a030,af-eu-us-apac-row-ch,AF-first,pf120_k100_a030,clean_objective_stage2,1.2,1,0.3,5,0.7855083891,us,one_start_only,af,Africa,2035,241.1063244
af-eu-us-apac-row-ch/pf120_k100_a030,AF-pf120_k100_a030,af-eu-us-apac-row-ch,AF-first,pf120_k100_a030,clean_objective_stage2,1.2,1,0.3,5,0.7855083891,us,one_start_only,eu,EU,2035,228.3042926
af-eu-us-apac-row-ch/pf120_k100_a030,AF-pf120_k100_a030,af-eu-us-apac-row-ch,AF-first,pf120_k100_a030,clean_objective_stage2,1.2,1,0.3,5,0.7855083891,us,one_start_only,us,US,2035,217.6688509
af-eu-us-apac-row-ch/pf120_k100_a030,AF-pf120_k100_a030,af-eu-us-apac-row-ch,AF-first,pf120_k100_a030,clean_objective_stage2,1.2,1,0.3,5,0.7855083891,us,one_start_only,apac,APAC,2035,170.6251409
af-eu-us-apac-row-ch/pf120_k100_a030,AF-pf120_k100_a030,af-eu-us-apac-row-ch,AF-first,pf120_k100_a030,clean_objective_stage2,1.2,1,0.3,5,0.7855083891,us,one_start_only,row,ROW,2035,207.2612588
af-eu-us-apac-row-ch/pf120_k100_a030,AF-pf120_k100_a030,af-eu-us-apac-row-ch,AF-first,pf120_k100_a030,clean_objective_stage2,1.2,1,0.3,5,0.7855083891,us,one_start_only,ch,China,2040,86.6512572
af-eu-us-apac-row-ch/pf120_k100_a030,AF-pf120_k100_a030,af-eu-us-apac-row-ch,AF-first,pf120_k100_a030,clean_objective_stage2,1.2,1,0.3,5,0.7855083891,us,one_start_only,af,Africa,2040,166.9544907
af-eu-us-apac-row-ch/pf120_k100_a030,AF-pf120_k100_a030,af-eu-us-apac-row-ch,AF-first,pf120_k100_a030,clean_objective_stage2,1.2,1,0.3,5,0.7855083891,us,one_start_only,eu,EU,2040,202.5526189
af-eu-us-apac-row-ch/pf120_k100_a030,AF-pf120_k100_a030,af-eu-us-apac-row-ch,AF-first,pf120_k100_a030,clean_objective_stage2,1.2,1,0.3,5,0.7855083891,us,one_start_only,us,US,2040,177.3935146
af-eu-us-apac-row-ch/pf120_k100_a030,AF-pf120_k100_a030,af-eu-us-apac-row-ch,AF-first,pf120_k100_a030,clean_objective_stage2,1.2,1,0.3,5,0.7855083891,us,one_start_only,apac,APAC,2040,126.040461
af-eu-us-apac-row-ch/pf120_k100_a030,AF-pf120_k100_a030,af-eu-us-apac-row-ch,AF-first,pf120_k100_a030,clean_objective_stage2,1.2,1,0.3,5,0.7855083891,us,one_start_only,row,ROW,2040,180.2283383
af-eu-us-apac-row-ch/pf120_k100_a040,AF-pf120_k100_a040,af-eu-us-apac-row-ch,AF-first,pf120_k100_a040,clean_objective_stage2,1.2,1,0.4,7,0.8148040141,us,one_start_only,ch,China,2025,163.324
af-eu-us-apac-row-ch/pf120_k100_a040,AF-pf120_k100_a040,af-eu-us-apac-row-ch,AF-first,pf120_k100_a040,clean_objective_stage2,1.2,1,0.4,7,0.8148040141,us,one_start_only,af,Africa,2025,392.1901376
af-eu-us-apac-row-ch/pf120_k100_a040,AF-pf120_k100_a040,af-eu-us-apac-row-ch,AF-first,pf120_k100_a040,clean_objective_stage2,1.2,1,0.4,7,0.8148040141,us,one_start_only,eu,EU,2025,342.5430519
af-eu-us-apac-row-ch/pf120_k100_a040,AF-pf120_k100_a040,af-eu-us-apac-row-ch,AF-first,pf120_k100_a040,clean_objective_stage2,1.2,1,0.4,7,0.8148040141,us,one_start_only,us,US,2025,318.6203096
af-eu-us-apac-row-ch/pf120_k100_a040,AF-pf120_k100_a040,af-eu-us-apac-row-ch,AF-first,pf120_k100_a040,clean_objective_stage2,1.2,1,0.4,7,0.8148040141,us,one_start_only,apac,APAC,2025,252.6385866
af-eu-us-apac-row-ch/pf120_k100_a040,AF-pf120_k100_a040,af-eu-us-apac-row-ch,AF-first,pf120_k100_a040,clean_objective_stage2,1.2,1,0.4,7,0.8148040141,us,one_start_only,row,ROW,2025,348.4999234
af-eu-us-apac-row-ch/pf120_k100_a040,AF-pf120_k100_a040,af-eu-us-apac-row-ch,AF-first,pf120_k100_a040,clean_objective_stage2,1.2,1,0.4,7,0.8148040141,us,one_start_only,ch,China,2030,107.7909239
af-eu-us-apac-row-ch/pf120_k100_a040,AF-pf120_k100_a040,af-eu-us-apac-row-ch,AF-first,pf120_k100_a040,clean_objective_stage2,1.2,1,0.4,7,0.8148040141,us,one_start_only,af,Africa,2030,322.9276838
af-eu-us-apac-row-ch/pf120_k100_a040,AF-pf120_k100_a040,af-eu-us-apac-row-ch,AF-first,pf120_k100_a040,clean_objective_stage2,1.2,1,0.4,7,0.8148040141,us,one_start_only,eu,EU,2030,323.5541754
af-eu-us-apac-row-ch/pf120_k100_a040,AF-pf120_k100_a040,af-eu-us-apac-row-ch,AF-first,pf120_k100_a040,clean_objective_stage2,1.2,1,0.4,7,0.8148040141,us,one_start_only,us,US,2030,270.815056
af-eu-us-apac-row-ch/pf120_k100_a040,AF-pf120_k100_a040,af-eu-us-apac-row-ch,AF-first,pf120_k100_a040,clean_objective_stage2,1.2,1,0.4,7,0.8148040141,us,one_start_only,apac,APAC,2030,234.327065
af-eu-us-apac-row-ch/pf120_k100_a040,AF-pf120_k100_a040,af-eu-us-apac-row-ch,AF-first,pf120_k100_a040,clean_objective_stage2,1.2,1,0.4,7,0.8148040141,us,one_start_only,row,ROW,2030,290.9627812
af-eu-us-apac-row-ch/pf120_k100_a040,AF-pf120_k100_a040,af-eu-us-apac-row-ch,AF-first,pf120_k100_a040,clean_objective_stage2,1.2,1,0.4,7,0.8148040141,us,one_start_only,ch,China,2035,95.90883302
af-eu-us-apac-row-ch/pf120_k100_a040,AF-pf120_k100_a040,af-eu-us-apac-row-ch,AF-first,pf120_k100_a040,clean_objective_stage2,1.2,1,0.4,7,0.8148040141,us,one_start_only,af,Africa,2035,247.9314405
af-eu-us-apac-row-ch/pf120_k100_a040,AF-pf120_k100_a040,af-eu-us-apac-row-ch,AF-first,pf120_k100_a040,clean_objective_stage2,1.2,1,0.4,7,0.8148040141,us,one_start_only,eu,EU,2035,244.7977657
af-eu-us-apac-row-ch/pf120_k100_a040,AF-pf120_k100_a040,af-eu-us-apac-row-ch,AF-first,pf120_k100_a040,clean_objective_stage2,1.2,1,0.4,7,0.8148040141,us,one_start_only,us,US,2035,253.3526923
af-eu-us-apac-row-ch/pf120_k100_a040,AF-pf120_k100_a040,af-eu-us-apac-row-ch,AF-first,pf120_k100_a040,clean_objective_stage2,1.2,1,0.4,7,0.8148040141,us,one_start_only,apac,APAC,2035,151.7811759
af-eu-us-apac-row-ch/pf120_k100_a040,AF-pf120_k100_a040,af-eu-us-apac-row-ch,AF-first,pf120_k100_a040,clean_objective_stage2,1.2,1,0.4,7,0.8148040141,us,one_start_only,row,ROW,2035,206.7604253
af-eu-us-apac-row-ch/pf120_k100_a040,AF-pf120_k100_a040,af-eu-us-apac-row-ch,AF-first,pf120_k100_a040,clean_objective_stage2,1.2,1,0.4,7,0.8148040141,us,one_start_only,ch,China,2040,86.65125722
af-eu-us-apac-row-ch/pf120_k100_a040,AF-pf120_k100_a040,af-eu-us-apac-row-ch,AF-first,pf120_k100_a040,clean_objective_stage2,1.2,1,0.4,7,0.8148040141,us,one_start_only,af,Africa,2040,195.9499041
af-eu-us-apac-row-ch/pf120_k100_a040,AF-pf120_k100_a040,af-eu-us-apac-row-ch,AF-first,pf120_k100_a040,clean_objective_stage2,1.2,1,0.4,7,0.8148040141,us,one_start_only,eu,EU,2040,189.1344045
af-eu-us-apac-row-ch/pf120_k100_a040,AF-pf120_k100_a040,af-eu-us-apac-row-ch,AF-first,pf120_k100_a040,clean_objective_stage2,1.2,1,0.4,7,0.8148040141,us,one_start_only,us,US,2040,211.9495643
af-eu-us-apac-row-ch/pf120_k100_a040,AF-pf120_k100_a040,af-eu-us-apac-row-ch,AF-first,pf120_k100_a040,clean_objective_stage2,1.2,1,0.4,7,0.8148040141,us,one_start_only,apac,APAC,2040,118.1834468
af-eu-us-apac-row-ch/pf120_k100_a040,AF-pf120_k100_a040,af-eu-us-apac-row-ch,AF-first,pf120_k100_a040,clean_objective_stage2,1.2,1,0.4,7,0.8148040141,us,one_start_only,row,ROW,2040,186.8857646
eu-us-af-row-apac-ch/pf080_k050_a030,EU-pf080_k050_a030,eu-us-af-row-apac-ch,EU-first,pf080_k050_a030,clean_objective_stage2,0.8,0.5,0.3,7,0.7425827198,apac,one_start_only,ch,China,2025,163.324
eu-us-af-row-apac-ch/pf080_k050_a030,EU-pf080_k050_a030,eu-us-af-row-apac-ch,EU-first,pf080_k050_a030,clean_objective_stage2,0.8,0.5,0.3,7,0.7425827198,apac,one_start_only,af,Africa,2025,294.7272788
eu-us-af-row-apac-ch/pf080_k050_a030,EU-pf080_k050_a030,eu-us-af-row-apac-ch,EU-first,pf080_k050_a030,clean_objective_stage2,0.8,0.5,0.3,7,0.7425827198,apac,one_start_only,eu,EU,2025,255.7051833
eu-us-af-row-apac-ch/pf080_k050_a030,EU-pf080_k050_a030,eu-us-af-row-apac-ch,EU-first,pf080_k050_a030,clean_objective_stage2,0.8,0.5,0.3,7,0.7425827198,apac,one_start_only,us,US,2025,296.2474409
eu-us-af-row-apac-ch/pf080_k050_a030,EU-pf080_k050_a030,eu-us-af-row-apac-ch,EU-first,pf080_k050_a030,clean_objective_stage2,0.8,0.5,0.3,7,0.7425827198,apac,one_start_only,apac,APAC,2025,242.4079848
eu-us-af-row-apac-ch/pf080_k050_a030,EU-pf080_k050_a030,eu-us-af-row-apac-ch,EU-first,pf080_k050_a030,clean_objective_stage2,0.8,0.5,0.3,7,0.7425827198,apac,one_start_only,row,ROW,2025,346.5246697
eu-us-af-row-apac-ch/pf080_k050_a030,EU-pf080_k050_a030,eu-us-af-row-apac-ch,EU-first,pf080_k050_a030,clean_objective_stage2,0.8,0.5,0.3,7,0.7425827198,apac,one_start_only,ch,China,2030,107.7909238
eu-us-af-row-apac-ch/pf080_k050_a030,EU-pf080_k050_a030,eu-us-af-row-apac-ch,EU-first,pf080_k050_a030,clean_objective_stage2,0.8,0.5,0.3,7,0.7425827198,apac,one_start_only,af,Africa,2030,235.0478651
eu-us-af-row-apac-ch/pf080_k050_a030,EU-pf080_k050_a030,eu-us-af-row-apac-ch,EU-first,pf080_k050_a030,clean_objective_stage2,0.8,0.5,0.3,7,0.7425827198,apac,one_start_only,eu,EU,2030,190.9942148
eu-us-af-row-apac-ch/pf080_k050_a030,EU-pf080_k050_a030,eu-us-af-row-apac-ch,EU-first,pf080_k050_a030,clean_objective_stage2,0.8,0.5,0.3,7,0.7425827198,apac,one_start_only,us,US,2030,191.5874647
eu-us-af-row-apac-ch/pf080_k050_a030,EU-pf080_k050_a030,eu-us-af-row-apac-ch,EU-first,pf080_k050_a030,clean_objective_stage2,0.8,0.5,0.3,7,0.7425827198,apac,one_start_only,apac,APAC,2030,129.7736911
eu-us-af-row-apac-ch/pf080_k050_a030,EU-pf080_k050_a030,eu-us-af-row-apac-ch,EU-first,pf080_k050_a030,clean_objective_stage2,0.8,0.5,0.3,7,0.7425827198,apac,one_start_only,row,ROW,2030,211.6609466
eu-us-af-row-apac-ch/pf080_k050_a030,EU-pf080_k050_a030,eu-us-af-row-apac-ch,EU-first,pf080_k050_a030,clean_objective_stage2,0.8,0.5,0.3,7,0.7425827198,apac,one_start_only,ch,China,2035,95.90883305
eu-us-af-row-apac-ch/pf080_k050_a030,EU-pf080_k050_a030,eu-us-af-row-apac-ch,EU-first,pf080_k050_a030,clean_objective_stage2,0.8,0.5,0.3,7,0.7425827198,apac,one_start_only,af,Africa,2035,257.2666028
eu-us-af-row-apac-ch/pf080_k050_a030,EU-pf080_k050_a030,eu-us-af-row-apac-ch,EU-first,pf080_k050_a030,clean_objective_stage2,0.8,0.5,0.3,7,0.7425827198,apac,one_start_only,eu,EU,2035,242.4267459
eu-us-af-row-apac-ch/pf080_k050_a030,EU-pf080_k050_a030,eu-us-af-row-apac-ch,EU-first,pf080_k050_a030,clean_objective_stage2,0.8,0.5,0.3,7,0.7425827198,apac,one_start_only,us,US,2035,236.2706041
eu-us-af-row-apac-ch/pf080_k050_a030,EU-pf080_k050_a030,eu-us-af-row-apac-ch,EU-first,pf080_k050_a030,clean_objective_stage2,0.8,0.5,0.3,7,0.7425827198,apac,one_start_only,apac,APAC,2035,172.3672198
eu-us-af-row-apac-ch/pf080_k050_a030,EU-pf080_k050_a030,eu-us-af-row-apac-ch,EU-first,pf080_k050_a030,clean_objective_stage2,0.8,0.5,0.3,7,0.7425827198,apac,one_start_only,row,ROW,2035,207.2850606
eu-us-af-row-apac-ch/pf080_k050_a030,EU-pf080_k050_a030,eu-us-af-row-apac-ch,EU-first,pf080_k050_a030,clean_objective_stage2,0.8,0.5,0.3,7,0.7425827198,apac,one_start_only,ch,China,2040,86.65125721
eu-us-af-row-apac-ch/pf080_k050_a030,EU-pf080_k050_a030,eu-us-af-row-apac-ch,EU-first,pf080_k050_a030,clean_objective_stage2,0.8,0.5,0.3,7,0.7425827198,apac,one_start_only,af,Africa,2040,207.9163577
eu-us-af-row-apac-ch/pf080_k050_a030,EU-pf080_k050_a030,eu-us-af-row-apac-ch,EU-first,pf080_k050_a030,clean_objective_stage2,0.8,0.5,0.3,7,0.7425827198,apac,one_start_only,eu,EU,2040,231.9928742
eu-us-af-row-apac-ch/pf080_k050_a030,EU-pf080_k050_a030,eu-us-af-row-apac-ch,EU-first,pf080_k050_a030,clean_objective_stage2,0.8,0.5,0.3,7,0.7425827198,apac,one_start_only,us,US,2040,214.6467259
eu-us-af-row-apac-ch/pf080_k050_a030,EU-pf080_k050_a030,eu-us-af-row-apac-ch,EU-first,pf080_k050_a030,clean_objective_stage2,0.8,0.5,0.3,7,0.7425827198,apac,one_start_only,apac,APAC,2040,152.4042982
eu-us-af-row-apac-ch/pf080_k050_a030,EU-pf080_k050_a030,eu-us-af-row-apac-ch,EU-first,pf080_k050_a030,clean_objective_stage2,0.8,0.5,0.3,7,0.7425827198,apac,one_start_only,row,ROW,2040,187.2499219
eu-us-af-row-apac-ch/pf080_k050_a040,EU-pf080_k050_a040,eu-us-af-row-apac-ch,EU-first,pf080_k050_a040,clean_objective_stage2,0.8,0.5,0.4,8,0.9802010152,us,one_start_only,ch,China,2025,163.3166
eu-us-af-row-apac-ch/pf080_k050_a040,EU-pf080_k050_a040,eu-us-af-row-apac-ch,EU-first,pf080_k050_a040,clean_objective_stage2,0.8,0.5,0.4,8,0.9802010152,us,one_start_only,af,Africa,2025,319.6987225
eu-us-af-row-apac-ch/pf080_k050_a040,EU-pf080_k050_a040,eu-us-af-row-apac-ch,EU-first,pf080_k050_a040,clean_objective_stage2,0.8,0.5,0.4,8,0.9802010152,us,one_start_only,eu,EU,2025,355.9922832
eu-us-af-row-apac-ch/pf080_k050_a040,EU-pf080_k050_a040,eu-us-af-row-apac-ch,EU-first,pf080_k050_a040,clean_objective_stage2,0.8,0.5,0.4,8,0.9802010152,us,one_start_only,us,US,2025,293.9342815
eu-us-af-row-apac-ch/pf080_k050_a040,EU-pf080_k050_a040,eu-us-af-row-apac-ch,EU-first,pf080_k050_a040,clean_objective_stage2,0.8,0.5,0.4,8,0.9802010152,us,one_start_only,apac,APAC,2025,189.0615248
eu-us-af-row-apac-ch/pf080_k050_a040,EU-pf080_k050_a040,eu-us-af-row-apac-ch,EU-first,pf080_k050_a040,clean_objective_stage2,0.8,0.5,0.4,8,0.9802010152,us,one_start_only,row,ROW,2025,350.8302398
eu-us-af-row-apac-ch/pf080_k050_a040,EU-pf080_k050_a040,eu-us-af-row-apac-ch,EU-first,pf080_k050_a040,clean_objective_stage2,0.8,0.5,0.4,8,0.9802010152,us,one_start_only,ch,China,2030,107.7909239
eu-us-af-row-apac-ch/pf080_k050_a040,EU-pf080_k050_a040,eu-us-af-row-apac-ch,EU-first,pf080_k050_a040,clean_objective_stage2,0.8,0.5,0.4,8,0.9802010152,us,one_start_only,af,Africa,2030,358.1309745
eu-us-af-row-apac-ch/pf080_k050_a040,EU-pf080_k050_a040,eu-us-af-row-apac-ch,EU-first,pf080_k050_a040,clean_objective_stage2,0.8,0.5,0.4,8,0.9802010152,us,one_start_only,eu,EU,2030,262.9222279
eu-us-af-row-apac-ch/pf080_k050_a040,EU-pf080_k050_a040,eu-us-af-row-apac-ch,EU-first,pf080_k050_a040,clean_objective_stage2,0.8,0.5,0.4,8,0.9802010152,us,one_start_only,us,US,2030,375.9767604
eu-us-af-row-apac-ch/pf080_k050_a040,EU-pf080_k050_a040,eu-us-af-row-apac-ch,EU-first,pf080_k050_a040,clean_objective_stage2,0.8,0.5,0.4,8,0.9802010152,us,one_start_only,apac,APAC,2030,201.9104727
eu-us-af-row-apac-ch/pf080_k050_a040,EU-pf080_k050_a040,eu-us-af-row-apac-ch,EU-first,pf080_k050_a040,clean_objective_stage2,0.8,0.5,0.4,8,0.9802010152,us,one_start_only,row,ROW,2030,232.9648319
eu-us-af-row-apac-ch/pf080_k050_a040,EU-pf080_k050_a040,eu-us-af-row-apac-ch,EU-first,pf080_k050_a040,clean_objective_stage2,0.8,0.5,0.4,8,0.9802010152,us,one_start_only,ch,China,2035,95.90883308
eu-us-af-row-apac-ch/pf080_k050_a040,EU-pf080_k050_a040,eu-us-af-row-apac-ch,EU-first,pf080_k050_a040,clean_objective_stage2,0.8,0.5,0.4,8,0.9802010152,us,one_start_only,af,Africa,2035,324.2149523
eu-us-af-row-apac-ch/pf080_k050_a040,EU-pf080_k050_a040,eu-us-af-row-apac-ch,EU-first,pf080_k050_a040,clean_objective_stage2,0.8,0.5,0.4,8,0.9802010152,us,one_start_only,eu,EU,2035,257.4643495
eu-us-af-row-apac-ch/pf080_k050_a040,EU-pf080_k050_a040,eu-us-af-row-apac-ch,EU-first,pf080_k050_a040,clean_objective_stage2,0.8,0.5,0.4,8,0.9802010152,us,one_start_only,us,US,2035,236.3410167
eu-us-af-row-apac-ch/pf080_k050_a040,EU-pf080_k050_a040,eu-us-af-row-apac-ch,EU-first,pf080_k050_a040,clean_objective_stage2,0.8,0.5,0.4,8,0.9802010152,us,one_start_only,apac,APAC,2035,136.4243758
eu-us-af-row-apac-ch/pf080_k050_a040,EU-pf080_k050_a040,eu-us-af-row-apac-ch,EU-first,pf080_k050_a040,clean_objective_stage2,0.8,0.5,0.4,8,0.9802010152,us,one_start_only,row,ROW,2035,207.230444
eu-us-af-row-apac-ch/pf080_k050_a040,EU-pf080_k050_a040,eu-us-af-row-apac-ch,EU-first,pf080_k050_a040,clean_objective_stage2,0.8,0.5,0.4,8,0.9802010152,us,one_start_only,ch,China,2040,86.65125741
eu-us-af-row-apac-ch/pf080_k050_a040,EU-pf080_k050_a040,eu-us-af-row-apac-ch,EU-first,pf080_k050_a040,clean_objective_stage2,0.8,0.5,0.4,8,0.9802010152,us,one_start_only,af,Africa,2040,239.7868441
eu-us-af-row-apac-ch/pf080_k050_a040,EU-pf080_k050_a040,eu-us-af-row-apac-ch,EU-first,pf080_k050_a040,clean_objective_stage2,0.8,0.5,0.4,8,0.9802010152,us,one_start_only,eu,EU,2040,239.8596318
eu-us-af-row-apac-ch/pf080_k050_a040,EU-pf080_k050_a040,eu-us-af-row-apac-ch,EU-first,pf080_k050_a040,clean_objective_stage2,0.8,0.5,0.4,8,0.9802010152,us,one_start_only,us,US,2040,251.9091827
eu-us-af-row-apac-ch/pf080_k050_a040,EU-pf080_k050_a040,eu-us-af-row-apac-ch,EU-first,pf080_k050_a040,clean_objective_stage2,0.8,0.5,0.4,8,0.9802010152,us,one_start_only,apac,APAC,2040,99.41154589
eu-us-af-row-apac-ch/pf080_k050_a040,EU-pf080_k050_a040,eu-us-af-row-apac-ch,EU-first,pf080_k050_a040,clean_objective_stage2,0.8,0.5,0.4,8,0.9802010152,us,one_start_only,row,ROW,2040,230.1689592
eu-us-af-row-apac-ch/pf100_k050_a030,EU-pf100_k050_a030,eu-us-af-row-apac-ch,EU-first,pf100_k050_a030,clean_objective_stage2,1,0.5,0.3,11,0.7338125163,apac,one_start_only,ch,China,2025,163.324
eu-us-af-row-apac-ch/pf100_k050_a030,EU-pf100_k050_a030,eu-us-af-row-apac-ch,EU-first,pf100_k050_a030,clean_objective_stage2,1,0.5,0.3,11,0.7338125163,apac,one_start_only,af,Africa,2025,357.2671875
eu-us-af-row-apac-ch/pf100_k050_a030,EU-pf100_k050_a030,eu-us-af-row-apac-ch,EU-first,pf100_k050_a030,clean_objective_stage2,1,0.5,0.3,11,0.7338125163,apac,one_start_only,eu,EU,2025,362.5351002
eu-us-af-row-apac-ch/pf100_k050_a030,EU-pf100_k050_a030,eu-us-af-row-apac-ch,EU-first,pf100_k050_a030,clean_objective_stage2,1,0.5,0.3,11,0.7338125163,apac,one_start_only,us,US,2025,381.2799811
eu-us-af-row-apac-ch/pf100_k050_a030,EU-pf100_k050_a030,eu-us-af-row-apac-ch,EU-first,pf100_k050_a030,clean_objective_stage2,1,0.5,0.3,11,0.7338125163,apac,one_start_only,apac,APAC,2025,243.3574981
eu-us-af-row-apac-ch/pf100_k050_a030,EU-pf100_k050_a030,eu-us-af-row-apac-ch,EU-first,pf100_k050_a030,clean_objective_stage2,1,0.5,0.3,11,0.7338125163,apac,one_start_only,row,ROW,2025,353.4176
eu-us-af-row-apac-ch/pf100_k050_a030,EU-pf100_k050_a030,eu-us-af-row-apac-ch,EU-first,pf100_k050_a030,clean_objective_stage2,1,0.5,0.3,11,0.7338125163,apac,one_start_only,ch,China,2030,107.7909238
eu-us-af-row-apac-ch/pf100_k050_a030,EU-pf100_k050_a030,eu-us-af-row-apac-ch,EU-first,pf100_k050_a030,clean_objective_stage2,1,0.5,0.3,11,0.7338125163,apac,one_start_only,af,Africa,2030,271.2757502
eu-us-af-row-apac-ch/pf100_k050_a030,EU-pf100_k050_a030,eu-us-af-row-apac-ch,EU-first,pf100_k050_a030,clean_objective_stage2,1,0.5,0.3,11,0.7338125163,apac,one_start_only,eu,EU,2030,234.0857147
eu-us-af-row-apac-ch/pf100_k050_a030,EU-pf100_k050_a030,eu-us-af-row-apac-ch,EU-first,pf100_k050_a030,clean_objective_stage2,1,0.5,0.3,11,0.7338125163,apac,one_start_only,us,US,2030,300.8554367
eu-us-af-row-apac-ch/pf100_k050_a030,EU-pf100_k050_a030,eu-us-af-row-apac-ch,EU-first,pf100_k050_a030,clean_objective_stage2,1,0.5,0.3,11,0.7338125163,apac,one_start_only,apac,APAC,2030,144.729913
eu-us-af-row-apac-ch/pf100_k050_a030,EU-pf100_k050_a030,eu-us-af-row-apac-ch,EU-first,pf100_k050_a030,clean_objective_stage2,1,0.5,0.3,11,0.7338125163,apac,one_start_only,row,ROW,2030,232.9742154
eu-us-af-row-apac-ch/pf100_k050_a030,EU-pf100_k050_a030,eu-us-af-row-apac-ch,EU-first,pf100_k050_a030,clean_objective_stage2,1,0.5,0.3,11,0.7338125163,apac,one_start_only,ch,China,2035,95.90883327
eu-us-af-row-apac-ch/pf100_k050_a030,EU-pf100_k050_a030,eu-us-af-row-apac-ch,EU-first,pf100_k050_a030,clean_objective_stage2,1,0.5,0.3,11,0.7338125163,apac,one_start_only,af,Africa,2035,240.7516229
eu-us-af-row-apac-ch/pf100_k050_a030,EU-pf100_k050_a030,eu-us-af-row-apac-ch,EU-first,pf100_k050_a030,clean_objective_stage2,1,0.5,0.3,11,0.7338125163,apac,one_start_only,eu,EU,2035,234.6085183
eu-us-af-row-apac-ch/pf100_k050_a030,EU-pf100_k050_a030,eu-us-af-row-apac-ch,EU-first,pf100_k050_a030,clean_objective_stage2,1,0.5,0.3,11,0.7338125163,apac,one_start_only,us,US,2035,225.3741845
eu-us-af-row-apac-ch/pf100_k050_a030,EU-pf100_k050_a030,eu-us-af-row-apac-ch,EU-first,pf100_k050_a030,clean_objective_stage2,1,0.5,0.3,11,0.7338125163,apac,one_start_only,apac,APAC,2035,110.0152079
eu-us-af-row-apac-ch/pf100_k050_a030,EU-pf100_k050_a030,eu-us-af-row-apac-ch,EU-first,pf100_k050_a030,clean_objective_stage2,1,0.5,0.3,11,0.7338125163,apac,one_start_only,row,ROW,2035,212.6873611
eu-us-af-row-apac-ch/pf100_k050_a030,EU-pf100_k050_a030,eu-us-af-row-apac-ch,EU-first,pf100_k050_a030,clean_objective_stage2,1,0.5,0.3,11,0.7338125163,apac,one_start_only,ch,China,2040,86.65125739
eu-us-af-row-apac-ch/pf100_k050_a030,EU-pf100_k050_a030,eu-us-af-row-apac-ch,EU-first,pf100_k050_a030,clean_objective_stage2,1,0.5,0.3,11,0.7338125163,apac,one_start_only,af,Africa,2040,268.5258157
eu-us-af-row-apac-ch/pf100_k050_a030,EU-pf100_k050_a030,eu-us-af-row-apac-ch,EU-first,pf100_k050_a030,clean_objective_stage2,1,0.5,0.3,11,0.7338125163,apac,one_start_only,eu,EU,2040,274.7276652
eu-us-af-row-apac-ch/pf100_k050_a030,EU-pf100_k050_a030,eu-us-af-row-apac-ch,EU-first,pf100_k050_a030,clean_objective_stage2,1,0.5,0.3,11,0.7338125163,apac,one_start_only,us,US,2040,217.8700746
eu-us-af-row-apac-ch/pf100_k050_a030,EU-pf100_k050_a030,eu-us-af-row-apac-ch,EU-first,pf100_k050_a030,clean_objective_stage2,1,0.5,0.3,11,0.7338125163,apac,one_start_only,apac,APAC,2040,99.41154582
eu-us-af-row-apac-ch/pf100_k050_a030,EU-pf100_k050_a030,eu-us-af-row-apac-ch,EU-first,pf100_k050_a030,clean_objective_stage2,1,0.5,0.3,11,0.7338125163,apac,one_start_only,row,ROW,2040,255.5752452
eu-us-af-row-apac-ch/pf100_k050_a040,EU-pf100_k050_a040,eu-us-af-row-apac-ch,EU-first,pf100_k050_a040,clean_objective_stage2,1,0.5,0.4,6,0.8074026701,apac,one_start_only,ch,China,2025,163.324
eu-us-af-row-apac-ch/pf100_k050_a040,EU-pf100_k050_a040,eu-us-af-row-apac-ch,EU-first,pf100_k050_a040,clean_objective_stage2,1,0.5,0.4,6,0.8074026701,apac,one_start_only,af,Africa,2025,320.9118482
eu-us-af-row-apac-ch/pf100_k050_a040,EU-pf100_k050_a040,eu-us-af-row-apac-ch,EU-first,pf100_k050_a040,clean_objective_stage2,1,0.5,0.4,6,0.8074026701,apac,one_start_only,eu,EU,2025,318.3266496
eu-us-af-row-apac-ch/pf100_k050_a040,EU-pf100_k050_a040,eu-us-af-row-apac-ch,EU-first,pf100_k050_a040,clean_objective_stage2,1,0.5,0.4,6,0.8074026701,apac,one_start_only,us,US,2025,316.9860186
eu-us-af-row-apac-ch/pf100_k050_a040,EU-pf100_k050_a040,eu-us-af-row-apac-ch,EU-first,pf100_k050_a040,clean_objective_stage2,1,0.5,0.4,6,0.8074026701,apac,one_start_only,apac,APAC,2025,284.004173
eu-us-af-row-apac-ch/pf100_k050_a040,EU-pf100_k050_a040,eu-us-af-row-apac-ch,EU-first,pf100_k050_a040,clean_objective_stage2,1,0.5,0.4,6,0.8074026701,apac,one_start_only,row,ROW,2025,326.727772
eu-us-af-row-apac-ch/pf100_k050_a040,EU-pf100_k050_a040,eu-us-af-row-apac-ch,EU-first,pf100_k050_a040,clean_objective_stage2,1,0.5,0.4,6,0.8074026701,apac,one_start_only,ch,China,2030,107.7909238
eu-us-af-row-apac-ch/pf100_k050_a040,EU-pf100_k050_a040,eu-us-af-row-apac-ch,EU-first,pf100_k050_a040,clean_objective_stage2,1,0.5,0.4,6,0.8074026701,apac,one_start_only,af,Africa,2030,288.3107729
eu-us-af-row-apac-ch/pf100_k050_a040,EU-pf100_k050_a040,eu-us-af-row-apac-ch,EU-first,pf100_k050_a040,clean_objective_stage2,1,0.5,0.4,6,0.8074026701,apac,one_start_only,eu,EU,2030,309.1437696
eu-us-af-row-apac-ch/pf100_k050_a040,EU-pf100_k050_a040,eu-us-af-row-apac-ch,EU-first,pf100_k050_a040,clean_objective_stage2,1,0.5,0.4,6,0.8074026701,apac,one_start_only,us,US,2030,323.8916618
eu-us-af-row-apac-ch/pf100_k050_a040,EU-pf100_k050_a040,eu-us-af-row-apac-ch,EU-first,pf100_k050_a040,clean_objective_stage2,1,0.5,0.4,6,0.8074026701,apac,one_start_only,apac,APAC,2030,237.1706058
eu-us-af-row-apac-ch/pf100_k050_a040,EU-pf100_k050_a040,eu-us-af-row-apac-ch,EU-first,pf100_k050_a040,clean_objective_stage2,1,0.5,0.4,6,0.8074026701,apac,one_start_only,row,ROW,2030,232.9977218
eu-us-af-row-apac-ch/pf100_k050_a040,EU-pf100_k050_a040,eu-us-af-row-apac-ch,EU-first,pf100_k050_a040,clean_objective_stage2,1,0.5,0.4,6,0.8074026701,apac,one_start_only,ch,China,2035,95.90883303
eu-us-af-row-apac-ch/pf100_k050_a040,EU-pf100_k050_a040,eu-us-af-row-apac-ch,EU-first,pf100_k050_a040,clean_objective_stage2,1,0.5,0.4,6,0.8074026701,apac,one_start_only,af,Africa,2035,290.7125562
eu-us-af-row-apac-ch/pf100_k050_a040,EU-pf100_k050_a040,eu-us-af-row-apac-ch,EU-first,pf100_k050_a040,clean_objective_stage2,1,0.5,0.4,6,0.8074026701,apac,one_start_only,eu,EU,2035,241.9443631
eu-us-af-row-apac-ch/pf100_k050_a040,EU-pf100_k050_a040,eu-us-af-row-apac-ch,EU-first,pf100_k050_a040,clean_objective_stage2,1,0.5,0.4,6,0.8074026701,apac,one_start_only,us,US,2035,180.3337357
eu-us-af-row-apac-ch/pf100_k050_a040,EU-pf100_k050_a040,eu-us-af-row-apac-ch,EU-first,pf100_k050_a040,clean_objective_stage2,1,0.5,0.4,6,0.8074026701,apac,one_start_only,apac,APAC,2035,119.0431516
eu-us-af-row-apac-ch/pf100_k050_a040,EU-pf100_k050_a040,eu-us-af-row-apac-ch,EU-first,pf100_k050_a040,clean_objective_stage2,1,0.5,0.4,6,0.8074026701,apac,one_start_only,row,ROW,2035,207.2850608
eu-us-af-row-apac-ch/pf100_k050_a040,EU-pf100_k050_a040,eu-us-af-row-apac-ch,EU-first,pf100_k050_a040,clean_objective_stage2,1,0.5,0.4,6,0.8074026701,apac,one_start_only,ch,China,2040,86.6512573
eu-us-af-row-apac-ch/pf100_k050_a040,EU-pf100_k050_a040,eu-us-af-row-apac-ch,EU-first,pf100_k050_a040,clean_objective_stage2,1,0.5,0.4,6,0.8074026701,apac,one_start_only,af,Africa,2040,197.4237128
eu-us-af-row-apac-ch/pf100_k050_a040,EU-pf100_k050_a040,eu-us-af-row-apac-ch,EU-first,pf100_k050_a040,clean_objective_stage2,1,0.5,0.4,6,0.8074026701,apac,one_start_only,eu,EU,2040,262.9028812
eu-us-af-row-apac-ch/pf100_k050_a040,EU-pf100_k050_a040,eu-us-af-row-apac-ch,EU-first,pf100_k050_a040,clean_objective_stage2,1,0.5,0.4,6,0.8074026701,apac,one_start_only,us,US,2040,223.589366
eu-us-af-row-apac-ch/pf100_k050_a040,EU-pf100_k050_a040,eu-us-af-row-apac-ch,EU-first,pf100_k050_a040,clean_objective_stage2,1,0.5,0.4,6,0.8074026701,apac,one_start_only,apac,APAC,2040,123.4182629
eu-us-af-row-apac-ch/pf100_k050_a040,EU-pf100_k050_a040,eu-us-af-row-apac-ch,EU-first,pf100_k050_a040,clean_objective_stage2,1,0.5,0.4,6,0.8074026701,apac,one_start_only,row,ROW,2040,187.1744323
eu-us-af-row-apac-ch/pf100_k100_a030,EU-pf100_k100_a030,eu-us-af-row-apac-ch,EU-first,pf100_k100_a030,clean_objective_stage2,1,1,0.3,10,0.7834637819,apac,one_start_only,ch,China,2025,163.324
eu-us-af-row-apac-ch/pf100_k100_a030,EU-pf100_k100_a030,eu-us-af-row-apac-ch,EU-first,pf100_k100_a030,clean_objective_stage2,1,1,0.3,10,0.7834637819,apac,one_start_only,af,Africa,2025,357.5246344
eu-us-af-row-apac-ch/pf100_k100_a030,EU-pf100_k100_a030,eu-us-af-row-apac-ch,EU-first,pf100_k100_a030,clean_objective_stage2,1,1,0.3,10,0.7834637819,apac,one_start_only,eu,EU,2025,359.0538145
eu-us-af-row-apac-ch/pf100_k100_a030,EU-pf100_k100_a030,eu-us-af-row-apac-ch,EU-first,pf100_k100_a030,clean_objective_stage2,1,1,0.3,10,0.7834637819,apac,one_start_only,us,US,2025,346.1611783
eu-us-af-row-apac-ch/pf100_k100_a030,EU-pf100_k100_a030,eu-us-af-row-apac-ch,EU-first,pf100_k100_a030,clean_objective_stage2,1,1,0.3,10,0.7834637819,apac,one_start_only,apac,APAC,2025,312.8590187
eu-us-af-row-apac-ch/pf100_k100_a030,EU-pf100_k100_a030,eu-us-af-row-apac-ch,EU-first,pf100_k100_a030,clean_objective_stage2,1,1,0.3,10,0.7834637819,apac,one_start_only,row,ROW,2025,352.8181157
eu-us-af-row-apac-ch/pf100_k100_a030,EU-pf100_k100_a030,eu-us-af-row-apac-ch,EU-first,pf100_k100_a030,clean_objective_stage2,1,1,0.3,10,0.7834637819,apac,one_start_only,ch,China,2030,107.7909238
eu-us-af-row-apac-ch/pf100_k100_a030,EU-pf100_k100_a030,eu-us-af-row-apac-ch,EU-first,pf100_k100_a030,clean_objective_stage2,1,1,0.3,10,0.7834637819,apac,one_start_only,af,Africa,2030,347.5110778
eu-us-af-row-apac-ch/pf100_k100_a030,EU-pf100_k100_a030,eu-us-af-row-apac-ch,EU-first,pf100_k100_a030,clean_objective_stage2,1,1,0.3,10,0.7834637819,apac,one_start_only,eu,EU,2030,337.7289343
eu-us-af-row-apac-ch/pf100_k100_a030,EU-pf100_k100_a030,eu-us-af-row-apac-ch,EU-first,pf100_k100_a030,clean_objective_stage2,1,1,0.3,10,0.7834637819,apac,one_start_only,us,US,2030,338.0925994
eu-us-af-row-apac-ch/pf100_k100_a030,EU-pf100_k100_a030,eu-us-af-row-apac-ch,EU-first,pf100_k100_a030,clean_objective_stage2,1,1,0.3,10,0.7834637819,apac,one_start_only,apac,APAC,2030,227.5096047
eu-us-af-row-apac-ch/pf100_k100_a030,EU-pf100_k100_a030,eu-us-af-row-apac-ch,EU-first,pf100_k100_a030,clean_objective_stage2,1,1,0.3,10,0.7834637819,apac,one_start_only,row,ROW,2030,232.9827013
eu-us-af-row-apac-ch/pf100_k100_a030,EU-pf100_k100_a030,eu-us-af-row-apac-ch,EU-first,pf100_k100_a030,clean_objective_stage2,1,1,0.3,10,0.7834637819,apac,one_start_only,ch,China,2035,95.90883309
eu-us-af-row-apac-ch/pf100_k100_a030,EU-pf100_k100_a030,eu-us-af-row-apac-ch,EU-first,pf100_k100_a030,clean_objective_stage2,1,1,0.3,10,0.7834637819,apac,one_start_only,af,Africa,2035,276.9539298
eu-us-af-row-apac-ch/pf100_k100_a030,EU-pf100_k100_a030,eu-us-af-row-apac-ch,EU-first,pf100_k100_a030,clean_objective_stage2,1,1,0.3,10,0.7834637819,apac,one_start_only,eu,EU,2035,253.1100662
eu-us-af-row-apac-ch/pf100_k100_a030,EU-pf100_k100_a030,eu-us-af-row-apac-ch,EU-first,pf100_k100_a030,clean_objective_stage2,1,1,0.3,10,0.7834637819,apac,one_start_only,us,US,2035,231.2427007
eu-us-af-row-apac-ch/pf100_k100_a030,EU-pf100_k100_a030,eu-us-af-row-apac-ch,EU-first,pf100_k100_a030,clean_objective_stage2,1,1,0.3,10,0.7834637819,apac,one_start_only,apac,APAC,2035,110.015208
eu-us-af-row-apac-ch/pf100_k100_a030,EU-pf100_k100_a030,eu-us-af-row-apac-ch,EU-first,pf100_k100_a030,clean_objective_stage2,1,1,0.3,10,0.7834637819,apac,one_start_only,row,ROW,2035,207.2850632
eu-us-af-row-apac-ch/pf100_k100_a030,EU-pf100_k100_a030,eu-us-af-row-apac-ch,EU-first,pf100_k100_a030,clean_objective_stage2,1,1,0.3,10,0.7834637819,apac,one_start_only,ch,China,2040,86.65125722
eu-us-af-row-apac-ch/pf100_k100_a030,EU-pf100_k100_a030,eu-us-af-row-apac-ch,EU-first,pf100_k100_a030,clean_objective_stage2,1,1,0.3,10,0.7834637819,apac,one_start_only,af,Africa,2040,189.2558587
eu-us-af-row-apac-ch/pf100_k100_a030,EU-pf100_k100_a030,eu-us-af-row-apac-ch,EU-first,pf100_k100_a030,clean_objective_stage2,1,1,0.3,10,0.7834637819,apac,one_start_only,eu,EU,2040,180.6561802
eu-us-af-row-apac-ch/pf100_k100_a030,EU-pf100_k100_a030,eu-us-af-row-apac-ch,EU-first,pf100_k100_a030,clean_objective_stage2,1,1,0.3,10,0.7834637819,apac,one_start_only,us,US,2040,199.3898713
eu-us-af-row-apac-ch/pf100_k100_a030,EU-pf100_k100_a030,eu-us-af-row-apac-ch,EU-first,pf100_k100_a030,clean_objective_stage2,1,1,0.3,10,0.7834637819,apac,one_start_only,apac,APAC,2040,116.6437394
eu-us-af-row-apac-ch/pf100_k100_a030,EU-pf100_k100_a030,eu-us-af-row-apac-ch,EU-first,pf100_k100_a030,clean_objective_stage2,1,1,0.3,10,0.7834637819,apac,one_start_only,row,ROW,2040,187.1803853
eu-us-af-row-apac-ch/pf100_k100_a040,EU-pf100_k100_a040,eu-us-af-row-apac-ch,EU-first,pf100_k100_a040,clean_objective_stage2,1,1,0.4,11,0.4543591126,row,one_start_only,ch,China,2025,163.324
eu-us-af-row-apac-ch/pf100_k100_a040,EU-pf100_k100_a040,eu-us-af-row-apac-ch,EU-first,pf100_k100_a040,clean_objective_stage2,1,1,0.4,11,0.4543591126,row,one_start_only,af,Africa,2025,361.5095837
eu-us-af-row-apac-ch/pf100_k100_a040,EU-pf100_k100_a040,eu-us-af-row-apac-ch,EU-first,pf100_k100_a040,clean_objective_stage2,1,1,0.4,11,0.4543591126,row,one_start_only,eu,EU,2025,338.2625748
eu-us-af-row-apac-ch/pf100_k100_a040,EU-pf100_k100_a040,eu-us-af-row-apac-ch,EU-first,pf100_k100_a040,clean_objective_stage2,1,1,0.4,11,0.4543591126,row,one_start_only,us,US,2025,361.7980321
eu-us-af-row-apac-ch/pf100_k100_a040,EU-pf100_k100_a040,eu-us-af-row-apac-ch,EU-first,pf100_k100_a040,clean_objective_stage2,1,1,0.4,11,0.4543591126,row,one_start_only,apac,APAC,2025,347.9967741
eu-us-af-row-apac-ch/pf100_k100_a040,EU-pf100_k100_a040,eu-us-af-row-apac-ch,EU-first,pf100_k100_a040,clean_objective_stage2,1,1,0.4,11,0.4543591126,row,one_start_only,row,ROW,2025,348.7566464
eu-us-af-row-apac-ch/pf100_k100_a040,EU-pf100_k100_a040,eu-us-af-row-apac-ch,EU-first,pf100_k100_a040,clean_objective_stage2,1,1,0.4,11,0.4543591126,row,one_start_only,ch,China,2030,107.7909254
eu-us-af-row-apac-ch/pf100_k100_a040,EU-pf100_k100_a040,eu-us-af-row-apac-ch,EU-first,pf100_k100_a040,clean_objective_stage2,1,1,0.4,11,0.4543591126,row,one_start_only,af,Africa,2030,311.1914245
eu-us-af-row-apac-ch/pf100_k100_a040,EU-pf100_k100_a040,eu-us-af-row-apac-ch,EU-first,pf100_k100_a040,clean_objective_stage2,1,1,0.4,11,0.4543591126,row,one_start_only,eu,EU,2030,322.2861858
eu-us-af-row-apac-ch/pf100_k100_a040,EU-pf100_k100_a040,eu-us-af-row-apac-ch,EU-first,pf100_k100_a040,clean_objective_stage2,1,1,0.4,11,0.4543591126,row,one_start_only,us,US,2030,301.0331197
eu-us-af-row-apac-ch/pf100_k100_a040,EU-pf100_k100_a040,eu-us-af-row-apac-ch,EU-first,pf100_k100_a040,clean_objective_stage2,1,1,0.4,11,0.4543591126,row,one_start_only,apac,APAC,2030,192.6758051
eu-us-af-row-apac-ch/pf100_k100_a040,EU-pf100_k100_a040,eu-us-af-row-apac-ch,EU-first,pf100_k100_a040,clean_objective_stage2,1,1,0.4,11,0.4543591126,row,one_start_only,row,ROW,2030,232.9587974
eu-us-af-row-apac-ch/pf100_k100_a040,EU-pf100_k100_a040,eu-us-af-row-apac-ch,EU-first,pf100_k100_a040,clean_objective_stage2,1,1,0.4,11,0.4543591126,row,one_start_only,ch,China,2035,95.90883301
eu-us-af-row-apac-ch/pf100_k100_a040,EU-pf100_k100_a040,eu-us-af-row-apac-ch,EU-first,pf100_k100_a040,clean_objective_stage2,1,1,0.4,11,0.4543591126,row,one_start_only,af,Africa,2035,254.6031663
eu-us-af-row-apac-ch/pf100_k100_a040,EU-pf100_k100_a040,eu-us-af-row-apac-ch,EU-first,pf100_k100_a040,clean_objective_stage2,1,1,0.4,11,0.4543591126,row,one_start_only,eu,EU,2035,258.4563296
eu-us-af-row-apac-ch/pf100_k100_a040,EU-pf100_k100_a040,eu-us-af-row-apac-ch,EU-first,pf100_k100_a040,clean_objective_stage2,1,1,0.4,11,0.4543591126,row,one_start_only,us,US,2035,206.9990787
eu-us-af-row-apac-ch/pf100_k100_a040,EU-pf100_k100_a040,eu-us-af-row-apac-ch,EU-first,pf100_k100_a040,clean_objective_stage2,1,1,0.4,11,0.4543591126,row,one_start_only,apac,APAC,2035,110.0152084
eu-us-af-row-apac-ch/pf100_k100_a040,EU-pf100_k100_a040,eu-us-af-row-apac-ch,EU-first,pf100_k100_a040,clean_objective_stage2,1,1,0.4,11,0.4543591126,row,one_start_only,row,ROW,2035,175.872701
eu-us-af-row-apac-ch/pf100_k100_a040,EU-pf100_k100_a040,eu-us-af-row-apac-ch,EU-first,pf100_k100_a040,clean_objective_stage2,1,1,0.4,11,0.4543591126,row,one_start_only,ch,China,2040,86.6512573
eu-us-af-row-apac-ch/pf100_k100_a040,EU-pf100_k100_a040,eu-us-af-row-apac-ch,EU-first,pf100_k100_a040,clean_objective_stage2,1,1,0.4,11,0.4543591126,row,one_start_only,af,Africa,2040,248.6250537
eu-us-af-row-apac-ch/pf100_k100_a040,EU-pf100_k100_a040,eu-us-af-row-apac-ch,EU-first,pf100_k100_a040,clean_objective_stage2,1,1,0.4,11,0.4543591126,row,one_start_only,eu,EU,2040,291.4541994
eu-us-af-row-apac-ch/pf100_k100_a040,EU-pf100_k100_a040,eu-us-af-row-apac-ch,EU-first,pf100_k100_a040,clean_objective_stage2,1,1,0.4,11,0.4543591126,row,one_start_only,us,US,2040,250.3385329
eu-us-af-row-apac-ch/pf100_k100_a040,EU-pf100_k100_a040,eu-us-af-row-apac-ch,EU-first,pf100_k100_a040,clean_objective_stage2,1,1,0.4,11,0.4543591126,row,one_start_only,apac,APAC,2040,99.41154578
eu-us-af-row-apac-ch/pf100_k100_a040,EU-pf100_k100_a040,eu-us-af-row-apac-ch,EU-first,pf100_k100_a040,clean_objective_stage2,1,1,0.4,11,0.4543591126,row,one_start_only,row,ROW,2040,261.5775777
eu-us-af-row-apac-ch/pf120_k050_a030,EU-pf120_k050_a030,eu-us-af-row-apac-ch,EU-first,pf120_k050_a030,clean_objective_stage2,1.2,0.5,0.3,9,0.4966557727,apac,one_start_only,ch,China,2025,163.324
eu-us-af-row-apac-ch/pf120_k050_a030,EU-pf120_k050_a030,eu-us-af-row-apac-ch,EU-first,pf120_k050_a030,clean_objective_stage2,1.2,0.5,0.3,9,0.4966557727,apac,one_start_only,af,Africa,2025,446.1124023
eu-us-af-row-apac-ch/pf120_k050_a030,EU-pf120_k050_a030,eu-us-af-row-apac-ch,EU-first,pf120_k050_a030,clean_objective_stage2,1.2,0.5,0.3,9,0.4966557727,apac,one_start_only,eu,EU,2025,349.8737234
eu-us-af-row-apac-ch/pf120_k050_a030,EU-pf120_k050_a030,eu-us-af-row-apac-ch,EU-first,pf120_k050_a030,clean_objective_stage2,1.2,0.5,0.3,9,0.4966557727,apac,one_start_only,us,US,2025,321.1478195
eu-us-af-row-apac-ch/pf120_k050_a030,EU-pf120_k050_a030,eu-us-af-row-apac-ch,EU-first,pf120_k050_a030,clean_objective_stage2,1.2,0.5,0.3,9,0.4966557727,apac,one_start_only,apac,APAC,2025,294.1991591
eu-us-af-row-apac-ch/pf120_k050_a030,EU-pf120_k050_a030,eu-us-af-row-apac-ch,EU-first,pf120_k050_a030,clean_objective_stage2,1.2,0.5,0.3,9,0.4966557727,apac,one_start_only,row,ROW,2025,352.3452603
eu-us-af-row-apac-ch/pf120_k050_a030,EU-pf120_k050_a030,eu-us-af-row-apac-ch,EU-first,pf120_k050_a030,clean_objective_stage2,1.2,0.5,0.3,9,0.4966557727,apac,one_start_only,ch,China,2030,107.7909238
eu-us-af-row-apac-ch/pf120_k050_a030,EU-pf120_k050_a030,eu-us-af-row-apac-ch,EU-first,pf120_k050_a030,clean_objective_stage2,1.2,0.5,0.3,9,0.4966557727,apac,one_start_only,af,Africa,2030,283.4940944
eu-us-af-row-apac-ch/pf120_k050_a030,EU-pf120_k050_a030,eu-us-af-row-apac-ch,EU-first,pf120_k050_a030,clean_objective_stage2,1.2,0.5,0.3,9,0.4966557727,apac,one_start_only,eu,EU,2030,197.2798728
eu-us-af-row-apac-ch/pf120_k050_a030,EU-pf120_k050_a030,eu-us-af-row-apac-ch,EU-first,pf120_k050_a030,clean_objective_stage2,1.2,0.5,0.3,9,0.4966557727,apac,one_start_only,us,US,2030,242.5190635
eu-us-af-row-apac-ch/pf120_k050_a030,EU-pf120_k050_a030,eu-us-af-row-apac-ch,EU-first,pf120_k050_a030,clean_objective_stage2,1.2,0.5,0.3,9,0.4966557727,apac,one_start_only,apac,APAC,2030,153.5241037
eu-us-af-row-apac-ch/pf120_k050_a030,EU-pf120_k050_a030,eu-us-af-row-apac-ch,EU-first,pf120_k050_a030,clean_objective_stage2,1.2,0.5,0.3,9,0.4966557727,apac,one_start_only,row,ROW,2030,252.080134
eu-us-af-row-apac-ch/pf120_k050_a030,EU-pf120_k050_a030,eu-us-af-row-apac-ch,EU-first,pf120_k050_a030,clean_objective_stage2,1.2,0.5,0.3,9,0.4966557727,apac,one_start_only,ch,China,2035,95.90883308
eu-us-af-row-apac-ch/pf120_k050_a030,EU-pf120_k050_a030,eu-us-af-row-apac-ch,EU-first,pf120_k050_a030,clean_objective_stage2,1.2,0.5,0.3,9,0.4966557727,apac,one_start_only,af,Africa,2035,258.0094742
eu-us-af-row-apac-ch/pf120_k050_a030,EU-pf120_k050_a030,eu-us-af-row-apac-ch,EU-first,pf120_k050_a030,clean_objective_stage2,1.2,0.5,0.3,9,0.4966557727,apac,one_start_only,eu,EU,2035,211.7169282
eu-us-af-row-apac-ch/pf120_k050_a030,EU-pf120_k050_a030,eu-us-af-row-apac-ch,EU-first,pf120_k050_a030,clean_objective_stage2,1.2,0.5,0.3,9,0.4966557727,apac,one_start_only,us,US,2035,261.9636246
eu-us-af-row-apac-ch/pf120_k050_a030,EU-pf120_k050_a030,eu-us-af-row-apac-ch,EU-first,pf120_k050_a030,clean_objective_stage2,1.2,0.5,0.3,9,0.4966557727,apac,one_start_only,apac,APAC,2035,169.1634577
eu-us-af-row-apac-ch/pf120_k050_a030,EU-pf120_k050_a030,eu-us-af-row-apac-ch,EU-first,pf120_k050_a030,clean_objective_stage2,1.2,0.5,0.3,9,0.4966557727,apac,one_start_only,row,ROW,2035,205.6113899
eu-us-af-row-apac-ch/pf120_k050_a030,EU-pf120_k050_a030,eu-us-af-row-apac-ch,EU-first,pf120_k050_a030,clean_objective_stage2,1.2,0.5,0.3,9,0.4966557727,apac,one_start_only,ch,China,2040,86.65125724
eu-us-af-row-apac-ch/pf120_k050_a030,EU-pf120_k050_a030,eu-us-af-row-apac-ch,EU-first,pf120_k050_a030,clean_objective_stage2,1.2,0.5,0.3,9,0.4966557727,apac,one_start_only,af,Africa,2040,213.8263139
eu-us-af-row-apac-ch/pf120_k050_a030,EU-pf120_k050_a030,eu-us-af-row-apac-ch,EU-first,pf120_k050_a030,clean_objective_stage2,1.2,0.5,0.3,9,0.4966557727,apac,one_start_only,eu,EU,2040,211.3515015
eu-us-af-row-apac-ch/pf120_k050_a030,EU-pf120_k050_a030,eu-us-af-row-apac-ch,EU-first,pf120_k050_a030,clean_objective_stage2,1.2,0.5,0.3,9,0.4966557727,apac,one_start_only,us,US,2040,168.7670252
eu-us-af-row-apac-ch/pf120_k050_a030,EU-pf120_k050_a030,eu-us-af-row-apac-ch,EU-first,pf120_k050_a030,clean_objective_stage2,1.2,0.5,0.3,9,0.4966557727,apac,one_start_only,apac,APAC,2040,121.0004344
eu-us-af-row-apac-ch/pf120_k050_a030,EU-pf120_k050_a030,eu-us-af-row-apac-ch,EU-first,pf120_k050_a030,clean_objective_stage2,1.2,0.5,0.3,9,0.4966557727,apac,one_start_only,row,ROW,2040,201.3538237
eu-us-af-row-apac-ch/pf120_k050_a040,EU-pf120_k050_a040,eu-us-af-row-apac-ch,EU-first,pf120_k050_a040,clean_objective_stage2,1.2,0.5,0.4,12,0.6845648771,row,one_start_only,ch,China,2025,163.324
eu-us-af-row-apac-ch/pf120_k050_a040,EU-pf120_k050_a040,eu-us-af-row-apac-ch,EU-first,pf120_k050_a040,clean_objective_stage2,1.2,0.5,0.4,12,0.6845648771,row,one_start_only,af,Africa,2025,486.8090684
eu-us-af-row-apac-ch/pf120_k050_a040,EU-pf120_k050_a040,eu-us-af-row-apac-ch,EU-first,pf120_k050_a040,clean_objective_stage2,1.2,0.5,0.4,12,0.6845648771,row,one_start_only,eu,EU,2025,299.265
eu-us-af-row-apac-ch/pf120_k050_a040,EU-pf120_k050_a040,eu-us-af-row-apac-ch,EU-first,pf120_k050_a040,clean_objective_stage2,1.2,0.5,0.4,12,0.6845648771,row,one_start_only,us,US,2025,459.504828
eu-us-af-row-apac-ch/pf120_k050_a040,EU-pf120_k050_a040,eu-us-af-row-apac-ch,EU-first,pf120_k050_a040,clean_objective_stage2,1.2,0.5,0.4,12,0.6845648771,row,one_start_only,apac,APAC,2025,256.2059669
eu-us-af-row-apac-ch/pf120_k050_a040,EU-pf120_k050_a040,eu-us-af-row-apac-ch,EU-first,pf120_k050_a040,clean_objective_stage2,1.2,0.5,0.4,12,0.6845648771,row,one_start_only,row,ROW,2025,353.425
eu-us-af-row-apac-ch/pf120_k050_a040,EU-pf120_k050_a040,eu-us-af-row-apac-ch,EU-first,pf120_k050_a040,clean_objective_stage2,1.2,0.5,0.4,12,0.6845648771,row,one_start_only,ch,China,2030,107.7909238
eu-us-af-row-apac-ch/pf120_k050_a040,EU-pf120_k050_a040,eu-us-af-row-apac-ch,EU-first,pf120_k050_a040,clean_objective_stage2,1.2,0.5,0.4,12,0.6845648771,row,one_start_only,af,Africa,2030,565.5522701
eu-us-af-row-apac-ch/pf120_k050_a040,EU-pf120_k050_a040,eu-us-af-row-apac-ch,EU-first,pf120_k050_a040,clean_objective_stage2,1.2,0.5,0.4,12,0.6845648771,row,one_start_only,eu,EU,2030,537.075576
eu-us-af-row-apac-ch/pf120_k050_a040,EU-pf120_k050_a040,eu-us-af-row-apac-ch,EU-first,pf120_k050_a040,clean_objective_stage2,1.2,0.5,0.4,12,0.6845648771,row,one_start_only,us,US,2030,462.4682503
eu-us-af-row-apac-ch/pf120_k050_a040,EU-pf120_k050_a040,eu-us-af-row-apac-ch,EU-first,pf120_k050_a040,clean_objective_stage2,1.2,0.5,0.4,12,0.6845648771,row,one_start_only,apac,APAC,2030,123.6420624
eu-us-af-row-apac-ch/pf120_k050_a040,EU-pf120_k050_a040,eu-us-af-row-apac-ch,EU-first,pf120_k050_a040,clean_objective_stage2,1.2,0.5,0.4,12,0.6845648771,row,one_start_only,row,ROW,2030,232.9992862
eu-us-af-row-apac-ch/pf120_k050_a040,EU-pf120_k050_a040,eu-us-af-row-apac-ch,EU-first,pf120_k050_a040,clean_objective_stage2,1.2,0.5,0.4,12,0.6845648771,row,one_start_only,ch,China,2035,95.90883336
eu-us-af-row-apac-ch/pf120_k050_a040,EU-pf120_k050_a040,eu-us-af-row-apac-ch,EU-first,pf120_k050_a040,clean_objective_stage2,1.2,0.5,0.4,12,0.6845648771,row,one_start_only,af,Africa,2035,415.5366034
eu-us-af-row-apac-ch/pf120_k050_a040,EU-pf120_k050_a040,eu-us-af-row-apac-ch,EU-first,pf120_k050_a040,clean_objective_stage2,1.2,0.5,0.4,12,0.6845648771,row,one_start_only,eu,EU,2035,439.1357758
eu-us-af-row-apac-ch/pf120_k050_a040,EU-pf120_k050_a040,eu-us-af-row-apac-ch,EU-first,pf120_k050_a040,clean_objective_stage2,1.2,0.5,0.4,12,0.6845648771,row,one_start_only,us,US,2035,353.8253485
eu-us-af-row-apac-ch/pf120_k050_a040,EU-pf120_k050_a040,eu-us-af-row-apac-ch,EU-first,pf120_k050_a040,clean_objective_stage2,1.2,0.5,0.4,12,0.6845648771,row,one_start_only,apac,APAC,2035,110.0152081
eu-us-af-row-apac-ch/pf120_k050_a040,EU-pf120_k050_a040,eu-us-af-row-apac-ch,EU-first,pf120_k050_a040,clean_objective_stage2,1.2,0.5,0.4,12,0.6845648771,row,one_start_only,row,ROW,2035,207.2850605
eu-us-af-row-apac-ch/pf120_k050_a040,EU-pf120_k050_a040,eu-us-af-row-apac-ch,EU-first,pf120_k050_a040,clean_objective_stage2,1.2,0.5,0.4,12,0.6845648771,row,one_start_only,ch,China,2040,86.65125756
eu-us-af-row-apac-ch/pf120_k050_a040,EU-pf120_k050_a040,eu-us-af-row-apac-ch,EU-first,pf120_k050_a040,clean_objective_stage2,1.2,0.5,0.4,12,0.6845648771,row,one_start_only,af,Africa,2040,514.9648438
eu-us-af-row-apac-ch/pf120_k050_a040,EU-pf120_k050_a040,eu-us-af-row-apac-ch,EU-first,pf120_k050_a040,clean_objective_stage2,1.2,0.5,0.4,12,0.6845648771,row,one_start_only,eu,EU,2040,570.9337942
eu-us-af-row-apac-ch/pf120_k050_a040,EU-pf120_k050_a040,eu-us-af-row-apac-ch,EU-first,pf120_k050_a040,clean_objective_stage2,1.2,0.5,0.4,12,0.6845648771,row,one_start_only,us,US,2040,170.2296105
eu-us-af-row-apac-ch/pf120_k050_a040,EU-pf120_k050_a040,eu-us-af-row-apac-ch,EU-first,pf120_k050_a040,clean_objective_stage2,1.2,0.5,0.4,12,0.6845648771,row,one_start_only,apac,APAC,2040,99.41154621
eu-us-af-row-apac-ch/pf120_k050_a040,EU-pf120_k050_a040,eu-us-af-row-apac-ch,EU-first,pf120_k050_a040,clean_objective_stage2,1.2,0.5,0.4,12,0.6845648771,row,one_start_only,row,ROW,2040,397.6682262
eu-us-af-row-apac-ch/pf120_k100_a040,EU-pf120_k100_a040,eu-us-af-row-apac-ch,EU-first,pf120_k100_a040,clean_objective_stage2,1.2,1,0.4,5,0.6446123018,apac,one_start_only,ch,China,2025,163.324
eu-us-af-row-apac-ch/pf120_k100_a040,EU-pf120_k100_a040,eu-us-af-row-apac-ch,EU-first,pf120_k100_a040,clean_objective_stage2,1.2,1,0.4,5,0.6446123018,apac,one_start_only,af,Africa,2025,384.609585
eu-us-af-row-apac-ch/pf120_k100_a040,EU-pf120_k100_a040,eu-us-af-row-apac-ch,EU-first,pf120_k100_a040,clean_objective_stage2,1.2,1,0.4,5,0.6446123018,apac,one_start_only,eu,EU,2025,364.6782915
eu-us-af-row-apac-ch/pf120_k100_a040,EU-pf120_k100_a040,eu-us-af-row-apac-ch,EU-first,pf120_k100_a040,clean_objective_stage2,1.2,1,0.4,5,0.6446123018,apac,one_start_only,us,US,2025,306.6810618
eu-us-af-row-apac-ch/pf120_k100_a040,EU-pf120_k100_a040,eu-us-af-row-apac-ch,EU-first,pf120_k100_a040,clean_objective_stage2,1.2,1,0.4,5,0.6446123018,apac,one_start_only,apac,APAC,2025,208.5050271
eu-us-af-row-apac-ch/pf120_k100_a040,EU-pf120_k100_a040,eu-us-af-row-apac-ch,EU-first,pf120_k100_a040,clean_objective_stage2,1.2,1,0.4,5,0.6446123018,apac,one_start_only,row,ROW,2025,303.8019976
eu-us-af-row-apac-ch/pf120_k100_a040,EU-pf120_k100_a040,eu-us-af-row-apac-ch,EU-first,pf120_k100_a040,clean_objective_stage2,1.2,1,0.4,5,0.6446123018,apac,one_start_only,ch,China,2030,107.7909239
eu-us-af-row-apac-ch/pf120_k100_a040,EU-pf120_k100_a040,eu-us-af-row-apac-ch,EU-first,pf120_k100_a040,clean_objective_stage2,1.2,1,0.4,5,0.6446123018,apac,one_start_only,af,Africa,2030,249.4947565
eu-us-af-row-apac-ch/pf120_k100_a040,EU-pf120_k100_a040,eu-us-af-row-apac-ch,EU-first,pf120_k100_a040,clean_objective_stage2,1.2,1,0.4,5,0.6446123018,apac,one_start_only,eu,EU,2030,252.0108828
eu-us-af-row-apac-ch/pf120_k100_a040,EU-pf120_k100_a040,eu-us-af-row-apac-ch,EU-first,pf120_k100_a040,clean_objective_stage2,1.2,1,0.4,5,0.6446123018,apac,one_start_only,us,US,2030,211.0194789
eu-us-af-row-apac-ch/pf120_k100_a040,EU-pf120_k100_a040,eu-us-af-row-apac-ch,EU-first,pf120_k100_a040,clean_objective_stage2,1.2,1,0.4,5,0.6446123018,apac,one_start_only,apac,APAC,2030,155.7526674
eu-us-af-row-apac-ch/pf120_k100_a040,EU-pf120_k100_a040,eu-us-af-row-apac-ch,EU-first,pf120_k100_a040,clean_objective_stage2,1.2,1,0.4,5,0.6446123018,apac,one_start_only,row,ROW,2030,219.0367166
eu-us-af-row-apac-ch/pf120_k100_a040,EU-pf120_k100_a040,eu-us-af-row-apac-ch,EU-first,pf120_k100_a040,clean_objective_stage2,1.2,1,0.4,5,0.6446123018,apac,one_start_only,ch,China,2035,95.908833
eu-us-af-row-apac-ch/pf120_k100_a040,EU-pf120_k100_a040,eu-us-af-row-apac-ch,EU-first,pf120_k100_a040,clean_objective_stage2,1.2,1,0.4,5,0.6446123018,apac,one_start_only,af,Africa,2035,245.2555815
eu-us-af-row-apac-ch/pf120_k100_a040,EU-pf120_k100_a040,eu-us-af-row-apac-ch,EU-first,pf120_k100_a040,clean_objective_stage2,1.2,1,0.4,5,0.6446123018,apac,one_start_only,eu,EU,2035,200.2372017
eu-us-af-row-apac-ch/pf120_k100_a040,EU-pf120_k100_a040,eu-us-af-row-apac-ch,EU-first,pf120_k100_a040,clean_objective_stage2,1.2,1,0.4,5,0.6446123018,apac,one_start_only,us,US,2035,193.6238185
eu-us-af-row-apac-ch/pf120_k100_a040,EU-pf120_k100_a040,eu-us-af-row-apac-ch,EU-first,pf120_k100_a040,clean_objective_stage2,1.2,1,0.4,5,0.6446123018,apac,one_start_only,apac,APAC,2035,158.4160409
eu-us-af-row-apac-ch/pf120_k100_a040,EU-pf120_k100_a040,eu-us-af-row-apac-ch,EU-first,pf120_k100_a040,clean_objective_stage2,1.2,1,0.4,5,0.6446123018,apac,one_start_only,row,ROW,2035,200.2162838
eu-us-af-row-apac-ch/pf120_k100_a040,EU-pf120_k100_a040,eu-us-af-row-apac-ch,EU-first,pf120_k100_a040,clean_objective_stage2,1.2,1,0.4,5,0.6446123018,apac,one_start_only,ch,China,2040,86.65125721
eu-us-af-row-apac-ch/pf120_k100_a040,EU-pf120_k100_a040,eu-us-af-row-apac-ch,EU-first,pf120_k100_a040,clean_objective_stage2,1.2,1,0.4,5,0.6446123018,apac,one_start_only,af,Africa,2040,224.698886
eu-us-af-row-apac-ch/pf120_k100_a040,EU-pf120_k100_a040,eu-us-af-row-apac-ch,EU-first,pf120_k100_a040,clean_objective_stage2,1.2,1,0.4,5,0.6446123018,apac,one_start_only,eu,EU,2040,199.4390802
eu-us-af-row-apac-ch/pf120_k100_a040,EU-pf120_k100_a040,eu-us-af-row-apac-ch,EU-first,pf120_k100_a040,clean_objective_stage2,1.2,1,0.4,5,0.6446123018,apac,one_start_only,us,US,2040,202.7992771
eu-us-af-row-apac-ch/pf120_k100_a040,EU-pf120_k100_a040,eu-us-af-row-apac-ch,EU-first,pf120_k100_a040,clean_objective_stage2,1.2,1,0.4,5,0.6446123018,apac,one_start_only,apac,APAC,2040,148.3463701
eu-us-af-row-apac-ch/pf120_k100_a040,EU-pf120_k100_a040,eu-us-af-row-apac-ch,EU-first,pf120_k100_a040,clean_objective_stage2,1.2,1,0.4,5,0.6446123018,apac,one_start_only,row,ROW,2040,187.006245
