candidate,candidate_code,sequence,order,branch,origin,price_factor,capacity_weight,damping,selected_sweep,max_gain_percent,limiting_player,multistart_status,region,region_label,year,capacity_gw
ch-af-apac-eu-row-us/pf080_k050_a040,CH-pf080_k050_a040,ch-af-apac-eu-row-us,CH-first,pf080_k050_a040,clean_objective_stage2,0.8,0.5,0.4,12,0.6249764404,apac,one_start_only,ch,China,2025,931
ch-af-apac-eu-row-us/pf080_k050_a040,CH-pf080_k050_a040,ch-af-apac-eu-row-us,CH-first,pf080_k050_a040,clean_objective_stage2,0.8,0.5,0.4,12,0.6249764404,apac,one_start_only,af,Africa,2025,3.4
ch-af-apac-eu-row-us/pf080_k050_a040,CH-pf080_k050_a040,ch-af-apac-eu-row-us,CH-first,pf080_k050_a040,clean_objective_stage2,0.8,0.5,0.4,12,0.6249764404,apac,one_start_only,eu,EU,2025,22
ch-af-apac-eu-row-us/pf080_k050_a040,CH-pf080_k050_a040,ch-af-apac-eu-row-us,CH-first,pf080_k050_a040,clean_objective_stage2,0.8,0.5,0.4,12,0.6249764404,apac,one_start_only,us,US,2025,42
ch-af-apac-eu-row-us/pf080_k050_a040,CH-pf080_k050_a040,ch-af-apac-eu-row-us,CH-first,pf080_k050_a040,clean_objective_stage2,0.8,0.5,0.4,12,0.6249764404,apac,one_start_only,apac,APAC,2025,110
ch-af-apac-eu-row-us/pf080_k050_a040,CH-pf080_k050_a040,ch-af-apac-eu-row-us,CH-first,pf080_k050_a040,clean_objective_stage2,0.8,0.5,0.4,12,0.6249764404,apac,one_start_only,row,ROW,2025,293
ch-af-apac-eu-row-us/pf080_k050_a040,CH-pf080_k050_a040,ch-af-apac-eu-row-us,CH-first,pf080_k050_a040,clean_objective_stage2,0.8,0.5,0.4,12,0.6249764404,apac,one_start_only,ch,China,2030,360.5493953
ch-af-apac-eu-row-us/pf080_k050_a040,CH-pf080_k050_a040,ch-af-apac-eu-row-us,CH-first,pf080_k050_a040,clean_objective_stage2,0.8,0.5,0.4,12,0.6249764404,apac,one_start_only,af,Africa,2030,5.897279022
ch-af-apac-eu-row-us/pf080_k050_a040,CH-pf080_k050_a040,ch-af-apac-eu-row-us,CH-first,pf080_k050_a040,clean_objective_stage2,0.8,0.5,0.4,12,0.6249764404,apac,one_start_only,eu,EU,2030,35.01769805
ch-af-apac-eu-row-us/pf080_k050_a040,CH-pf080_k050_a040,ch-af-apac-eu-row-us,CH-first,pf080_k050_a040,clean_objective_stage2,0.8,0.5,0.4,12,0.6249764404,apac,one_start_only,us,US,2030,63.82646585
ch-af-apac-eu-row-us/pf080_k050_a040,CH-pf080_k050_a040,ch-af-apac-eu-row-us,CH-first,pf080_k050_a040,clean_objective_stage2,0.8,0.5,0.4,12,0.6249764404,apac,one_start_only,apac,APAC,2030,172.6060497
ch-af-apac-eu-row-us/pf080_k050_a040,CH-pf080_k050_a040,ch-af-apac-eu-row-us,CH-first,pf080_k050_a040,clean_objective_stage2,0.8,0.5,0.4,12,0.6249764404,apac,one_start_only,row,ROW,2030,126.7520718
ch-af-apac-eu-row-us/pf080_k050_a040,CH-pf080_k050_a040,ch-af-apac-eu-row-us,CH-first,pf080_k050_a040,clean_objective_stage2,0.8,0.5,0.4,12,0.6249764404,apac,one_start_only,ch,China,2035,360.3410658
ch-af-apac-eu-row-us/pf080_k050_a040,CH-pf080_k050_a040,ch-af-apac-eu-row-us,CH-first,pf080_k050_a040,clean_objective_stage2,0.8,0.5,0.4,12,0.6249764404,apac,one_start_only,af,Africa,2035,8.394558044
ch-af-apac-eu-row-us/pf080_k050_a040,CH-pf080_k050_a040,ch-af-apac-eu-row-us,CH-first,pf080_k050_a040,clean_objective_stage2,0.8,0.5,0.4,12,0.6249764404,apac,one_start_only,eu,EU,2035,48.23316081
ch-af-apac-eu-row-us/pf080_k050_a040,CH-pf080_k050_a040,ch-af-apac-eu-row-us,CH-first,pf080_k050_a040,clean_objective_stage2,0.8,0.5,0.4,12,0.6249764404,apac,one_start_only,us,US,2035,89.64592903
ch-af-apac-eu-row-us/pf080_k050_a040,CH-pf080_k050_a040,ch-af-apac-eu-row-us,CH-first,pf080_k050_a040,clean_objective_stage2,0.8,0.5,0.4,12,0.6249764404,apac,one_start_only,apac,APAC,2035,179.6499829
ch-af-apac-eu-row-us/pf080_k050_a040,CH-pf080_k050_a040,ch-af-apac-eu-row-us,CH-first,pf080_k050_a040,clean_objective_stage2,0.8,0.5,0.4,12,0.6249764404,apac,one_start_only,row,ROW,2035,126.5735181
ch-af-apac-eu-row-us/pf080_k050_a040,CH-pf080_k050_a040,ch-af-apac-eu-row-us,CH-first,pf080_k050_a040,clean_objective_stage2,0.8,0.5,0.4,12,0.6249764404,apac,one_start_only,ch,China,2040,360.0132365
ch-af-apac-eu-row-us/pf080_k050_a040,CH-pf080_k050_a040,ch-af-apac-eu-row-us,CH-first,pf080_k050_a040,clean_objective_stage2,0.8,0.5,0.4,12,0.6249764404,apac,one_start_only,af,Africa,2040,10.89183707
ch-af-apac-eu-row-us/pf080_k050_a040,CH-pf080_k050_a040,ch-af-apac-eu-row-us,CH-first,pf080_k050_a040,clean_objective_stage2,0.8,0.5,0.4,12,0.6249764404,apac,one_start_only,eu,EU,2040,61.32062805
ch-af-apac-eu-row-us/pf080_k050_a040,CH-pf080_k050_a040,ch-af-apac-eu-row-us,CH-first,pf080_k050_a040,clean_objective_stage2,0.8,0.5,0.4,12,0.6249764404,apac,one_start_only,us,US,2040,97.14578207
ch-af-apac-eu-row-us/pf080_k050_a040,CH-pf080_k050_a040,ch-af-apac-eu-row-us,CH-first,pf080_k050_a040,clean_objective_stage2,0.8,0.5,0.4,12,0.6249764404,apac,one_start_only,apac,APAC,2040,184.0629523
ch-af-apac-eu-row-us/pf080_k050_a040,CH-pf080_k050_a040,ch-af-apac-eu-row-us,CH-first,pf080_k050_a040,clean_objective_stage2,0.8,0.5,0.4,12,0.6249764404,apac,one_start_only,row,ROW,2040,125.9993014
ch-af-apac-eu-row-us/pf080_k100_a030,CH-pf080_k100_a030,ch-af-apac-eu-row-us,CH-first,pf080_k100_a030,clean_objective_stage2,0.8,1,0.3,11,0.9051136202,apac,one_start_only,ch,China,2025,931
ch-af-apac-eu-row-us/pf080_k100_a030,CH-pf080_k100_a030,ch-af-apac-eu-row-us,CH-first,pf080_k100_a030,clean_objective_stage2,0.8,1,0.3,11,0.9051136202,apac,one_start_only,af,Africa,2025,3.4
ch-af-apac-eu-row-us/pf080_k100_a030,CH-pf080_k100_a030,ch-af-apac-eu-row-us,CH-first,pf080_k100_a030,clean_objective_stage2,0.8,1,0.3,11,0.9051136202,apac,one_start_only,eu,EU,2025,22
ch-af-apac-eu-row-us/pf080_k100_a030,CH-pf080_k100_a030,ch-af-apac-eu-row-us,CH-first,pf080_k100_a030,clean_objective_stage2,0.8,1,0.3,11,0.9051136202,apac,one_start_only,us,US,2025,42
ch-af-apac-eu-row-us/pf080_k100_a030,CH-pf080_k100_a030,ch-af-apac-eu-row-us,CH-first,pf080_k100_a030,clean_objective_stage2,0.8,1,0.3,11,0.9051136202,apac,one_start_only,apac,APAC,2025,110
ch-af-apac-eu-row-us/pf080_k100_a030,CH-pf080_k100_a030,ch-af-apac-eu-row-us,CH-first,pf080_k100_a030,clean_objective_stage2,0.8,1,0.3,11,0.9051136202,apac,one_start_only,row,ROW,2025,293
ch-af-apac-eu-row-us/pf080_k100_a030,CH-pf080_k100_a030,ch-af-apac-eu-row-us,CH-first,pf080_k100_a030,clean_objective_stage2,0.8,1,0.3,11,0.9051136202,apac,one_start_only,ch,China,2030,439.0824665
ch-af-apac-eu-row-us/pf080_k100_a030,CH-pf080_k100_a030,ch-af-apac-eu-row-us,CH-first,pf080_k100_a030,clean_objective_stage2,0.8,1,0.3,11,0.9051136202,apac,one_start_only,af,Africa,2030,5.899999994
ch-af-apac-eu-row-us/pf080_k100_a030,CH-pf080_k100_a030,ch-af-apac-eu-row-us,CH-first,pf080_k100_a030,clean_objective_stage2,0.8,1,0.3,11,0.9051136202,apac,one_start_only,eu,EU,2030,32.81557206
ch-af-apac-eu-row-us/pf080_k100_a030,CH-pf080_k100_a030,ch-af-apac-eu-row-us,CH-first,pf080_k100_a030,clean_objective_stage2,0.8,1,0.3,11,0.9051136202,apac,one_start_only,us,US,2030,48.95432821
ch-af-apac-eu-row-us/pf080_k100_a030,CH-pf080_k100_a030,ch-af-apac-eu-row-us,CH-first,pf080_k100_a030,clean_objective_stage2,0.8,1,0.3,11,0.9051136202,apac,one_start_only,apac,APAC,2030,153.2804509
ch-af-apac-eu-row-us/pf080_k100_a030,CH-pf080_k100_a030,ch-af-apac-eu-row-us,CH-first,pf080_k100_a030,clean_objective_stage2,0.8,1,0.3,11,0.9051136202,apac,one_start_only,row,ROW,2030,120.8566082
ch-af-apac-eu-row-us/pf080_k100_a030,CH-pf080_k100_a030,ch-af-apac-eu-row-us,CH-first,pf080_k100_a030,clean_objective_stage2,0.8,1,0.3,11,0.9051136202,apac,one_start_only,ch,China,2035,437.0743948
ch-af-apac-eu-row-us/pf080_k100_a030,CH-pf080_k100_a030,ch-af-apac-eu-row-us,CH-first,pf080_k100_a030,clean_objective_stage2,0.8,1,0.3,11,0.9051136202,apac,one_start_only,af,Africa,2035,8.399999992
ch-af-apac-eu-row-us/pf080_k100_a030,CH-pf080_k100_a030,ch-af-apac-eu-row-us,CH-first,pf080_k100_a030,clean_objective_stage2,0.8,1,0.3,11,0.9051136202,apac,one_start_only,eu,EU,2035,43.6521681
ch-af-apac-eu-row-us/pf080_k100_a030,CH-pf080_k100_a030,ch-af-apac-eu-row-us,CH-first,pf080_k100_a030,clean_objective_stage2,0.8,1,0.3,11,0.9051136202,apac,one_start_only,us,US,2035,66.9512174
ch-af-apac-eu-row-us/pf080_k100_a030,CH-pf080_k100_a030,ch-af-apac-eu-row-us,CH-first,pf080_k100_a030,clean_objective_stage2,0.8,1,0.3,11,0.9051136202,apac,one_start_only,apac,APAC,2035,195.0614905
ch-af-apac-eu-row-us/pf080_k100_a030,CH-pf080_k100_a030,ch-af-apac-eu-row-us,CH-first,pf080_k100_a030,clean_objective_stage2,0.8,1,0.3,11,0.9051136202,apac,one_start_only,row,ROW,2035,125.7941237
ch-af-apac-eu-row-us/pf080_k100_a030,CH-pf080_k100_a030,ch-af-apac-eu-row-us,CH-first,pf080_k100_a030,clean_objective_stage2,0.8,1,0.3,11,0.9051136202,apac,one_start_only,ch,China,2040,435.5420103
ch-af-apac-eu-row-us/pf080_k100_a030,CH-pf080_k100_a030,ch-af-apac-eu-row-us,CH-first,pf080_k100_a030,clean_objective_stage2,0.8,1,0.3,11,0.9051136202,apac,one_start_only,af,Africa,2040,10.89999999
ch-af-apac-eu-row-us/pf080_k100_a030,CH-pf080_k100_a030,ch-af-apac-eu-row-us,CH-first,pf080_k100_a030,clean_objective_stage2,0.8,1,0.3,11,0.9051136202,apac,one_start_only,eu,EU,2040,35.5084688
ch-af-apac-eu-row-us/pf080_k100_a030,CH-pf080_k100_a030,ch-af-apac-eu-row-us,CH-first,pf080_k100_a030,clean_objective_stage2,0.8,1,0.3,11,0.9051136202,apac,one_start_only,us,US,2040,52.66974501
ch-af-apac-eu-row-us/pf080_k100_a030,CH-pf080_k100_a030,ch-af-apac-eu-row-us,CH-first,pf080_k100_a030,clean_objective_stage2,0.8,1,0.3,11,0.9051136202,apac,one_start_only,apac,APAC,2040,227.9790528
ch-af-apac-eu-row-us/pf080_k100_a030,CH-pf080_k100_a030,ch-af-apac-eu-row-us,CH-first,pf080_k100_a030,clean_objective_stage2,0.8,1,0.3,11,0.9051136202,apac,one_start_only,row,ROW,2040,123.792319
ch-af-apac-eu-row-us/pf080_k100_a040,CH-pf080_k100_a040,ch-af-apac-eu-row-us,CH-first,pf080_k100_a040,clean_objective_stage2,0.8,1,0.4,13,0.8920375905,row,one_start_only,ch,China,2025,931
ch-af-apac-eu-row-us/pf080_k100_a040,CH-pf080_k100_a040,ch-af-apac-eu-row-us,CH-first,pf080_k100_a040,clean_objective_stage2,0.8,1,0.4,13,0.8920375905,row,one_start_only,af,Africa,2025,3.4
ch-af-apac-eu-row-us/pf080_k100_a040,CH-pf080_k100_a040,ch-af-apac-eu-row-us,CH-first,pf080_k100_a040,clean_objective_stage2,0.8,1,0.4,13,0.8920375905,row,one_start_only,eu,EU,2025,22
ch-af-apac-eu-row-us/pf080_k100_a040,CH-pf080_k100_a040,ch-af-apac-eu-row-us,CH-first,pf080_k100_a040,clean_objective_stage2,0.8,1,0.4,13,0.8920375905,row,one_start_only,us,US,2025,42
ch-af-apac-eu-row-us/pf080_k100_a040,CH-pf080_k100_a040,ch-af-apac-eu-row-us,CH-first,pf080_k100_a040,clean_objective_stage2,0.8,1,0.4,13,0.8920375905,row,one_start_only,apac,APAC,2025,110
ch-af-apac-eu-row-us/pf080_k100_a040,CH-pf080_k100_a040,ch-af-apac-eu-row-us,CH-first,pf080_k100_a040,clean_objective_stage2,0.8,1,0.4,13,0.8920375905,row,one_start_only,row,ROW,2025,293
ch-af-apac-eu-row-us/pf080_k100_a040,CH-pf080_k100_a040,ch-af-apac-eu-row-us,CH-first,pf080_k100_a040,clean_objective_stage2,0.8,1,0.4,13,0.8920375905,row,one_start_only,ch,China,2030,510.6707704
ch-af-apac-eu-row-us/pf080_k100_a040,CH-pf080_k100_a040,ch-af-apac-eu-row-us,CH-first,pf080_k100_a040,clean_objective_stage2,0.8,1,0.4,13,0.8920375905,row,one_start_only,af,Africa,2030,5.899999989
ch-af-apac-eu-row-us/pf080_k100_a040,CH-pf080_k100_a040,ch-af-apac-eu-row-us,CH-first,pf080_k100_a040,clean_objective_stage2,0.8,1,0.4,13,0.8920375905,row,one_start_only,eu,EU,2030,34.73726365
ch-af-apac-eu-row-us/pf080_k100_a040,CH-pf080_k100_a040,ch-af-apac-eu-row-us,CH-first,pf080_k100_a040,clean_objective_stage2,0.8,1,0.4,13,0.8920375905,row,one_start_only,us,US,2030,62.1613805
ch-af-apac-eu-row-us/pf080_k100_a040,CH-pf080_k100_a040,ch-af-apac-eu-row-us,CH-first,pf080_k100_a040,clean_objective_stage2,0.8,1,0.4,13,0.8920375905,row,one_start_only,apac,APAC,2030,114.9466952
ch-af-apac-eu-row-us/pf080_k100_a040,CH-pf080_k100_a040,ch-af-apac-eu-row-us,CH-first,pf080_k100_a040,clean_objective_stage2,0.8,1,0.4,13,0.8920375905,row,one_start_only,row,ROW,2030,133.7686297
ch-af-apac-eu-row-us/pf080_k100_a040,CH-pf080_k100_a040,ch-af-apac-eu-row-us,CH-first,pf080_k100_a040,clean_objective_stage2,0.8,1,0.4,13,0.8920375905,row,one_start_only,ch,China,2035,360.2158388
ch-af-apac-eu-row-us/pf080_k100_a040,CH-pf080_k100_a040,ch-af-apac-eu-row-us,CH-first,pf080_k100_a040,clean_objective_stage2,0.8,1,0.4,13,0.8920375905,row,one_start_only,af,Africa,2035,8.399999984
ch-af-apac-eu-row-us/pf080_k100_a040,CH-pf080_k100_a040,ch-af-apac-eu-row-us,CH-first,pf080_k100_a040,clean_objective_stage2,0.8,1,0.4,13,0.8920375905,row,one_start_only,eu,EU,2035,48.00654131
ch-af-apac-eu-row-us/pf080_k100_a040,CH-pf080_k100_a040,ch-af-apac-eu-row-us,CH-first,pf080_k100_a040,clean_objective_stage2,0.8,1,0.4,13,0.8920375905,row,one_start_only,us,US,2035,87.94041579
ch-af-apac-eu-row-us/pf080_k100_a040,CH-pf080_k100_a040,ch-af-apac-eu-row-us,CH-first,pf080_k100_a040,clean_objective_stage2,0.8,1,0.4,13,0.8920375905,row,one_start_only,apac,APAC,2035,129.2828062
ch-af-apac-eu-row-us/pf080_k100_a040,CH-pf080_k100_a040,ch-af-apac-eu-row-us,CH-first,pf080_k100_a040,clean_objective_stage2,0.8,1,0.4,13,0.8920375905,row,one_start_only,row,ROW,2035,133.6334434
ch-af-apac-eu-row-us/pf080_k100_a040,CH-pf080_k100_a040,ch-af-apac-eu-row-us,CH-first,pf080_k100_a040,clean_objective_stage2,0.8,1,0.4,13,0.8920375905,row,one_start_only,ch,China,2040,354.9722568
ch-af-apac-eu-row-us/pf080_k100_a040,CH-pf080_k100_a040,ch-af-apac-eu-row-us,CH-first,pf080_k100_a040,clean_objective_stage2,0.8,1,0.4,13,0.8920375905,row,one_start_only,af,Africa,2040,10.89999998
ch-af-apac-eu-row-us/pf080_k100_a040,CH-pf080_k100_a040,ch-af-apac-eu-row-us,CH-first,pf080_k100_a040,clean_objective_stage2,0.8,1,0.4,13,0.8920375905,row,one_start_only,eu,EU,2040,60.95245206
ch-af-apac-eu-row-us/pf080_k100_a040,CH-pf080_k100_a040,ch-af-apac-eu-row-us,CH-first,pf080_k100_a040,clean_objective_stage2,0.8,1,0.4,13,0.8920375905,row,one_start_only,us,US,2040,82.95523401
ch-af-apac-eu-row-us/pf080_k100_a040,CH-pf080_k100_a040,ch-af-apac-eu-row-us,CH-first,pf080_k100_a040,clean_objective_stage2,0.8,1,0.4,13,0.8920375905,row,one_start_only,apac,APAC,2040,147.6550146
ch-af-apac-eu-row-us/pf080_k100_a040,CH-pf080_k100_a040,ch-af-apac-eu-row-us,CH-first,pf080_k100_a040,clean_objective_stage2,0.8,1,0.4,13,0.8920375905,row,one_start_only,row,ROW,2040,134.627592
ch-af-apac-eu-row-us/pf100_k050_a040,CH-pf100_k050_a040,ch-af-apac-eu-row-us,CH-first,pf100_k050_a040,clean_objective_stage2,1,0.5,0.4,11,0.5501195224,us,one_start_only,ch,China,2025,931
ch-af-apac-eu-row-us/pf100_k050_a040,CH-pf100_k050_a040,ch-af-apac-eu-row-us,CH-first,pf100_k050_a040,clean_objective_stage2,1,0.5,0.4,11,0.5501195224,us,one_start_only,af,Africa,2025,3.4
ch-af-apac-eu-row-us/pf100_k050_a040,CH-pf100_k050_a040,ch-af-apac-eu-row-us,CH-first,pf100_k050_a040,clean_objective_stage2,1,0.5,0.4,11,0.5501195224,us,one_start_only,eu,EU,2025,22
ch-af-apac-eu-row-us/pf100_k050_a040,CH-pf100_k050_a040,ch-af-apac-eu-row-us,CH-first,pf100_k050_a040,clean_objective_stage2,1,0.5,0.4,11,0.5501195224,us,one_start_only,us,US,2025,42
ch-af-apac-eu-row-us/pf100_k050_a040,CH-pf100_k050_a040,ch-af-apac-eu-row-us,CH-first,pf100_k050_a040,clean_objective_stage2,1,0.5,0.4,11,0.5501195224,us,one_start_only,apac,APAC,2025,110
ch-af-apac-eu-row-us/pf100_k050_a040,CH-pf100_k050_a040,ch-af-apac-eu-row-us,CH-first,pf100_k050_a040,clean_objective_stage2,1,0.5,0.4,11,0.5501195224,us,one_start_only,row,ROW,2025,293
ch-af-apac-eu-row-us/pf100_k050_a040,CH-pf100_k050_a040,ch-af-apac-eu-row-us,CH-first,pf100_k050_a040,clean_objective_stage2,1,0.5,0.4,11,0.5501195224,us,one_start_only,ch,China,2030,443.3162315
ch-af-apac-eu-row-us/pf100_k050_a040,CH-pf100_k050_a040,ch-af-apac-eu-row-us,CH-first,pf100_k050_a040,clean_objective_stage2,1,0.5,0.4,11,0.5501195224,us,one_start_only,af,Africa,2030,5.895465037
ch-af-apac-eu-row-us/pf100_k050_a040,CH-pf100_k050_a040,ch-af-apac-eu-row-us,CH-first,pf100_k050_a040,clean_objective_stage2,1,0.5,0.4,11,0.5501195224,us,one_start_only,eu,EU,2030,35.05928864
ch-af-apac-eu-row-us/pf100_k050_a040,CH-pf100_k050_a040,ch-af-apac-eu-row-us,CH-first,pf100_k050_a040,clean_objective_stage2,1,0.5,0.4,11,0.5501195224,us,one_start_only,us,US,2030,66.15702815
ch-af-apac-eu-row-us/pf100_k050_a040,CH-pf100_k050_a040,ch-af-apac-eu-row-us,CH-first,pf100_k050_a040,clean_objective_stage2,1,0.5,0.4,11,0.5501195224,us,one_start_only,apac,APAC,2030,173.0316868
ch-af-apac-eu-row-us/pf100_k050_a040,CH-pf100_k050_a040,ch-af-apac-eu-row-us,CH-first,pf100_k050_a040,clean_objective_stage2,1,0.5,0.4,11,0.5501195224,us,one_start_only,row,ROW,2030,107.7937733
ch-af-apac-eu-row-us/pf100_k050_a040,CH-pf100_k050_a040,ch-af-apac-eu-row-us,CH-first,pf100_k050_a040,clean_objective_stage2,1,0.5,0.4,11,0.5501195224,us,one_start_only,ch,China,2035,381.7305247
ch-af-apac-eu-row-us/pf100_k050_a040,CH-pf100_k050_a040,ch-af-apac-eu-row-us,CH-first,pf100_k050_a040,clean_objective_stage2,1,0.5,0.4,11,0.5501195224,us,one_start_only,af,Africa,2035,8.390930074
ch-af-apac-eu-row-us/pf100_k050_a040,CH-pf100_k050_a040,ch-af-apac-eu-row-us,CH-first,pf100_k050_a040,clean_objective_stage2,1,0.5,0.4,11,0.5501195224,us,one_start_only,eu,EU,2035,48.27463572
ch-af-apac-eu-row-us/pf100_k050_a040,CH-pf100_k050_a040,ch-af-apac-eu-row-us,CH-first,pf100_k050_a040,clean_objective_stage2,1,0.5,0.4,11,0.5501195224,us,one_start_only,us,US,2035,89.35294821
ch-af-apac-eu-row-us/pf100_k050_a040,CH-pf100_k050_a040,ch-af-apac-eu-row-us,CH-first,pf100_k050_a040,clean_objective_stage2,1,0.5,0.4,11,0.5501195224,us,one_start_only,apac,APAC,2035,183.3363528
ch-af-apac-eu-row-us/pf100_k050_a040,CH-pf100_k050_a040,ch-af-apac-eu-row-us,CH-first,pf100_k050_a040,clean_objective_stage2,1,0.5,0.4,11,0.5501195224,us,one_start_only,row,ROW,2035,107.1095176
ch-af-apac-eu-row-us/pf100_k050_a040,CH-pf100_k050_a040,ch-af-apac-eu-row-us,CH-first,pf100_k050_a040,clean_objective_stage2,1,0.5,0.4,11,0.5501195224,us,one_start_only,ch,China,2040,368.9547497
ch-af-apac-eu-row-us/pf100_k050_a040,CH-pf100_k050_a040,ch-af-apac-eu-row-us,CH-first,pf100_k050_a040,clean_objective_stage2,1,0.5,0.4,11,0.5501195224,us,one_start_only,af,Africa,2040,10.88639511
ch-af-apac-eu-row-us/pf100_k050_a040,CH-pf100_k050_a040,ch-af-apac-eu-row-us,CH-first,pf100_k050_a040,clean_objective_stage2,1,0.5,0.4,11,0.5501195224,us,one_start_only,eu,EU,2040,61.00185067
ch-af-apac-eu-row-us/pf100_k050_a040,CH-pf100_k050_a040,ch-af-apac-eu-row-us,CH-first,pf100_k050_a040,clean_objective_stage2,1,0.5,0.4,11,0.5501195224,us,one_start_only,us,US,2040,108.6116097
ch-af-apac-eu-row-us/pf100_k050_a040,CH-pf100_k050_a040,ch-af-apac-eu-row-us,CH-first,pf100_k050_a040,clean_objective_stage2,1,0.5,0.4,11,0.5501195224,us,one_start_only,apac,APAC,2040,209.9749309
ch-af-apac-eu-row-us/pf100_k050_a040,CH-pf100_k050_a040,ch-af-apac-eu-row-us,CH-first,pf100_k050_a040,clean_objective_stage2,1,0.5,0.4,11,0.5501195224,us,one_start_only,row,ROW,2040,106.5736131
ch-af-apac-eu-row-us/pf100_k100_a030,CH-pf100_k100_a030,ch-af-apac-eu-row-us,CH-first,pf100_k100_a030,clean_objective_stage2,1,1,0.3,4,0.9819254614,apac,one_start_only,ch,China,2025,931
ch-af-apac-eu-row-us/pf100_k100_a030,CH-pf100_k100_a030,ch-af-apac-eu-row-us,CH-first,pf100_k100_a030,clean_objective_stage2,1,1,0.3,4,0.9819254614,apac,one_start_only,af,Africa,2025,3.4
ch-af-apac-eu-row-us/pf100_k100_a030,CH-pf100_k100_a030,ch-af-apac-eu-row-us,CH-first,pf100_k100_a030,clean_objective_stage2,1,1,0.3,4,0.9819254614,apac,one_start_only,eu,EU,2025,22
ch-af-apac-eu-row-us/pf100_k100_a030,CH-pf100_k100_a030,ch-af-apac-eu-row-us,CH-first,pf100_k100_a030,clean_objective_stage2,1,1,0.3,4,0.9819254614,apac,one_start_only,us,US,2025,42
ch-af-apac-eu-row-us/pf100_k100_a030,CH-pf100_k100_a030,ch-af-apac-eu-row-us,CH-first,pf100_k100_a030,clean_objective_stage2,1,1,0.3,4,0.9819254614,apac,one_start_only,apac,APAC,2025,110
ch-af-apac-eu-row-us/pf100_k100_a030,CH-pf100_k100_a030,ch-af-apac-eu-row-us,CH-first,pf100_k100_a030,clean_objective_stage2,1,1,0.3,4,0.9819254614,apac,one_start_only,row,ROW,2025,293
ch-af-apac-eu-row-us/pf100_k100_a030,CH-pf100_k100_a030,ch-af-apac-eu-row-us,CH-first,pf100_k100_a030,clean_objective_stage2,1,1,0.3,4,0.9819254614,apac,one_start_only,ch,China,2030,590.3126817
ch-af-apac-eu-row-us/pf100_k100_a030,CH-pf100_k100_a030,ch-af-apac-eu-row-us,CH-first,pf100_k100_a030,clean_objective_stage2,1,1,0.3,4,0.9819254614,apac,one_start_only,af,Africa,2030,5.899999988
ch-af-apac-eu-row-us/pf100_k100_a030,CH-pf100_k100_a030,ch-af-apac-eu-row-us,CH-first,pf100_k100_a030,clean_objective_stage2,1,1,0.3,4,0.9819254614,apac,one_start_only,eu,EU,2030,18.4589897
ch-af-apac-eu-row-us/pf100_k100_a030,CH-pf100_k100_a030,ch-af-apac-eu-row-us,CH-first,pf100_k100_a030,clean_objective_stage2,1,1,0.3,4,0.9819254614,apac,one_start_only,us,US,2030,4.207842712
ch-af-apac-eu-row-us/pf100_k100_a030,CH-pf100_k100_a030,ch-af-apac-eu-row-us,CH-first,pf100_k100_a030,clean_objective_stage2,1,1,0.3,4,0.9819254614,apac,one_start_only,apac,APAC,2030,173.3369752
ch-af-apac-eu-row-us/pf100_k100_a030,CH-pf100_k100_a030,ch-af-apac-eu-row-us,CH-first,pf100_k100_a030,clean_objective_stage2,1,1,0.3,4,0.9819254614,apac,one_start_only,row,ROW,2030,62.74618297
ch-af-apac-eu-row-us/pf100_k100_a030,CH-pf100_k100_a030,ch-af-apac-eu-row-us,CH-first,pf100_k100_a030,clean_objective_stage2,1,1,0.3,4,0.9819254614,apac,one_start_only,ch,China,2035,579.1933589
ch-af-apac-eu-row-us/pf100_k100_a030,CH-pf100_k100_a030,ch-af-apac-eu-row-us,CH-first,pf100_k100_a030,clean_objective_stage2,1,1,0.3,4,0.9819254614,apac,one_start_only,af,Africa,2035,8.399999984
ch-af-apac-eu-row-us/pf100_k100_a030,CH-pf100_k100_a030,ch-af-apac-eu-row-us,CH-first,pf100_k100_a030,clean_objective_stage2,1,1,0.3,4,0.9819254614,apac,one_start_only,eu,EU,2035,25.26748954
ch-af-apac-eu-row-us/pf100_k100_a030,CH-pf100_k100_a030,ch-af-apac-eu-row-us,CH-first,pf100_k100_a030,clean_objective_stage2,1,1,0.3,4,0.9819254614,apac,one_start_only,us,US,2035,4.781431514
ch-af-apac-eu-row-us/pf100_k100_a030,CH-pf100_k100_a030,ch-af-apac-eu-row-us,CH-first,pf100_k100_a030,clean_objective_stage2,1,1,0.3,4,0.9819254614,apac,one_start_only,apac,APAC,2035,235.0795761
ch-af-apac-eu-row-us/pf100_k100_a030,CH-pf100_k100_a030,ch-af-apac-eu-row-us,CH-first,pf100_k100_a030,clean_objective_stage2,1,1,0.3,4,0.9819254614,apac,one_start_only,row,ROW,2035,62.73077458
ch-af-apac-eu-row-us/pf100_k100_a030,CH-pf100_k100_a030,ch-af-apac-eu-row-us,CH-first,pf100_k100_a030,clean_objective_stage2,1,1,0.3,4,0.9819254614,apac,one_start_only,ch,China,2040,563.7630052
ch-af-apac-eu-row-us/pf100_k100_a030,CH-pf100_k100_a030,ch-af-apac-eu-row-us,CH-first,pf100_k100_a030,clean_objective_stage2,1,1,0.3,4,0.9819254614,apac,one_start_only,af,Africa,2040,10.89999998
ch-af-apac-eu-row-us/pf100_k100_a030,CH-pf100_k100_a030,ch-af-apac-eu-row-us,CH-first,pf100_k100_a030,clean_objective_stage2,1,1,0.3,4,0.9819254614,apac,one_start_only,eu,EU,2040,29.27663198
ch-af-apac-eu-row-us/pf100_k100_a030,CH-pf100_k100_a030,ch-af-apac-eu-row-us,CH-first,pf100_k100_a030,clean_objective_stage2,1,1,0.3,4,0.9819254614,apac,one_start_only,us,US,2040,4.781156021
ch-af-apac-eu-row-us/pf100_k100_a030,CH-pf100_k100_a030,ch-af-apac-eu-row-us,CH-first,pf100_k100_a030,clean_objective_stage2,1,1,0.3,4,0.9819254614,apac,one_start_only,apac,APAC,2040,260.7141443
ch-af-apac-eu-row-us/pf100_k100_a030,CH-pf100_k100_a030,ch-af-apac-eu-row-us,CH-first,pf100_k100_a030,clean_objective_stage2,1,1,0.3,4,0.9819254614,apac,one_start_only,row,ROW,2040,62.72292036
ch-af-apac-eu-row-us/pf120_k050_a030,CH-pf120_k050_a030,ch-af-apac-eu-row-us,CH-first,pf120_k050_a030,clean_objective_stage2,1.2,0.5,0.3,5,0.5937755679,apac,one_start_only,ch,China,2025,931
ch-af-apac-eu-row-us/pf120_k050_a030,CH-pf120_k050_a030,ch-af-apac-eu-row-us,CH-first,pf120_k050_a030,clean_objective_stage2,1.2,0.5,0.3,5,0.5937755679,apac,one_start_only,af,Africa,2025,3.4
ch-af-apac-eu-row-us/pf120_k050_a030,CH-pf120_k050_a030,ch-af-apac-eu-row-us,CH-first,pf120_k050_a030,clean_objective_stage2,1.2,0.5,0.3,5,0.5937755679,apac,one_start_only,eu,EU,2025,22
ch-af-apac-eu-row-us/pf120_k050_a030,CH-pf120_k050_a030,ch-af-apac-eu-row-us,CH-first,pf120_k050_a030,clean_objective_stage2,1.2,0.5,0.3,5,0.5937755679,apac,one_start_only,us,US,2025,42
ch-af-apac-eu-row-us/pf120_k050_a030,CH-pf120_k050_a030,ch-af-apac-eu-row-us,CH-first,pf120_k050_a030,clean_objective_stage2,1.2,0.5,0.3,5,0.5937755679,apac,one_start_only,apac,APAC,2025,110
ch-af-apac-eu-row-us/pf120_k050_a030,CH-pf120_k050_a030,ch-af-apac-eu-row-us,CH-first,pf120_k050_a030,clean_objective_stage2,1.2,0.5,0.3,5,0.5937755679,apac,one_start_only,row,ROW,2025,293
ch-af-apac-eu-row-us/pf120_k050_a030,CH-pf120_k050_a030,ch-af-apac-eu-row-us,CH-first,pf120_k050_a030,clean_objective_stage2,1.2,0.5,0.3,5,0.5937755679,apac,one_start_only,ch,China,2030,561.5012675
ch-af-apac-eu-row-us/pf120_k050_a030,CH-pf120_k050_a030,ch-af-apac-eu-row-us,CH-first,pf120_k050_a030,clean_objective_stage2,1.2,0.5,0.3,5,0.5937755679,apac,one_start_only,af,Africa,2030,5.689912499
ch-af-apac-eu-row-us/pf120_k050_a030,CH-pf120_k050_a030,ch-af-apac-eu-row-us,CH-first,pf120_k050_a030,clean_objective_stage2,1.2,0.5,0.3,5,0.5937755679,apac,one_start_only,eu,EU,2030,27.34263212
ch-af-apac-eu-row-us/pf120_k050_a030,CH-pf120_k050_a030,ch-af-apac-eu-row-us,CH-first,pf120_k050_a030,clean_objective_stage2,1.2,0.5,0.3,5,0.5937755679,apac,one_start_only,us,US,2030,30.45555165
ch-af-apac-eu-row-us/pf120_k050_a030,CH-pf120_k050_a030,ch-af-apac-eu-row-us,CH-first,pf120_k050_a030,clean_objective_stage2,1.2,0.5,0.3,5,0.5937755679,apac,one_start_only,apac,APAC,2030,164.3392428
ch-af-apac-eu-row-us/pf120_k050_a030,CH-pf120_k050_a030,ch-af-apac-eu-row-us,CH-first,pf120_k050_a030,clean_objective_stage2,1.2,0.5,0.3,5,0.5937755679,apac,one_start_only,row,ROW,2030,46.60777394
ch-af-apac-eu-row-us/pf120_k050_a030,CH-pf120_k050_a030,ch-af-apac-eu-row-us,CH-first,pf120_k050_a030,clean_objective_stage2,1.2,0.5,0.3,5,0.5937755679,apac,one_start_only,ch,China,2035,518.5371244
ch-af-apac-eu-row-us/pf120_k050_a030,CH-pf120_k050_a030,ch-af-apac-eu-row-us,CH-first,pf120_k050_a030,clean_objective_stage2,1.2,0.5,0.3,5,0.5937755679,apac,one_start_only,af,Africa,2035,7.979824999
ch-af-apac-eu-row-us/pf120_k050_a030,CH-pf120_k050_a030,ch-af-apac-eu-row-us,CH-first,pf120_k050_a030,clean_objective_stage2,1.2,0.5,0.3,5,0.5937755679,apac,one_start_only,eu,EU,2035,27.7940957
ch-af-apac-eu-row-us/pf120_k050_a030,CH-pf120_k050_a030,ch-af-apac-eu-row-us,CH-first,pf120_k050_a030,clean_objective_stage2,1.2,0.5,0.3,5,0.5937755679,apac,one_start_only,us,US,2035,30.22099195
ch-af-apac-eu-row-us/pf120_k050_a030,CH-pf120_k050_a030,ch-af-apac-eu-row-us,CH-first,pf120_k050_a030,clean_objective_stage2,1.2,0.5,0.3,5,0.5937755679,apac,one_start_only,apac,APAC,2035,220.8123969
ch-af-apac-eu-row-us/pf120_k050_a030,CH-pf120_k050_a030,ch-af-apac-eu-row-us,CH-first,pf120_k050_a030,clean_objective_stage2,1.2,0.5,0.3,5,0.5937755679,apac,one_start_only,row,ROW,2035,46.59603592
ch-af-apac-eu-row-us/pf120_k050_a030,CH-pf120_k050_a030,ch-af-apac-eu-row-us,CH-first,pf120_k050_a030,clean_objective_stage2,1.2,0.5,0.3,5,0.5937755679,apac,one_start_only,ch,China,2040,524.0671696
ch-af-apac-eu-row-us/pf120_k050_a030,CH-pf120_k050_a030,ch-af-apac-eu-row-us,CH-first,pf120_k050_a030,clean_objective_stage2,1.2,0.5,0.3,5,0.5937755679,apac,one_start_only,af,Africa,2040,10.2697375
ch-af-apac-eu-row-us/pf120_k050_a030,CH-pf120_k050_a030,ch-af-apac-eu-row-us,CH-first,pf120_k050_a030,clean_objective_stage2,1.2,0.5,0.3,5,0.5937755679,apac,one_start_only,eu,EU,2040,27.7770588
ch-af-apac-eu-row-us/pf120_k050_a030,CH-pf120_k050_a030,ch-af-apac-eu-row-us,CH-first,pf120_k050_a030,clean_objective_stage2,1.2,0.5,0.3,5,0.5937755679,apac,one_start_only,us,US,2040,30.21999662
ch-af-apac-eu-row-us/pf120_k050_a030,CH-pf120_k050_a030,ch-af-apac-eu-row-us,CH-first,pf120_k050_a030,clean_objective_stage2,1.2,0.5,0.3,5,0.5937755679,apac,one_start_only,apac,APAC,2040,259.1363871
ch-af-apac-eu-row-us/pf120_k050_a030,CH-pf120_k050_a030,ch-af-apac-eu-row-us,CH-first,pf120_k050_a030,clean_objective_stage2,1.2,0.5,0.3,5,0.5937755679,apac,one_start_only,row,ROW,2040,46.57977076
ch-af-apac-eu-row-us/pf120_k050_a040,CH-pf120_k050_a040,ch-af-apac-eu-row-us,CH-first,pf120_k050_a040,clean_objective_stage2,1.2,0.5,0.4,4,0.5921495258,apac,one_start_only,ch,China,2025,931
ch-af-apac-eu-row-us/pf120_k050_a040,CH-pf120_k050_a040,ch-af-apac-eu-row-us,CH-first,pf120_k050_a040,clean_objective_stage2,1.2,0.5,0.4,4,0.5921495258,apac,one_start_only,af,Africa,2025,3.4
ch-af-apac-eu-row-us/pf120_k050_a040,CH-pf120_k050_a040,ch-af-apac-eu-row-us,CH-first,pf120_k050_a040,clean_objective_stage2,1.2,0.5,0.4,4,0.5921495258,apac,one_start_only,eu,EU,2025,22
ch-af-apac-eu-row-us/pf120_k050_a040,CH-pf120_k050_a040,ch-af-apac-eu-row-us,CH-first,pf120_k050_a040,clean_objective_stage2,1.2,0.5,0.4,4,0.5921495258,apac,one_start_only,us,US,2025,42
ch-af-apac-eu-row-us/pf120_k050_a040,CH-pf120_k050_a040,ch-af-apac-eu-row-us,CH-first,pf120_k050_a040,clean_objective_stage2,1.2,0.5,0.4,4,0.5921495258,apac,one_start_only,apac,APAC,2025,110
ch-af-apac-eu-row-us/pf120_k050_a040,CH-pf120_k050_a040,ch-af-apac-eu-row-us,CH-first,pf120_k050_a040,clean_objective_stage2,1.2,0.5,0.4,4,0.5921495258,apac,one_start_only,row,ROW,2025,293
ch-af-apac-eu-row-us/pf120_k050_a040,CH-pf120_k050_a040,ch-af-apac-eu-row-us,CH-first,pf120_k050_a040,clean_objective_stage2,1.2,0.5,0.4,4,0.5921495258,apac,one_start_only,ch,China,2030,519.5658416
ch-af-apac-eu-row-us/pf120_k050_a040,CH-pf120_k050_a040,ch-af-apac-eu-row-us,CH-first,pf120_k050_a040,clean_objective_stage2,1.2,0.5,0.4,4,0.5921495258,apac,one_start_only,af,Africa,2030,5.737999999
ch-af-apac-eu-row-us/pf120_k050_a040,CH-pf120_k050_a040,ch-af-apac-eu-row-us,CH-first,pf120_k050_a040,clean_objective_stage2,1.2,0.5,0.4,4,0.5921495258,apac,one_start_only,eu,EU,2030,29.1187329
ch-af-apac-eu-row-us/pf120_k050_a040,CH-pf120_k050_a040,ch-af-apac-eu-row-us,CH-first,pf120_k050_a040,clean_objective_stage2,1.2,0.5,0.4,4,0.5921495258,apac,one_start_only,us,US,2030,52.64801739
ch-af-apac-eu-row-us/pf120_k050_a040,CH-pf120_k050_a040,ch-af-apac-eu-row-us,CH-first,pf120_k050_a040,clean_objective_stage2,1.2,0.5,0.4,4,0.5921495258,apac,one_start_only,apac,APAC,2030,162.4147854
ch-af-apac-eu-row-us/pf120_k050_a040,CH-pf120_k050_a040,ch-af-apac-eu-row-us,CH-first,pf120_k050_a040,clean_objective_stage2,1.2,0.5,0.4,4,0.5921495258,apac,one_start_only,row,ROW,2030,35.93871671
ch-af-apac-eu-row-us/pf120_k050_a040,CH-pf120_k050_a040,ch-af-apac-eu-row-us,CH-first,pf120_k050_a040,clean_objective_stage2,1.2,0.5,0.4,4,0.5921495258,apac,one_start_only,ch,China,2035,506.5402955
ch-af-apac-eu-row-us/pf120_k050_a040,CH-pf120_k050_a040,ch-af-apac-eu-row-us,CH-first,pf120_k050_a040,clean_objective_stage2,1.2,0.5,0.4,4,0.5921495258,apac,one_start_only,af,Africa,2035,8.075999999
ch-af-apac-eu-row-us/pf120_k050_a040,CH-pf120_k050_a040,ch-af-apac-eu-row-us,CH-first,pf120_k050_a040,clean_objective_stage2,1.2,0.5,0.4,4,0.5921495258,apac,one_start_only,eu,EU,2035,32.0267739
ch-af-apac-eu-row-us/pf120_k050_a040,CH-pf120_k050_a040,ch-af-apac-eu-row-us,CH-first,pf120_k050_a040,clean_objective_stage2,1.2,0.5,0.4,4,0.5921495258,apac,one_start_only,us,US,2035,52.67496467
ch-af-apac-eu-row-us/pf120_k050_a040,CH-pf120_k050_a040,ch-af-apac-eu-row-us,CH-first,pf120_k050_a040,clean_objective_stage2,1.2,0.5,0.4,4,0.5921495258,apac,one_start_only,apac,APAC,2035,214.7760701
ch-af-apac-eu-row-us/pf120_k050_a040,CH-pf120_k050_a040,ch-af-apac-eu-row-us,CH-first,pf120_k050_a040,clean_objective_stage2,1.2,0.5,0.4,4,0.5921495258,apac,one_start_only,row,ROW,2035,35.92311211
ch-af-apac-eu-row-us/pf120_k050_a040,CH-pf120_k050_a040,ch-af-apac-eu-row-us,CH-first,pf120_k050_a040,clean_objective_stage2,1.2,0.5,0.4,4,0.5921495258,apac,one_start_only,ch,China,2040,505.4388388
ch-af-apac-eu-row-us/pf120_k050_a040,CH-pf120_k050_a040,ch-af-apac-eu-row-us,CH-first,pf120_k050_a040,clean_objective_stage2,1.2,0.5,0.4,4,0.5921495258,apac,one_start_only,af,Africa,2040,10.414
ch-af-apac-eu-row-us/pf120_k050_a040,CH-pf120_k050_a040,ch-af-apac-eu-row-us,CH-first,pf120_k050_a040,clean_objective_stage2,1.2,0.5,0.4,4,0.5921495258,apac,one_start_only,eu,EU,2040,32.02289094
ch-af-apac-eu-row-us/pf120_k050_a040,CH-pf120_k050_a040,ch-af-apac-eu-row-us,CH-first,pf120_k050_a040,clean_objective_stage2,1.2,0.5,0.4,4,0.5921495258,apac,one_start_only,us,US,2040,58.48760379
ch-af-apac-eu-row-us/pf120_k050_a040,CH-pf120_k050_a040,ch-af-apac-eu-row-us,CH-first,pf120_k050_a040,clean_objective_stage2,1.2,0.5,0.4,4,0.5921495258,apac,one_start_only,apac,APAC,2040,243.5821424
ch-af-apac-eu-row-us/pf120_k050_a040,CH-pf120_k050_a040,ch-af-apac-eu-row-us,CH-first,pf120_k050_a040,clean_objective_stage2,1.2,0.5,0.4,4,0.5921495258,apac,one_start_only,row,ROW,2040,35.91590402
ch-af-apac-eu-row-us/pf120_k100_a030,CH-pf120_k100_a030,ch-af-apac-eu-row-us,CH-first,pf120_k100_a030,clean_objective_stage2,1.2,1,0.3,4,0.9065294856,us,one_start_only,ch,China,2025,931
ch-af-apac-eu-row-us/pf120_k100_a030,CH-pf120_k100_a030,ch-af-apac-eu-row-us,CH-first,pf120_k100_a030,clean_objective_stage2,1.2,1,0.3,4,0.9065294856,us,one_start_only,af,Africa,2025,3.4
ch-af-apac-eu-row-us/pf120_k100_a030,CH-pf120_k100_a030,ch-af-apac-eu-row-us,CH-first,pf120_k100_a030,clean_objective_stage2,1.2,1,0.3,4,0.9065294856,us,one_start_only,eu,EU,2025,22
ch-af-apac-eu-row-us/pf120_k100_a030,CH-pf120_k100_a030,ch-af-apac-eu-row-us,CH-first,pf120_k100_a030,clean_objective_stage2,1.2,1,0.3,4,0.9065294856,us,one_start_only,us,US,2025,42
ch-af-apac-eu-row-us/pf120_k100_a030,CH-pf120_k100_a030,ch-af-apac-eu-row-us,CH-first,pf120_k100_a030,clean_objective_stage2,1.2,1,0.3,4,0.9065294856,us,one_start_only,apac,APAC,2025,110
ch-af-apac-eu-row-us/pf120_k100_a030,CH-pf120_k100_a030,ch-af-apac-eu-row-us,CH-first,pf120_k100_a030,clean_objective_stage2,1.2,1,0.3,4,0.9065294856,us,one_start_only,row,ROW,2025,293
ch-af-apac-eu-row-us/pf120_k100_a030,CH-pf120_k100_a030,ch-af-apac-eu-row-us,CH-first,pf120_k100_a030,clean_objective_stage2,1.2,1,0.3,4,0.9065294856,us,one_start_only,ch,China,2030,594.3832767
ch-af-apac-eu-row-us/pf120_k100_a030,CH-pf120_k100_a030,ch-af-apac-eu-row-us,CH-first,pf120_k100_a030,clean_objective_stage2,1.2,1,0.3,4,0.9065294856,us,one_start_only,af,Africa,2030,5.899999988
ch-af-apac-eu-row-us/pf120_k100_a030,CH-pf120_k100_a030,ch-af-apac-eu-row-us,CH-first,pf120_k100_a030,clean_objective_stage2,1.2,1,0.3,4,0.9065294856,us,one_start_only,eu,EU,2030,17.64552596
ch-af-apac-eu-row-us/pf120_k100_a030,CH-pf120_k100_a030,ch-af-apac-eu-row-us,CH-first,pf120_k100_a030,clean_objective_stage2,1.2,1,0.3,4,0.9065294856,us,one_start_only,us,US,2030,21.49765578
ch-af-apac-eu-row-us/pf120_k100_a030,CH-pf120_k100_a030,ch-af-apac-eu-row-us,CH-first,pf120_k100_a030,clean_objective_stage2,1.2,1,0.3,4,0.9065294856,us,one_start_only,apac,APAC,2030,173.3417064
ch-af-apac-eu-row-us/pf120_k100_a030,CH-pf120_k100_a030,ch-af-apac-eu-row-us,CH-first,pf120_k100_a030,clean_objective_stage2,1.2,1,0.3,4,0.9065294856,us,one_start_only,row,ROW,2030,62.82035322
ch-af-apac-eu-row-us/pf120_k100_a030,CH-pf120_k100_a030,ch-af-apac-eu-row-us,CH-first,pf120_k100_a030,clean_objective_stage2,1.2,1,0.3,4,0.9065294856,us,one_start_only,ch,China,2035,587.9342598
ch-af-apac-eu-row-us/pf120_k100_a030,CH-pf120_k100_a030,ch-af-apac-eu-row-us,CH-first,pf120_k100_a030,clean_objective_stage2,1.2,1,0.3,4,0.9065294856,us,one_start_only,af,Africa,2035,8.399999984
ch-af-apac-eu-row-us/pf120_k100_a030,CH-pf120_k100_a030,ch-af-apac-eu-row-us,CH-first,pf120_k100_a030,clean_objective_stage2,1.2,1,0.3,4,0.9065294856,us,one_start_only,eu,EU,2035,21.65423379
ch-af-apac-eu-row-us/pf120_k100_a030,CH-pf120_k100_a030,ch-af-apac-eu-row-us,CH-first,pf120_k100_a030,clean_objective_stage2,1.2,1,0.3,4,0.9065294856,us,one_start_only,us,US,2035,21.49672077
ch-af-apac-eu-row-us/pf120_k100_a030,CH-pf120_k100_a030,ch-af-apac-eu-row-us,CH-first,pf120_k100_a030,clean_objective_stage2,1.2,1,0.3,4,0.9065294856,us,one_start_only,apac,APAC,2035,236.6689601
ch-af-apac-eu-row-us/pf120_k100_a030,CH-pf120_k100_a030,ch-af-apac-eu-row-us,CH-first,pf120_k100_a030,clean_objective_stage2,1.2,1,0.3,4,0.9065294856,us,one_start_only,row,ROW,2035,62.79804484
ch-af-apac-eu-row-us/pf120_k100_a030,CH-pf120_k100_a030,ch-af-apac-eu-row-us,CH-first,pf120_k100_a030,clean_objective_stage2,1.2,1,0.3,4,0.9065294856,us,one_start_only,ch,China,2040,590.2813298
ch-af-apac-eu-row-us/pf120_k100_a030,CH-pf120_k100_a030,ch-af-apac-eu-row-us,CH-first,pf120_k100_a030,clean_objective_stage2,1.2,1,0.3,4,0.9065294856,us,one_start_only,af,Africa,2040,10.89999998
ch-af-apac-eu-row-us/pf120_k100_a030,CH-pf120_k100_a030,ch-af-apac-eu-row-us,CH-first,pf120_k100_a030,clean_objective_stage2,1.2,1,0.3,4,0.9065294856,us,one_start_only,eu,EU,2040,28.46273364
ch-af-apac-eu-row-us/pf120_k100_a030,CH-pf120_k100_a030,ch-af-apac-eu-row-us,CH-first,pf120_k100_a030,clean_objective_stage2,1.2,1,0.3,4,0.9065294856,us,one_start_only,us,US,2040,21.9731024
ch-af-apac-eu-row-us/pf120_k100_a030,CH-pf120_k100_a030,ch-af-apac-eu-row-us,CH-first,pf120_k100_a030,clean_objective_stage2,1.2,1,0.3,4,0.9065294856,us,one_start_only,apac,APAC,2040,245.0510615
ch-af-apac-eu-row-us/pf120_k100_a030,CH-pf120_k100_a030,ch-af-apac-eu-row-us,CH-first,pf120_k100_a030,clean_objective_stage2,1.2,1,0.3,4,0.9065294856,us,one_start_only,row,ROW,2040,62.77705498
ch-af-apac-eu-row-us/pf120_k100_a040,CH-pf120_k100_a040,ch-af-apac-eu-row-us,CH-first,pf120_k100_a040,clean_objective_stage2,1.2,1,0.4,7,0.7732214371,apac,one_start_only,ch,China,2025,931
ch-af-apac-eu-row-us/pf120_k100_a040,CH-pf120_k100_a040,ch-af-apac-eu-row-us,CH-first,pf120_k100_a040,clean_objective_stage2,1.2,1,0.4,7,0.7732214371,apac,one_start_only,af,Africa,2025,3.4
ch-af-apac-eu-row-us/pf120_k100_a040,CH-pf120_k100_a040,ch-af-apac-eu-row-us,CH-first,pf120_k100_a040,clean_objective_stage2,1.2,1,0.4,7,0.7732214371,apac,one_start_only,eu,EU,2025,22
ch-af-apac-eu-row-us/pf120_k100_a040,CH-pf120_k100_a040,ch-af-apac-eu-row-us,CH-first,pf120_k100_a040,clean_objective_stage2,1.2,1,0.4,7,0.7732214371,apac,one_start_only,us,US,2025,42
ch-af-apac-eu-row-us/pf120_k100_a040,CH-pf120_k100_a040,ch-af-apac-eu-row-us,CH-first,pf120_k100_a040,clean_objective_stage2,1.2,1,0.4,7,0.7732214371,apac,one_start_only,apac,APAC,2025,110
ch-af-apac-eu-row-us/pf120_k100_a040,CH-pf120_k100_a040,ch-af-apac-eu-row-us,CH-first,pf120_k100_a040,clean_objective_stage2,1.2,1,0.4,7,0.7732214371,apac,one_start_only,row,ROW,2025,293
ch-af-apac-eu-row-us/pf120_k100_a040,CH-pf120_k100_a040,ch-af-apac-eu-row-us,CH-first,pf120_k100_a040,clean_objective_stage2,1.2,1,0.4,7,0.7732214371,apac,one_start_only,ch,China,2030,453.6610008
ch-af-apac-eu-row-us/pf120_k100_a040,CH-pf120_k100_a040,ch-af-apac-eu-row-us,CH-first,pf120_k100_a040,clean_objective_stage2,1.2,1,0.4,7,0.7732214371,apac,one_start_only,af,Africa,2030,5.899999988
ch-af-apac-eu-row-us/pf120_k100_a040,CH-pf120_k100_a040,ch-af-apac-eu-row-us,CH-first,pf120_k100_a040,clean_objective_stage2,1.2,1,0.4,7,0.7732214371,apac,one_start_only,eu,EU,2030,33.1094594
ch-af-apac-eu-row-us/pf120_k100_a040,CH-pf120_k100_a040,ch-af-apac-eu-row-us,CH-first,pf120_k100_a040,clean_objective_stage2,1.2,1,0.4,7,0.7732214371,apac,one_start_only,us,US,2030,41.29253999
ch-af-apac-eu-row-us/pf120_k100_a040,CH-pf120_k100_a040,ch-af-apac-eu-row-us,CH-first,pf120_k100_a040,clean_objective_stage2,1.2,1,0.4,7,0.7732214371,apac,one_start_only,apac,APAC,2030,173.3499964
ch-af-apac-eu-row-us/pf120_k100_a040,CH-pf120_k100_a040,ch-af-apac-eu-row-us,CH-first,pf120_k100_a040,clean_objective_stage2,1.2,1,0.4,7,0.7732214371,apac,one_start_only,row,ROW,2030,77.58740564
ch-af-apac-eu-row-us/pf120_k100_a040,CH-pf120_k100_a040,ch-af-apac-eu-row-us,CH-first,pf120_k100_a040,clean_objective_stage2,1.2,1,0.4,7,0.7732214371,apac,one_start_only,ch,China,2035,434.634281
ch-af-apac-eu-row-us/pf120_k100_a040,CH-pf120_k100_a040,ch-af-apac-eu-row-us,CH-first,pf120_k100_a040,clean_objective_stage2,1.2,1,0.4,7,0.7732214371,apac,one_start_only,af,Africa,2035,8.399999984
ch-af-apac-eu-row-us/pf120_k100_a040,CH-pf120_k100_a040,ch-af-apac-eu-row-us,CH-first,pf120_k100_a040,clean_objective_stage2,1.2,1,0.4,7,0.7732214371,apac,one_start_only,eu,EU,2035,42.70042844
ch-af-apac-eu-row-us/pf120_k100_a040,CH-pf120_k100_a040,ch-af-apac-eu-row-us,CH-first,pf120_k100_a040,clean_objective_stage2,1.2,1,0.4,7,0.7732214371,apac,one_start_only,us,US,2035,41.29171999
ch-af-apac-eu-row-us/pf120_k100_a040,CH-pf120_k100_a040,ch-af-apac-eu-row-us,CH-first,pf120_k100_a040,clean_objective_stage2,1.2,1,0.4,7,0.7732214371,apac,one_start_only,apac,APAC,2035,236.6899168
ch-af-apac-eu-row-us/pf120_k100_a040,CH-pf120_k100_a040,ch-af-apac-eu-row-us,CH-first,pf120_k100_a040,clean_objective_stage2,1.2,1,0.4,7,0.7732214371,apac,one_start_only,row,ROW,2035,77.57781936
ch-af-apac-eu-row-us/pf120_k100_a040,CH-pf120_k100_a040,ch-af-apac-eu-row-us,CH-first,pf120_k100_a040,clean_objective_stage2,1.2,1,0.4,7,0.7732214371,apac,one_start_only,ch,China,2040,434.5291951
ch-af-apac-eu-row-us/pf120_k100_a040,CH-pf120_k100_a040,ch-af-apac-eu-row-us,CH-first,pf120_k100_a040,clean_objective_stage2,1.2,1,0.4,7,0.7732214371,apac,one_start_only,af,Africa,2040,10.89999998
ch-af-apac-eu-row-us/pf120_k100_a040,CH-pf120_k100_a040,ch-af-apac-eu-row-us,CH-first,pf120_k100_a040,clean_objective_stage2,1.2,1,0.4,7,0.7732214371,apac,one_start_only,eu,EU,2040,47.54147527
ch-af-apac-eu-row-us/pf120_k100_a040,CH-pf120_k100_a040,ch-af-apac-eu-row-us,CH-first,pf120_k100_a040,clean_objective_stage2,1.2,1,0.4,7,0.7732214371,apac,one_start_only,us,US,2040,41.27201176
ch-af-apac-eu-row-us/pf120_k100_a040,CH-pf120_k100_a040,ch-af-apac-eu-row-us,CH-first,pf120_k100_a040,clean_objective_stage2,1.2,1,0.4,7,0.7732214371,apac,one_start_only,apac,APAC,2040,278.1639366
ch-af-apac-eu-row-us/pf120_k100_a040,CH-pf120_k100_a040,ch-af-apac-eu-row-us,CH-first,pf120_k100_a040,clean_objective_stage2,1.2,1,0.4,7,0.7732214371,apac,one_start_only,row,ROW,2040,77.56467824
af-eu-us-apac-row-ch/pf080_k050_a030,AF-pf080_k050_a030,af-eu-us-apac-row-ch,AF-first,pf080_k050_a030,clean_objective_stage2,0.8,0.5,0.3,8,0.8485817696,apac,one_start_only,ch,China,2025,931
af-eu-us-apac-row-ch/pf080_k050_a030,AF-pf080_k050_a030,af-eu-us-apac-row-ch,AF-first,pf080_k050_a030,clean_objective_stage2,0.8,0.5,0.3,8,0.8485817696,apac,one_start_only,af,Africa,2025,3.4
af-eu-us-apac-row-ch/pf080_k050_a030,AF-pf080_k050_a030,af-eu-us-apac-row-ch,AF-first,pf080_k050_a030,clean_objective_stage2,0.8,0.5,0.3,8,0.8485817696,apac,one_start_only,eu,EU,2025,22
af-eu-us-apac-row-ch/pf080_k050_a030,AF-pf080_k050_a030,af-eu-us-apac-row-ch,AF-first,pf080_k050_a030,clean_objective_stage2,0.8,0.5,0.3,8,0.8485817696,apac,one_start_only,us,US,2025,42
af-eu-us-apac-row-ch/pf080_k050_a030,AF-pf080_k050_a030,af-eu-us-apac-row-ch,AF-first,pf080_k050_a030,clean_objective_stage2,0.8,0.5,0.3,8,0.8485817696,apac,one_start_only,apac,APAC,2025,110
af-eu-us-apac-row-ch/pf080_k050_a030,AF-pf080_k050_a030,af-eu-us-apac-row-ch,AF-first,pf080_k050_a030,clean_objective_stage2,0.8,0.5,0.3,8,0.8485817696,apac,one_start_only,row,ROW,2025,293
af-eu-us-apac-row-ch/pf080_k050_a030,AF-pf080_k050_a030,af-eu-us-apac-row-ch,AF-first,pf080_k050_a030,clean_objective_stage2,0.8,0.5,0.3,8,0.8485817696,apac,one_start_only,ch,China,2030,498.5655784
af-eu-us-apac-row-ch/pf080_k050_a030,AF-pf080_k050_a030,af-eu-us-apac-row-ch,AF-first,pf080_k050_a030,clean_objective_stage2,0.8,0.5,0.3,8,0.8485817696,apac,one_start_only,af,Africa,2030,5.682172571
af-eu-us-apac-row-ch/pf080_k050_a030,AF-pf080_k050_a030,af-eu-us-apac-row-ch,AF-first,pf080_k050_a030,clean_objective_stage2,0.8,0.5,0.3,8,0.8485817696,apac,one_start_only,eu,EU,2030,32.60283151
af-eu-us-apac-row-ch/pf080_k050_a030,AF-pf080_k050_a030,af-eu-us-apac-row-ch,AF-first,pf080_k050_a030,clean_objective_stage2,0.8,0.5,0.3,8,0.8485817696,apac,one_start_only,us,US,2030,61.06989704
af-eu-us-apac-row-ch/pf080_k050_a030,AF-pf080_k050_a030,af-eu-us-apac-row-ch,AF-first,pf080_k050_a030,clean_objective_stage2,0.8,0.5,0.3,8,0.8485817696,apac,one_start_only,apac,APAC,2030,149.4917507
af-eu-us-apac-row-ch/pf080_k050_a030,AF-pf080_k050_a030,af-eu-us-apac-row-ch,AF-first,pf080_k050_a030,clean_objective_stage2,0.8,0.5,0.3,8,0.8485817696,apac,one_start_only,row,ROW,2030,102.4144017
af-eu-us-apac-row-ch/pf080_k050_a030,AF-pf080_k050_a030,af-eu-us-apac-row-ch,AF-first,pf080_k050_a030,clean_objective_stage2,0.8,0.5,0.3,8,0.8485817696,apac,one_start_only,ch,China,2035,474.4906303
af-eu-us-apac-row-ch/pf080_k050_a030,AF-pf080_k050_a030,af-eu-us-apac-row-ch,AF-first,pf080_k050_a030,clean_objective_stage2,0.8,0.5,0.3,8,0.8485817696,apac,one_start_only,af,Africa,2035,8.048346409
af-eu-us-apac-row-ch/pf080_k050_a030,AF-pf080_k050_a030,af-eu-us-apac-row-ch,AF-first,pf080_k050_a030,clean_objective_stage2,0.8,0.5,0.3,8,0.8485817696,apac,one_start_only,eu,EU,2035,42.48116434
af-eu-us-apac-row-ch/pf080_k050_a030,AF-pf080_k050_a030,af-eu-us-apac-row-ch,AF-first,pf080_k050_a030,clean_objective_stage2,0.8,0.5,0.3,8,0.8485817696,apac,one_start_only,us,US,2035,65.19996158
af-eu-us-apac-row-ch/pf080_k050_a030,AF-pf080_k050_a030,af-eu-us-apac-row-ch,AF-first,pf080_k050_a030,clean_objective_stage2,0.8,0.5,0.3,8,0.8485817696,apac,one_start_only,apac,APAC,2035,182.4093027
af-eu-us-apac-row-ch/pf080_k050_a030,AF-pf080_k050_a030,af-eu-us-apac-row-ch,AF-first,pf080_k050_a030,clean_objective_stage2,0.8,0.5,0.3,8,0.8485817696,apac,one_start_only,row,ROW,2035,102.4030814
af-eu-us-apac-row-ch/pf080_k050_a030,AF-pf080_k050_a030,af-eu-us-apac-row-ch,AF-first,pf080_k050_a030,clean_objective_stage2,0.8,0.5,0.3,8,0.8485817696,apac,one_start_only,ch,China,2040,474.343113
af-eu-us-apac-row-ch/pf080_k050_a030,AF-pf080_k050_a030,af-eu-us-apac-row-ch,AF-first,pf080_k050_a030,clean_objective_stage2,0.8,0.5,0.3,8,0.8485817696,apac,one_start_only,af,Africa,2040,10.41452049
af-eu-us-apac-row-ch/pf080_k050_a030,AF-pf080_k050_a030,af-eu-us-apac-row-ch,AF-first,pf080_k050_a030,clean_objective_stage2,0.8,0.5,0.3,8,0.8485817696,apac,one_start_only,eu,EU,2040,53.70261029
af-eu-us-apac-row-ch/pf080_k050_a030,AF-pf080_k050_a030,af-eu-us-apac-row-ch,AF-first,pf080_k050_a030,clean_objective_stage2,0.8,0.5,0.3,8,0.8485817696,apac,one_start_only,us,US,2040,66.7894411
af-eu-us-apac-row-ch/pf080_k050_a030,AF-pf080_k050_a030,af-eu-us-apac-row-ch,AF-first,pf080_k050_a030,clean_objective_stage2,0.8,0.5,0.3,8,0.8485817696,apac,one_start_only,apac,APAC,2040,231.7030416
af-eu-us-apac-row-ch/pf080_k050_a030,AF-pf080_k050_a030,af-eu-us-apac-row-ch,AF-first,pf080_k050_a030,clean_objective_stage2,0.8,0.5,0.3,8,0.8485817696,apac,one_start_only,row,ROW,2040,102.4000384
af-eu-us-apac-row-ch/pf080_k050_a040,AF-pf080_k050_a040,af-eu-us-apac-row-ch,AF-first,pf080_k050_a040,clean_objective_stage2,0.8,0.5,0.4,11,0.8310431426,apac,one_start_only,ch,China,2025,931
af-eu-us-apac-row-ch/pf080_k050_a040,AF-pf080_k050_a040,af-eu-us-apac-row-ch,AF-first,pf080_k050_a040,clean_objective_stage2,0.8,0.5,0.4,11,0.8310431426,apac,one_start_only,af,Africa,2025,3.4
af-eu-us-apac-row-ch/pf080_k050_a040,AF-pf080_k050_a040,af-eu-us-apac-row-ch,AF-first,pf080_k050_a040,clean_objective_stage2,0.8,0.5,0.4,11,0.8310431426,apac,one_start_only,eu,EU,2025,22
af-eu-us-apac-row-ch/pf080_k050_a040,AF-pf080_k050_a040,af-eu-us-apac-row-ch,AF-first,pf080_k050_a040,clean_objective_stage2,0.8,0.5,0.4,11,0.8310431426,apac,one_start_only,us,US,2025,42
af-eu-us-apac-row-ch/pf080_k050_a040,AF-pf080_k050_a040,af-eu-us-apac-row-ch,AF-first,pf080_k050_a040,clean_objective_stage2,0.8,0.5,0.4,11,0.8310431426,apac,one_start_only,apac,APAC,2025,110
af-eu-us-apac-row-ch/pf080_k050_a040,AF-pf080_k050_a040,af-eu-us-apac-row-ch,AF-first,pf080_k050_a040,clean_objective_stage2,0.8,0.5,0.4,11,0.8310431426,apac,one_start_only,row,ROW,2025,293
af-eu-us-apac-row-ch/pf080_k050_a040,AF-pf080_k050_a040,af-eu-us-apac-row-ch,AF-first,pf080_k050_a040,clean_objective_stage2,0.8,0.5,0.4,11,0.8310431426,apac,one_start_only,ch,China,2030,362.4544101
af-eu-us-apac-row-ch/pf080_k050_a040,AF-pf080_k050_a040,af-eu-us-apac-row-ch,AF-first,pf080_k050_a040,clean_objective_stage2,0.8,0.5,0.4,11,0.8310431426,apac,one_start_only,af,Africa,2030,5.881195007
af-eu-us-apac-row-ch/pf080_k050_a040,AF-pf080_k050_a040,af-eu-us-apac-row-ch,AF-first,pf080_k050_a040,clean_objective_stage2,0.8,0.5,0.4,11,0.8310431426,apac,one_start_only,eu,EU,2030,35.09807328
af-eu-us-apac-row-ch/pf080_k050_a040,AF-pf080_k050_a040,af-eu-us-apac-row-ch,AF-first,pf080_k050_a040,clean_objective_stage2,0.8,0.5,0.4,11,0.8310431426,apac,one_start_only,us,US,2030,67.83555943
af-eu-us-apac-row-ch/pf080_k050_a040,AF-pf080_k050_a040,af-eu-us-apac-row-ch,AF-first,pf080_k050_a040,clean_objective_stage2,0.8,0.5,0.4,11,0.8310431426,apac,one_start_only,apac,APAC,2030,172.2234965
af-eu-us-apac-row-ch/pf080_k050_a040,AF-pf080_k050_a040,af-eu-us-apac-row-ch,AF-first,pf080_k050_a040,clean_objective_stage2,0.8,0.5,0.4,11,0.8310431426,apac,one_start_only,row,ROW,2030,112.5637635
af-eu-us-apac-row-ch/pf080_k050_a040,AF-pf080_k050_a040,af-eu-us-apac-row-ch,AF-first,pf080_k050_a040,clean_objective_stage2,0.8,0.5,0.4,11,0.8310431426,apac,one_start_only,ch,China,2035,342.0093261
af-eu-us-apac-row-ch/pf080_k050_a040,AF-pf080_k050_a040,af-eu-us-apac-row-ch,AF-first,pf080_k050_a040,clean_objective_stage2,0.8,0.5,0.4,11,0.8310431426,apac,one_start_only,af,Africa,2035,8.370613398
af-eu-us-apac-row-ch/pf080_k050_a040,AF-pf080_k050_a040,af-eu-us-apac-row-ch,AF-first,pf080_k050_a040,clean_objective_stage2,0.8,0.5,0.4,11,0.8310431426,apac,one_start_only,eu,EU,2035,48.31697262
af-eu-us-apac-row-ch/pf080_k050_a040,AF-pf080_k050_a040,af-eu-us-apac-row-ch,AF-first,pf080_k050_a040,clean_objective_stage2,0.8,0.5,0.4,11,0.8310431426,apac,one_start_only,us,US,2035,88.16773514
af-eu-us-apac-row-ch/pf080_k050_a040,AF-pf080_k050_a040,af-eu-us-apac-row-ch,AF-first,pf080_k050_a040,clean_objective_stage2,0.8,0.5,0.4,11,0.8310431426,apac,one_start_only,apac,APAC,2035,197.3212795
af-eu-us-apac-row-ch/pf080_k050_a040,AF-pf080_k050_a040,af-eu-us-apac-row-ch,AF-first,pf080_k050_a040,clean_objective_stage2,0.8,0.5,0.4,11,0.8310431426,apac,one_start_only,row,ROW,2035,105.9008876
af-eu-us-apac-row-ch/pf080_k050_a040,AF-pf080_k050_a040,af-eu-us-apac-row-ch,AF-first,pf080_k050_a040,clean_objective_stage2,0.8,0.5,0.4,11,0.8310431426,apac,one_start_only,ch,China,2040,342.001827
af-eu-us-apac-row-ch/pf080_k050_a040,AF-pf080_k050_a040,af-eu-us-apac-row-ch,AF-first,pf080_k050_a040,clean_objective_stage2,0.8,0.5,0.4,11,0.8310431426,apac,one_start_only,af,Africa,2040,10.8600318
af-eu-us-apac-row-ch/pf080_k050_a040,AF-pf080_k050_a040,af-eu-us-apac-row-ch,AF-first,pf080_k050_a040,clean_objective_stage2,0.8,0.5,0.4,11,0.8310431426,apac,one_start_only,eu,EU,2040,61.48045868
af-eu-us-apac-row-ch/pf080_k050_a040,AF-pf080_k050_a040,af-eu-us-apac-row-ch,AF-first,pf080_k050_a040,clean_objective_stage2,0.8,0.5,0.4,11,0.8310431426,apac,one_start_only,us,US,2040,88.63809912
af-eu-us-apac-row-ch/pf080_k050_a040,AF-pf080_k050_a040,af-eu-us-apac-row-ch,AF-first,pf080_k050_a040,clean_objective_stage2,0.8,0.5,0.4,11,0.8310431426,apac,one_start_only,apac,APAC,2040,212.6560947
af-eu-us-apac-row-ch/pf080_k050_a040,AF-pf080_k050_a040,af-eu-us-apac-row-ch,AF-first,pf080_k050_a040,clean_objective_stage2,0.8,0.5,0.4,11,0.8310431426,apac,one_start_only,row,ROW,2040,105.5670272
af-eu-us-apac-row-ch/pf100_k050_a030,AF-pf100_k050_a030,af-eu-us-apac-row-ch,AF-first,pf100_k050_a030,clean_objective_stage2,1,0.5,0.3,14,0.4468730365,row,one_start_only,ch,China,2025,931
af-eu-us-apac-row-ch/pf100_k050_a030,AF-pf100_k050_a030,af-eu-us-apac-row-ch,AF-first,pf100_k050_a030,clean_objective_stage2,1,0.5,0.3,14,0.4468730365,row,one_start_only,af,Africa,2025,3.4
af-eu-us-apac-row-ch/pf100_k050_a030,AF-pf100_k050_a030,af-eu-us-apac-row-ch,AF-first,pf100_k050_a030,clean_objective_stage2,1,0.5,0.3,14,0.4468730365,row,one_start_only,eu,EU,2025,22
af-eu-us-apac-row-ch/pf100_k050_a030,AF-pf100_k050_a030,af-eu-us-apac-row-ch,AF-first,pf100_k050_a030,clean_objective_stage2,1,0.5,0.3,14,0.4468730365,row,one_start_only,us,US,2025,42
af-eu-us-apac-row-ch/pf100_k050_a030,AF-pf100_k050_a030,af-eu-us-apac-row-ch,AF-first,pf100_k050_a030,clean_objective_stage2,1,0.5,0.3,14,0.4468730365,row,one_start_only,apac,APAC,2025,110
af-eu-us-apac-row-ch/pf100_k050_a030,AF-pf100_k050_a030,af-eu-us-apac-row-ch,AF-first,pf100_k050_a030,clean_objective_stage2,1,0.5,0.3,14,0.4468730365,row,one_start_only,row,ROW,2025,293
af-eu-us-apac-row-ch/pf100_k050_a030,AF-pf100_k050_a030,af-eu-us-apac-row-ch,AF-first,pf100_k050_a030,clean_objective_stage2,1,0.5,0.3,14,0.4468730365,row,one_start_only,ch,China,2030,358.1533664
af-eu-us-apac-row-ch/pf100_k050_a030,AF-pf100_k050_a030,af-eu-us-apac-row-ch,AF-first,pf100_k050_a030,clean_objective_stage2,1,0.5,0.3,14,0.4468730365,row,one_start_only,af,Africa,2030,5.874376048
af-eu-us-apac-row-ch/pf100_k050_a030,AF-pf100_k050_a030,af-eu-us-apac-row-ch,AF-first,pf100_k050_a030,clean_objective_stage2,1,0.5,0.3,14,0.4468730365,row,one_start_only,eu,EU,2030,34.75767582
af-eu-us-apac-row-ch/pf100_k050_a030,AF-pf100_k050_a030,af-eu-us-apac-row-ch,AF-first,pf100_k050_a030,clean_objective_stage2,1,0.5,0.3,14,0.4468730365,row,one_start_only,us,US,2030,67.39475224
af-eu-us-apac-row-ch/pf100_k050_a030,AF-pf100_k050_a030,af-eu-us-apac-row-ch,AF-first,pf100_k050_a030,clean_objective_stage2,1,0.5,0.3,14,0.4468730365,row,one_start_only,apac,APAC,2030,164.5218499
af-eu-us-apac-row-ch/pf100_k050_a030,AF-pf100_k050_a030,af-eu-us-apac-row-ch,AF-first,pf100_k050_a030,clean_objective_stage2,1,0.5,0.3,14,0.4468730365,row,one_start_only,row,ROW,2030,137.1520004
af-eu-us-apac-row-ch/pf100_k050_a030,AF-pf100_k050_a030,af-eu-us-apac-row-ch,AF-first,pf100_k050_a030,clean_objective_stage2,1,0.5,0.3,14,0.4468730365,row,one_start_only,ch,China,2035,347.8142503
af-eu-us-apac-row-ch/pf100_k050_a030,AF-pf100_k050_a030,af-eu-us-apac-row-ch,AF-first,pf100_k050_a030,clean_objective_stage2,1,0.5,0.3,14,0.4468730365,row,one_start_only,af,Africa,2035,8.3586309
af-eu-us-apac-row-ch/pf100_k050_a030,AF-pf100_k050_a030,af-eu-us-apac-row-ch,AF-first,pf100_k050_a030,clean_objective_stage2,1,0.5,0.3,14,0.4468730365,row,one_start_only,eu,EU,2035,47.84364589
af-eu-us-apac-row-ch/pf100_k050_a030,AF-pf100_k050_a030,af-eu-us-apac-row-ch,AF-first,pf100_k050_a030,clean_objective_stage2,1,0.5,0.3,14,0.4468730365,row,one_start_only,us,US,2035,85.19907517
af-eu-us-apac-row-ch/pf100_k050_a030,AF-pf100_k050_a030,af-eu-us-apac-row-ch,AF-first,pf100_k050_a030,clean_objective_stage2,1,0.5,0.3,14,0.4468730365,row,one_start_only,apac,APAC,2035,183.2397582
af-eu-us-apac-row-ch/pf100_k050_a030,AF-pf100_k050_a030,af-eu-us-apac-row-ch,AF-first,pf100_k050_a030,clean_objective_stage2,1,0.5,0.3,14,0.4468730365,row,one_start_only,row,ROW,2035,137.0558437
af-eu-us-apac-row-ch/pf100_k050_a030,AF-pf100_k050_a030,af-eu-us-apac-row-ch,AF-first,pf100_k050_a030,clean_objective_stage2,1,0.5,0.3,14,0.4468730365,row,one_start_only,ch,China,2040,347.9195591
af-eu-us-apac-row-ch/pf100_k050_a030,AF-pf100_k050_a030,af-eu-us-apac-row-ch,AF-first,pf100_k050_a030,clean_objective_stage2,1,0.5,0.3,14,0.4468730365,row,one_start_only,af,Africa,2040,10.84288757
af-eu-us-apac-row-ch/pf100_k050_a030,AF-pf100_k050_a030,af-eu-us-apac-row-ch,AF-first,pf100_k050_a030,clean_objective_stage2,1,0.5,0.3,14,0.4468730365,row,one_start_only,eu,EU,2040,60.92967089
af-eu-us-apac-row-ch/pf100_k050_a030,AF-pf100_k050_a030,af-eu-us-apac-row-ch,AF-first,pf100_k050_a030,clean_objective_stage2,1,0.5,0.3,14,0.4468730365,row,one_start_only,us,US,2040,88.21637264
af-eu-us-apac-row-ch/pf100_k050_a030,AF-pf100_k050_a030,af-eu-us-apac-row-ch,AF-first,pf100_k050_a030,clean_objective_stage2,1,0.5,0.3,14,0.4468730365,row,one_start_only,apac,APAC,2040,186.8802846
af-eu-us-apac-row-ch/pf100_k050_a030,AF-pf100_k050_a030,af-eu-us-apac-row-ch,AF-first,pf100_k050_a030,clean_objective_stage2,1,0.5,0.3,14,0.4468730365,row,one_start_only,row,ROW,2040,137.3808156
af-eu-us-apac-row-ch/pf100_k050_a040,AF-pf100_k050_a040,af-eu-us-apac-row-ch,AF-first,pf100_k050_a040,clean_objective_stage2,1,0.5,0.4,6,0.9048946721,apac,one_start_only,ch,China,2025,931
af-eu-us-apac-row-ch/pf100_k050_a040,AF-pf100_k050_a040,af-eu-us-apac-row-ch,AF-first,pf100_k050_a040,clean_objective_stage2,1,0.5,0.4,6,0.9048946721,apac,one_start_only,af,Africa,2025,3.4
af-eu-us-apac-row-ch/pf100_k050_a040,AF-pf100_k050_a040,af-eu-us-apac-row-ch,AF-first,pf100_k050_a040,clean_objective_stage2,1,0.5,0.4,6,0.9048946721,apac,one_start_only,eu,EU,2025,22
af-eu-us-apac-row-ch/pf100_k050_a040,AF-pf100_k050_a040,af-eu-us-apac-row-ch,AF-first,pf100_k050_a040,clean_objective_stage2,1,0.5,0.4,6,0.9048946721,apac,one_start_only,us,US,2025,42
af-eu-us-apac-row-ch/pf100_k050_a040,AF-pf100_k050_a040,af-eu-us-apac-row-ch,AF-first,pf100_k050_a040,clean_objective_stage2,1,0.5,0.4,6,0.9048946721,apac,one_start_only,apac,APAC,2025,110
af-eu-us-apac-row-ch/pf100_k050_a040,AF-pf100_k050_a040,af-eu-us-apac-row-ch,AF-first,pf100_k050_a040,clean_objective_stage2,1,0.5,0.4,6,0.9048946721,apac,one_start_only,row,ROW,2025,293
af-eu-us-apac-row-ch/pf100_k050_a040,AF-pf100_k050_a040,af-eu-us-apac-row-ch,AF-first,pf100_k050_a040,clean_objective_stage2,1,0.5,0.4,6,0.9048946721,apac,one_start_only,ch,China,2030,378.9640017
af-eu-us-apac-row-ch/pf100_k050_a040,AF-pf100_k050_a040,af-eu-us-apac-row-ch,AF-first,pf100_k050_a040,clean_objective_stage2,1,0.5,0.4,6,0.9048946721,apac,one_start_only,af,Africa,2030,5.658200774
af-eu-us-apac-row-ch/pf100_k050_a040,AF-pf100_k050_a040,af-eu-us-apac-row-ch,AF-first,pf100_k050_a040,clean_objective_stage2,1,0.5,0.4,6,0.9048946721,apac,one_start_only,eu,EU,2030,33.11443487
af-eu-us-apac-row-ch/pf100_k050_a040,AF-pf100_k050_a040,af-eu-us-apac-row-ch,AF-first,pf100_k050_a040,clean_objective_stage2,1,0.5,0.4,6,0.9048946721,apac,one_start_only,us,US,2030,64.29187931
af-eu-us-apac-row-ch/pf100_k050_a040,AF-pf100_k050_a040,af-eu-us-apac-row-ch,AF-first,pf100_k050_a040,clean_objective_stage2,1,0.5,0.4,6,0.9048946721,apac,one_start_only,apac,APAC,2030,155.8349691
af-eu-us-apac-row-ch/pf100_k050_a040,AF-pf100_k050_a040,af-eu-us-apac-row-ch,AF-first,pf100_k050_a040,clean_objective_stage2,1,0.5,0.4,6,0.9048946721,apac,one_start_only,row,ROW,2030,98.9691875
af-eu-us-apac-row-ch/pf100_k050_a040,AF-pf100_k050_a040,af-eu-us-apac-row-ch,AF-first,pf100_k050_a040,clean_objective_stage2,1,0.5,0.4,6,0.9048946721,apac,one_start_only,ch,China,2035,368.2825
af-eu-us-apac-row-ch/pf100_k050_a040,AF-pf100_k050_a040,af-eu-us-apac-row-ch,AF-first,pf100_k050_a040,clean_objective_stage2,1,0.5,0.4,6,0.9048946721,apac,one_start_only,af,Africa,2035,8.022113628
af-eu-us-apac-row-ch/pf100_k050_a040,AF-pf100_k050_a040,af-eu-us-apac-row-ch,AF-first,pf100_k050_a040,clean_objective_stage2,1,0.5,0.4,6,0.9048946721,apac,one_start_only,eu,EU,2035,45.42632458
af-eu-us-apac-row-ch/pf100_k050_a040,AF-pf100_k050_a040,af-eu-us-apac-row-ch,AF-first,pf100_k050_a040,clean_objective_stage2,1,0.5,0.4,6,0.9048946721,apac,one_start_only,us,US,2035,85.40744288
af-eu-us-apac-row-ch/pf100_k050_a040,AF-pf100_k050_a040,af-eu-us-apac-row-ch,AF-first,pf100_k050_a040,clean_objective_stage2,1,0.5,0.4,6,0.9048946721,apac,one_start_only,apac,APAC,2035,208.6382005
af-eu-us-apac-row-ch/pf100_k050_a040,AF-pf100_k050_a040,af-eu-us-apac-row-ch,AF-first,pf100_k050_a040,clean_objective_stage2,1,0.5,0.4,6,0.9048946721,apac,one_start_only,row,ROW,2035,98.6283016
af-eu-us-apac-row-ch/pf100_k050_a040,AF-pf100_k050_a040,af-eu-us-apac-row-ch,AF-first,pf100_k050_a040,clean_objective_stage2,1,0.5,0.4,6,0.9048946721,apac,one_start_only,ch,China,2040,366.4465113
af-eu-us-apac-row-ch/pf100_k050_a040,AF-pf100_k050_a040,af-eu-us-apac-row-ch,AF-first,pf100_k050_a040,clean_objective_stage2,1,0.5,0.4,6,0.9048946721,apac,one_start_only,af,Africa,2040,10.38604578
af-eu-us-apac-row-ch/pf100_k050_a040,AF-pf100_k050_a040,af-eu-us-apac-row-ch,AF-first,pf100_k050_a040,clean_objective_stage2,1,0.5,0.4,6,0.9048946721,apac,one_start_only,eu,EU,2040,57.04614899
af-eu-us-apac-row-ch/pf100_k050_a040,AF-pf100_k050_a040,af-eu-us-apac-row-ch,AF-first,pf100_k050_a040,clean_objective_stage2,1,0.5,0.4,6,0.9048946721,apac,one_start_only,us,US,2040,90.18906295
af-eu-us-apac-row-ch/pf100_k050_a040,AF-pf100_k050_a040,af-eu-us-apac-row-ch,AF-first,pf100_k050_a040,clean_objective_stage2,1,0.5,0.4,6,0.9048946721,apac,one_start_only,apac,APAC,2040,199.2776503
af-eu-us-apac-row-ch/pf100_k050_a040,AF-pf100_k050_a040,af-eu-us-apac-row-ch,AF-first,pf100_k050_a040,clean_objective_stage2,1,0.5,0.4,6,0.9048946721,apac,one_start_only,row,ROW,2040,98.62637963
af-eu-us-apac-row-ch/pf100_k100_a030,AF-pf100_k100_a030,af-eu-us-apac-row-ch,AF-first,pf100_k100_a030,clean_objective_stage2,1,1,0.3,11,0.6721281118,apac,one_start_only,ch,China,2025,931
af-eu-us-apac-row-ch/pf100_k100_a030,AF-pf100_k100_a030,af-eu-us-apac-row-ch,AF-first,pf100_k100_a030,clean_objective_stage2,1,1,0.3,11,0.6721281118,apac,one_start_only,af,Africa,2025,3.4
af-eu-us-apac-row-ch/pf100_k100_a030,AF-pf100_k100_a030,af-eu-us-apac-row-ch,AF-first,pf100_k100_a030,clean_objective_stage2,1,1,0.3,11,0.6721281118,apac,one_start_only,eu,EU,2025,22
af-eu-us-apac-row-ch/pf100_k100_a030,AF-pf100_k100_a030,af-eu-us-apac-row-ch,AF-first,pf100_k100_a030,clean_objective_stage2,1,1,0.3,11,0.6721281118,apac,one_start_only,us,US,2025,42
af-eu-us-apac-row-ch/pf100_k100_a030,AF-pf100_k100_a030,af-eu-us-apac-row-ch,AF-first,pf100_k100_a030,clean_objective_stage2,1,1,0.3,11,0.6721281118,apac,one_start_only,apac,APAC,2025,110
af-eu-us-apac-row-ch/pf100_k100_a030,AF-pf100_k100_a030,af-eu-us-apac-row-ch,AF-first,pf100_k100_a030,clean_objective_stage2,1,1,0.3,11,0.6721281118,apac,one_start_only,row,ROW,2025,293
af-eu-us-apac-row-ch/pf100_k100_a030,AF-pf100_k100_a030,af-eu-us-apac-row-ch,AF-first,pf100_k100_a030,clean_objective_stage2,1,1,0.3,11,0.6721281118,apac,one_start_only,ch,China,2030,364.5751899
af-eu-us-apac-row-ch/pf100_k100_a030,AF-pf100_k100_a030,af-eu-us-apac-row-ch,AF-first,pf100_k100_a030,clean_objective_stage2,1,1,0.3,11,0.6721281118,apac,one_start_only,af,Africa,2030,5.850003716
af-eu-us-apac-row-ch/pf100_k100_a030,AF-pf100_k100_a030,af-eu-us-apac-row-ch,AF-first,pf100_k100_a030,clean_objective_stage2,1,1,0.3,11,0.6721281118,apac,one_start_only,eu,EU,2030,33.92350078
af-eu-us-apac-row-ch/pf100_k100_a030,AF-pf100_k100_a030,af-eu-us-apac-row-ch,AF-first,pf100_k100_a030,clean_objective_stage2,1,1,0.3,11,0.6721281118,apac,one_start_only,us,US,2030,65.70999823
af-eu-us-apac-row-ch/pf100_k100_a030,AF-pf100_k100_a030,af-eu-us-apac-row-ch,AF-first,pf100_k100_a030,clean_objective_stage2,1,1,0.3,11,0.6721281118,apac,one_start_only,apac,APAC,2030,163.0425928
af-eu-us-apac-row-ch/pf100_k100_a030,AF-pf100_k100_a030,af-eu-us-apac-row-ch,AF-first,pf100_k100_a030,clean_objective_stage2,1,1,0.3,11,0.6721281118,apac,one_start_only,row,ROW,2030,68.30215354
af-eu-us-apac-row-ch/pf100_k100_a030,AF-pf100_k100_a030,af-eu-us-apac-row-ch,AF-first,pf100_k100_a030,clean_objective_stage2,1,1,0.3,11,0.6721281118,apac,one_start_only,ch,China,2035,347.5330261
af-eu-us-apac-row-ch/pf100_k100_a030,AF-pf100_k100_a030,af-eu-us-apac-row-ch,AF-first,pf100_k100_a030,clean_objective_stage2,1,1,0.3,11,0.6721281118,apac,one_start_only,af,Africa,2035,8.328816125
af-eu-us-apac-row-ch/pf100_k100_a030,AF-pf100_k100_a030,af-eu-us-apac-row-ch,AF-first,pf100_k100_a030,clean_objective_stage2,1,1,0.3,11,0.6721281118,apac,one_start_only,eu,EU,2035,46.73477708
af-eu-us-apac-row-ch/pf100_k100_a030,AF-pf100_k100_a030,af-eu-us-apac-row-ch,AF-first,pf100_k100_a030,clean_objective_stage2,1,1,0.3,11,0.6721281118,apac,one_start_only,us,US,2035,82.95643875
af-eu-us-apac-row-ch/pf100_k100_a030,AF-pf100_k100_a030,af-eu-us-apac-row-ch,AF-first,pf100_k100_a030,clean_objective_stage2,1,1,0.3,11,0.6721281118,apac,one_start_only,apac,APAC,2035,222.0408629
af-eu-us-apac-row-ch/pf100_k100_a030,AF-pf100_k100_a030,af-eu-us-apac-row-ch,AF-first,pf100_k100_a030,clean_objective_stage2,1,1,0.3,11,0.6721281118,apac,one_start_only,row,ROW,2035,52.67436002
af-eu-us-apac-row-ch/pf100_k100_a030,AF-pf100_k100_a030,af-eu-us-apac-row-ch,AF-first,pf100_k100_a030,clean_objective_stage2,1,1,0.3,11,0.6721281118,apac,one_start_only,ch,China,2040,344.4830105
af-eu-us-apac-row-ch/pf100_k100_a030,AF-pf100_k100_a030,af-eu-us-apac-row-ch,AF-first,pf100_k100_a030,clean_objective_stage2,1,1,0.3,11,0.6721281118,apac,one_start_only,af,Africa,2040,10.8076303
af-eu-us-apac-row-ch/pf100_k100_a030,AF-pf100_k100_a030,af-eu-us-apac-row-ch,AF-first,pf100_k100_a030,clean_objective_stage2,1,1,0.3,11,0.6721281118,apac,one_start_only,eu,EU,2040,58.61582167
af-eu-us-apac-row-ch/pf100_k100_a030,AF-pf100_k100_a030,af-eu-us-apac-row-ch,AF-first,pf100_k100_a030,clean_objective_stage2,1,1,0.3,11,0.6721281118,apac,one_start_only,us,US,2040,102.040947
af-eu-us-apac-row-ch/pf100_k100_a030,AF-pf100_k100_a030,af-eu-us-apac-row-ch,AF-first,pf100_k100_a030,clean_objective_stage2,1,1,0.3,11,0.6721281118,apac,one_start_only,apac,APAC,2040,260.0447687
af-eu-us-apac-row-ch/pf100_k100_a030,AF-pf100_k100_a030,af-eu-us-apac-row-ch,AF-first,pf100_k100_a030,clean_objective_stage2,1,1,0.3,11,0.6721281118,apac,one_start_only,row,ROW,2040,52.59647905
af-eu-us-apac-row-ch/pf100_k100_a040,AF-pf100_k100_a040,af-eu-us-apac-row-ch,AF-first,pf100_k100_a040,clean_objective_stage2,1,1,0.4,8,0.9534369516,us,one_start_only,ch,China,2025,931
af-eu-us-apac-row-ch/pf100_k100_a040,AF-pf100_k100_a040,af-eu-us-apac-row-ch,AF-first,pf100_k100_a040,clean_objective_stage2,1,1,0.4,8,0.9534369516,us,one_start_only,af,Africa,2025,3.4
af-eu-us-apac-row-ch/pf100_k100_a040,AF-pf100_k100_a040,af-eu-us-apac-row-ch,AF-first,pf100_k100_a040,clean_objective_stage2,1,1,0.4,8,0.9534369516,us,one_start_only,eu,EU,2025,22
af-eu-us-apac-row-ch/pf100_k100_a040,AF-pf100_k100_a040,af-eu-us-apac-row-ch,AF-first,pf100_k100_a040,clean_objective_stage2,1,1,0.4,8,0.9534369516,us,one_start_only,us,US,2025,42
af-eu-us-apac-row-ch/pf100_k100_a040,AF-pf100_k100_a040,af-eu-us-apac-row-ch,AF-first,pf100_k100_a040,clean_objective_stage2,1,1,0.4,8,0.9534369516,us,one_start_only,apac,APAC,2025,110
af-eu-us-apac-row-ch/pf100_k100_a040,AF-pf100_k100_a040,af-eu-us-apac-row-ch,AF-first,pf100_k100_a040,clean_objective_stage2,1,1,0.4,8,0.9534369516,us,one_start_only,row,ROW,2025,293
af-eu-us-apac-row-ch/pf100_k100_a040,AF-pf100_k100_a040,af-eu-us-apac-row-ch,AF-first,pf100_k100_a040,clean_objective_stage2,1,1,0.4,8,0.9534369516,us,one_start_only,ch,China,2030,401.7829099
af-eu-us-apac-row-ch/pf100_k100_a040,AF-pf100_k100_a040,af-eu-us-apac-row-ch,AF-first,pf100_k100_a040,clean_objective_stage2,1,1,0.4,8,0.9534369516,us,one_start_only,af,Africa,2030,5.833937692
af-eu-us-apac-row-ch/pf100_k100_a040,AF-pf100_k100_a040,af-eu-us-apac-row-ch,AF-first,pf100_k100_a040,clean_objective_stage2,1,1,0.4,8,0.9534369516,us,one_start_only,eu,EU,2030,34.36042679
af-eu-us-apac-row-ch/pf100_k100_a040,AF-pf100_k100_a040,af-eu-us-apac-row-ch,AF-first,pf100_k100_a040,clean_objective_stage2,1,1,0.4,8,0.9534369516,us,one_start_only,us,US,2030,66.48108479
af-eu-us-apac-row-ch/pf100_k100_a040,AF-pf100_k100_a040,af-eu-us-apac-row-ch,AF-first,pf100_k100_a040,clean_objective_stage2,1,1,0.4,8,0.9534369516,us,one_start_only,apac,APAC,2030,170.1334591
af-eu-us-apac-row-ch/pf100_k100_a040,AF-pf100_k100_a040,af-eu-us-apac-row-ch,AF-first,pf100_k100_a040,clean_objective_stage2,1,1,0.4,8,0.9534369516,us,one_start_only,row,ROW,2030,79.1499871
af-eu-us-apac-row-ch/pf100_k100_a040,AF-pf100_k100_a040,af-eu-us-apac-row-ch,AF-first,pf100_k100_a040,clean_objective_stage2,1,1,0.4,8,0.9534369516,us,one_start_only,ch,China,2035,373.9069592
af-eu-us-apac-row-ch/pf100_k100_a040,AF-pf100_k100_a040,af-eu-us-apac-row-ch,AF-first,pf100_k100_a040,clean_objective_stage2,1,1,0.4,8,0.9534369516,us,one_start_only,af,Africa,2035,8.305941642
af-eu-us-apac-row-ch/pf100_k100_a040,AF-pf100_k100_a040,af-eu-us-apac-row-ch,AF-first,pf100_k100_a040,clean_objective_stage2,1,1,0.4,8,0.9534369516,us,one_start_only,eu,EU,2035,47.33671223
af-eu-us-apac-row-ch/pf100_k100_a040,AF-pf100_k100_a040,af-eu-us-apac-row-ch,AF-first,pf100_k100_a040,clean_objective_stage2,1,1,0.4,8,0.9534369516,us,one_start_only,us,US,2035,83.38556374
af-eu-us-apac-row-ch/pf100_k100_a040,AF-pf100_k100_a040,af-eu-us-apac-row-ch,AF-first,pf100_k100_a040,clean_objective_stage2,1,1,0.4,8,0.9534369516,us,one_start_only,apac,APAC,2035,210.2360565
af-eu-us-apac-row-ch/pf100_k100_a040,AF-pf100_k100_a040,af-eu-us-apac-row-ch,AF-first,pf100_k100_a040,clean_objective_stage2,1,1,0.4,8,0.9534369516,us,one_start_only,row,ROW,2035,69.96963478
af-eu-us-apac-row-ch/pf100_k100_a040,AF-pf100_k100_a040,af-eu-us-apac-row-ch,AF-first,pf100_k100_a040,clean_objective_stage2,1,1,0.4,8,0.9534369516,us,one_start_only,ch,China,2040,373.3638172
af-eu-us-apac-row-ch/pf100_k100_a040,AF-pf100_k100_a040,af-eu-us-apac-row-ch,AF-first,pf100_k100_a040,clean_objective_stage2,1,1,0.4,8,0.9534369516,us,one_start_only,af,Africa,2040,10.77794781
af-eu-us-apac-row-ch/pf100_k100_a040,AF-pf100_k100_a040,af-eu-us-apac-row-ch,AF-first,pf100_k100_a040,clean_objective_stage2,1,1,0.4,8,0.9534369516,us,one_start_only,eu,EU,2040,59.64824573
af-eu-us-apac-row-ch/pf100_k100_a040,AF-pf100_k100_a040,af-eu-us-apac-row-ch,AF-first,pf100_k100_a040,clean_objective_stage2,1,1,0.4,8,0.9534369516,us,one_start_only,us,US,2040,84.05931526
af-eu-us-apac-row-ch/pf100_k100_a040,AF-pf100_k100_a040,af-eu-us-apac-row-ch,AF-first,pf100_k100_a040,clean_objective_stage2,1,1,0.4,8,0.9534369516,us,one_start_only,apac,APAC,2040,239.5601716
af-eu-us-apac-row-ch/pf100_k100_a040,AF-pf100_k100_a040,af-eu-us-apac-row-ch,AF-first,pf100_k100_a040,clean_objective_stage2,1,1,0.4,8,0.9534369516,us,one_start_only,row,ROW,2040,69.90670956
af-eu-us-apac-row-ch/pf120_k050_a030,AF-pf120_k050_a030,af-eu-us-apac-row-ch,AF-first,pf120_k050_a030,clean_objective_stage2,1.2,0.5,0.3,8,0.6549033438,apac,one_start_only,ch,China,2025,931
af-eu-us-apac-row-ch/pf120_k050_a030,AF-pf120_k050_a030,af-eu-us-apac-row-ch,AF-first,pf120_k050_a030,clean_objective_stage2,1.2,0.5,0.3,8,0.6549033438,apac,one_start_only,af,Africa,2025,3.4
af-eu-us-apac-row-ch/pf120_k050_a030,AF-pf120_k050_a030,af-eu-us-apac-row-ch,AF-first,pf120_k050_a030,clean_objective_stage2,1.2,0.5,0.3,8,0.6549033438,apac,one_start_only,eu,EU,2025,22
af-eu-us-apac-row-ch/pf120_k050_a030,AF-pf120_k050_a030,af-eu-us-apac-row-ch,AF-first,pf120_k050_a030,clean_objective_stage2,1.2,0.5,0.3,8,0.6549033438,apac,one_start_only,us,US,2025,42
af-eu-us-apac-row-ch/pf120_k050_a030,AF-pf120_k050_a030,af-eu-us-apac-row-ch,AF-first,pf120_k050_a030,clean_objective_stage2,1.2,0.5,0.3,8,0.6549033438,apac,one_start_only,apac,APAC,2025,110
af-eu-us-apac-row-ch/pf120_k050_a030,AF-pf120_k050_a030,af-eu-us-apac-row-ch,AF-first,pf120_k050_a030,clean_objective_stage2,1.2,0.5,0.3,8,0.6549033438,apac,one_start_only,row,ROW,2025,293
af-eu-us-apac-row-ch/pf120_k050_a030,AF-pf120_k050_a030,af-eu-us-apac-row-ch,AF-first,pf120_k050_a030,clean_objective_stage2,1.2,0.5,0.3,8,0.6549033438,apac,one_start_only,ch,China,2030,518.4262559
af-eu-us-apac-row-ch/pf120_k050_a030,AF-pf120_k050_a030,af-eu-us-apac-row-ch,AF-first,pf120_k050_a030,clean_objective_stage2,1.2,0.5,0.3,8,0.6549033438,apac,one_start_only,af,Africa,2030,5.797057136
af-eu-us-apac-row-ch/pf120_k050_a030,AF-pf120_k050_a030,af-eu-us-apac-row-ch,AF-first,pf120_k050_a030,clean_objective_stage2,1.2,0.5,0.3,8,0.6549033438,apac,one_start_only,eu,EU,2030,32.05037258
af-eu-us-apac-row-ch/pf120_k050_a030,AF-pf120_k050_a030,af-eu-us-apac-row-ch,AF-first,pf120_k050_a030,clean_objective_stage2,1.2,0.5,0.3,8,0.6549033438,apac,one_start_only,us,US,2030,46.20035042
af-eu-us-apac-row-ch/pf120_k050_a030,AF-pf120_k050_a030,af-eu-us-apac-row-ch,AF-first,pf120_k050_a030,clean_objective_stage2,1.2,0.5,0.3,8,0.6549033438,apac,one_start_only,apac,APAC,2030,168.1963692
af-eu-us-apac-row-ch/pf120_k050_a030,AF-pf120_k050_a030,af-eu-us-apac-row-ch,AF-first,pf120_k050_a030,clean_objective_stage2,1.2,0.5,0.3,8,0.6549033438,apac,one_start_only,row,ROW,2030,43.42016269
af-eu-us-apac-row-ch/pf120_k050_a030,AF-pf120_k050_a030,af-eu-us-apac-row-ch,AF-first,pf120_k050_a030,clean_objective_stage2,1.2,0.5,0.3,8,0.6549033438,apac,one_start_only,ch,China,2035,449.6590746
af-eu-us-apac-row-ch/pf120_k050_a030,AF-pf120_k050_a030,af-eu-us-apac-row-ch,AF-first,pf120_k050_a030,clean_objective_stage2,1.2,0.5,0.3,8,0.6549033438,apac,one_start_only,af,Africa,2035,8.194113759
af-eu-us-apac-row-ch/pf120_k050_a030,AF-pf120_k050_a030,af-eu-us-apac-row-ch,AF-first,pf120_k050_a030,clean_objective_stage2,1.2,0.5,0.3,8,0.6549033438,apac,one_start_only,eu,EU,2035,43.5935831
af-eu-us-apac-row-ch/pf120_k050_a030,AF-pf120_k050_a030,af-eu-us-apac-row-ch,AF-first,pf120_k050_a030,clean_objective_stage2,1.2,0.5,0.3,8,0.6549033438,apac,one_start_only,us,US,2035,68.37094366
af-eu-us-apac-row-ch/pf120_k050_a030,AF-pf120_k050_a030,af-eu-us-apac-row-ch,AF-first,pf120_k050_a030,clean_objective_stage2,1.2,0.5,0.3,8,0.6549033438,apac,one_start_only,apac,APAC,2035,224.4293661
af-eu-us-apac-row-ch/pf120_k050_a030,AF-pf120_k050_a030,af-eu-us-apac-row-ch,AF-first,pf120_k050_a030,clean_objective_stage2,1.2,0.5,0.3,8,0.6549033438,apac,one_start_only,row,ROW,2035,43.40347516
af-eu-us-apac-row-ch/pf120_k050_a030,AF-pf120_k050_a030,af-eu-us-apac-row-ch,AF-first,pf120_k050_a030,clean_objective_stage2,1.2,0.5,0.3,8,0.6549033438,apac,one_start_only,ch,China,2040,446.7223935
af-eu-us-apac-row-ch/pf120_k050_a030,AF-pf120_k050_a030,af-eu-us-apac-row-ch,AF-first,pf120_k050_a030,clean_objective_stage2,1.2,0.5,0.3,8,0.6549033438,apac,one_start_only,af,Africa,2040,10.59117033
af-eu-us-apac-row-ch/pf120_k050_a030,AF-pf120_k050_a030,af-eu-us-apac-row-ch,AF-first,pf120_k050_a030,clean_objective_stage2,1.2,0.5,0.3,8,0.6549033438,apac,one_start_only,eu,EU,2040,54.85238877
af-eu-us-apac-row-ch/pf120_k050_a030,AF-pf120_k050_a030,af-eu-us-apac-row-ch,AF-first,pf120_k050_a030,clean_objective_stage2,1.2,0.5,0.3,8,0.6549033438,apac,one_start_only,us,US,2040,72.36509736
af-eu-us-apac-row-ch/pf120_k050_a030,AF-pf120_k050_a030,af-eu-us-apac-row-ch,AF-first,pf120_k050_a030,clean_objective_stage2,1.2,0.5,0.3,8,0.6549033438,apac,one_start_only,apac,APAC,2040,262.9717953
af-eu-us-apac-row-ch/pf120_k050_a030,AF-pf120_k050_a030,af-eu-us-apac-row-ch,AF-first,pf120_k050_a030,clean_objective_stage2,1.2,0.5,0.3,8,0.6549033438,apac,one_start_only,row,ROW,2040,43.38984418
af-eu-us-apac-row-ch/pf120_k100_a030,AF-pf120_k100_a030,af-eu-us-apac-row-ch,AF-first,pf120_k100_a030,clean_objective_stage2,1.2,1,0.3,5,0.7855083891,us,one_start_only,ch,China,2025,931
af-eu-us-apac-row-ch/pf120_k100_a030,AF-pf120_k100_a030,af-eu-us-apac-row-ch,AF-first,pf120_k100_a030,clean_objective_stage2,1.2,1,0.3,5,0.7855083891,us,one_start_only,af,Africa,2025,3.4
af-eu-us-apac-row-ch/pf120_k100_a030,AF-pf120_k100_a030,af-eu-us-apac-row-ch,AF-first,pf120_k100_a030,clean_objective_stage2,1.2,1,0.3,5,0.7855083891,us,one_start_only,eu,EU,2025,22
af-eu-us-apac-row-ch/pf120_k100_a030,AF-pf120_k100_a030,af-eu-us-apac-row-ch,AF-first,pf120_k100_a030,clean_objective_stage2,1.2,1,0.3,5,0.7855083891,us,one_start_only,us,US,2025,42
af-eu-us-apac-row-ch/pf120_k100_a030,AF-pf120_k100_a030,af-eu-us-apac-row-ch,AF-first,pf120_k100_a030,clean_objective_stage2,1.2,1,0.3,5,0.7855083891,us,one_start_only,apac,APAC,2025,110
af-eu-us-apac-row-ch/pf120_k100_a030,AF-pf120_k100_a030,af-eu-us-apac-row-ch,AF-first,pf120_k100_a030,clean_objective_stage2,1.2,1,0.3,5,0.7855083891,us,one_start_only,row,ROW,2025,293
af-eu-us-apac-row-ch/pf120_k100_a030,AF-pf120_k100_a030,af-eu-us-apac-row-ch,AF-first,pf120_k100_a030,clean_objective_stage2,1.2,1,0.3,5,0.7855083891,us,one_start_only,ch,China,2030,579.7974757
af-eu-us-apac-row-ch/pf120_k100_a030,AF-pf120_k100_a030,af-eu-us-apac-row-ch,AF-first,pf120_k100_a030,clean_objective_stage2,1.2,1,0.3,5,0.7855083891,us,one_start_only,af,Africa,2030,5.899982509
af-eu-us-apac-row-ch/pf120_k100_a030,AF-pf120_k100_a030,af-eu-us-apac-row-ch,AF-first,pf120_k100_a030,clean_objective_stage2,1.2,1,0.3,5,0.7855083891,us,one_start_only,eu,EU,2030,23.22495669
af-eu-us-apac-row-ch/pf120_k100_a030,AF-pf120_k100_a030,af-eu-us-apac-row-ch,AF-first,pf120_k100_a030,clean_objective_stage2,1.2,1,0.3,5,0.7855083891,us,one_start_only,us,US,2030,36.47869676
af-eu-us-apac-row-ch/pf120_k100_a030,AF-pf120_k100_a030,af-eu-us-apac-row-ch,AF-first,pf120_k100_a030,clean_objective_stage2,1.2,1,0.3,5,0.7855083891,us,one_start_only,apac,APAC,2030,167.9408606
af-eu-us-apac-row-ch/pf120_k100_a030,AF-pf120_k100_a030,af-eu-us-apac-row-ch,AF-first,pf120_k100_a030,clean_objective_stage2,1.2,1,0.3,5,0.7855083891,us,one_start_only,row,ROW,2030,60.05267654
af-eu-us-apac-row-ch/pf120_k100_a030,AF-pf120_k100_a030,af-eu-us-apac-row-ch,AF-first,pf120_k100_a030,clean_objective_stage2,1.2,1,0.3,5,0.7855083891,us,one_start_only,ch,China,2035,544.9695651
af-eu-us-apac-row-ch/pf120_k100_a030,AF-pf120_k100_a030,af-eu-us-apac-row-ch,AF-first,pf120_k100_a030,clean_objective_stage2,1.2,1,0.3,5,0.7855083891,us,one_start_only,af,Africa,2035,8.399969344
af-eu-us-apac-row-ch/pf120_k100_a030,AF-pf120_k100_a030,af-eu-us-apac-row-ch,AF-first,pf120_k100_a030,clean_objective_stage2,1.2,1,0.3,5,0.7855083891,us,one_start_only,eu,EU,2035,31.99590668
af-eu-us-apac-row-ch/pf120_k100_a030,AF-pf120_k100_a030,af-eu-us-apac-row-ch,AF-first,pf120_k100_a030,clean_objective_stage2,1.2,1,0.3,5,0.7855083891,us,one_start_only,us,US,2035,36.47812238
af-eu-us-apac-row-ch/pf120_k100_a030,AF-pf120_k100_a030,af-eu-us-apac-row-ch,AF-first,pf120_k100_a030,clean_objective_stage2,1.2,1,0.3,5,0.7855083891,us,one_start_only,apac,APAC,2035,223.3281965
af-eu-us-apac-row-ch/pf120_k100_a030,AF-pf120_k100_a030,af-eu-us-apac-row-ch,AF-first,pf120_k100_a030,clean_objective_stage2,1.2,1,0.3,5,0.7855083891,us,one_start_only,row,ROW,2035,59.98366167
af-eu-us-apac-row-ch/pf120_k100_a030,AF-pf120_k100_a030,af-eu-us-apac-row-ch,AF-first,pf120_k100_a030,clean_objective_stage2,1.2,1,0.3,5,0.7855083891,us,one_start_only,ch,China,2040,544.3868018
af-eu-us-apac-row-ch/pf120_k100_a030,AF-pf120_k100_a030,af-eu-us-apac-row-ch,AF-first,pf120_k100_a030,clean_objective_stage2,1.2,1,0.3,5,0.7855083891,us,one_start_only,af,Africa,2040,10.89996836
af-eu-us-apac-row-ch/pf120_k100_a030,AF-pf120_k100_a030,af-eu-us-apac-row-ch,AF-first,pf120_k100_a030,clean_objective_stage2,1.2,1,0.3,5,0.7855083891,us,one_start_only,eu,EU,2040,38.80439236
af-eu-us-apac-row-ch/pf120_k100_a030,AF-pf120_k100_a030,af-eu-us-apac-row-ch,AF-first,pf120_k100_a030,clean_objective_stage2,1.2,1,0.3,5,0.7855083891,us,one_start_only,us,US,2040,36.47704128
af-eu-us-apac-row-ch/pf120_k100_a030,AF-pf120_k100_a030,af-eu-us-apac-row-ch,AF-first,pf120_k100_a030,clean_objective_stage2,1.2,1,0.3,5,0.7855083891,us,one_start_only,apac,APAC,2040,282.6245883
af-eu-us-apac-row-ch/pf120_k100_a030,AF-pf120_k100_a030,af-eu-us-apac-row-ch,AF-first,pf120_k100_a030,clean_objective_stage2,1.2,1,0.3,5,0.7855083891,us,one_start_only,row,ROW,2040,59.97472912
af-eu-us-apac-row-ch/pf120_k100_a040,AF-pf120_k100_a040,af-eu-us-apac-row-ch,AF-first,pf120_k100_a040,clean_objective_stage2,1.2,1,0.4,7,0.8148040141,us,one_start_only,ch,China,2025,931
af-eu-us-apac-row-ch/pf120_k100_a040,AF-pf120_k100_a040,af-eu-us-apac-row-ch,AF-first,pf120_k100_a040,clean_objective_stage2,1.2,1,0.4,7,0.8148040141,us,one_start_only,af,Africa,2025,3.4
af-eu-us-apac-row-ch/pf120_k100_a040,AF-pf120_k100_a040,af-eu-us-apac-row-ch,AF-first,pf120_k100_a040,clean_objective_stage2,1.2,1,0.4,7,0.8148040141,us,one_start_only,eu,EU,2025,22
af-eu-us-apac-row-ch/pf120_k100_a040,AF-pf120_k100_a040,af-eu-us-apac-row-ch,AF-first,pf120_k100_a040,clean_objective_stage2,1.2,1,0.4,7,0.8148040141,us,one_start_only,us,US,2025,42
af-eu-us-apac-row-ch/pf120_k100_a040,AF-pf120_k100_a040,af-eu-us-apac-row-ch,AF-first,pf120_k100_a040,clean_objective_stage2,1.2,1,0.4,7,0.8148040141,us,one_start_only,apac,APAC,2025,110
af-eu-us-apac-row-ch/pf120_k100_a040,AF-pf120_k100_a040,af-eu-us-apac-row-ch,AF-first,pf120_k100_a040,clean_objective_stage2,1.2,1,0.4,7,0.8148040141,us,one_start_only,row,ROW,2025,293
af-eu-us-apac-row-ch/pf120_k100_a040,AF-pf120_k100_a040,af-eu-us-apac-row-ch,AF-first,pf120_k100_a040,clean_objective_stage2,1.2,1,0.4,7,0.8148040141,us,one_start_only,ch,China,2030,396.4320227
af-eu-us-apac-row-ch/pf120_k100_a040,AF-pf120_k100_a040,af-eu-us-apac-row-ch,AF-first,pf120_k100_a040,clean_objective_stage2,1.2,1,0.4,7,0.8148040141,us,one_start_only,af,Africa,2030,5.899982509
af-eu-us-apac-row-ch/pf120_k100_a040,AF-pf120_k100_a040,af-eu-us-apac-row-ch,AF-first,pf120_k100_a040,clean_objective_stage2,1.2,1,0.4,7,0.8148040141,us,one_start_only,eu,EU,2030,33.28546011
af-eu-us-apac-row-ch/pf120_k100_a040,AF-pf120_k100_a040,af-eu-us-apac-row-ch,AF-first,pf120_k100_a040,clean_objective_stage2,1.2,1,0.4,7,0.8148040141,us,one_start_only,us,US,2030,61.37757459
af-eu-us-apac-row-ch/pf120_k100_a040,AF-pf120_k100_a040,af-eu-us-apac-row-ch,AF-first,pf120_k100_a040,clean_objective_stage2,1.2,1,0.4,7,0.8148040141,us,one_start_only,apac,APAC,2030,171.1860693
af-eu-us-apac-row-ch/pf120_k100_a040,AF-pf120_k100_a040,af-eu-us-apac-row-ch,AF-first,pf120_k100_a040,clean_objective_stage2,1.2,1,0.4,7,0.8148040141,us,one_start_only,row,ROW,2030,39.16819357
af-eu-us-apac-row-ch/pf120_k100_a040,AF-pf120_k100_a040,af-eu-us-apac-row-ch,AF-first,pf120_k100_a040,clean_objective_stage2,1.2,1,0.4,7,0.8148040141,us,one_start_only,ch,China,2035,396.2145434
af-eu-us-apac-row-ch/pf120_k100_a040,AF-pf120_k100_a040,af-eu-us-apac-row-ch,AF-first,pf120_k100_a040,clean_objective_stage2,1.2,1,0.4,7,0.8148040141,us,one_start_only,af,Africa,2035,8.399969345
af-eu-us-apac-row-ch/pf120_k100_a040,AF-pf120_k100_a040,af-eu-us-apac-row-ch,AF-first,pf120_k100_a040,clean_objective_stage2,1.2,1,0.4,7,0.8148040141,us,one_start_only,eu,EU,2035,45.59736108
af-eu-us-apac-row-ch/pf120_k100_a040,AF-pf120_k100_a040,af-eu-us-apac-row-ch,AF-first,pf120_k100_a040,clean_objective_stage2,1.2,1,0.4,7,0.8148040141,us,one_start_only,us,US,2035,64.44917129
af-eu-us-apac-row-ch/pf120_k100_a040,AF-pf120_k100_a040,af-eu-us-apac-row-ch,AF-first,pf120_k100_a040,clean_objective_stage2,1.2,1,0.4,7,0.8148040141,us,one_start_only,apac,APAC,2035,226.0252303
af-eu-us-apac-row-ch/pf120_k100_a040,AF-pf120_k100_a040,af-eu-us-apac-row-ch,AF-first,pf120_k100_a040,clean_objective_stage2,1.2,1,0.4,7,0.8148040141,us,one_start_only,row,ROW,2035,22.81306653
af-eu-us-apac-row-ch/pf120_k100_a040,AF-pf120_k100_a040,af-eu-us-apac-row-ch,AF-first,pf120_k100_a040,clean_objective_stage2,1.2,1,0.4,7,0.8148040141,us,one_start_only,ch,China,2040,396.8204944
af-eu-us-apac-row-ch/pf120_k100_a040,AF-pf120_k100_a040,af-eu-us-apac-row-ch,AF-first,pf120_k100_a040,clean_objective_stage2,1.2,1,0.4,7,0.8148040141,us,one_start_only,af,Africa,2040,10.89996831
af-eu-us-apac-row-ch/pf120_k100_a040,AF-pf120_k100_a040,af-eu-us-apac-row-ch,AF-first,pf120_k100_a040,clean_objective_stage2,1.2,1,0.4,7,0.8148040141,us,one_start_only,eu,EU,2040,45.88111284
af-eu-us-apac-row-ch/pf120_k100_a040,AF-pf120_k100_a040,af-eu-us-apac-row-ch,AF-first,pf120_k100_a040,clean_objective_stage2,1.2,1,0.4,7,0.8148040141,us,one_start_only,us,US,2040,66.7031884
af-eu-us-apac-row-ch/pf120_k100_a040,AF-pf120_k100_a040,af-eu-us-apac-row-ch,AF-first,pf120_k100_a040,clean_objective_stage2,1.2,1,0.4,7,0.8148040141,us,one_start_only,apac,APAC,2040,287.8675413
af-eu-us-apac-row-ch/pf120_k100_a040,AF-pf120_k100_a040,af-eu-us-apac-row-ch,AF-first,pf120_k100_a040,clean_objective_stage2,1.2,1,0.4,7,0.8148040141,us,one_start_only,row,ROW,2040,21.16118205
eu-us-af-row-apac-ch/pf080_k050_a030,EU-pf080_k050_a030,eu-us-af-row-apac-ch,EU-first,pf080_k050_a030,clean_objective_stage2,0.8,0.5,0.3,7,0.7425827198,apac,one_start_only,ch,China,2025,931
eu-us-af-row-apac-ch/pf080_k050_a030,EU-pf080_k050_a030,eu-us-af-row-apac-ch,EU-first,pf080_k050_a030,clean_objective_stage2,0.8,0.5,0.3,7,0.7425827198,apac,one_start_only,af,Africa,2025,3.4
eu-us-af-row-apac-ch/pf080_k050_a030,EU-pf080_k050_a030,eu-us-af-row-apac-ch,EU-first,pf080_k050_a030,clean_objective_stage2,0.8,0.5,0.3,7,0.7425827198,apac,one_start_only,eu,EU,2025,22
eu-us-af-row-apac-ch/pf080_k050_a030,EU-pf080_k050_a030,eu-us-af-row-apac-ch,EU-first,pf080_k050_a030,clean_objective_stage2,0.8,0.5,0.3,7,0.7425827198,apac,one_start_only,us,US,2025,42
eu-us-af-row-apac-ch/pf080_k050_a030,EU-pf080_k050_a030,eu-us-af-row-apac-ch,EU-first,pf080_k050_a030,clean_objective_stage2,0.8,0.5,0.3,7,0.7425827198,apac,one_start_only,apac,APAC,2025,110
eu-us-af-row-apac-ch/pf080_k050_a030,EU-pf080_k050_a030,eu-us-af-row-apac-ch,EU-first,pf080_k050_a030,clean_objective_stage2,0.8,0.5,0.3,7,0.7425827198,apac,one_start_only,row,ROW,2025,293
eu-us-af-row-apac-ch/pf080_k050_a030,EU-pf080_k050_a030,eu-us-af-row-apac-ch,EU-first,pf080_k050_a030,clean_objective_stage2,0.8,0.5,0.3,7,0.7425827198,apac,one_start_only,ch,China,2030,528.1459309
eu-us-af-row-apac-ch/pf080_k050_a030,EU-pf080_k050_a030,eu-us-af-row-apac-ch,EU-first,pf080_k050_a030,clean_objective_stage2,0.8,0.5,0.3,7,0.7425827198,apac,one_start_only,af,Africa,2030,5.588826193
eu-us-af-row-apac-ch/pf080_k050_a030,EU-pf080_k050_a030,eu-us-af-row-apac-ch,EU-first,pf080_k050_a030,clean_objective_stage2,0.8,0.5,0.3,7,0.7425827198,apac,one_start_only,eu,EU,2030,24.87124989
eu-us-af-row-apac-ch/pf080_k050_a030,EU-pf080_k050_a030,eu-us-af-row-apac-ch,EU-first,pf080_k050_a030,clean_objective_stage2,0.8,0.5,0.3,7,0.7425827198,apac,one_start_only,us,US,2030,17.8001304
eu-us-af-row-apac-ch/pf080_k050_a030,EU-pf080_k050_a030,eu-us-af-row-apac-ch,EU-first,pf080_k050_a030,clean_objective_stage2,0.8,0.5,0.3,7,0.7425827198,apac,one_start_only,apac,APAC,2030,151.445067
eu-us-af-row-apac-ch/pf080_k050_a030,EU-pf080_k050_a030,eu-us-af-row-apac-ch,EU-first,pf080_k050_a030,clean_objective_stage2,0.8,0.5,0.3,7,0.7425827198,apac,one_start_only,row,ROW,2030,132.6336787
eu-us-af-row-apac-ch/pf080_k050_a030,EU-pf080_k050_a030,eu-us-af-row-apac-ch,EU-first,pf080_k050_a030,clean_objective_stage2,0.8,0.5,0.3,7,0.7425827198,apac,one_start_only,ch,China,2035,418.3700615
eu-us-af-row-apac-ch/pf080_k050_a030,EU-pf080_k050_a030,eu-us-af-row-apac-ch,EU-first,pf080_k050_a030,clean_objective_stage2,0.8,0.5,0.3,7,0.7425827198,apac,one_start_only,af,Africa,2035,7.897637341
eu-us-af-row-apac-ch/pf080_k050_a030,EU-pf080_k050_a030,eu-us-af-row-apac-ch,EU-first,pf080_k050_a030,clean_objective_stage2,0.8,0.5,0.3,7,0.7425827198,apac,one_start_only,eu,EU,2035,35.63371025
eu-us-af-row-apac-ch/pf080_k050_a030,EU-pf080_k050_a030,eu-us-af-row-apac-ch,EU-first,pf080_k050_a030,clean_objective_stage2,0.8,0.5,0.3,7,0.7425827198,apac,one_start_only,us,US,2035,36.82429007
eu-us-af-row-apac-ch/pf080_k050_a030,EU-pf080_k050_a030,eu-us-af-row-apac-ch,EU-first,pf080_k050_a030,clean_objective_stage2,0.8,0.5,0.3,7,0.7425827198,apac,one_start_only,apac,APAC,2035,196.6354302
eu-us-af-row-apac-ch/pf080_k050_a030,EU-pf080_k050_a030,eu-us-af-row-apac-ch,EU-first,pf080_k050_a030,clean_objective_stage2,0.8,0.5,0.3,7,0.7425827198,apac,one_start_only,row,ROW,2035,132.1468653
eu-us-af-row-apac-ch/pf080_k050_a030,EU-pf080_k050_a030,eu-us-af-row-apac-ch,EU-first,pf080_k050_a030,clean_objective_stage2,0.8,0.5,0.3,7,0.7425827198,apac,one_start_only,ch,China,2040,418.605121
eu-us-af-row-apac-ch/pf080_k050_a030,EU-pf080_k050_a030,eu-us-af-row-apac-ch,EU-first,pf080_k050_a030,clean_objective_stage2,0.8,0.5,0.3,7,0.7425827198,apac,one_start_only,af,Africa,2040,10.20645717
eu-us-af-row-apac-ch/pf080_k050_a030,EU-pf080_k050_a030,eu-us-af-row-apac-ch,EU-first,pf080_k050_a030,clean_objective_stage2,0.8,0.5,0.3,7,0.7425827198,apac,one_start_only,eu,EU,2040,44.5468064
eu-us-af-row-apac-ch/pf080_k050_a030,EU-pf080_k050_a030,eu-us-af-row-apac-ch,EU-first,pf080_k050_a030,clean_objective_stage2,0.8,0.5,0.3,7,0.7425827198,apac,one_start_only,us,US,2040,45.26538868
eu-us-af-row-apac-ch/pf080_k050_a030,EU-pf080_k050_a030,eu-us-af-row-apac-ch,EU-first,pf080_k050_a030,clean_objective_stage2,0.8,0.5,0.3,7,0.7425827198,apac,one_start_only,apac,APAC,2040,239.7783707
eu-us-af-row-apac-ch/pf080_k050_a030,EU-pf080_k050_a030,eu-us-af-row-apac-ch,EU-first,pf080_k050_a030,clean_objective_stage2,0.8,0.5,0.3,7,0.7425827198,apac,one_start_only,row,ROW,2040,134.1710387
eu-us-af-row-apac-ch/pf080_k050_a040,EU-pf080_k050_a040,eu-us-af-row-apac-ch,EU-first,pf080_k050_a040,clean_objective_stage2,0.8,0.5,0.4,8,0.9802010152,us,one_start_only,ch,China,2025,931
eu-us-af-row-apac-ch/pf080_k050_a040,EU-pf080_k050_a040,eu-us-af-row-apac-ch,EU-first,pf080_k050_a040,clean_objective_stage2,0.8,0.5,0.4,8,0.9802010152,us,one_start_only,af,Africa,2025,3.4
eu-us-af-row-apac-ch/pf080_k050_a040,EU-pf080_k050_a040,eu-us-af-row-apac-ch,EU-first,pf080_k050_a040,clean_objective_stage2,0.8,0.5,0.4,8,0.9802010152,us,one_start_only,eu,EU,2025,22
eu-us-af-row-apac-ch/pf080_k050_a040,EU-pf080_k050_a040,eu-us-af-row-apac-ch,EU-first,pf080_k050_a040,clean_objective_stage2,0.8,0.5,0.4,8,0.9802010152,us,one_start_only,us,US,2025,42
eu-us-af-row-apac-ch/pf080_k050_a040,EU-pf080_k050_a040,eu-us-af-row-apac-ch,EU-first,pf080_k050_a040,clean_objective_stage2,0.8,0.5,0.4,8,0.9802010152,us,one_start_only,apac,APAC,2025,110
eu-us-af-row-apac-ch/pf080_k050_a040,EU-pf080_k050_a040,eu-us-af-row-apac-ch,EU-first,pf080_k050_a040,clean_objective_stage2,0.8,0.5,0.4,8,0.9802010152,us,one_start_only,row,ROW,2025,293
eu-us-af-row-apac-ch/pf080_k050_a040,EU-pf080_k050_a040,eu-us-af-row-apac-ch,EU-first,pf080_k050_a040,clean_objective_stage2,0.8,0.5,0.4,8,0.9802010152,us,one_start_only,ch,China,2030,396.8346908
eu-us-af-row-apac-ch/pf080_k050_a040,EU-pf080_k050_a040,eu-us-af-row-apac-ch,EU-first,pf080_k050_a040,clean_objective_stage2,0.8,0.5,0.4,8,0.9802010152,us,one_start_only,af,Africa,2030,5.812942582
eu-us-af-row-apac-ch/pf080_k050_a040,EU-pf080_k050_a040,eu-us-af-row-apac-ch,EU-first,pf080_k050_a040,clean_objective_stage2,0.8,0.5,0.4,8,0.9802010152,us,one_start_only,eu,EU,2030,34.45421567
eu-us-af-row-apac-ch/pf080_k050_a040,EU-pf080_k050_a040,eu-us-af-row-apac-ch,EU-first,pf080_k050_a040,clean_objective_stage2,0.8,0.5,0.4,8,0.9802010152,us,one_start_only,us,US,2030,64.86949911
eu-us-af-row-apac-ch/pf080_k050_a040,EU-pf080_k050_a040,eu-us-af-row-apac-ch,EU-first,pf080_k050_a040,clean_objective_stage2,0.8,0.5,0.4,8,0.9802010152,us,one_start_only,apac,APAC,2030,168.8655696
eu-us-af-row-apac-ch/pf080_k050_a040,EU-pf080_k050_a040,eu-us-af-row-apac-ch,EU-first,pf080_k050_a040,clean_objective_stage2,0.8,0.5,0.4,8,0.9802010152,us,one_start_only,row,ROW,2030,107.6331619
eu-us-af-row-apac-ch/pf080_k050_a040,EU-pf080_k050_a040,eu-us-af-row-apac-ch,EU-first,pf080_k050_a040,clean_objective_stage2,0.8,0.5,0.4,8,0.9802010152,us,one_start_only,ch,China,2035,381.7083155
eu-us-af-row-apac-ch/pf080_k050_a040,EU-pf080_k050_a040,eu-us-af-row-apac-ch,EU-first,pf080_k050_a040,clean_objective_stage2,0.8,0.5,0.4,8,0.9802010152,us,one_start_only,af,Africa,2035,8.263950813
eu-us-af-row-apac-ch/pf080_k050_a040,EU-pf080_k050_a040,eu-us-af-row-apac-ch,EU-first,pf080_k050_a040,clean_objective_stage2,0.8,0.5,0.4,8,0.9802010152,us,one_start_only,eu,EU,2035,43.68422026
eu-us-af-row-apac-ch/pf080_k050_a040,EU-pf080_k050_a040,eu-us-af-row-apac-ch,EU-first,pf080_k050_a040,clean_objective_stage2,0.8,0.5,0.4,8,0.9802010152,us,one_start_only,us,US,2035,75.88264979
eu-us-af-row-apac-ch/pf080_k050_a040,EU-pf080_k050_a040,eu-us-af-row-apac-ch,EU-first,pf080_k050_a040,clean_objective_stage2,0.8,0.5,0.4,8,0.9802010152,us,one_start_only,apac,APAC,2035,208.9322088
eu-us-af-row-apac-ch/pf080_k050_a040,EU-pf080_k050_a040,eu-us-af-row-apac-ch,EU-first,pf080_k050_a040,clean_objective_stage2,0.8,0.5,0.4,8,0.9802010152,us,one_start_only,row,ROW,2035,104.6495677
eu-us-af-row-apac-ch/pf080_k050_a040,EU-pf080_k050_a040,eu-us-af-row-apac-ch,EU-first,pf080_k050_a040,clean_objective_stage2,0.8,0.5,0.4,8,0.9802010152,us,one_start_only,ch,China,2040,381.5224999
eu-us-af-row-apac-ch/pf080_k050_a040,EU-pf080_k050_a040,eu-us-af-row-apac-ch,EU-first,pf080_k050_a040,clean_objective_stage2,0.8,0.5,0.4,8,0.9802010152,us,one_start_only,af,Africa,2040,10.7149619
eu-us-af-row-apac-ch/pf080_k050_a040,EU-pf080_k050_a040,eu-us-af-row-apac-ch,EU-first,pf080_k050_a040,clean_objective_stage2,0.8,0.5,0.4,8,0.9802010152,us,one_start_only,eu,EU,2040,48.28755312
eu-us-af-row-apac-ch/pf080_k050_a040,EU-pf080_k050_a040,eu-us-af-row-apac-ch,EU-first,pf080_k050_a040,clean_objective_stage2,0.8,0.5,0.4,8,0.9802010152,us,one_start_only,us,US,2040,77.81247538
eu-us-af-row-apac-ch/pf080_k050_a040,EU-pf080_k050_a040,eu-us-af-row-apac-ch,EU-first,pf080_k050_a040,clean_objective_stage2,0.8,0.5,0.4,8,0.9802010152,us,one_start_only,apac,APAC,2040,206.2908299
eu-us-af-row-apac-ch/pf080_k050_a040,EU-pf080_k050_a040,eu-us-af-row-apac-ch,EU-first,pf080_k050_a040,clean_objective_stage2,0.8,0.5,0.4,8,0.9802010152,us,one_start_only,row,ROW,2040,104.6506846
eu-us-af-row-apac-ch/pf100_k050_a030,EU-pf100_k050_a030,eu-us-af-row-apac-ch,EU-first,pf100_k050_a030,clean_objective_stage2,1,0.5,0.3,11,0.7338125163,apac,one_start_only,ch,China,2025,931
eu-us-af-row-apac-ch/pf100_k050_a030,EU-pf100_k050_a030,eu-us-af-row-apac-ch,EU-first,pf100_k050_a030,clean_objective_stage2,1,0.5,0.3,11,0.7338125163,apac,one_start_only,af,Africa,2025,3.4
eu-us-af-row-apac-ch/pf100_k050_a030,EU-pf100_k050_a030,eu-us-af-row-apac-ch,EU-first,pf100_k050_a030,clean_objective_stage2,1,0.5,0.3,11,0.7338125163,apac,one_start_only,eu,EU,2025,22
eu-us-af-row-apac-ch/pf100_k050_a030,EU-pf100_k050_a030,eu-us-af-row-apac-ch,EU-first,pf100_k050_a030,clean_objective_stage2,1,0.5,0.3,11,0.7338125163,apac,one_start_only,us,US,2025,42
eu-us-af-row-apac-ch/pf100_k050_a030,EU-pf100_k050_a030,eu-us-af-row-apac-ch,EU-first,pf100_k050_a030,clean_objective_stage2,1,0.5,0.3,11,0.7338125163,apac,one_start_only,apac,APAC,2025,110
eu-us-af-row-apac-ch/pf100_k050_a030,EU-pf100_k050_a030,eu-us-af-row-apac-ch,EU-first,pf100_k050_a030,clean_objective_stage2,1,0.5,0.3,11,0.7338125163,apac,one_start_only,row,ROW,2025,293
eu-us-af-row-apac-ch/pf100_k050_a030,EU-pf100_k050_a030,eu-us-af-row-apac-ch,EU-first,pf100_k050_a030,clean_objective_stage2,1,0.5,0.3,11,0.7338125163,apac,one_start_only,ch,China,2030,373.2648656
eu-us-af-row-apac-ch/pf100_k050_a030,EU-pf100_k050_a030,eu-us-af-row-apac-ch,EU-first,pf100_k050_a030,clean_objective_stage2,1,0.5,0.3,11,0.7338125163,apac,one_start_only,af,Africa,2030,5.825285103
eu-us-af-row-apac-ch/pf100_k050_a030,EU-pf100_k050_a030,eu-us-af-row-apac-ch,EU-first,pf100_k050_a030,clean_objective_stage2,1,0.5,0.3,11,0.7338125163,apac,one_start_only,eu,EU,2030,32.61654283
eu-us-af-row-apac-ch/pf100_k050_a030,EU-pf100_k050_a030,eu-us-af-row-apac-ch,EU-first,pf100_k050_a030,clean_objective_stage2,1,0.5,0.3,11,0.7338125163,apac,one_start_only,us,US,2030,61.17000678
eu-us-af-row-apac-ch/pf100_k050_a030,EU-pf100_k050_a030,eu-us-af-row-apac-ch,EU-first,pf100_k050_a030,clean_objective_stage2,1,0.5,0.3,11,0.7338125163,apac,one_start_only,apac,APAC,2030,167.4542076
eu-us-af-row-apac-ch/pf100_k050_a030,EU-pf100_k050_a030,eu-us-af-row-apac-ch,EU-first,pf100_k050_a030,clean_objective_stage2,1,0.5,0.3,11,0.7338125163,apac,one_start_only,row,ROW,2030,129.2748272
eu-us-af-row-apac-ch/pf100_k050_a030,EU-pf100_k050_a030,eu-us-af-row-apac-ch,EU-first,pf100_k050_a030,clean_objective_stage2,1,0.5,0.3,11,0.7338125163,apac,one_start_only,ch,China,2035,357.2155909
eu-us-af-row-apac-ch/pf100_k050_a030,EU-pf100_k050_a030,eu-us-af-row-apac-ch,EU-first,pf100_k050_a030,clean_objective_stage2,1,0.5,0.3,11,0.7338125163,apac,one_start_only,af,Africa,2035,8.279382733
eu-us-af-row-apac-ch/pf100_k050_a030,EU-pf100_k050_a030,eu-us-af-row-apac-ch,EU-first,pf100_k050_a030,clean_objective_stage2,1,0.5,0.3,11,0.7338125163,apac,one_start_only,eu,EU,2035,43.52518041
eu-us-af-row-apac-ch/pf100_k050_a030,EU-pf100_k050_a030,eu-us-af-row-apac-ch,EU-first,pf100_k050_a030,clean_objective_stage2,1,0.5,0.3,11,0.7338125163,apac,one_start_only,us,US,2035,80.00746665
eu-us-af-row-apac-ch/pf100_k050_a030,EU-pf100_k050_a030,eu-us-af-row-apac-ch,EU-first,pf100_k050_a030,clean_objective_stage2,1,0.5,0.3,11,0.7338125163,apac,one_start_only,apac,APAC,2035,191.2865113
eu-us-af-row-apac-ch/pf100_k050_a030,EU-pf100_k050_a030,eu-us-af-row-apac-ch,EU-first,pf100_k050_a030,clean_objective_stage2,1,0.5,0.3,11,0.7338125163,apac,one_start_only,row,ROW,2035,125.0359722
eu-us-af-row-apac-ch/pf100_k050_a030,EU-pf100_k050_a030,eu-us-af-row-apac-ch,EU-first,pf100_k050_a030,clean_objective_stage2,1,0.5,0.3,11,0.7338125163,apac,one_start_only,ch,China,2040,356.7638493
eu-us-af-row-apac-ch/pf100_k050_a030,EU-pf100_k050_a030,eu-us-af-row-apac-ch,EU-first,pf100_k050_a030,clean_objective_stage2,1,0.5,0.3,11,0.7338125163,apac,one_start_only,af,Africa,2040,10.73348491
eu-us-af-row-apac-ch/pf100_k050_a030,EU-pf100_k050_a030,eu-us-af-row-apac-ch,EU-first,pf100_k050_a030,clean_objective_stage2,1,0.5,0.3,11,0.7338125163,apac,one_start_only,eu,EU,2040,54.76342644
eu-us-af-row-apac-ch/pf100_k050_a030,EU-pf100_k050_a030,eu-us-af-row-apac-ch,EU-first,pf100_k050_a030,clean_objective_stage2,1,0.5,0.3,11,0.7338125163,apac,one_start_only,us,US,2040,87.62201992
eu-us-af-row-apac-ch/pf100_k050_a030,EU-pf100_k050_a030,eu-us-af-row-apac-ch,EU-first,pf100_k050_a030,clean_objective_stage2,1,0.5,0.3,11,0.7338125163,apac,one_start_only,apac,APAC,2040,209.8012902
eu-us-af-row-apac-ch/pf100_k050_a030,EU-pf100_k050_a030,eu-us-af-row-apac-ch,EU-first,pf100_k050_a030,clean_objective_stage2,1,0.5,0.3,11,0.7338125163,apac,one_start_only,row,ROW,2040,127.7416414
eu-us-af-row-apac-ch/pf100_k050_a040,EU-pf100_k050_a040,eu-us-af-row-apac-ch,EU-first,pf100_k050_a040,clean_objective_stage2,1,0.5,0.4,6,0.8074026701,apac,one_start_only,ch,China,2025,931
eu-us-af-row-apac-ch/pf100_k050_a040,EU-pf100_k050_a040,eu-us-af-row-apac-ch,EU-first,pf100_k050_a040,clean_objective_stage2,1,0.5,0.4,6,0.8074026701,apac,one_start_only,af,Africa,2025,3.4
eu-us-af-row-apac-ch/pf100_k050_a040,EU-pf100_k050_a040,eu-us-af-row-apac-ch,EU-first,pf100_k050_a040,clean_objective_stage2,1,0.5,0.4,6,0.8074026701,apac,one_start_only,eu,EU,2025,22
eu-us-af-row-apac-ch/pf100_k050_a040,EU-pf100_k050_a040,eu-us-af-row-apac-ch,EU-first,pf100_k050_a040,clean_objective_stage2,1,0.5,0.4,6,0.8074026701,apac,one_start_only,us,US,2025,42
eu-us-af-row-apac-ch/pf100_k050_a040,EU-pf100_k050_a040,eu-us-af-row-apac-ch,EU-first,pf100_k050_a040,clean_objective_stage2,1,0.5,0.4,6,0.8074026701,apac,one_start_only,apac,APAC,2025,110
eu-us-af-row-apac-ch/pf100_k050_a040,EU-pf100_k050_a040,eu-us-af-row-apac-ch,EU-first,pf100_k050_a040,clean_objective_stage2,1,0.5,0.4,6,0.8074026701,apac,one_start_only,row,ROW,2025,293
eu-us-af-row-apac-ch/pf100_k050_a040,EU-pf100_k050_a040,eu-us-af-row-apac-ch,EU-first,pf100_k050_a040,clean_objective_stage2,1,0.5,0.4,6,0.8074026701,apac,one_start_only,ch,China,2030,380.9782442
eu-us-af-row-apac-ch/pf100_k050_a040,EU-pf100_k050_a040,eu-us-af-row-apac-ch,EU-first,pf100_k050_a040,clean_objective_stage2,1,0.5,0.4,6,0.8074026701,apac,one_start_only,af,Africa,2030,5.659457333
eu-us-af-row-apac-ch/pf100_k050_a040,EU-pf100_k050_a040,eu-us-af-row-apac-ch,EU-first,pf100_k050_a040,clean_objective_stage2,1,0.5,0.4,6,0.8074026701,apac,one_start_only,eu,EU,2030,33.11608612
eu-us-af-row-apac-ch/pf100_k050_a040,EU-pf100_k050_a040,eu-us-af-row-apac-ch,EU-first,pf100_k050_a040,clean_objective_stage2,1,0.5,0.4,6,0.8074026701,apac,one_start_only,us,US,2030,64.29210756
eu-us-af-row-apac-ch/pf100_k050_a040,EU-pf100_k050_a040,eu-us-af-row-apac-ch,EU-first,pf100_k050_a040,clean_objective_stage2,1,0.5,0.4,6,0.8074026701,apac,one_start_only,apac,APAC,2030,151.788833
eu-us-af-row-apac-ch/pf100_k050_a040,EU-pf100_k050_a040,eu-us-af-row-apac-ch,EU-first,pf100_k050_a040,clean_objective_stage2,1,0.5,0.4,6,0.8074026701,apac,one_start_only,row,ROW,2030,101.1645891
eu-us-af-row-apac-ch/pf100_k050_a040,EU-pf100_k050_a040,eu-us-af-row-apac-ch,EU-first,pf100_k050_a040,clean_objective_stage2,1,0.5,0.4,6,0.8074026701,apac,one_start_only,ch,China,2035,375.9027921
eu-us-af-row-apac-ch/pf100_k050_a040,EU-pf100_k050_a040,eu-us-af-row-apac-ch,EU-first,pf100_k050_a040,clean_objective_stage2,1,0.5,0.4,6,0.8074026701,apac,one_start_only,af,Africa,2035,8.022956993
eu-us-af-row-apac-ch/pf100_k050_a040,EU-pf100_k050_a040,eu-us-af-row-apac-ch,EU-first,pf100_k050_a040,clean_objective_stage2,1,0.5,0.4,6,0.8074026701,apac,one_start_only,eu,EU,2035,45.42701085
eu-us-af-row-apac-ch/pf100_k050_a040,EU-pf100_k050_a040,eu-us-af-row-apac-ch,EU-first,pf100_k050_a040,clean_objective_stage2,1,0.5,0.4,6,0.8074026701,apac,one_start_only,us,US,2035,81.64828398
eu-us-af-row-apac-ch/pf100_k050_a040,EU-pf100_k050_a040,eu-us-af-row-apac-ch,EU-first,pf100_k050_a040,clean_objective_stage2,1,0.5,0.4,6,0.8074026701,apac,one_start_only,apac,APAC,2035,207.0827846
eu-us-af-row-apac-ch/pf100_k050_a040,EU-pf100_k050_a040,eu-us-af-row-apac-ch,EU-first,pf100_k050_a040,clean_objective_stage2,1,0.5,0.4,6,0.8074026701,apac,one_start_only,row,ROW,2035,96.2739283
eu-us-af-row-apac-ch/pf100_k050_a040,EU-pf100_k050_a040,eu-us-af-row-apac-ch,EU-first,pf100_k050_a040,clean_objective_stage2,1,0.5,0.4,6,0.8074026701,apac,one_start_only,ch,China,2040,375.8746875
eu-us-af-row-apac-ch/pf100_k050_a040,EU-pf100_k050_a040,eu-us-af-row-apac-ch,EU-first,pf100_k050_a040,clean_objective_stage2,1,0.5,0.4,6,0.8074026701,apac,one_start_only,af,Africa,2040,10.38600547
eu-us-af-row-apac-ch/pf100_k050_a040,EU-pf100_k050_a040,eu-us-af-row-apac-ch,EU-first,pf100_k050_a040,clean_objective_stage2,1,0.5,0.4,6,0.8074026701,apac,one_start_only,eu,EU,2040,57.0461656
eu-us-af-row-apac-ch/pf100_k050_a040,EU-pf100_k050_a040,eu-us-af-row-apac-ch,EU-first,pf100_k050_a040,clean_objective_stage2,1,0.5,0.4,6,0.8074026701,apac,one_start_only,us,US,2040,99.20352324
eu-us-af-row-apac-ch/pf100_k050_a040,EU-pf100_k050_a040,eu-us-af-row-apac-ch,EU-first,pf100_k050_a040,clean_objective_stage2,1,0.5,0.4,6,0.8074026701,apac,one_start_only,apac,APAC,2040,213.2857779
eu-us-af-row-apac-ch/pf100_k050_a040,EU-pf100_k050_a040,eu-us-af-row-apac-ch,EU-first,pf100_k050_a040,clean_objective_stage2,1,0.5,0.4,6,0.8074026701,apac,one_start_only,row,ROW,2040,96.27082149
eu-us-af-row-apac-ch/pf100_k100_a030,EU-pf100_k100_a030,eu-us-af-row-apac-ch,EU-first,pf100_k100_a030,clean_objective_stage2,1,1,0.3,10,0.7834637819,apac,one_start_only,ch,China,2025,931
eu-us-af-row-apac-ch/pf100_k100_a030,EU-pf100_k100_a030,eu-us-af-row-apac-ch,EU-first,pf100_k100_a030,clean_objective_stage2,1,1,0.3,10,0.7834637819,apac,one_start_only,af,Africa,2025,3.4
eu-us-af-row-apac-ch/pf100_k100_a030,EU-pf100_k100_a030,eu-us-af-row-apac-ch,EU-first,pf100_k100_a030,clean_objective_stage2,1,1,0.3,10,0.7834637819,apac,one_start_only,eu,EU,2025,22
eu-us-af-row-apac-ch/pf100_k100_a030,EU-pf100_k100_a030,eu-us-af-row-apac-ch,EU-first,pf100_k100_a030,clean_objective_stage2,1,1,0.3,10,0.7834637819,apac,one_start_only,us,US,2025,42
eu-us-af-row-apac-ch/pf100_k100_a030,EU-pf100_k100_a030,eu-us-af-row-apac-ch,EU-first,pf100_k100_a030,clean_objective_stage2,1,1,0.3,10,0.7834637819,apac,one_start_only,apac,APAC,2025,110
eu-us-af-row-apac-ch/pf100_k100_a030,EU-pf100_k100_a030,eu-us-af-row-apac-ch,EU-first,pf100_k100_a030,clean_objective_stage2,1,1,0.3,10,0.7834637819,apac,one_start_only,row,ROW,2025,293
eu-us-af-row-apac-ch/pf100_k100_a030,EU-pf100_k100_a030,eu-us-af-row-apac-ch,EU-first,pf100_k100_a030,clean_objective_stage2,1,1,0.3,10,0.7834637819,apac,one_start_only,ch,China,2030,375.9478212
eu-us-af-row-apac-ch/pf100_k100_a030,EU-pf100_k100_a030,eu-us-af-row-apac-ch,EU-first,pf100_k100_a030,clean_objective_stage2,1,1,0.3,10,0.7834637819,apac,one_start_only,af,Africa,2030,5.828609285
eu-us-af-row-apac-ch/pf100_k100_a030,EU-pf100_k100_a030,eu-us-af-row-apac-ch,EU-first,pf100_k100_a030,clean_objective_stage2,1,1,0.3,10,0.7834637819,apac,one_start_only,eu,EU,2030,33.31218001
eu-us-af-row-apac-ch/pf100_k100_a030,EU-pf100_k100_a030,eu-us-af-row-apac-ch,EU-first,pf100_k100_a030,clean_objective_stage2,1,1,0.3,10,0.7834637819,apac,one_start_only,us,US,2030,62.89001979
eu-us-af-row-apac-ch/pf100_k100_a030,EU-pf100_k100_a030,eu-us-af-row-apac-ch,EU-first,pf100_k100_a030,clean_objective_stage2,1,1,0.3,10,0.7834637819,apac,one_start_only,apac,APAC,2030,168.5540806
eu-us-af-row-apac-ch/pf100_k100_a030,EU-pf100_k100_a030,eu-us-af-row-apac-ch,EU-first,pf100_k100_a030,clean_objective_stage2,1,1,0.3,10,0.7834637819,apac,one_start_only,row,ROW,2030,100.8255659
eu-us-af-row-apac-ch/pf100_k100_a030,EU-pf100_k100_a030,eu-us-af-row-apac-ch,EU-first,pf100_k100_a030,clean_objective_stage2,1,1,0.3,10,0.7834637819,apac,one_start_only,ch,China,2035,367.9121135
eu-us-af-row-apac-ch/pf100_k100_a030,EU-pf100_k100_a030,eu-us-af-row-apac-ch,EU-first,pf100_k100_a030,clean_objective_stage2,1,1,0.3,10,0.7834637819,apac,one_start_only,af,Africa,2035,8.298309971
eu-us-af-row-apac-ch/pf100_k100_a030,EU-pf100_k100_a030,eu-us-af-row-apac-ch,EU-first,pf100_k100_a030,clean_objective_stage2,1,1,0.3,10,0.7834637819,apac,one_start_only,eu,EU,2035,44.85107557
eu-us-af-row-apac-ch/pf100_k100_a030,EU-pf100_k100_a030,eu-us-af-row-apac-ch,EU-first,pf100_k100_a030,clean_objective_stage2,1,1,0.3,10,0.7834637819,apac,one_start_only,us,US,2035,69.15179316
eu-us-af-row-apac-ch/pf100_k100_a030,EU-pf100_k100_a030,eu-us-af-row-apac-ch,EU-first,pf100_k100_a030,clean_objective_stage2,1,1,0.3,10,0.7834637819,apac,one_start_only,apac,APAC,2035,211.5686143
eu-us-af-row-apac-ch/pf100_k100_a030,EU-pf100_k100_a030,eu-us-af-row-apac-ch,EU-first,pf100_k100_a030,clean_objective_stage2,1,1,0.3,10,0.7834637819,apac,one_start_only,row,ROW,2035,93.87728428
eu-us-af-row-apac-ch/pf100_k100_a030,EU-pf100_k100_a030,eu-us-af-row-apac-ch,EU-first,pf100_k100_a030,clean_objective_stage2,1,1,0.3,10,0.7834637819,apac,one_start_only,ch,China,2040,365.8735393
eu-us-af-row-apac-ch/pf100_k100_a030,EU-pf100_k100_a030,eu-us-af-row-apac-ch,EU-first,pf100_k100_a030,clean_objective_stage2,1,1,0.3,10,0.7834637819,apac,one_start_only,af,Africa,2040,10.76804304
eu-us-af-row-apac-ch/pf100_k100_a030,EU-pf100_k100_a030,eu-us-af-row-apac-ch,EU-first,pf100_k100_a030,clean_objective_stage2,1,1,0.3,10,0.7834637819,apac,one_start_only,eu,EU,2040,44.84906482
eu-us-af-row-apac-ch/pf100_k100_a030,EU-pf100_k100_a030,eu-us-af-row-apac-ch,EU-first,pf100_k100_a030,clean_objective_stage2,1,1,0.3,10,0.7834637819,apac,one_start_only,us,US,2040,69.1605092
eu-us-af-row-apac-ch/pf100_k100_a030,EU-pf100_k100_a030,eu-us-af-row-apac-ch,EU-first,pf100_k100_a030,clean_objective_stage2,1,1,0.3,10,0.7834637819,apac,one_start_only,apac,APAC,2040,267.3240542
eu-us-af-row-apac-ch/pf100_k100_a030,EU-pf100_k100_a030,eu-us-af-row-apac-ch,EU-first,pf100_k100_a030,clean_objective_stage2,1,1,0.3,10,0.7834637819,apac,one_start_only,row,ROW,2040,94.01194831
eu-us-af-row-apac-ch/pf100_k100_a040,EU-pf100_k100_a040,eu-us-af-row-apac-ch,EU-first,pf100_k100_a040,clean_objective_stage2,1,1,0.4,11,0.4543591126,row,one_start_only,ch,China,2025,931
eu-us-af-row-apac-ch/pf100_k100_a040,EU-pf100_k100_a040,eu-us-af-row-apac-ch,EU-first,pf100_k100_a040,clean_objective_stage2,1,1,0.4,11,0.4543591126,row,one_start_only,af,Africa,2025,3.4
eu-us-af-row-apac-ch/pf100_k100_a040,EU-pf100_k100_a040,eu-us-af-row-apac-ch,EU-first,pf100_k100_a040,clean_objective_stage2,1,1,0.4,11,0.4543591126,row,one_start_only,eu,EU,2025,22
eu-us-af-row-apac-ch/pf100_k100_a040,EU-pf100_k100_a040,eu-us-af-row-apac-ch,EU-first,pf100_k100_a040,clean_objective_stage2,1,1,0.4,11,0.4543591126,row,one_start_only,us,US,2025,42
eu-us-af-row-apac-ch/pf100_k100_a040,EU-pf100_k100_a040,eu-us-af-row-apac-ch,EU-first,pf100_k100_a040,clean_objective_stage2,1,1,0.4,11,0.4543591126,row,one_start_only,apac,APAC,2025,110
eu-us-af-row-apac-ch/pf100_k100_a040,EU-pf100_k100_a040,eu-us-af-row-apac-ch,EU-first,pf100_k100_a040,clean_objective_stage2,1,1,0.4,11,0.4543591126,row,one_start_only,row,ROW,2025,293
eu-us-af-row-apac-ch/pf100_k100_a040,EU-pf100_k100_a040,eu-us-af-row-apac-ch,EU-first,pf100_k100_a040,clean_objective_stage2,1,1,0.4,11,0.4543591126,row,one_start_only,ch,China,2030,377.7094229
eu-us-af-row-apac-ch/pf100_k100_a040,EU-pf100_k100_a040,eu-us-af-row-apac-ch,EU-first,pf100_k100_a040,clean_objective_stage2,1,1,0.4,11,0.4543591126,row,one_start_only,af,Africa,2030,5.885737129
eu-us-af-row-apac-ch/pf100_k100_a040,EU-pf100_k100_a040,eu-us-af-row-apac-ch,EU-first,pf100_k100_a040,clean_objective_stage2,1,1,0.4,11,0.4543591126,row,one_start_only,eu,EU,2030,35.13625597
eu-us-af-row-apac-ch/pf100_k100_a040,EU-pf100_k100_a040,eu-us-af-row-apac-ch,EU-first,pf100_k100_a040,clean_objective_stage2,1,1,0.4,11,0.4543591126,row,one_start_only,us,US,2030,68.18779123
eu-us-af-row-apac-ch/pf100_k100_a040,EU-pf100_k100_a040,eu-us-af-row-apac-ch,EU-first,pf100_k100_a040,clean_objective_stage2,1,1,0.4,11,0.4543591126,row,one_start_only,apac,APAC,2030,171.2786514
eu-us-af-row-apac-ch/pf100_k100_a040,EU-pf100_k100_a040,eu-us-af-row-apac-ch,EU-first,pf100_k100_a040,clean_objective_stage2,1,1,0.4,11,0.4543591126,row,one_start_only,row,ROW,2030,99.02313012
eu-us-af-row-apac-ch/pf100_k100_a040,EU-pf100_k100_a040,eu-us-af-row-apac-ch,EU-first,pf100_k100_a040,clean_objective_stage2,1,1,0.4,11,0.4543591126,row,one_start_only,ch,China,2035,371.4344482
eu-us-af-row-apac-ch/pf100_k100_a040,EU-pf100_k100_a040,eu-us-af-row-apac-ch,EU-first,pf100_k100_a040,clean_objective_stage2,1,1,0.4,11,0.4543591126,row,one_start_only,af,Africa,2035,8.379683669
eu-us-af-row-apac-ch/pf100_k100_a040,EU-pf100_k100_a040,eu-us-af-row-apac-ch,EU-first,pf100_k100_a040,clean_objective_stage2,1,1,0.4,11,0.4543591126,row,one_start_only,eu,EU,2035,48.40553362
eu-us-af-row-apac-ch/pf100_k100_a040,EU-pf100_k100_a040,eu-us-af-row-apac-ch,EU-first,pf100_k100_a040,clean_objective_stage2,1,1,0.4,11,0.4543591126,row,one_start_only,us,US,2035,91.97791964
eu-us-af-row-apac-ch/pf100_k100_a040,EU-pf100_k100_a040,eu-us-af-row-apac-ch,EU-first,pf100_k100_a040,clean_objective_stage2,1,1,0.4,11,0.4543591126,row,one_start_only,apac,APAC,2035,219.6676361
eu-us-af-row-apac-ch/pf100_k100_a040,EU-pf100_k100_a040,eu-us-af-row-apac-ch,EU-first,pf100_k100_a040,clean_objective_stage2,1,1,0.4,11,0.4543591126,row,one_start_only,row,ROW,2035,89.38266983
eu-us-af-row-apac-ch/pf100_k100_a040,EU-pf100_k100_a040,eu-us-af-row-apac-ch,EU-first,pf100_k100_a040,clean_objective_stage2,1,1,0.4,11,0.4543591126,row,one_start_only,ch,China,2040,370.6102912
eu-us-af-row-apac-ch/pf100_k100_a040,EU-pf100_k100_a040,eu-us-af-row-apac-ch,EU-first,pf100_k100_a040,clean_objective_stage2,1,1,0.4,11,0.4543591126,row,one_start_only,af,Africa,2040,10.87363672
eu-us-af-row-apac-ch/pf100_k100_a040,EU-pf100_k100_a040,eu-us-af-row-apac-ch,EU-first,pf100_k100_a040,clean_objective_stage2,1,1,0.4,11,0.4543591126,row,one_start_only,eu,EU,2040,58.92197987
eu-us-af-row-apac-ch/pf100_k100_a040,EU-pf100_k100_a040,eu-us-af-row-apac-ch,EU-first,pf100_k100_a040,clean_objective_stage2,1,1,0.4,11,0.4543591126,row,one_start_only,us,US,2040,102.9086844
eu-us-af-row-apac-ch/pf100_k100_a040,EU-pf100_k100_a040,eu-us-af-row-apac-ch,EU-first,pf100_k100_a040,clean_objective_stage2,1,1,0.4,11,0.4543591126,row,one_start_only,apac,APAC,2040,225.2181394
eu-us-af-row-apac-ch/pf100_k100_a040,EU-pf100_k100_a040,eu-us-af-row-apac-ch,EU-first,pf100_k100_a040,clean_objective_stage2,1,1,0.4,11,0.4543591126,row,one_start_only,row,ROW,2040,89.33830819
eu-us-af-row-apac-ch/pf120_k050_a030,EU-pf120_k050_a030,eu-us-af-row-apac-ch,EU-first,pf120_k050_a030,clean_objective_stage2,1.2,0.5,0.3,9,0.4966557727,apac,one_start_only,ch,China,2025,931
eu-us-af-row-apac-ch/pf120_k050_a030,EU-pf120_k050_a030,eu-us-af-row-apac-ch,EU-first,pf120_k050_a030,clean_objective_stage2,1.2,0.5,0.3,9,0.4966557727,apac,one_start_only,af,Africa,2025,3.4
eu-us-af-row-apac-ch/pf120_k050_a030,EU-pf120_k050_a030,eu-us-af-row-apac-ch,EU-first,pf120_k050_a030,clean_objective_stage2,1.2,0.5,0.3,9,0.4966557727,apac,one_start_only,eu,EU,2025,22
eu-us-af-row-apac-ch/pf120_k050_a030,EU-pf120_k050_a030,eu-us-af-row-apac-ch,EU-first,pf120_k050_a030,clean_objective_stage2,1.2,0.5,0.3,9,0.4966557727,apac,one_start_only,us,US,2025,42
eu-us-af-row-apac-ch/pf120_k050_a030,EU-pf120_k050_a030,eu-us-af-row-apac-ch,EU-first,pf120_k050_a030,clean_objective_stage2,1.2,0.5,0.3,9,0.4966557727,apac,one_start_only,apac,APAC,2025,110
eu-us-af-row-apac-ch/pf120_k050_a030,EU-pf120_k050_a030,eu-us-af-row-apac-ch,EU-first,pf120_k050_a030,clean_objective_stage2,1.2,0.5,0.3,9,0.4966557727,apac,one_start_only,row,ROW,2025,293
eu-us-af-row-apac-ch/pf120_k050_a030,EU-pf120_k050_a030,eu-us-af-row-apac-ch,EU-first,pf120_k050_a030,clean_objective_stage2,1.2,0.5,0.3,9,0.4966557727,apac,one_start_only,ch,China,2030,412.6153829
eu-us-af-row-apac-ch/pf120_k050_a030,EU-pf120_k050_a030,eu-us-af-row-apac-ch,EU-first,pf120_k050_a030,clean_objective_stage2,1.2,0.5,0.3,9,0.4966557727,apac,one_start_only,af,Africa,2030,5.827939879
eu-us-af-row-apac-ch/pf120_k050_a030,EU-pf120_k050_a030,eu-us-af-row-apac-ch,EU-first,pf120_k050_a030,clean_objective_stage2,1.2,0.5,0.3,9,0.4966557727,apac,one_start_only,eu,EU,2030,32.95594457
eu-us-af-row-apac-ch/pf120_k050_a030,EU-pf120_k050_a030,eu-us-af-row-apac-ch,EU-first,pf120_k050_a030,clean_objective_stage2,1.2,0.5,0.3,9,0.4966557727,apac,one_start_only,us,US,2030,56.658451
eu-us-af-row-apac-ch/pf120_k050_a030,EU-pf120_k050_a030,eu-us-af-row-apac-ch,EU-first,pf120_k050_a030,clean_objective_stage2,1.2,0.5,0.3,9,0.4966557727,apac,one_start_only,apac,APAC,2030,161.3130807
eu-us-af-row-apac-ch/pf120_k050_a030,EU-pf120_k050_a030,eu-us-af-row-apac-ch,EU-first,pf120_k050_a030,clean_objective_stage2,1.2,0.5,0.3,9,0.4966557727,apac,one_start_only,row,ROW,2030,68.06795854
eu-us-af-row-apac-ch/pf120_k050_a030,EU-pf120_k050_a030,eu-us-af-row-apac-ch,EU-first,pf120_k050_a030,clean_objective_stage2,1.2,0.5,0.3,9,0.4966557727,apac,one_start_only,ch,China,2035,412.3758659
eu-us-af-row-apac-ch/pf120_k050_a030,EU-pf120_k050_a030,eu-us-af-row-apac-ch,EU-first,pf120_k050_a030,clean_objective_stage2,1.2,0.5,0.3,9,0.4966557727,apac,one_start_only,af,Africa,2035,8.255879514
eu-us-af-row-apac-ch/pf120_k050_a030,EU-pf120_k050_a030,eu-us-af-row-apac-ch,EU-first,pf120_k050_a030,clean_objective_stage2,1.2,0.5,0.3,9,0.4966557727,apac,one_start_only,eu,EU,2035,45.20595239
eu-us-af-row-apac-ch/pf120_k050_a030,EU-pf120_k050_a030,eu-us-af-row-apac-ch,EU-first,pf120_k050_a030,clean_objective_stage2,1.2,0.5,0.3,9,0.4966557727,apac,one_start_only,us,US,2035,67.46933167
eu-us-af-row-apac-ch/pf120_k050_a030,EU-pf120_k050_a030,eu-us-af-row-apac-ch,EU-first,pf120_k050_a030,clean_objective_stage2,1.2,0.5,0.3,9,0.4966557727,apac,one_start_only,apac,APAC,2035,214.6206616
eu-us-af-row-apac-ch/pf120_k050_a030,EU-pf120_k050_a030,eu-us-af-row-apac-ch,EU-first,pf120_k050_a030,clean_objective_stage2,1.2,0.5,0.3,9,0.4966557727,apac,one_start_only,row,ROW,2035,67.98737736
eu-us-af-row-apac-ch/pf120_k050_a030,EU-pf120_k050_a030,eu-us-af-row-apac-ch,EU-first,pf120_k050_a030,clean_objective_stage2,1.2,0.5,0.3,9,0.4966557727,apac,one_start_only,ch,China,2040,410.9371027
eu-us-af-row-apac-ch/pf120_k050_a030,EU-pf120_k050_a030,eu-us-af-row-apac-ch,EU-first,pf120_k050_a030,clean_objective_stage2,1.2,0.5,0.3,9,0.4966557727,apac,one_start_only,af,Africa,2040,10.68381876
eu-us-af-row-apac-ch/pf120_k050_a030,EU-pf120_k050_a030,eu-us-af-row-apac-ch,EU-first,pf120_k050_a030,clean_objective_stage2,1.2,0.5,0.3,9,0.4966557727,apac,one_start_only,eu,EU,2040,57.43098536
eu-us-af-row-apac-ch/pf120_k050_a030,EU-pf120_k050_a030,eu-us-af-row-apac-ch,EU-first,pf120_k050_a030,clean_objective_stage2,1.2,0.5,0.3,9,0.4966557727,apac,one_start_only,us,US,2040,67.46371973
eu-us-af-row-apac-ch/pf120_k050_a030,EU-pf120_k050_a030,eu-us-af-row-apac-ch,EU-first,pf120_k050_a030,clean_objective_stage2,1.2,0.5,0.3,9,0.4966557727,apac,one_start_only,apac,APAC,2040,264.2401053
eu-us-af-row-apac-ch/pf120_k050_a030,EU-pf120_k050_a030,eu-us-af-row-apac-ch,EU-first,pf120_k050_a030,clean_objective_stage2,1.2,0.5,0.3,9,0.4966557727,apac,one_start_only,row,ROW,2040,67.98122209
eu-us-af-row-apac-ch/pf120_k050_a040,EU-pf120_k050_a040,eu-us-af-row-apac-ch,EU-first,pf120_k050_a040,clean_objective_stage2,1.2,0.5,0.4,12,0.6845648771,row,one_start_only,ch,China,2025,931
eu-us-af-row-apac-ch/pf120_k050_a040,EU-pf120_k050_a040,eu-us-af-row-apac-ch,EU-first,pf120_k050_a040,clean_objective_stage2,1.2,0.5,0.4,12,0.6845648771,row,one_start_only,af,Africa,2025,3.4
eu-us-af-row-apac-ch/pf120_k050_a040,EU-pf120_k050_a040,eu-us-af-row-apac-ch,EU-first,pf120_k050_a040,clean_objective_stage2,1.2,0.5,0.4,12,0.6845648771,row,one_start_only,eu,EU,2025,22
eu-us-af-row-apac-ch/pf120_k050_a040,EU-pf120_k050_a040,eu-us-af-row-apac-ch,EU-first,pf120_k050_a040,clean_objective_stage2,1.2,0.5,0.4,12,0.6845648771,row,one_start_only,us,US,2025,42
eu-us-af-row-apac-ch/pf120_k050_a040,EU-pf120_k050_a040,eu-us-af-row-apac-ch,EU-first,pf120_k050_a040,clean_objective_stage2,1.2,0.5,0.4,12,0.6845648771,row,one_start_only,apac,APAC,2025,110
eu-us-af-row-apac-ch/pf120_k050_a040,EU-pf120_k050_a040,eu-us-af-row-apac-ch,EU-first,pf120_k050_a040,clean_objective_stage2,1.2,0.5,0.4,12,0.6845648771,row,one_start_only,row,ROW,2025,293
eu-us-af-row-apac-ch/pf120_k050_a040,EU-pf120_k050_a040,eu-us-af-row-apac-ch,EU-first,pf120_k050_a040,clean_objective_stage2,1.2,0.5,0.4,12,0.6845648771,row,one_start_only,ch,China,2030,355.9352278
eu-us-af-row-apac-ch/pf120_k050_a040,EU-pf120_k050_a040,eu-us-af-row-apac-ch,EU-first,pf120_k050_a040,clean_objective_stage2,1.2,0.5,0.4,12,0.6845648771,row,one_start_only,af,Africa,2030,5.895465041
eu-us-af-row-apac-ch/pf120_k050_a040,EU-pf120_k050_a040,eu-us-af-row-apac-ch,EU-first,pf120_k050_a040,clean_objective_stage2,1.2,0.5,0.4,12,0.6845648771,row,one_start_only,eu,EU,2030,34.97079185
eu-us-af-row-apac-ch/pf120_k050_a040,EU-pf120_k050_a040,eu-us-af-row-apac-ch,EU-first,pf120_k050_a040,clean_objective_stage2,1.2,0.5,0.4,12,0.6845648771,row,one_start_only,us,US,2030,67.54271233
eu-us-af-row-apac-ch/pf120_k050_a040,EU-pf120_k050_a040,eu-us-af-row-apac-ch,EU-first,pf120_k050_a040,clean_objective_stage2,1.2,0.5,0.4,12,0.6845648771,row,one_start_only,apac,APAC,2030,112.77817
eu-us-af-row-apac-ch/pf120_k050_a040,EU-pf120_k050_a040,eu-us-af-row-apac-ch,EU-first,pf120_k050_a040,clean_objective_stage2,1.2,0.5,0.4,12,0.6845648771,row,one_start_only,row,ROW,2030,139.6450986
eu-us-af-row-apac-ch/pf120_k050_a040,EU-pf120_k050_a040,eu-us-af-row-apac-ch,EU-first,pf120_k050_a040,clean_objective_stage2,1.2,0.5,0.4,12,0.6845648771,row,one_start_only,ch,China,2035,337.308979
eu-us-af-row-apac-ch/pf120_k050_a040,EU-pf120_k050_a040,eu-us-af-row-apac-ch,EU-first,pf120_k050_a040,clean_objective_stage2,1.2,0.5,0.4,12,0.6845648771,row,one_start_only,af,Africa,2035,8.390930056
eu-us-af-row-apac-ch/pf120_k050_a040,EU-pf120_k050_a040,eu-us-af-row-apac-ch,EU-first,pf120_k050_a040,clean_objective_stage2,1.2,0.5,0.4,12,0.6845648771,row,one_start_only,eu,EU,2035,48.09643424
eu-us-af-row-apac-ch/pf120_k050_a040,EU-pf120_k050_a040,eu-us-af-row-apac-ch,EU-first,pf120_k050_a040,clean_objective_stage2,1.2,0.5,0.4,12,0.6845648771,row,one_start_only,us,US,2035,93.65677241
eu-us-af-row-apac-ch/pf120_k050_a040,EU-pf120_k050_a040,eu-us-af-row-apac-ch,EU-first,pf120_k050_a040,clean_objective_stage2,1.2,0.5,0.4,12,0.6845648771,row,one_start_only,apac,APAC,2035,120.2925913
eu-us-af-row-apac-ch/pf120_k050_a040,EU-pf120_k050_a040,eu-us-af-row-apac-ch,EU-first,pf120_k050_a040,clean_objective_stage2,1.2,0.5,0.4,12,0.6845648771,row,one_start_only,row,ROW,2035,137.6404488
eu-us-af-row-apac-ch/pf120_k050_a040,EU-pf120_k050_a040,eu-us-af-row-apac-ch,EU-first,pf120_k050_a040,clean_objective_stage2,1.2,0.5,0.4,12,0.6845648771,row,one_start_only,ch,China,2040,335.6834076
eu-us-af-row-apac-ch/pf120_k050_a040,EU-pf120_k050_a040,eu-us-af-row-apac-ch,EU-first,pf120_k050_a040,clean_objective_stage2,1.2,0.5,0.4,12,0.6845648771,row,one_start_only,af,Africa,2040,10.88639504
eu-us-af-row-apac-ch/pf120_k050_a040,EU-pf120_k050_a040,eu-us-af-row-apac-ch,EU-first,pf120_k050_a040,clean_objective_stage2,1.2,0.5,0.4,12,0.6845648771,row,one_start_only,eu,EU,2040,61.22211424
eu-us-af-row-apac-ch/pf120_k050_a040,EU-pf120_k050_a040,eu-us-af-row-apac-ch,EU-first,pf120_k050_a040,clean_objective_stage2,1.2,0.5,0.4,12,0.6845648771,row,one_start_only,us,US,2040,97.00407622
eu-us-af-row-apac-ch/pf120_k050_a040,EU-pf120_k050_a040,eu-us-af-row-apac-ch,EU-first,pf120_k050_a040,clean_objective_stage2,1.2,0.5,0.4,12,0.6845648771,row,one_start_only,apac,APAC,2040,134.7185164
eu-us-af-row-apac-ch/pf120_k050_a040,EU-pf120_k050_a040,eu-us-af-row-apac-ch,EU-first,pf120_k050_a040,clean_objective_stage2,1.2,0.5,0.4,12,0.6845648771,row,one_start_only,row,ROW,2040,139.1619122
eu-us-af-row-apac-ch/pf120_k100_a040,EU-pf120_k100_a040,eu-us-af-row-apac-ch,EU-first,pf120_k100_a040,clean_objective_stage2,1.2,1,0.4,5,0.6446123018,apac,one_start_only,ch,China,2025,931
eu-us-af-row-apac-ch/pf120_k100_a040,EU-pf120_k100_a040,eu-us-af-row-apac-ch,EU-first,pf120_k100_a040,clean_objective_stage2,1.2,1,0.4,5,0.6446123018,apac,one_start_only,af,Africa,2025,3.4
eu-us-af-row-apac-ch/pf120_k100_a040,EU-pf120_k100_a040,eu-us-af-row-apac-ch,EU-first,pf120_k100_a040,clean_objective_stage2,1.2,1,0.4,5,0.6446123018,apac,one_start_only,eu,EU,2025,22
eu-us-af-row-apac-ch/pf120_k100_a040,EU-pf120_k100_a040,eu-us-af-row-apac-ch,EU-first,pf120_k100_a040,clean_objective_stage2,1.2,1,0.4,5,0.6446123018,apac,one_start_only,us,US,2025,42
eu-us-af-row-apac-ch/pf120_k100_a040,EU-pf120_k100_a040,eu-us-af-row-apac-ch,EU-first,pf120_k100_a040,clean_objective_stage2,1.2,1,0.4,5,0.6446123018,apac,one_start_only,apac,APAC,2025,110
eu-us-af-row-apac-ch/pf120_k100_a040,EU-pf120_k100_a040,eu-us-af-row-apac-ch,EU-first,pf120_k100_a040,clean_objective_stage2,1.2,1,0.4,5,0.6446123018,apac,one_start_only,row,ROW,2025,293
eu-us-af-row-apac-ch/pf120_k100_a040,EU-pf120_k100_a040,eu-us-af-row-apac-ch,EU-first,pf120_k100_a040,clean_objective_stage2,1.2,1,0.4,5,0.6446123018,apac,one_start_only,ch,China,2030,527.1240268
eu-us-af-row-apac-ch/pf120_k100_a040,EU-pf120_k100_a040,eu-us-af-row-apac-ch,EU-first,pf120_k100_a040,clean_objective_stage2,1.2,1,0.4,5,0.6446123018,apac,one_start_only,af,Africa,2030,5.899978456
eu-us-af-row-apac-ch/pf120_k100_a040,EU-pf120_k100_a040,eu-us-af-row-apac-ch,EU-first,pf120_k100_a040,clean_objective_stage2,1.2,1,0.4,5,0.6446123018,apac,one_start_only,eu,EU,2030,29.61533541
eu-us-af-row-apac-ch/pf120_k100_a040,EU-pf120_k100_a040,eu-us-af-row-apac-ch,EU-first,pf120_k100_a040,clean_objective_stage2,1.2,1,0.4,5,0.6446123018,apac,one_start_only,us,US,2030,35.78555515
eu-us-af-row-apac-ch/pf120_k100_a040,EU-pf120_k100_a040,eu-us-af-row-apac-ch,EU-first,pf120_k100_a040,clean_objective_stage2,1.2,1,0.4,5,0.6446123018,apac,one_start_only,apac,APAC,2030,169.7172655
eu-us-af-row-apac-ch/pf120_k100_a040,EU-pf120_k100_a040,eu-us-af-row-apac-ch,EU-first,pf120_k100_a040,clean_objective_stage2,1.2,1,0.4,5,0.6446123018,apac,one_start_only,row,ROW,2030,32.86222995
eu-us-af-row-apac-ch/pf120_k100_a040,EU-pf120_k100_a040,eu-us-af-row-apac-ch,EU-first,pf120_k100_a040,clean_objective_stage2,1.2,1,0.4,5,0.6446123018,apac,one_start_only,ch,China,2035,487.7954866
eu-us-af-row-apac-ch/pf120_k100_a040,EU-pf120_k100_a040,eu-us-af-row-apac-ch,EU-first,pf120_k100_a040,clean_objective_stage2,1.2,1,0.4,5,0.6446123018,apac,one_start_only,af,Africa,2035,8.399965295
eu-us-af-row-apac-ch/pf120_k100_a040,EU-pf120_k100_a040,eu-us-af-row-apac-ch,EU-first,pf120_k100_a040,clean_objective_stage2,1.2,1,0.4,5,0.6446123018,apac,one_start_only,eu,EU,2035,39.65804053
eu-us-af-row-apac-ch/pf120_k100_a040,EU-pf120_k100_a040,eu-us-af-row-apac-ch,EU-first,pf120_k100_a040,clean_objective_stage2,1.2,1,0.4,5,0.6446123018,apac,one_start_only,us,US,2035,35.78464292
eu-us-af-row-apac-ch/pf120_k100_a040,EU-pf120_k100_a040,eu-us-af-row-apac-ch,EU-first,pf120_k100_a040,clean_objective_stage2,1.2,1,0.4,5,0.6446123018,apac,one_start_only,apac,APAC,2035,229.4405189
eu-us-af-row-apac-ch/pf120_k100_a040,EU-pf120_k100_a040,eu-us-af-row-apac-ch,EU-first,pf120_k100_a040,clean_objective_stage2,1.2,1,0.4,5,0.6446123018,apac,one_start_only,row,ROW,2035,32.84628534
eu-us-af-row-apac-ch/pf120_k100_a040,EU-pf120_k100_a040,eu-us-af-row-apac-ch,EU-first,pf120_k100_a040,clean_objective_stage2,1.2,1,0.4,5,0.6446123018,apac,one_start_only,ch,China,2040,487.732121
eu-us-af-row-apac-ch/pf120_k100_a040,EU-pf120_k100_a040,eu-us-af-row-apac-ch,EU-first,pf120_k100_a040,clean_objective_stage2,1.2,1,0.4,5,0.6446123018,apac,one_start_only,af,Africa,2040,10.89995191
eu-us-af-row-apac-ch/pf120_k100_a040,EU-pf120_k100_a040,eu-us-af-row-apac-ch,EU-first,pf120_k100_a040,clean_objective_stage2,1.2,1,0.4,5,0.6446123018,apac,one_start_only,eu,EU,2040,49.79204326
eu-us-af-row-apac-ch/pf120_k100_a040,EU-pf120_k100_a040,eu-us-af-row-apac-ch,EU-first,pf120_k100_a040,clean_objective_stage2,1.2,1,0.4,5,0.6446123018,apac,one_start_only,us,US,2040,35.88060034
eu-us-af-row-apac-ch/pf120_k100_a040,EU-pf120_k100_a040,eu-us-af-row-apac-ch,EU-first,pf120_k100_a040,clean_objective_stage2,1.2,1,0.4,5,0.6446123018,apac,one_start_only,apac,APAC,2040,289.3908026
eu-us-af-row-apac-ch/pf120_k100_a040,EU-pf120_k100_a040,eu-us-af-row-apac-ch,EU-first,pf120_k100_a040,clean_objective_stage2,1.2,1,0.4,5,0.6446123018,apac,one_start_only,row,ROW,2040,32.8397033
