player,profile,importer,period,deviation_type,new_offer,reference_objective,deviation_objective,relative_gain_percent,export_volume_change_gw,domestic_price_change_usd_per_kw,importer_price_change_usd_per_kw,reference_export_gw,deviation_export_gw,optimizer_success,notes
ch,ch-af-apac-eu-row-us/pf100_k100_a040,eu,2025,screen_undercut_eps_1,414.73161083884503,3989939.5178635977,4033495.072260963,1.0916344521604875,34.599999924172195,8.697043085703626e-11,-0.9654000028416476,12.999999942056492,47.599999866228686,,idle=594.000; screen_margin=252.732
ch,ch-af-apac-eu-row-us/pf100_k100_a040,eu,2025,screen_undercut_eps_5,410.73161083884503,3989939.5178635977,4032803.0722834757,1.0742908314266657,34.59999995208529,-8.628830983070657e-11,-4.965400007610697,12.999999942056492,47.59999989414178,,idle=594.000; screen_margin=252.732
ch,ch-af-apac-eu-row-us/pf100_k100_a040,eu,2025,screen_undercut_eps_20,395.73161083884503,3989939.5178635977,4032296.9261627663,1.0616052726996907,34.600000004034726,-4.2010128709080163e-10,-19.955400011592076,12.999999942056492,47.599999946091216,,idle=594.000; screen_margin=252.732
ch,ch-af-apac-eu-row-us/pf100_k100_a040,eu,2025,screen_grid_00_of_10,163.0,3989939.5178635977,3976641.781675213,-0.33328164822671147,62.000000058502394,-2.063700321741635e-10,-252.6566108439689,12.999999942056492,75.00000000055888,,idle=594.000; screen_margin=252.732
ch,ch-af-apac-eu-row-us/pf100_k100_a040,eu,2025,screen_grid_01_of_10,189.4527031901393,3989939.5178635977,3986561.5453694435,-0.08466224811254691,62.00000005803639,-5.439915184979327e-11,-226.2039076517054,12.999999942056492,75.00000000009288,,idle=594.000; screen_margin=252.732
ch,ch-af-apac-eu-row-us/pf100_k100_a040,eu,2025,screen_grid_02_of_10,215.90540638027855,3989939.5178635977,3996481.3090639636,0.16395715200887695,62.000000055254105,-1.5796786101418547e-10,-199.7512044628198,12.999999942056492,74.9999999973106,,idle=594.000; screen_margin=252.732
ch,ch-af-apac-eu-row-us/pf100_k100_a040,eu,2025,screen_grid_03_of_10,242.35810957041784,3989939.5178635977,4006401.072749218,0.4125765518980735,62.00000003499788,-6.775735528208315e-10,-173.29850127811716,12.999999942056492,74.99999997705437,,idle=594.000; screen_margin=252.732
ch,ch-af-apac-eu-row-us/pf100_k100_a040,eu,2025,screen_grid_04_of_10,268.8108127605571,3989939.5178635977,4016320.8363805506,0.6611959504358282,61.99999993684318,-1.74537717612111e-09,-146.84579809861447,12.999999942056492,74.99999987889967,,idle=594.000; screen_margin=252.732
ch,ch-af-apac-eu-row-us/pf100_k100_a040,eu,2025,screen_grid_05_of_10,295.2635159506964,3989939.5178635977,4013663.12039325,0.5945855174856173,42.99999894631268,-7.813127922418062e-10,-120.41209490083548,12.999999942056492,55.99999888836917,,idle=594.000; screen_margin=252.732
ch,ch-af-apac-eu-row-us/pf100_k100_a040,eu,2025,screen_grid_06_of_10,321.7162191408357,3989939.5178635977,4018369.8568605706,0.7125506256344416,39.6000011416349,-8.992515176942106e-09,-93.96279182644082,12.999999942056492,52.60000108369139,,idle=594.000; screen_margin=252.732
ch,ch-af-apac-eu-row-us/pf100_k100_a040,eu,2025,screen_grid_07_of_10,348.16892233097497,3989939.5178635977,4025326.916115105,0.8869156560662733,39.599999107575236,-3.5894629490940133e-09,-67.51008855981792,12.999999942056492,52.59999904963173,,idle=594.000; screen_margin=252.732
ch,ch-af-apac-eu-row-us/pf100_k100_a040,eu,2025,screen_grid_08_of_10,374.6216255211142,3989939.5178635977,4026990.932322533,0.9286209551059618,34.600000060916855,-1.76225967152277e-09,-41.06238534740095,12.999999942056492,47.600000002973346,,idle=594.000; screen_margin=252.732
ch,ch-af-apac-eu-row-us/pf100_k100_a040,eu,2025,screen_grid_09_of_10,401.0743287112535,3989939.5178635977,4033488.3523487085,1.0914660307539932,34.600000045114555,1.1320366866129916e-10,-14.61268212939865,12.999999942056492,47.599999987171046,,idle=594.000; screen_margin=252.732
ch,ch-af-apac-eu-row-us/pf100_k100_a040,eu,2025,screen_grid_10_of_10,427.5270319013928,3989939.5178635977,3989939.5178635977,0.0,0.0,0.0,0.0,12.999999942056492,12.999999942056492,,idle=594.000; screen_margin=252.732
ch,ch-af-apac-eu-row-us/pf100_k100_a040,apac,2025,screen_undercut_eps_1,235.5324329827666,3989939.5178635977,4002493.614557255,0.31464378438446594,34.5999999454769,1.2863665688200854e-10,-0.9654000032240333,12.999999942056492,47.59999988753339,,idle=594.000; screen_margin=73.532
ch,ch-af-apac-eu-row-us/pf100_k100_a040,apac,2025,screen_undercut_eps_5,231.5324329827666,3989939.5178635977,4001801.611000074,0.29730007393264646,34.59999703993171,-3.6803555758524453e-09,-4.965400109769831,12.999999942056492,47.5999969819882,,idle=594.000; screen_margin=73.532
ch,ch-af-apac-eu-row-us/pf100_k100_a040,apac,2025,screen_undercut_eps_20,216.5324329827666,3989939.5178635977,3992335.509075789,0.06005081534353651,34.59999996663656,-5.993854301777901e-10,-19.955400017911273,12.999999942056492,47.59999990869305,,idle=594.000; screen_margin=73.532
ch,ch-af-apac-eu-row-us/pf100_k100_a040,apac,2025,screen_grid_00_of_10,163.0,3989939.5178635977,3976626.156699622,-0.33367325756116406,37.00000002146587,-6.777156613679836e-10,-73.48243299583226,12.999999942056492,49.99999996352236,,idle=594.000; screen_margin=73.532
ch,ch-af-apac-eu-row-us/pf100_k100_a040,apac,2025,screen_grid_01_of_10,185.90842513162232,3989939.5178635977,3982077.190696085,-0.19705379322949512,34.60000010037778,-7.659934908588184e-10,-50.57640786621246,12.999999942056492,47.60000004243427,,idle=594.000; screen_margin=73.532
ch,ch-af-apac-eu-row-us/pf100_k100_a040,apac,2025,screen_grid_02_of_10,208.81685026324467,3989939.5178635977,3987529.395886193,-0.060404975228676765,34.60000004648489,-3.6351366361486726e-11,-27.667982723517895,12.999999942056492,47.59999998854138,,idle=594.000; screen_margin=73.532
ch,ch-af-apac-eu-row-us/pf100_k100_a040,apac,2025,screen_grid_03_of_10,231.725275394867,3989939.5178635977,4001834.973982524,0.2981362515814725,34.59999819877816,-1.7748789105098695e-09,-4.7725576496602855,12.999999942056492,47.59999814083465,,idle=594.000; screen_margin=73.532
ch,ch-af-apac-eu-row-us/pf100_k100_a040,apac,2025,screen_grid_04_of_10,254.63370052648935,3989939.5178635977,3989939.5178268654,-9.206228189914341e-10,-2.614935112887906e-08,-2.0941115508321673e-10,-8.966367204266135e-09,12.999999942056492,12.999999915907141,,idle=594.000; screen_margin=73.532
ch,ch-af-apac-eu-row-us/pf100_k100_a040,apac,2025,screen_grid_05_of_10,277.5421256581117,3989939.5178635977,3989939.5178744877,2.7293533689477547e-10,1.1907324903859262e-08,6.210143510543276e-11,-4.3294789975334425e-09,12.999999942056492,12.999999953963817,,idle=594.000; screen_margin=73.532
ch,ch-af-apac-eu-row-us/pf100_k100_a040,apac,2025,screen_grid_06_of_10,300.450550789734,3989939.5178635977,3989939.5139443316,-9.822871115603743e-08,-4.008177979741845e-06,-9.457352234676364e-09,3.969882129695179e-07,12.999999942056492,12.999995933878512,,idle=594.000; screen_margin=73.532
ch,ch-af-apac-eu-row-us/pf100_k100_a040,apac,2025,screen_grid_07_of_10,323.3589759213563,3989939.5178635977,3989939.513992466,-9.70223150256971e-08,-3.9844797541377375e-06,-8.876440915628336e-09,3.8858314610479283e-07,12.999999942056492,12.999995957576738,,idle=594.000; screen_margin=73.532
ch,ch-af-apac-eu-row-us/pf100_k100_a040,apac,2025,screen_grid_08_of_10,346.2674010529787,3989939.5178635977,3989939.5144072482,-8.662661348995013e-08,-3.548715717727191e-06,-9.266869938073796e-09,4.082068585375964e-07,12.999999942056492,12.999996393340775,,idle=594.000; screen_margin=73.532
ch,ch-af-apac-eu-row-us/pf100_k100_a040,apac,2025,screen_grid_09_of_10,369.175826184601,3989939.5178635977,3989939.517870008,1.6066141485048657e-10,6.3051803778080284e-09,4.135358722123783e-11,-5.468336894409731e-10,12.999999942056492,12.999999948361673,,idle=594.000; screen_margin=73.532
ch,ch-af-apac-eu-row-us/pf100_k100_a040,apac,2025,screen_grid_10_of_10,392.08425131622334,3989939.5178635977,3989939.5178635977,0.0,0.0,0.0,0.0,12.999999942056492,12.999999942056492,,idle=594.000; screen_margin=73.532
ch,ch-af-apac-eu-row-us/pf100_k100_a040,row,2025,screen_undercut_eps_1,337.8181476852517,3989939.5178635977,4020189.0431583915,0.7581449583223456,34.59999993901915,6.201616997714154e-11,-0.9654000061953525,12.999999942056492,47.59999988107564,,idle=594.000; screen_margin=175.818
ch,ch-af-apac-eu-row-us/pf100_k100_a040,row,2025,screen_undercut_eps_5,333.8181476852517,3989939.5178635977,4019497.042490961,0.7408013202964492,34.599999363396705,-5.650235834764317e-10,-4.965400037493339,12.999999942056492,47.599999305453196,,idle=594.000; screen_margin=175.818
ch,ch-af-apac-eu-row-us/pf100_k100_a040,row,2025,screen_undercut_eps_20,318.8181476852517,3989939.5178635977,4015145.223775492,0.6317315287373242,34.59999996979812,-7.509584065701347e-10,-19.955400016299564,12.999999942056492,47.59999991185461,,idle=594.000; screen_margin=175.818
ch,ch-af-apac-eu-row-us/pf100_k100_a040,row,2025,screen_grid_00_of_10,163.0,3989939.5178635977,3979894.7277936228,-0.2517529407401497,34.60000006289148,-4.416733645484783e-11,-175.77314768946073,12.999999942056492,47.60000000494797,,idle=594.000; screen_margin=175.818
ch,ch-af-apac-eu-row-us/pf100_k100_a040,row,2025,screen_grid_01_of_10,198.7848604573723,3989939.5178635977,3987946.321307308,-0.04995555815735603,34.60000000043416,-1.5095906746864785e-09,-139.98828725548512,12.999999942056492,47.59999994249065,,idle=594.000; screen_margin=175.818
ch,ch-af-apac-eu-row-us/pf100_k100_a040,row,2025,screen_grid_02_of_10,234.56972091474464,3989939.5178635977,3995997.9149995884,0.15184182890157252,34.6000000624687,-3.97051280742744e-11,-104.20342677472425,12.999999942056492,47.60000000452519,,idle=594.000; screen_margin=175.818
ch,ch-af-apac-eu-row-us/pf100_k100_a040,row,2025,screen_grid_03_of_10,270.35458137211697,3989939.5178635977,4004049.508596139,0.3536392135612237,34.600000056667305,-1.1218048712180462e-10,-68.41856631989197,12.999999942056492,47.599999998723796,,idle=594.000; screen_margin=175.818
ch,ch-af-apac-eu-row-us/pf100_k100_a040,row,2025,screen_grid_04_of_10,306.1394418294893,3989939.5178635977,4012101.1021834286,0.5554365979887643,34.600000030837556,-2.743831828411203e-10,-32.63370586387401,12.999999942056492,47.59999997289405,,idle=594.000; screen_margin=175.818
ch,ch-af-apac-eu-row-us/pf100_k100_a040,row,2025,screen_grid_05_of_10,341.9243022868616,3989939.5178635977,3989939.5178845394,5.248630792282494e-10,2.6467358082982173e-08,-3.325340003357269e-11,-4.903540684608743e-09,12.999999942056492,12.99999996852385,,idle=594.000; screen_margin=175.818
ch,ch-af-apac-eu-row-us/pf100_k100_a040,row,2025,screen_grid_06_of_10,377.7091627442339,3989939.5178635977,3989939.517875647,3.019958427045758e-10,1.194529986037196e-08,-1.6655121726216748e-11,-8.008100849110633e-10,12.999999942056492,12.999999954001792,,idle=594.000; screen_margin=175.818
ch,ch-af-apac-eu-row-us/pf100_k100_a040,row,2025,screen_grid_07_of_10,413.4940232016062,3989939.5178635977,3989939.517865928,5.840111288041804e-11,2.2558559464869177e-09,-3.512923285597935e-11,-1.0236362868454307e-09,12.999999942056492,12.999999944312348,,idle=594.000; screen_margin=175.818
ch,ch-af-apac-eu-row-us/pf100_k100_a040,row,2025,screen_grid_08_of_10,449.27888365897854,3989939.5178635977,3989939.5178625425,-2.6446227375505056e-11,-1.019714090944035e-09,-2.970068635477219e-11,-8.167830856109504e-10,12.999999942056492,12.999999941036778,,idle=594.000; screen_margin=175.818
ch,ch-af-apac-eu-row-us/pf100_k100_a040,row,2025,screen_grid_09_of_10,485.06374411635085,3989939.5178635977,3989939.5178624056,-2.9877467820517624e-11,-1.1395133725500273e-09,-1.5575096767861396e-11,-4.197318048682064e-10,12.999999942056492,12.999999940916979,,idle=594.000; screen_margin=175.818
ch,ch-af-apac-eu-row-us/pf100_k100_a040,row,2025,screen_grid_10_of_10,520.8486045737232,3989939.5178635977,3989939.5178635977,0.0,0.0,0.0,0.0,12.999999942056492,12.999999942056492,,idle=594.000; screen_margin=175.818
ch,ch-af-apac-eu-row-us/pf100_k100_a040,eu,2030,screen_undercut_eps_1,180.14134032264045,3989939.5178635977,3993123.333684913,0.07979609232322217,9.669057337251962,9.09790855985193e-08,-0.9903307969767638,1.3878456227481402e-07,9.669057476036524,,idle=13.712; screen_margin=73.700
ch,ch-af-apac-eu-row-us/pf100_k100_a040,eu,2030,screen_undercut_eps_5,176.14134032264045,3989939.5178635977,3992948.182184873,0.0754062638745564,9.66905620082148,2.56184019065131e-06,-4.990329100253916,1.3878456227481402e-07,9.669056339606042,,idle=13.712; screen_margin=73.700
ch,ch-af-apac-eu-row-us/pf100_k100_a040,eu,2030,screen_undercut_eps_20,161.14134032264045,3989939.5178635977,3992311.405554955,0.05944670791970285,9.751433616306864,3.6233515743333555e-08,-19.99024839888301,1.3878456227481402e-07,9.751433755091426,,idle=13.712; screen_margin=73.700
ch,ch-af-apac-eu-row-us/pf100_k100_a040,eu,2030,screen_grid_00_of_10,107.44092378697313,3989939.5178635977,3989939.9484367482,1.0791470612218842e-05,9.751433970963252,-1.187029567972786e-07,-73.69066505129207,1.3878456227481402e-07,9.751434109747814,,idle=13.712; screen_margin=73.700
ch,ch-af-apac-eu-row-us/pf100_k100_a040,eu,2030,screen_grid_01_of_10,124.31669118210257,3989939.5178635977,3990685.197013505,0.01868898379458028,9.751433742850292,-1.641931959284193e-07,-56.81489768207106,1.3878456227481402e-07,9.751433881634854,,idle=13.712; screen_margin=73.700
ch,ch-af-apac-eu-row-us/pf100_k100_a040,eu,2030,screen_grid_02_of_10,141.19245857723203,3989939.5178635977,3991430.4455884397,0.03736717607289183,9.751433719059664,-1.7202904700752697e-07,-39.93913028601767,1.3878456227481402e-07,9.751433857844226,,idle=13.712; screen_margin=73.700
ch,ch-af-apac-eu-row-us/pf100_k100_a040,eu,2030,screen_grid_03_of_10,158.0682259723615,3989939.5178635977,3992175.694159506,0.05604536825424167,9.75143367399117,-8.170943033292133e-08,-23.063362829495986,1.3878456227481402e-07,9.751433812775732,,idle=13.712; screen_margin=73.700
ch,ch-af-apac-eu-row-us/pf100_k100_a040,eu,2030,screen_grid_04_of_10,174.94399336749092,3989939.5178635977,3992895.7535222983,0.07409224238776146,9.669058394708822,-1.7333739776859147e-07,-6.18767787151512,1.3878456227481402e-07,9.669058533493384,,idle=13.712; screen_margin=73.700
ch,ch-af-apac-eu-row-us/pf100_k100_a040,eu,2030,screen_grid_05_of_10,191.81976076262038,3989939.5178635977,3989939.51798369,3.0098747816563335e-09,3.4705217305978043e-07,5.263524371912354e-08,-3.9922269934322685e-08,1.3878456227481402e-07,4.858367353345945e-07,,idle=13.712; screen_margin=73.700
ch,ch-af-apac-eu-row-us/pf100_k100_a040,eu,2030,screen_grid_06_of_10,208.69552815774983,3989939.5178635977,3989939.5178096043,-1.3532392163238355e-09,-1.164397251805057e-07,-1.8689469527544134e-07,1.5116285112526384e-07,1.3878456227481402e-07,2.2344837094308334e-08,,idle=13.712; screen_margin=73.700
ch,ch-af-apac-eu-row-us/pf100_k100_a040,eu,2030,screen_grid_07_of_10,225.5712955528793,3989939.5178635977,3989939.51787089,1.8276607268332267e-10,2.6220282894315885e-08,-4.689084676101629e-09,1.9307719867356354e-08,1.3878456227481402e-07,1.650048451691299e-07,,idle=13.712; screen_margin=73.700
ch,ch-af-apac-eu-row-us/pf100_k100_a040,eu,2030,screen_grid_08_of_10,242.44706294800875,3989939.5178635977,3989939.5178570095,-1.6511969325182944e-10,-1.066827718622914e-08,-3.67490997632558e-08,2.9466235673680785e-08,1.3878456227481402e-07,1.2811628508858488e-07,,idle=13.712; screen_margin=73.700
ch,ch-af-apac-eu-row-us/pf100_k100_a040,eu,2030,screen_grid_09_of_10,259.3228303431382,3989939.5178635977,3989939.517875679,3.027894629435583e-10,2.8493491325850845e-08,3.1296735869545955e-08,-2.5542107096043765e-08,1.3878456227481402e-07,1.6727805360066487e-07,,idle=13.712; screen_margin=73.700
ch,ch-af-apac-eu-row-us/pf100_k100_a040,eu,2030,screen_grid_10_of_10,276.19859773826767,3989939.5178635977,3989939.5178635977,0.0,0.0,0.0,0.0,1.3878456227481402e-07,1.3878456227481402e-07,,idle=13.712; screen_margin=73.700
ch,ch-af-apac-eu-row-us/pf100_k100_a040,us,2030,screen_undercut_eps_1,216.5147203940696,3989939.5178635977,3993900.1745557534,0.09926608346876295,8.0176242853075,-1.4489125987893203e-07,-0.9919823255497704,1.3878456227481402e-07,8.017624424092062,,idle=13.712; screen_margin=110.074
ch,ch-af-apac-eu-row-us/pf100_k100_a040,us,2030,screen_undercut_eps_5,212.5147203940696,3989939.5178635977,3993754.9386488013,0.0956260306233046,8.017624886762828,4.082149587247841e-07,-4.991982159977169,1.3878456227481402e-07,8.01762502554739,,idle=13.712; screen_margin=110.074
ch,ch-af-apac-eu-row-us/pf100_k100_a040,us,2030,screen_undercut_eps_20,197.5147203940696,3989939.5178635977,3996154.39026801,0.1557635742744317,13.712176549659036,9.99465218035644,-9.991635441938712,1.3878456227481402e-07,13.712176688443598,,idle=13.712; screen_margin=110.074
ch,ch-af-apac-eu-row-us/pf100_k100_a040,us,2030,screen_grid_00_of_10,107.44092378697313,3989939.5178635977,3996154.390276487,0.1557635744868885,13.71217822066426,100.06844973700935,-9.991634779291417,1.3878456227481402e-07,13.712178359448822,,idle=13.712; screen_margin=110.074
ch,ch-af-apac-eu-row-us/pf100_k100_a040,us,2030,screen_grid_01_of_10,132.35671159004625,3989939.5178635977,3996154.390279361,0.1557635745589212,13.71217664061049,75.15266117221812,-9.991635306297496,1.3878456227481402e-07,13.712176779395053,,idle=13.712; screen_margin=110.074
ch,ch-af-apac-eu-row-us/pf100_k100_a040,us,2030,screen_grid_02_of_10,157.27249939311935,3989939.5178635977,3996154.3903592546,0.15576357656129508,13.712176987226538,50.23687453215099,-9.991634616337933,1.3878456227481402e-07,13.7121771260111,,idle=13.712; screen_margin=110.074
ch,ch-af-apac-eu-row-us/pf100_k100_a040,us,2030,screen_grid_03_of_10,182.18828719619245,3989939.5178635977,3996154.390270653,0.15576357434067564,13.712176556690098,25.32108537774802,-9.991635442213976,1.3878456227481402e-07,13.71217669547466,,idle=13.712; screen_margin=110.074
ch,ch-af-apac-eu-row-us/pf100_k100_a040,us,2030,screen_grid_04_of_10,207.10407499926555,3989939.5178635977,3996154.3895062413,0.1557635551821929,13.712174821874699,0.40529812041145874,-9.99163504988772,1.3878456227481402e-07,13.712174960659262,,idle=13.712; screen_margin=110.074
ch,ch-af-apac-eu-row-us/pf100_k100_a040,us,2030,screen_grid_05_of_10,232.01986280233862,3989939.5178635977,3989939.517878566,3.7514895532137444e-10,2.3604031246451314e-08,-1.1689306234075048e-07,-6.723595339508392e-05,1.3878456227481402e-07,1.6238859352126534e-07,,idle=13.712; screen_margin=110.074
ch,ch-af-apac-eu-row-us/pf100_k100_a040,us,2030,screen_grid_06_of_10,256.93565060541175,3989939.5178635977,3989939.5178535897,-2.5083067906193937e-10,-2.5679222782839655e-08,-9.728199756864342e-08,-4.5955289181165426e-05,1.3878456227481402e-07,1.1310533949197437e-07,,idle=13.712; screen_margin=110.074
ch,ch-af-apac-eu-row-us/pf100_k100_a040,us,2030,screen_grid_07_of_10,281.85143840848485,3989939.5178635977,3989939.5178617947,-4.5189670078532907e-11,-6.291035328469882e-09,-4.4174129243401694e-08,-2.1757165882263507e-05,1.3878456227481402e-07,1.3249352694634414e-07,,idle=13.712; screen_margin=110.074
ch,ch-af-apac-eu-row-us/pf100_k100_a040,us,2030,screen_grid_08_of_10,306.76722621155795,3989939.5178635977,3989939.5178758316,3.066175135080621e-10,2.5084774175659086e-08,1.4006772630636988e-08,-1.4406492141461058e-06,1.3878456227481402e-07,1.638693364504731e-07,,idle=13.712; screen_margin=110.074
ch,ch-af-apac-eu-row-us/pf100_k100_a040,us,2030,screen_grid_09_of_10,331.68301401463106,3989939.5178635977,3989939.517879851,4.0736060031537e-10,3.4796325832894806e-08,4.188369473467901e-08,8.951675624757627e-06,1.3878456227481402e-07,1.7358088810770883e-07,,idle=13.712; screen_margin=110.074
ch,ch-af-apac-eu-row-us/pf100_k100_a040,us,2030,screen_grid_10_of_10,356.5988018177041,3989939.5178635977,3989939.5178635977,0.0,9.184877530649138e-14,1.7053025658242404e-13,5.0960125008714385e-11,1.3878456227481402e-07,1.3878465412358933e-07,,idle=13.712; screen_margin=110.074
ch,ch-af-apac-eu-row-us/pf100_k100_a040,apac,2030,screen_undercut_eps_1,184.8440974280083,3989939.5178635977,3993329.2570823804,0.08495715796207508,9.669057140265812,2.1081302747916197e-07,-0.9903307629970186,1.3878456227481402e-07,9.669057279050374,,idle=13.712; screen_margin=78.403
ch,ch-af-apac-eu-row-us/pf100_k100_a040,apac,2030,screen_undercut_eps_5,180.8440974280083,3989939.5178635977,3993154.105656638,0.0805673313755225,9.669056358406149,2.357592592261426e-06,-4.990329303930224,1.3878456227481402e-07,9.669056497190711,,idle=13.712; screen_margin=78.403
ch,ch-af-apac-eu-row-us/pf100_k100_a040,apac,2030,screen_undercut_eps_20,165.8440974280083,3989939.5178635977,3992519.083390358,0.06465174510067272,9.75143355678971,1.9026178676995187e-07,-19.990248291657593,1.3878456227481402e-07,9.751433695574272,,idle=13.712; screen_margin=78.403
ch,ch-af-apac-eu-row-us/pf100_k100_a040,apac,2030,screen_grid_00_of_10,107.44092378697313,3989939.5178635977,3990088.9872782724,0.003746157404278397,13.712176475348938,2.3932925122480952,-75.99616876360152,1.3878456227481402e-07,13.7121766141335,,idle=13.712; screen_margin=78.403
ch,ch-af-apac-eu-row-us/pf100_k100_a040,apac,2030,screen_grid_01_of_10,128.86028675717134,3989939.5178635977,3990885.846150336,0.02371786044628676,9.751433748823505,-1.5426427069087367e-07,-56.97405920651241,1.3878456227481402e-07,9.751433887608068,,idle=13.712; screen_margin=78.403
ch,ch-af-apac-eu-row-us/pf100_k100_a040,apac,2030,screen_grid_02_of_10,150.27964972736956,3989939.5178635977,3991831.743860334,0.04742492933200211,9.751433711681464,-1.1287461632036866e-07,-35.5546962021225,1.3878456227481402e-07,9.751433850466027,,idle=13.712; screen_margin=78.403
ch,ch-af-apac-eu-row-us/pf100_k100_a040,apac,2030,screen_grid_03_of_10,171.69901269756775,3989939.5178635977,3992777.641437143,0.07113199487958735,9.751433098022273,8.683182670665701e-07,-14.135332579881691,1.3878456227481402e-07,9.751433236806836,,idle=13.712; screen_margin=78.403
ch,ch-af-apac-eu-row-us/pf100_k100_a040,apac,2030,screen_grid_04_of_10,193.11837566776597,3989939.5178635977,3989939.51813748,6.8643248899921896e-09,7.440292697755499e-07,1.4801329939473362e-07,-1.1744103289856866e-07,1.3878456227481402e-07,8.828138320503639e-07,,idle=13.712; screen_margin=78.403
ch,ch-af-apac-eu-row-us/pf100_k100_a040,apac,2030,screen_grid_05_of_10,214.5377386379642,3989939.5178635977,3989939.517890583,6.763278360152329e-10,7.678472096221127e-08,-3.858104946630192e-09,2.001087295866455e-09,1.3878456227481402e-07,2.155692832370253e-07,,idle=13.712; screen_margin=78.403
ch,ch-af-apac-eu-row-us/pf100_k100_a040,apac,2030,screen_grid_06_of_10,235.95710160816242,3989939.5178635977,3989939.517810764,-1.324178710514035e-09,-1.1490422092171663e-07,-1.8009181701472698e-07,1.4382391100298264e-07,1.3878456227481402e-07,2.3880341353097386e-08,,idle=13.712; screen_margin=78.403
ch,ch-af-apac-eu-row-us/pf100_k100_a040,apac,2030,screen_grid_07_of_10,257.37646457836064,3989939.5178635977,3989939.517987835,3.1137690076478367e-09,2.88594429046321e-07,3.720285377539767e-07,-3.370644492406427e-07,1.3878456227481402e-07,4.27378991321135e-07,,idle=13.712; screen_margin=78.403
ch,ch-af-apac-eu-row-us/pf100_k100_a040,apac,2030,screen_grid_08_of_10,278.79582754855886,3989939.5178635977,3989939.517958301,2.3735547423945125e-09,2.1634300476309413e-07,3.0459983690889203e-07,-2.3535042714684096e-07,1.3878456227481402e-07,3.5512756703790816e-07,,idle=13.712; screen_margin=78.403
ch,ch-af-apac-eu-row-us/pf100_k100_a040,apac,2030,screen_grid_09_of_10,300.2151905187571,3989939.5178635977,3989939.5178383654,-6.323986216103781e-10,-5.4796290296898206e-08,-8.548803975827468e-08,6.98481699146214e-08,1.3878456227481402e-07,8.398827197791582e-08,,idle=13.712; screen_margin=78.403
ch,ch-af-apac-eu-row-us/pf100_k100_a040,apac,2030,screen_grid_10_of_10,321.6345534889553,3989939.5178635977,3989939.5178635977,0.0,0.0,0.0,0.0,1.3878456227481402e-07,1.3878456227481402e-07,,idle=13.712; screen_margin=78.403
ch,ch-af-apac-eu-row-us/pf100_k100_a040,af,2030,screen_undercut_eps_1,296.3972516851513,3989939.5178635977,3996800.6303351745,0.17196031270294904,8.017621048861153,2.8185586131712626e-07,-0.9919823346853036,1.3878456227481402e-07,8.017621187645716,,idle=13.712; screen_margin=189.956
ch,ch-af-apac-eu-row-us/pf100_k100_a040,af,2030,screen_undercut_eps_5,292.3972516851513,3989939.5178635977,3996655.39736466,0.16832033345353678,8.017624951477764,1.6533768416593375e-06,-4.991981879996899,1.3878456227481402e-07,8.017625090262326,,idle=13.712; screen_margin=189.956
ch,ch-af-apac-eu-row-us/pf100_k100_a040,af,2030,screen_undercut_eps_20,277.3972516851513,3989939.5178635977,3996174.1691372013,0.15625929279604414,8.09999940745122,9.80435473252328e-07,-19.991899462568085,1.3878456227481402e-07,8.099999546235782,,idle=13.712; screen_margin=189.956
ch,ch-af-apac-eu-row-us/pf100_k100_a040,af,2030,screen_grid_00_of_10,107.44092378697313,3989939.5178635977,3996498.996789404,0.16440046011822068,13.999999439524974,105.62434455330425,-84.31769538914824,1.3878456227481402e-07,13.999999578309536,,idle=13.712; screen_margin=189.956
ch,ch-af-apac-eu-row-us/pf100_k100_a040,af,2030,screen_grid_01_of_10,133.22807847742297,3989939.5178635977,3996617.9591992684,0.16738201934566174,13.712176725417441,81.74644842026707,-82.40901257749175,1.3878456227481402e-07,13.712176864202004,,idle=13.712; screen_margin=189.956
ch,ch-af-apac-eu-row-us/pf100_k100_a040,af,2030,screen_grid_02_of_10,159.0152331678728,3989939.5178635977,3996617.9600009928,0.16738203943930924,13.712177069140687,55.95930657729404,-82.40900024976744,1.3878456227481402e-07,13.712177207925249,,idle=13.712; screen_margin=189.956
ch,ch-af-apac-eu-row-us/pf100_k100_a040,af,2030,screen_grid_03_of_10,184.80238785832262,3989939.5178635977,3996617.9595422205,0.16738202794108245,13.712176572938112,30.17214482260225,-82.40900684359048,1.3878456227481402e-07,13.712176711722675,,idle=13.712; screen_margin=189.956
ch,ch-af-apac-eu-row-us/pf100_k100_a040,af,2030,screen_grid_04_of_10,210.58954254877247,3989939.5178635977,3996617.9608277734,0.16738206016094376,13.712176520156316,4.385010583111082,-82.40898618462177,1.3878456227481402e-07,13.712176658940878,,idle=13.712; screen_margin=189.956
ch,ch-af-apac-eu-row-us/pf100_k100_a040,af,2030,screen_grid_05_of_10,236.37669723922232,3989939.5178635977,3994669.4496777495,0.1185464539744313,8.100000056728936,3.76567896864799e-08,-61.01245439274055,1.3878456227481402e-07,8.100000195513498,,idle=13.712; screen_margin=189.956
ch,ch-af-apac-eu-row-us/pf100_k100_a040,af,2030,screen_grid_06_of_10,262.16385192967215,3989939.5178635977,3995615.3765089232,0.1422542527252305,8.099999974058735,9.074923639218468e-07,-35.225299489931274,1.3878456227481402e-07,8.100000112843297,,idle=13.712; screen_margin=189.956
ch,ch-af-apac-eu-row-us/pf100_k100_a040,af,2030,screen_grid_07_of_10,287.951006620122,3989939.5178635977,3996493.983185293,0.16427480397509892,8.017655214185703,1.3935413250010242e-06,-9.438227016346104,1.3878456227481402e-07,8.017655352970266,,idle=13.712; screen_margin=189.956
ch,ch-af-apac-eu-row-us/pf100_k100_a040,af,2030,screen_grid_08_of_10,313.7381613105718,3989939.5178635977,3989939.5180784483,5.384806688583198e-09,2.8338847582025784e-07,1.0813346307259053e-07,-2.8062436285836156e-07,1.3878456227481402e-07,4.2217303809507186e-07,,idle=13.712; screen_margin=189.956
ch,ch-af-apac-eu-row-us/pf100_k100_a040,af,2030,screen_grid_09_of_10,339.5253160010216,3989939.5178635977,3989939.517910949,1.1867657003113887e-09,7.30276922529949e-08,5.714565531889093e-08,-1.4056098507353454e-07,1.3878456227481402e-07,2.1181225452780893e-07,,idle=13.712; screen_margin=189.956
ch,ch-af-apac-eu-row-us/pf100_k100_a040,af,2030,screen_grid_10_of_10,365.3124706914715,3989939.5178635977,3989939.5178635977,0.0,0.0,0.0,0.0,1.3878456227481402e-07,1.3878456227481402e-07,,idle=13.712; screen_margin=189.956
ch,ch-af-apac-eu-row-us/pf100_k100_a040,row,2030,screen_undercut_eps_1,217.4028338934631,3989939.5178635977,3996829.1457689023,0.17267499606093217,13.712175682110281,0.9725754870176786,-0.013712198475104742,1.3878456227481402e-07,13.712175820894844,,idle=13.712; screen_margin=110.962
ch,ch-af-apac-eu-row-us/pf100_k100_a040,row,2030,screen_undercut_eps_5,213.4028338934631,3989939.5178635977,3996829.1460421868,0.17267500291027166,13.712176234453056,4.97257553832749,-0.01371220107677118,1.3878456227481402e-07,13.712176373237618,,idle=13.712; screen_margin=110.962
ch,ch-af-apac-eu-row-us/pf100_k100_a040,row,2030,screen_undercut_eps_20,198.4028338934631,3989939.5178635977,3996829.146197425,0.17267500680101822,13.71217655087026,19.9725755107727,-0.013712199368427491,1.3878456227481402e-07,13.712176689654823,,idle=13.712; screen_margin=110.962
ch,ch-af-apac-eu-row-us/pf100_k100_a040,row,2030,screen_grid_00_of_10,107.44092378697313,3989939.5178635977,3996795.0324116973,0.1718200117421922,38.843786587744184,110.8590907087896,-0.03884387917256049,1.3878456227481402e-07,38.84378672652875,,idle=13.712; screen_margin=110.962
ch,ch-af-apac-eu-row-us/pf100_k100_a040,row,2030,screen_grid_01_of_10,133.97330212006713,3989939.5178635977,3996829.1462416677,0.1726750079098691,13.71217721029366,84.40210755632346,-0.013712206434490781,1.3878456227481402e-07,13.712177349078223,,idle=13.712; screen_margin=110.962
ch,ch-af-apac-eu-row-us/pf100_k100_a040,row,2030,screen_grid_02_of_10,160.50568045316112,3989939.5178635977,3996829.1462156577,0.17267500725798007,13.712176622519056,57.86972894156939,-0.013712199605862452,1.3878456227481402e-07,13.712176761303619,,idle=13.712; screen_margin=110.962
ch,ch-af-apac-eu-row-us/pf100_k100_a040,row,2030,screen_grid_03_of_10,187.0380587862551,3989939.5178635977,3996829.146208599,0.17267500708107278,13.712176610969609,31.337350708459766,-0.013712201366331556,1.3878456227481402e-07,13.712176749754171,,idle=13.712; screen_margin=110.962
ch,ch-af-apac-eu-row-us/pf100_k100_a040,row,2030,screen_grid_04_of_10,213.5704371193491,3989939.5178635977,3996829.146028242,0.1726750025607753,13.712176207035437,4.8049723184326325,-0.013712200845475309,1.3878456227481402e-07,13.71217634582,,idle=13.712; screen_margin=110.962
ch,ch-af-apac-eu-row-us/pf100_k100_a040,row,2030,screen_grid_05_of_10,240.1028154524431,3989939.5178635977,3989939.51789843,8.730056046524842e-10,6.632054902101773e-08,-4.3250565795460716e-08,-4.375664275357849e-09,1.3878456227481402e-07,2.0510511129583175e-07,,idle=13.712; screen_margin=110.962
ch,ch-af-apac-eu-row-us/pf100_k100_a040,row,2030,screen_grid_06_of_10,266.63519378553707,3989939.5178635977,3989939.5180021618,3.4728354822439478e-09,2.9296320918923546e-07,3.0024649788629176e-07,2.2258745957515202e-08,1.3878456227481402e-07,4.317477714640495e-07,,idle=13.712; screen_margin=110.962
ch,ch-af-apac-eu-row-us/pf100_k100_a040,row,2030,screen_grid_07_of_10,293.1675721186311,3989939.5178635977,3989939.517803021,-1.518242200716991e-09,-1.3317583434512003e-07,-2.012297528608542e-07,-1.9344298607393284e-08,1.3878456227481402e-07,5.6087279296939965e-09,,idle=13.712; screen_margin=110.962
ch,ch-af-apac-eu-row-us/pf100_k100_a040,row,2030,screen_grid_08_of_10,319.6999504517251,3989939.5178635977,3989939.5178032108,-1.513480479283096e-09,-1.3270014174044076e-07,-2.0001688483262114e-07,-1.927153903125145e-08,1.3878456227481402e-07,6.084420534373267e-09,,idle=13.712; screen_margin=110.962
ch,ch-af-apac-eu-row-us/pf100_k100_a040,row,2030,screen_grid_09_of_10,346.23232878481906,3989939.5178635977,3989939.517877574,3.502899684238344e-10,2.965436169671093e-08,3.7855826917621016e-08,1.426400331183686e-09,1.3878456227481402e-07,1.6843892397152496e-07,,idle=13.712; screen_margin=110.962
ch,ch-af-apac-eu-row-us/pf100_k100_a040,row,2030,screen_grid_10_of_10,372.7647071179131,3989939.5178635977,3989939.5178635977,0.0,0.0,0.0,0.0,1.3878456227481402e-07,1.3878456227481402e-07,,idle=13.712; screen_margin=110.962
ch,ch-af-apac-eu-row-us/pf100_k100_a040,eu,2035,screen_undercut_eps_1,624.3326068906483,3989939.5178635977,3991286.986747992,0.03377166191020366,0.6212911387022179,5.256885060589411e-08,-0.9993831749940227,6.497978518419893e-07,0.6212917885000697,,idle=19.367; screen_margin=529.757
ch,ch-af-apac-eu-row-us/pf100_k100_a040,eu,2035,screen_undercut_eps_5,620.3326068906483,3989939.5178635977,3991276.7879451765,0.03351604894238576,0.6212870486713881,3.701799755617685e-09,-4.999378941761961,6.497978518419893e-07,0.6212876984692399,,idle=19.367; screen_margin=529.757
ch,ch-af-apac-eu-row-us/pf100_k100_a040,eu,2035,screen_undercut_eps_20,605.3326068906483,3989939.5178635977,3991238.562586133,0.032558005371238104,0.6212870158870265,2.6221869120490737e-10,-19.999378969212785,6.497978518419893e-07,0.6212876656848784,,idle=19.367; screen_margin=529.757
ch,ch-af-apac-eu-row-us/pf100_k100_a040,eu,2035,screen_grid_00_of_10,95.57583300040461,3989939.5178635977,3999977.297170008,0.2515772297166311,58.58386689161868,126.7396836767724,-402.9192891814382,6.497978518419893e-07,58.58386754141654,,idle=19.367; screen_margin=529.757
ch,ch-af-apac-eu-row-us/pf100_k100_a040,eu,2035,screen_grid_01_of_10,156.40590167498453,3989939.5178635977,4009615.703084376,0.49314494950825755,38.5838670729674,126.71968325448863,-342.14922093715404,6.497978518419893e-07,38.583867722765255,,idle=19.367; screen_margin=529.757
ch,ch-af-apac-eu-row-us/pf100_k100_a040,eu,2035,screen_grid_02_of_10,217.23597034956447,3989939.5178635977,4019242.7337075626,0.7344275699611397,38.58386703897967,126.71968339468368,-281.31915211672634,6.497978518419893e-07,38.583867688777524,,idle=19.367; screen_margin=529.757
ch,ch-af-apac-eu-row-us/pf100_k100_a040,eu,2035,screen_grid_03_of_10,278.06603902414435,3989939.5178635977,4014936.821829963,0.6265083431577937,20.621286437809903,120.36634172364812,-226.8783502722273,6.497978518419893e-07,20.621287087607755,,idle=19.367; screen_margin=529.757
ch,ch-af-apac-eu-row-us/pf100_k100_a040,eu,2035,screen_grid_04_of_10,338.8961076987243,3989939.5178635977,4017825.1135872705,0.6988977050610541,19.36669923028506,107.69989809533799,-178.7172346491538,6.497978518419893e-07,19.366699880082912,,idle=19.367; screen_margin=529.757
ch,ch-af-apac-eu-row-us/pf100_k100_a040,eu,2035,screen_grid_05_of_10,399.7261763733042,3989939.5178635977,4017825.1135633867,0.6988977044624544,19.36669884019705,46.86983250004489,-178.71723132609065,6.497978518419893e-07,19.3666994899949,,idle=19.367; screen_margin=529.757
ch,ch-af-apac-eu-row-us/pf100_k100_a040,eu,2035,screen_grid_06_of_10,460.5562450478841,3989939.5178635977,3997935.764299664,0.20041021675306067,5.341238450820265,2.2673788180327392e-08,-164.77102063677825,6.497978518419893e-07,5.341239100618117,,idle=19.367; screen_margin=529.757
ch,ch-af-apac-eu-row-us/pf100_k100_a040,eu,2035,screen_grid_07_of_10,521.3863137224641,3989939.5178635977,3999268.452483617,0.23381142942773733,5.341238331514209,6.9369860966617125e-09,-103.94095192505245,6.497978518419893e-07,5.341238981312061,,idle=19.367; screen_margin=529.757
ch,ch-af-apac-eu-row-us/pf100_k100_a040,eu,2035,screen_grid_08_of_10,582.216382397044,3989939.5178635977,3991179.6542123933,0.031081582646637185,0.6212870565237797,5.655067525367485e-10,-43.11560348411115,6.497978518419893e-07,0.6212877063216315,,idle=19.367; screen_margin=529.757
ch,ch-af-apac-eu-row-us/pf100_k100_a040,eu,2035,screen_grid_09_of_10,643.0464510716239,3989939.5178635977,3989939.5178783513,3.6976867693650777e-10,6.1100643488333805e-09,3.7206859815341886e-10,-1.1810016076196916e-08,6.497978518419893e-07,6.559079161908227e-07,,idle=19.367; screen_margin=529.757
ch,ch-af-apac-eu-row-us/pf100_k100_a040,eu,2035,screen_grid_10_of_10,703.8765197462038,3989939.5178635977,3989939.5178635977,0.0,0.0,0.0,0.0,6.497978518419893e-07,6.497978518419893e-07,,idle=19.367; screen_margin=529.757
ch,ch-af-apac-eu-row-us/pf100_k100_a040,us,2035,screen_undercut_eps_1,294.99309320884737,3989939.5178635977,3993800.3339786343,0.0967637754344675,4.719951000411311,2.585294254231485e-07,-0.995280475281163,6.497978518419893e-07,4.719951650209163,,idle=19.367; screen_margin=200.417
ch,ch-af-apac-eu-row-us/pf100_k100_a040,us,2035,screen_undercut_eps_5,290.99309320884737,3989939.5178635977,3993722.891298931,0.09482282672192405,4.719951195143471,3.399746475452048e-07,-4.995282940108666,6.497978518419893e-07,4.719951844941323,,idle=19.367; screen_margin=200.417
ch,ch-af-apac-eu-row-us/pf100_k100_a040,us,2035,screen_undercut_eps_20,275.99309320884737,3989939.5178635977,3993432.490627996,0.08754450408984495,4.719951243249245,4.155310762143927e-08,-19.995280199022147,6.497978518419893e-07,4.719951893047097,,idle=19.367; screen_margin=200.417
ch,ch-af-apac-eu-row-us/pf100_k100_a040,us,2035,screen_grid_00_of_10,95.57583300040461,3989939.5178635977,3996430.1936258934,0.16267604391585208,19.366698831125305,81.6889143145088,-118.70897920770591,6.497978518419893e-07,19.366699480923156,,idle=19.367; screen_margin=200.417
ch,ch-af-apac-eu-row-us/pf100_k100_a040,us,2035,screen_grid_01_of_10,117.00066277936071,3989939.5178635977,3996430.193638104,0.16267604422188606,19.366698834741793,60.26408460767222,-118.70897918374075,6.497978518419893e-07,19.366699484539645,,idle=19.367; screen_margin=200.417
ch,ch-af-apac-eu-row-us/pf100_k100_a040,us,2035,screen_grid_02_of_10,138.4254925583168,3989939.5178635977,3996430.1936437115,0.16267604436242686,19.366698827899647,38.83925480139875,-118.70897919034715,6.497978518419893e-07,19.366699477697498,,idle=19.367; screen_margin=200.417
ch,ch-af-apac-eu-row-us/pf100_k100_a040,us,2035,screen_grid_03_of_10,159.85032233727287,3989939.5178635977,3996430.193650417,0.16267604453048762,19.366698743922683,17.414425100448895,-118.70897915260474,6.497978518419893e-07,19.366699393720534,,idle=19.367; screen_margin=200.417
ch,ch-af-apac-eu-row-us/pf100_k100_a040,us,2035,screen_grid_04_of_10,181.27515211622898,3989939.5178635977,3991598.749869308,0.04158539241714319,4.719952883984169,6.126694671593214e-07,-114.7132226085534,6.497978518419893e-07,4.719953533782021,,idle=19.367; screen_margin=200.417
ch,ch-af-apac-eu-row-us/pf100_k100_a040,us,2035,screen_grid_05_of_10,202.69998189518503,3989939.5178635977,3992013.534368894,0.0519811514939171,4.719951336128741,2.7967161031483556e-08,-93.28839189868077,6.497978518419893e-07,4.719951985926593,,idle=19.367; screen_margin=200.417
ch,ch-af-apac-eu-row-us/pf100_k100_a040,us,2035,screen_grid_06_of_10,224.12481167414114,3989939.5178635977,3992428.319526674,0.06237692706703302,4.719951304322282,6.073037184251007e-09,-71.86356160131365,6.497978518419893e-07,4.719951954120134,,idle=19.367; screen_margin=200.417
ch,ch-af-apac-eu-row-us/pf100_k100_a040,us,2035,screen_grid_07_of_10,245.5496414530972,3989939.5178635977,3992843.1047221045,0.07277270358377506,4.719951288681283,3.4407932503199845e-08,-50.43873180718168,6.497978518419893e-07,4.719951938479135,,idle=19.367; screen_margin=200.417
ch,ch-af-apac-eu-row-us/pf100_k100_a040,us,2035,screen_grid_08_of_10,266.9744712320533,3989939.5178635977,3993257.8899052786,0.08316847979333941,4.719951248265258,3.720373342730454e-08,-29.013902040363064,6.497978518419893e-07,4.71995189806311,,idle=19.367; screen_margin=200.417
ch,ch-af-apac-eu-row-us/pf100_k100_a040,us,2035,screen_grid_09_of_10,288.3993010110094,3989939.5178635977,3993672.6751026195,0.09356425635796711,4.71995124801847,1.551413220113318e-07,-7.589073826143647,6.497978518419893e-07,4.719951897816322,,idle=19.367; screen_margin=200.417
ch,ch-af-apac-eu-row-us/pf100_k100_a040,us,2035,screen_grid_10_of_10,309.82413078996547,3989939.5178635977,3989939.5178635977,0.0,0.0,0.0,0.0,6.497978518419893e-07,6.497978518419893e-07,,idle=19.367; screen_margin=200.417
ch,ch-af-apac-eu-row-us/pf100_k100_a040,af,2035,screen_undercut_eps_1,428.40544176478045,3989939.5178635977,3996383.1971406955,0.16149816928924418,4.7199512844717155,2.8020394893246703e-09,-0.9952800581129964,6.497978518419893e-07,4.7199519342695675,,idle=19.367; screen_margin=333.830
ch,ch-af-apac-eu-row-us/pf100_k100_a040,af,2035,screen_undercut_eps_5,424.40544176478045,3989939.5178635977,3996305.7567803026,0.15955727870566022,4.719951260784955,6.058663473140768e-07,-4.995283125019682,6.497978518419893e-07,4.719951910582807,,idle=19.367; screen_margin=333.830
ch,ch-af-apac-eu-row-us/pf100_k100_a040,af,2035,screen_undercut_eps_20,409.40544176478045,3989939.5178635977,3996015.356682969,0.15227897044976668,4.7199512744131376,7.265866486250161e-08,-19.995280350410212,6.497978518419893e-07,4.7199519242109895,,idle=19.367; screen_margin=333.830
ch,ch-af-apac-eu-row-us/pf100_k100_a040,af,2035,screen_grid_00_of_10,95.57583300040461,3989939.5178635977,3999501.8595361663,0.2396613189186565,19.999999346833956,120.36571704502224,-213.44325845546055,6.497978518419893e-07,19.999999996631807,,idle=19.367; screen_margin=333.830
ch,ch-af-apac-eu-row-us/pf100_k100_a040,af,2035,screen_grid_01_of_10,128.99916451876786,3989939.5178635977,4002243.736709122,0.3083810867417013,19.999999348466844,120.36571525796803,-180.01992873574585,6.497978518419893e-07,19.999999998264695,,idle=19.367; screen_margin=333.830
ch,ch-af-apac-eu-row-us/pf100_k100_a040,af,2035,screen_grid_02_of_10,162.4224960371311,3989939.5178635977,4004985.614228268,0.37710086324132613,19.99999929075716,120.3657179287999,-146.59659452804783,6.497978518419893e-07,19.99999994055501,,idle=19.367; screen_margin=333.830
ch,ch-af-apac-eu-row-us/pf100_k100_a040,af,2035,screen_grid_03_of_10,195.84582755549434,3989939.5178635977,4007027.719423527,0.4282822204051606,19.366699279983667,114.82652183086311,-118.7137262750204,6.497978518419893e-07,19.366699929781518,,idle=19.367; screen_margin=333.830
ch,ch-af-apac-eu-row-us/pf100_k100_a040,af,2035,screen_grid_04_of_10,229.26915907385757,3989939.5178635977,4007027.721404217,0.42828227004727365,19.36669888750849,81.40321631674992,-118.71369978121265,6.497978518419893e-07,19.366699537306342,,idle=19.367; screen_margin=333.830
ch,ch-af-apac-eu-row-us/pf100_k100_a040,af,2035,screen_grid_05_of_10,262.6924905922208,3989939.5178635977,4007027.721371539,0.4282822692282576,19.366698824395627,47.97988478735313,-118.71369974594421,6.497978518419893e-07,19.366699474193478,,idle=19.367; screen_margin=333.830
ch,ch-af-apac-eu-row-us/pf100_k100_a040,af,2035,screen_grid_06_of_10,296.115822110584,3989939.5178635977,4007027.721377111,0.4282822693679114,19.36669880990164,14.556553417714227,-118.71369954830914,6.497978518419893e-07,19.36669945969949,,idle=19.367; screen_margin=333.830
ch,ch-af-apac-eu-row-us/pf100_k100_a040,af,2035,screen_grid_07_of_10,329.5391536289473,3989939.5178635977,3994469.143583233,0.11352617500479449,4.719951314553979,1.2742944477395213e-08,-99.86156865979132,6.497978518419893e-07,4.719951964351831,,idle=19.367; screen_margin=333.830
ch,ch-af-apac-eu-row-us/pf100_k100_a040,af,2035,screen_grid_08_of_10,362.96248514731053,3989939.5178635977,3995116.2200376093,0.1297438758365808,4.719951302225169,8.642288662485953e-09,-66.4382366808656,6.497978518419893e-07,4.719951952023021,,idle=19.367; screen_margin=333.830
ch,ch-af-apac-eu-row-us/pf100_k100_a040,af,2035,screen_grid_09_of_10,396.38581666567376,3989939.5178635977,3995763.296470372,0.145961576126663,4.719951285262113,6.376940575592016e-08,-33.01490521292237,6.497978518419893e-07,4.719951935059965,,idle=19.367; screen_margin=333.830
ch,ch-af-apac-eu-row-us/pf100_k100_a040,af,2035,screen_grid_10_of_10,429.809148184037,3989939.5178635977,3989939.5178635977,0.0,0.0,0.0,0.0,6.497978518419893e-07,6.497978518419893e-07,,idle=19.367; screen_margin=333.830
ch,ch-af-apac-eu-row-us/pf100_k100_a040,row,2035,screen_undercut_eps_1,424.79333288024856,3989939.5178635977,3990778.500575353,0.02102745437616147,0.6212994164561851,2.226142754579996e-07,-0.9993907835392974,6.497978518419893e-07,0.621300066254037,,idle=19.367; screen_margin=330.217
ch,ch-af-apac-eu-row-us/pf100_k100_a040,row,2035,screen_undercut_eps_5,420.79333288024856,3989939.5178635977,3990768.3032670002,0.02077187886412607,0.6212965373164455,7.496130649542465e-08,-4.999384503958311,6.497978518419893e-07,0.6212971871142974,,idle=19.367; screen_margin=330.217
ch,ch-af-apac-eu-row-us/pf100_k100_a040,row,2035,screen_undercut_eps_20,405.79333288024856,3989939.5178635977,3990730.0655660187,0.019813525966535583,0.6212874951129561,1.5596668845319073e-08,-19.999379173846307,6.497978518419893e-07,0.621288144910808,,idle=19.367; screen_margin=330.217
ch,ch-af-apac-eu-row-us/pf100_k100_a040,row,2035,screen_grid_00_of_10,95.57583300040461,3989939.5178635977,3999501.218234825,0.2396452459596935,20.621286415884278,120.36634167790355,-209.82928234579515,6.497978518419893e-07,20.62128706568213,,idle=19.367; screen_margin=330.217
ch,ch-af-apac-eu-row-us/pf100_k100_a040,row,2035,screen_grid_01_of_10,156.63675339356004,3989939.5178635977,4001974.3224326274,0.3016287468806975,19.36669907082557,90.42059904638707,-178.7166138827534,6.497978518419893e-07,19.366699720623423,,idle=19.367; screen_margin=330.217
ch,ch-af-apac-eu-row-us/pf100_k100_a040,row,2035,screen_grid_02_of_10,217.69767378671548,3989939.5178635977,4001974.3222671133,0.3016287427324095,19.366698864332413,29.359677248860635,-178.7166152966472,6.497978518419893e-07,19.366699514130264,,idle=19.367; screen_margin=330.217
ch,ch-af-apac-eu-row-us/pf100_k100_a040,row,2035,screen_grid_03_of_10,278.7585941798709,3989939.5178635977,3993952.8719714456,0.10058684072476473,5.341238535994045,1.0240560754937178e-07,-147.02939757736397,6.497978518419893e-07,5.341239185791897,,idle=19.367; screen_margin=330.217
ch,ch-af-apac-eu-row-us/pf100_k100_a040,row,2035,screen_grid_04_of_10,339.8195145730263,3989939.5178635977,3995290.617792798,0.134114813150494,5.341238391237223,1.9732192413357552e-07,-85.96847854837705,6.497978518419893e-07,5.341239041035075,,idle=19.367; screen_margin=330.217
ch,ch-af-apac-eu-row-us/pf100_k100_a040,row,2035,screen_grid_05_of_10,400.8804349661817,3989939.5178635977,3990717.545733504,0.019499740946521148,0.6212874908691893,1.539076777135051e-08,-24.912277106901286,6.497978518419893e-07,0.6212881406670412,,idle=19.367; screen_margin=330.217
ch,ch-af-apac-eu-row-us/pf100_k100_a040,row,2035,screen_grid_06_of_10,461.94135535933714,3989939.5178635977,3989939.5185179072,1.6398983479100746e-08,4.854232768074468e-07,1.6028494087549916e-08,-4.588250135384442e-07,6.497978518419893e-07,1.1352211286494362e-06,,idle=19.367; screen_margin=330.217
ch,ch-af-apac-eu-row-us/pf100_k100_a040,row,2035,screen_grid_07_of_10,523.0022757524926,3989939.5178635977,3989939.5184006765,1.346082629109952e-08,3.975353501245887e-07,1.1848712233586411e-08,-4.797853989657597e-07,6.497978518419893e-07,1.047333201966578e-06,,idle=19.367; screen_margin=330.217
ch,ch-af-apac-eu-row-us/pf100_k100_a040,row,2035,screen_grid_08_of_10,584.063196145648,3989939.5178635977,3989939.5182541846,9.789293976963263e-09,2.8852368947898997e-07,7.42468841963273e-09,-3.405128268241242e-07,6.497978518419893e-07,9.383215413209793e-07,,idle=19.367; screen_margin=330.217
ch,ch-af-apac-eu-row-us/pf100_k100_a040,row,2035,screen_grid_09_of_10,645.1241165388035,3989939.5178635977,3989939.5180711206,5.201153628573953e-09,1.5297554418508016e-07,3.2271003647110774e-09,-1.6730984953028383e-07,6.497978518419893e-07,8.027733960270695e-07,,idle=19.367; screen_margin=330.217
ch,ch-af-apac-eu-row-us/pf100_k100_a040,row,2035,screen_grid_10_of_10,706.1850369319588,3989939.5178635977,3989939.5178635977,0.0,0.0,0.0,0.0,6.497978518419893e-07,6.497978518419893e-07,,idle=19.367; screen_margin=330.217
ch,ch-af-apac-eu-row-us/pf100_k100_a040,eu,2040,screen_undercut_eps_1,369.7626675076542,3989939.5178635977,3991408.090800553,0.03680689720684581,1.3947106133824836,-1.0530456506785413e-08,-0.9986055441806343,3.1592279749243896e-08,1.3947106449747633,,idle=27.470; screen_margin=284.427
ch,ch-af-apac-eu-row-us/pf100_k100_a040,eu,2040,screen_undercut_eps_5,365.7626675076542,3989939.5178635977,3991387.3649937366,0.0362874455529125,1.3947106210575453,-4.562309641187312e-09,-4.998605817431326,3.1592279749243896e-08,1.394710652649825,,idle=27.470; screen_margin=284.427
ch,ch-af-apac-eu-row-us/pf100_k100_a040,eu,2040,screen_undercut_eps_20,350.7626675076542,3989939.5178635977,3991309.642977484,0.034339495818220954,1.3947104410355586,9.436294590159378e-08,-19.99860854437742,3.1592279749243896e-08,1.3947104726278383,,idle=27.470; screen_margin=284.427
ch,ch-af-apac-eu-row-us/pf100_k100_a040,eu,2040,screen_grid_00_of_10,86.33525719941149,3989939.5178635977,3992436.1426942903,0.06257299940299225,98.9999996038701,24.67203356590177,-259.58484705268495,3.1592279749243896e-08,98.99999963546237,,idle=27.470; screen_margin=284.427
ch,ch-af-apac-eu-row-us/pf100_k100_a040,eu,2040,screen_grid_01_of_10,130.57549470548454,3989939.5178635977,3998685.519713881,0.21920136410905453,37.96544311250475,24.610993008320094,-215.52771931824014,3.1592279749243896e-08,37.96544314409703,,idle=27.470; screen_margin=284.427
ch,ch-af-apac-eu-row-us/pf100_k100_a040,eu,2040,screen_grid_02_of_10,174.8157322115576,3989939.5178635977,4003718.8111518514,0.3453509314254417,34.287779723736854,24.60731521275136,-171.29851489201934,3.1592279749243896e-08,34.28777975532913,,idle=27.470; screen_margin=284.427
ch,ch-af-apac-eu-row-us/pf100_k100_a040,eu,2040,screen_grid_03_of_10,219.05596971763066,3989939.5178635977,4004050.32515532,0.3536596790138309,27.470238868023408,5.519917974136732,-146.15930956786573,3.1592279749243896e-08,27.470238899615687,,idle=27.470; screen_margin=284.427
ch,ch-af-apac-eu-row-us/pf100_k100_a040,eu,2040,screen_grid_04_of_10,263.29620722370373,3989939.5178635977,3990856.440053556,0.022980854367671145,1.3947109568231664,6.585604239717213e-08,-107.46506970094981,3.1592279749243896e-08,1.394710988415446,,idle=27.470; screen_margin=284.427
ch,ch-af-apac-eu-row-us/pf100_k100_a040,eu,2040,screen_grid_05_of_10,307.53644472977675,3989939.5178635977,3991085.668611745,0.028726018101669543,1.3947106736349195,3.2082709822134348e-09,-63.22482855135513,3.1592279749243896e-08,1.3947107052271992,,idle=27.470; screen_margin=284.427
ch,ch-af-apac-eu-row-us/pf100_k100_a040,eu,2040,screen_grid_06_of_10,351.7766822358498,3989939.5178635977,3991314.8970372244,0.03447117850957051,1.3947104322972161,9.353786367682915e-08,-18.984593902663903,3.1592279749243896e-08,1.3947104638894958,,idle=27.470; screen_margin=284.427
ch,ch-af-apac-eu-row-us/pf100_k100_a040,eu,2040,screen_grid_07_of_10,396.0169197419229,3989939.5178635977,3989939.517851031,-3.149621969032458e-10,-1.748586066045249e-08,-1.0863615784728609e-08,3.5336256587470416e-07,3.1592279749243896e-08,1.4106419088791407e-08,,idle=27.470; screen_margin=284.427
ch,ch-af-apac-eu-row-us/pf100_k100_a040,eu,2040,screen_grid_08_of_10,440.25715724799596,3989939.5178635977,3989939.5180114466,3.705541275553831e-09,1.8319039428425498e-07,1.2558174944388156e-07,-1.6727574916330923e-06,3.1592279749243896e-08,2.1478267403349886e-07,,idle=27.470; screen_margin=284.427
ch,ch-af-apac-eu-row-us/pf100_k100_a040,eu,2040,screen_grid_09_of_10,484.49739475406903,3989939.5178635977,3989939.517859451,-1.0392923864910526e-10,-5.6128452162155944e-09,-3.685599381242355e-09,1.405555281053239e-07,3.1592279749243896e-08,2.59794345330283e-08,,idle=27.470; screen_margin=284.427
ch,ch-af-apac-eu-row-us/pf100_k100_a040,eu,2040,screen_grid_10_of_10,528.737632260142,3989939.5178635977,3989939.5178635977,0.0,0.0,0.0,0.0,3.1592279749243896e-08,3.1592279749243896e-08,,idle=27.470; screen_margin=284.427
ch,ch-af-apac-eu-row-us/pf100_k100_a040,us,2040,screen_undercut_eps_1,370.17869214746474,3989939.5178635977,3991410.2460545306,0.03686091441607581,1.3947103014766944,2.4642858420520497e-08,-0.9986078637015794,3.1592279749243896e-08,1.394710333068974,,idle=27.470; screen_margin=284.843
ch,ch-af-apac-eu-row-us/pf100_k100_a040,us,2040,screen_undercut_eps_5,366.17869214746474,3989939.5178635977,3991389.520492923,0.036341468907820924,1.3947105218951554,1.000023530650651e-08,-4.998606564635679,3.1592279749243896e-08,1.3947105534874351,,idle=27.470; screen_margin=284.843
ch,ch-af-apac-eu-row-us/pf100_k100_a040,us,2040,screen_undercut_eps_20,351.17869214746474,3989939.5178635977,3991311.7988036647,0.03439352736860049,1.3947106119157324,2.4183179903047858e-09,-19.99860558642422,3.1592279749243896e-08,1.394710643508012,,idle=27.470; screen_margin=284.843
ch,ch-af-apac-eu-row-us/pf100_k100_a040,us,2040,screen_grid_00_of_10,86.33525719941149,3989939.5178635977,3992433.289042451,0.06250147822262016,74.99999985403659,24.64802821924738,-260.0728770089455,3.1592279749243896e-08,74.99999988562887,,idle=27.470; screen_margin=284.843
ch,ch-af-apac-eu-row-us/pf100_k100_a040,us,2040,screen_grid_01_of_10,130.4210790858316,3989939.5178635977,4004716.944583835,0.3703671861209037,74.99999931517058,24.64802831953199,-215.98705500184403,3.1592279749243896e-08,74.99999934676286,,idle=27.470; screen_margin=284.843
ch,ch-af-apac-eu-row-us/pf100_k100_a040,us,2040,screen_grid_02_of_10,174.50690097225169,3989939.5178635977,4003679.4717566464,0.34436496672525274,34.28777946780925,24.607315787316594,-172.02337006319252,3.1592279749243896e-08,34.28777949940153,,idle=27.470; screen_margin=284.843
ch,ch-af-apac-eu-row-us/pf100_k100_a040,us,2040,screen_grid_03_of_10,218.59272285867183,3989939.5178635977,4004094.5358097483,0.35476773226201397,27.47023873881194,6.416375045427259,-146.14212421185957,3.1592279749243896e-08,27.47023877040422,,idle=27.470; screen_margin=284.843
ch,ch-af-apac-eu-row-us/pf100_k100_a040,us,2040,screen_grid_04_of_10,262.6785447450919,3989939.5178635977,3990853.2395288902,0.022900639500965728,1.3947106901380608,-1.1652929288175073e-08,-108.49875283385677,3.1592279749243896e-08,1.3947107217303405,,idle=27.470; screen_margin=284.843
ch,ch-af-apac-eu-row-us/pf100_k100_a040,us,2040,screen_grid_05_of_10,306.764366631512,3989939.5178635977,3991081.6681323214,0.028625753939630738,1.3947106973074916,3.4801203696588345e-08,-64.41293203685501,3.1592279749243896e-08,1.3947107288997713,,idle=27.470; screen_margin=284.843
ch,ch-af-apac-eu-row-us/pf100_k100_a040,us,2040,screen_grid_06_of_10,350.85018851793217,3989939.5178635977,3991310.0966860796,0.034350867133339014,1.3947106195977574,6.153584308776772e-10,-20.327109184786934,3.1592279749243896e-08,1.3947106511900371,,idle=27.470; screen_margin=284.843
ch,ch-af-apac-eu-row-us/pf100_k100_a040,us,2040,screen_grid_07_of_10,394.93601040435226,3989939.5178635977,3989939.5180361955,4.3258255176338586e-09,1.9110108179790394e-07,5.482056053551787e-08,-2.7210475650463195e-06,3.1592279749243896e-08,2.2269336154714782e-07,,idle=27.470; screen_margin=284.843
ch,ch-af-apac-eu-row-us/pf100_k100_a040,us,2040,screen_grid_08_of_10,439.02183229077235,3989939.5178635977,3989939.5178866093,5.767401669087966e-10,2.677263983513521e-08,9.464699246564123e-09,-3.3496689866296947e-07,3.1592279749243896e-08,5.8364919584379105e-08,,idle=27.470; screen_margin=284.843
ch,ch-af-apac-eu-row-us/pf100_k100_a040,us,2040,screen_grid_09_of_10,483.1076541771925,3989939.5178635977,3989939.517868546,1.2401483322688294e-10,5.784006033240176e-09,2.1366730607041973e-09,-6.454797585320193e-08,3.1592279749243896e-08,3.737628578248407e-08,,idle=27.470; screen_margin=284.843
ch,ch-af-apac-eu-row-us/pf100_k100_a040,us,2040,screen_grid_10_of_10,527.1934760636126,3989939.5178635977,3989939.5178635977,0.0,0.0,0.0,0.0,3.1592279749243896e-08,3.1592279749243896e-08,,idle=27.470; screen_margin=284.843
ch,ch-af-apac-eu-row-us/pf100_k100_a040,af,2040,screen_undercut_eps_1,370.31442862276333,3989939.5178635977,3991410.9492856725,0.03687853952389396,1.3947102174007528,1.7617168168726494e-08,-0.9986069463278113,3.1592279749243896e-08,1.3947102489930325,,idle=27.470; screen_margin=284.979
ch,ch-af-apac-eu-row-us/pf100_k100_a040,af,2040,screen_undercut_eps_5,366.31442862276333,3989939.5178635977,3991390.22370711,0.03635909359070212,1.3947104434467261,3.123359704204631e-08,-4.998607813764124,3.1592279749243896e-08,1.3947104750390058,,idle=27.470; screen_margin=284.979
ch,ch-af-apac-eu-row-us/pf100_k100_a040,af,2040,screen_undercut_eps_20,351.31442862276333,3989939.5178635977,3991312.502055588,0.034411152997266936,1.3947105588785176,1.8415903468849137e-08,-19.998605951144782,3.1592279749243896e-08,1.3947105904707973,,idle=27.470; screen_margin=284.979
ch,ch-af-apac-eu-row-us/pf100_k100_a040,af,2040,screen_grid_00_of_10,86.33525719941149,3989939.5178635977,3992452.495897451,0.06298286033164724,27.999999959356018,24.60102714609569,-260.34961452258773,3.1592279749243896e-08,27.999999990948297,,idle=27.470; screen_margin=284.979
ch,ch-af-apac-eu-row-us/pf100_k100_a040,af,2040,screen_grid_01_of_10,122.55114086668424,3989939.5178635977,3996219.7467395617,0.15740160591022392,27.99999994720451,24.601026614371335,-224.1337313978621,3.1592279749243896e-08,27.99999997879679,,idle=27.470; screen_margin=284.979
ch,ch-af-apac-eu-row-us/pf100_k100_a040,af,2040,screen_grid_02_of_10,158.767024533957,3989939.5178635977,3999986.9975774735,0.25182035138356423,27.999999921735764,24.601026123234092,-187.91784823379206,3.1592279749243896e-08,27.999999953328043,,idle=27.470; screen_margin=284.979
ch,ch-af-apac-eu-row-us/pf100_k100_a040,af,2040,screen_grid_03_of_10,194.98290820122975,3989939.5178635977,4003754.2484192573,0.34623909695394794,27.999999858707614,24.601025889754112,-151.70196481131356,3.1592279749243896e-08,27.999999890299893,,idle=27.470; screen_margin=284.979
ch,ch-af-apac-eu-row-us/pf100_k100_a040,af,2040,screen_grid_04_of_10,231.1987918685025,3989939.5178635977,4006997.000646326,0.4275123145691664,27.47023929295343,22.250794288325736,-117.83737226711895,3.1592279749243896e-08,27.47023932454571,,idle=27.470; screen_margin=284.979
ch,ch-af-apac-eu-row-us/pf100_k100_a040,af,2040,screen_grid_05_of_10,267.41467553577525,3989939.5178635977,3990877.7797558154,0.02351569210553013,1.3947110216214635,8.460678202482086e-08,-103.89836056523774,3.1592279749243896e-08,1.3947110532137432,,idle=27.470; screen_margin=284.979
ch,ch-af-apac-eu-row-us/pf100_k100_a040,af,2040,screen_grid_06_of_10,303.630559203048,3989939.5178635977,3991065.4304375835,0.028218788002797153,1.3947107950628355,2.784986463666428e-07,-67.68248142620394,3.1592279749243896e-08,1.3947108266551151,,idle=27.470; screen_margin=284.979
ch,ch-af-apac-eu-row-us/pf100_k100_a040,af,2040,screen_grid_07_of_10,339.84644287032074,3989939.5178635977,3991253.0813149023,0.03292188880115932,1.3947106380751024,2.4412827315245522e-09,-31.46659129288082,3.1592279749243896e-08,1.394710669667382,,idle=27.470; screen_margin=284.979
ch,ch-af-apac-eu-row-us/pf100_k100_a040,af,2040,screen_grid_08_of_10,376.0623265375935,3989939.5178635977,3989939.5181016144,5.965421589599968e-09,2.654889408747269e-07,7.987266315012675e-08,-5.81954463996226e-06,3.1592279749243896e-08,2.970812206239708e-07,,idle=27.470; screen_margin=284.979
ch,ch-af-apac-eu-row-us/pf100_k100_a040,af,2040,screen_grid_09_of_10,412.27821020486624,3989939.5178635977,3989939.517886287,5.686639138885631e-10,2.5622505946277278e-08,9.678927881395794e-09,-4.4755802264262456e-07,3.1592279749243896e-08,5.7214785695521174e-08,,idle=27.470; screen_margin=284.979
ch,ch-af-apac-eu-row-us/pf100_k100_a040,af,2040,screen_grid_10_of_10,448.494093872139,3989939.5178635977,3989939.5178635977,0.0,0.0,0.0,0.0,3.1592279749243896e-08,3.1592279749243896e-08,,idle=27.470; screen_margin=284.979
ch,ch-af-apac-eu-row-us/pf100_k100_a040,row,2040,screen_undercut_eps_1,288.3279208485948,3989939.5178635977,3990986.1403121813,0.026231536691162936,1.394710354553603,4.2717971382444375e-09,-0.9986064136829214,3.1592279749243896e-08,1.3947103861458827,,idle=27.470; screen_margin=202.993
ch,ch-af-apac-eu-row-us/pf100_k100_a040,row,2040,screen_undercut_eps_5,284.3279208485948,3989939.5178635977,3990965.4146452146,0.025712088542288427,1.3947105454843827,7.786454148117627e-09,-4.998606418886709,3.1592279749243896e-08,1.3947105770766624,,idle=27.470; screen_margin=202.993
ch,ch-af-apac-eu-row-us/pf100_k100_a040,row,2040,screen_undercut_eps_20,269.3279208485948,3989939.5178635977,3990887.692899528,0.023764145588801716,1.3947106015591506,4.46756587280106e-09,-19.998605593799027,3.1592279749243896e-08,1.3947106331514303,,idle=27.470; screen_margin=202.993
ch,ch-af-apac-eu-row-us/pf100_k100_a040,row,2040,screen_grid_00_of_10,86.33525719941149,3989939.5178635977,3992433.913205613,0.06251712164676654,88.999999922472,24.662028234462085,-178.18010565330397,3.1592279749243896e-08,88.99999995406428,,idle=27.470; screen_margin=202.993
ch,ch-af-apac-eu-row-us/pf100_k100_a040,row,2040,screen_grid_01_of_10,109.85172818626775,3989939.5178635977,4000209.4357265853,0.25739532684662375,88.99999987448543,24.662028286416543,-154.66363462196827,3.1592279749243896e-08,88.9999999060777,,idle=27.470; screen_margin=202.993
ch,ch-af-apac-eu-row-us/pf100_k100_a040,row,2040,screen_grid_02_of_10,133.36819917312403,3989939.5178635977,4007984.9582315474,0.45227353164521256,88.99999976833804,24.662028302296576,-131.14716361665992,3.1592279749243896e-08,88.99999979993032,,idle=27.470; screen_margin=202.993
ch,ch-af-apac-eu-row-us/pf100_k100_a040,row,2040,screen_grid_03_of_10,156.88467015998026,3989939.5178635977,3998747.0338917556,0.22074309619795593,27.47023933844879,15.725656098299766,-116.69012440290206,3.1592279749243896e-08,27.470239370041067,,idle=27.470; screen_margin=202.993
ch,ch-af-apac-eu-row-us/pf100_k100_a040,row,2040,screen_grid_04_of_10,180.40114114683655,3989939.5178635977,3990426.9232138894,0.01221585811287224,1.3947112636723402,9.625462382700789e-08,-108.9253869206255,3.1592279749243896e-08,1.39471129526462,,idle=27.470; screen_margin=202.993
ch,ch-af-apac-eu-row-us/pf100_k100_a040,row,2040,screen_grid_05_of_10,203.91761213369278,3989939.5178635977,3990548.7726314617,0.015269774520046736,1.3947110685336133,3.5143246179814014e-07,-85.40892197236698,3.1592279749243896e-08,1.394711100125893,,idle=27.470; screen_margin=202.993
ch,ch-af-apac-eu-row-us/pf100_k100_a040,row,2040,screen_grid_06_of_10,227.43408312054908,3989939.5178635977,3990670.6219828366,0.01832368926811144,1.3947107317114922,3.5068146075900586e-07,-61.892450953226756,3.1592279749243896e-08,1.3947107633037719,,idle=27.470; screen_margin=202.993
ch,ch-af-apac-eu-row-us/pf100_k100_a040,row,2040,screen_grid_07_of_10,250.9505541074053,3989939.5178635977,3990792.471488609,0.021377607885845085,1.3947106760025099,-1.1527262699928542e-08,-38.37597213455501,3.1592279749243896e-08,1.3947107075947895,,idle=27.470; screen_margin=202.993
ch,ch-af-apac-eu-row-us/pf100_k100_a040,row,2040,screen_grid_08_of_10,274.4670250942616,3989939.5178635977,3990914.3208762426,0.024431523542663317,1.3947105328940685,1.5038750689200242e-08,-14.85950164467232,3.1592279749243896e-08,1.3947105644863482,,idle=27.470; screen_margin=202.993
ch,ch-af-apac-eu-row-us/pf100_k100_a040,row,2040,screen_grid_09_of_10,297.98349608111783,3989939.5178635977,3989939.5180979646,5.8739451861713675e-09,3.032663986001604e-07,7.141818514355691e-08,-3.809019574418926e-06,3.1592279749243896e-08,3.3485867834940426e-07,,idle=27.470; screen_margin=202.993
ch,ch-af-apac-eu-row-us/pf100_k100_a040,row,2040,screen_grid_10_of_10,321.4999670679741,3989939.5178635977,3989939.5178635977,0.0,0.0,0.0,0.0,3.1592279749243896e-08,3.1592279749243896e-08,,idle=27.470; screen_margin=202.993
eu,ch-af-apac-eu-row-us/pf100_k100_a040,af,2030,screen_undercut_eps_1,297.09725168515126,1833016.8068068686,1836645.3250093267,0.19795335149048376,8.017623376927109,-0.008018064013413095,-0.9919825116988363,4.505271619196052e-07,8.01762382745427,,idle=25.132; screen_margin=100.848
eu,ch-af-apac-eu-row-us/pf100_k100_a040,af,2030,screen_undercut_eps_5,293.09725168515126,1833016.8068068686,1836500.0894433812,0.19003004356410924,8.017624602857016,-0.008018313721834147,-4.991982516229314,4.505271619196052e-07,8.017625053384178,,idle=25.132; screen_margin=100.848
eu,ch-af-apac-eu-row-us/pf100_k100_a040,af,2030,screen_undercut_eps_20,278.09725168515126,1833016.8068068686,1835985.6204719248,0.161963253911885,8.099999583491874,-0.008020651999288475,-19.9919005202662,4.505271619196052e-07,8.100000034019036,,idle=25.132; screen_margin=100.848
eu,ch-af-apac-eu-row-us/pf100_k100_a040,af,2030,screen_grid_00_of_10,197.24967143099207,1833016.8068068686,1833020.5511743503,0.0002042734942620477,13.999999548083007,-0.008017660016719219,-100.83358025829685,4.505271619196052e-07,13.99999999861017,,idle=25.132; screen_margin=100.848
eu,ch-af-apac-eu-row-us/pf100_k100_a040,af,2030,screen_grid_01_of_10,209.04955094786928,1833016.8068068686,1833768.6771770602,0.041018192926516955,13.9999995372311,-0.008017643948079467,-89.03370073992957,4.505271619196052e-07,13.999999987758262,,idle=25.132; screen_margin=100.848
eu,ch-af-apac-eu-row-us/pf100_k100_a040,af,2030,screen_grid_02_of_10,220.8494304647465,1833016.8068068686,1833885.64936038,0.04739959558934941,8.099999654822925,-0.008017669864585741,-77.23972128282284,4.505271619196052e-07,8.100000105350087,,idle=25.132; screen_margin=100.848
eu,ch-af-apac-eu-row-us/pf100_k100_a040,af,2030,screen_grid_03_of_10,232.64930998162367,1833016.8068068686,1834318.49418043,0.0710133899878894,8.099999855304391,-0.008018881928393284,-65.4398419003941,4.505271619196052e-07,8.100000305831554,,idle=25.132; screen_margin=100.848
eu,ch-af-apac-eu-row-us/pf100_k100_a040,af,2030,screen_grid_04_of_10,244.44918949850089,1833016.8068068686,1834751.3383471363,0.09462714874334427,8.099999810972552,-0.00801849741156957,-53.63996239341543,4.505271619196052e-07,8.100000261499714,,idle=25.132; screen_margin=100.848
eu,ch-af-apac-eu-row-us/pf100_k100_a040,af,2030,screen_grid_05_of_10,256.2490690153781,1833016.8068068686,1835184.1833655185,0.11824095396186837,8.100000274469485,-0.008020729533825488,-41.8400847699279,4.505271619196052e-07,8.100000724996647,,idle=25.132; screen_margin=100.848
eu,ch-af-apac-eu-row-us/pf100_k100_a040,af,2030,screen_grid_06_of_10,268.0489485322553,1833016.8068068686,1835617.0274919446,0.14185471051984383,8.09999980524326,-0.008019911364414156,-30.040203543858183,4.505271619196052e-07,8.100000255770421,,idle=25.132; screen_margin=100.848
eu,ch-af-apac-eu-row-us/pf100_k100_a040,af,2030,screen_grid_07_of_10,279.8488280491325,1833016.8068068686,1836049.8719187465,0.16546848346478002,8.09999948328842,-0.00802061214184846,-18.240324125960626,4.505271619196052e-07,8.099999933815582,,idle=25.132; screen_margin=100.848
eu,ch-af-apac-eu-row-us/pf100_k100_a040,af,2030,screen_grid_08_of_10,291.6487075660097,1833016.8068068686,1836447.493806198,0.18716069523146667,8.017624259669883,-0.008017530128512362,-6.44052650231157,4.505271619196052e-07,8.017624710197046,,idle=25.132; screen_margin=100.848
eu,ch-af-apac-eu-row-us/pf100_k100_a040,af,2030,screen_grid_09_of_10,303.44858708288695,1833016.8068068686,1833016.807021357,1.1701379100852774e-08,5.023379695722542e-07,-2.7971282179350965e-08,-8.564967401980539e-08,4.505271619196052e-07,9.528651314918594e-07,,idle=25.132; screen_margin=100.848
eu,ch-af-apac-eu-row-us/pf100_k100_a040,af,2030,screen_grid_10_of_10,315.24846659976413,1833016.8068068686,1833016.8068068686,0.0,0.0,0.0,0.0,4.505271619196052e-07,4.505271619196052e-07,,idle=25.132; screen_margin=100.848
apac,ch-af-apac-eu-row-us/pf100_k100_a040,eu,2035,screen_undercut_eps_1,624.143433378016,1168081.4348924342,1168597.8203045288,0.04420799754789371,-4.162493037362935e-06,3.982918883593811e-09,-0.9993792220329851,5.341238332189393,5.341234169696356,,idle=71.283; screen_margin=515.231
apac,ch-af-apac-eu-row-us/pf100_k100_a040,eu,2035,screen_undercut_eps_5,620.143433378016,1168081.4348924342,1168587.6316848977,0.04333574503820049,-8.594036238207536e-07,2.083680783471209e-09,-4.999379830228008,5.341238332189393,5.341237472785769,,idle=71.283; screen_margin=515.231
apac,ch-af-apac-eu-row-us/pf100_k100_a040,eu,2035,screen_undercut_eps_20,605.143433378016,1168081.4348924342,1168549.4067043,0.04006328650442222,-4.4772995799746695e-07,1.3828866940457374e-09,-19.999379278029892,5.341238332189393,5.341237884459435,,idle=71.283; screen_margin=515.231
apac,ch-af-apac-eu-row-us/pf100_k100_a040,eu,2035,screen_grid_00_of_10,109.9122079504653,1168081.4348924342,1186554.3260716987,1.5814728860035043,71.28289786384761,72.5296022097663,-442.6249991007942,5.341238332189393,76.624136196037,,idle=71.283; screen_margin=515.231
apac,ch-af-apac-eu-row-us/pf100_k100_a040,eu,2035,screen_grid_01_of_10,164.46326339952037,1168081.4348924342,1186554.3261540844,1.5814728930565851,71.28289725790623,17.978546781972582,-442.6249990614674,5.341238332189393,76.62413559009562,,idle=71.283; screen_margin=515.231
apac,ch-af-apac-eu-row-us/pf100_k100_a040,eu,2035,screen_grid_02_of_10,219.01431884857544,1168081.4348924342,1189965.6066219946,1.8735142153488413,53.24262937735359,2.8039323751727352e-08,-406.0705306357707,5.341238332189393,58.58386770954298,,idle=71.283; screen_margin=515.231
apac,ch-af-apac-eu-row-us/pf100_k100_a040,eu,2035,screen_grid_03_of_10,273.5653742976305,1168081.4348924342,1189640.7699255033,1.8457047932667878,33.24262970609031,6.938930141586752e-08,-351.5394752219908,5.341238332189393,38.583868038279704,,idle=71.283; screen_margin=515.231
apac,ch-af-apac-eu-row-us/pf100_k100_a040,eu,2035,screen_grid_04_of_10,328.1164297466856,1168081.4348924342,1198274.0771490391,2.5848062776021554,33.242629416027874,2.1648830283993448e-08,-296.988419772425,5.341238332189393,38.583867748217266,,idle=71.283; screen_margin=515.231
apac,ch-af-apac-eu-row-us/pf100_k100_a040,eu,2035,screen_grid_05_of_10,382.66748519574065,1168081.4348924342,1206907.3839031155,3.323907721746879,33.24262887772853,1.1392366161544487e-07,-242.43736422075642,5.341238332189393,38.58386720991792,,idle=71.283; screen_margin=515.231
apac,ch-af-apac-eu-row-us/pf100_k100_a040,eu,2035,screen_grid_06_of_10,437.2185406447957,1168081.4348924342,1191421.0986030074,1.9981195671278276,15.280048566074855,1.26248664855666e-08,-187.90427145779574,5.341238332189393,20.62128689826425,,idle=71.283; screen_margin=515.231
apac,ch-af-apac-eu-row-us/pf100_k100_a040,eu,2035,screen_grid_07_of_10,491.7695960938508,1168081.4348924342,1172100.7357325556,0.3440942317940006,9.434615915182576e-07,5.149360049472307e-08,-133.36849706758278,5.341238332189393,5.3412392756509846,,idle=71.283; screen_margin=515.231
apac,ch-af-apac-eu-row-us/pf100_k100_a040,eu,2035,screen_grid_08_of_10,546.3206515429058,1168081.4348924342,1173295.8608785407,0.4464094565963795,6.50771090349167e-07,1.1343075811964809e-08,-78.81744116082996,5.341238332189393,5.341238982960483,,idle=71.283; screen_margin=515.231
apac,ch-af-apac-eu-row-us/pf100_k100_a040,eu,2035,screen_grid_09_of_10,600.871706991961,1168081.4348924342,1168538.5208128104,0.03913134022358034,-4.566112110637732e-07,1.4543530824084883e-09,-24.271105699625423,5.341238332189393,5.341237875578182,,idle=71.283; screen_margin=515.231
apac,ch-af-apac-eu-row-us/pf100_k100_a040,eu,2035,screen_grid_10_of_10,655.422762441016,1168081.4348924342,1168081.4348924342,0.0,0.0,0.0,0.0,5.341238332189393,5.341238332189393,,idle=71.283; screen_margin=515.231
apac,ch-af-apac-eu-row-us/pf100_k100_a040,af,2035,screen_undercut_eps_1,425.73282562786113,1168081.4348924342,1170643.1684863314,0.2193112155860177,-6.138564020652382e-06,3.780480994919344e-08,-0.9952812725701392,5.341238332189393,5.341232193625372,,idle=71.283; screen_margin=316.821
apac,ch-af-apac-eu-row-us/pf100_k100_a040,af,2035,screen_undercut_eps_5,421.73282562786113,1168081.4348924342,1170565.7431621016,0.21268279723118905,6.404481016630825e-07,-6.494360604847316e-11,-4.995280129567675,5.341238332189393,5.341238972637495,,idle=71.283; screen_margin=316.821
apac,ch-af-apac-eu-row-us/pf100_k100_a040,af,2035,screen_undercut_eps_20,406.73282562786113,1168081.4348924342,1170275.3428458897,0.18782148983111013,6.134921148870376e-07,2.8733381896017818e-08,-19.995284420527923,5.341238332189393,5.341238945681508,,idle=71.283; screen_margin=316.821
apac,ch-af-apac-eu-row-us/pf100_k100_a040,af,2035,screen_grid_00_of_10,109.9122079504653,1168081.4348924342,1164530.438230579,-0.30400249124601003,15.280048671822092,6.1325380329435575e-09,-316.80061772449284,5.341238332189393,20.621287004011485,,idle=71.283; screen_margin=316.821
apac,ch-af-apac-eu-row-us/pf100_k100_a040,af,2035,screen_grid_01_of_10,157.2673442698843,1168081.4348924342,1168415.2088041604,0.028574541273907995,15.28004871071642,8.218137281801319e-10,-269.44548136557864,5.341238332189393,20.621287042905813,,idle=71.283; screen_margin=316.821
apac,ch-af-apac-eu-row-us/pf100_k100_a040,af,2035,screen_grid_02_of_10,204.6224805893033,1168081.4348924342,1172299.9793569418,0.36115157201313464,15.280048707712597,6.723581691403524e-10,-222.09034504494414,5.341238332189393,20.62128703990199,,idle=71.283; screen_margin=316.821
apac,ch-af-apac-eu-row-us/pf100_k100_a040,af,2035,screen_grid_03_of_10,251.97761690872233,1168081.4348924342,1176184.7499129514,0.6937286030287287,15.280048706373927,3.9899816783872666e-10,-174.73520872395522,5.341238332189393,20.62128703856332,,idle=71.283; screen_margin=316.821
apac,ch-af-apac-eu-row-us/pf100_k100_a040,af,2035,screen_grid_04_of_10,299.3327532281413,1168081.4348924342,1180069.519579285,1.0263055578787492,15.280047699156073,5.656544033172395e-08,-127.38007270518978,5.341238332189393,20.621286031345466,,idle=71.283; screen_margin=316.821
apac,ch-af-apac-eu-row-us/pf100_k100_a040,af,2035,screen_grid_05_of_10,346.6878895475603,1168081.4348924342,1169112.8715277,0.08830177455571048,6.521265101255835e-07,-1.8918910882348428e-10,-80.04021616496692,5.341238332189393,5.341238984315903,,idle=71.283; screen_margin=316.821
apac,ch-af-apac-eu-row-us/pf100_k100_a040,af,2035,screen_grid_06_of_10,394.04302586697935,1168081.4348924342,1170029.667998657,0.1667891508268294,6.150606228771949e-07,4.891958838015853e-09,-32.68508035765234,5.341238332189393,5.341238947250016,,idle=71.283; screen_margin=316.821
apac,ch-af-apac-eu-row-us/pf100_k100_a040,af,2035,screen_grid_07_of_10,441.39816218639834,1168081.4348924342,1168081.4347214147,-1.4641056501708724e-08,-2.311970490609383e-07,6.534719432238489e-10,-7.366247700701933e-08,5.341238332189393,5.341238100992344,,idle=71.283; screen_margin=316.821
apac,ch-af-apac-eu-row-us/pf100_k100_a040,af,2035,screen_grid_08_of_10,488.7532985058173,1168081.4348924342,1168081.4346575644,-2.010731164926175e-08,-3.182486807418172e-07,7.36136485102179e-10,-6.059252655177261e-08,5.341238332189393,5.341238013940712,,idle=71.283; screen_margin=316.821
apac,ch-af-apac-eu-row-us/pf100_k100_a040,af,2035,screen_grid_09_of_10,536.1084348252364,1168081.4348924342,1168081.4347669303,-1.074444488654346e-08,-1.6934720470374032e-07,3.1026559099700535e-10,-2.1679113615391543e-08,5.341238332189393,5.341238162842188,,idle=71.283; screen_margin=316.821
apac,ch-af-apac-eu-row-us/pf100_k100_a040,af,2035,screen_grid_10_of_10,583.4635711446554,1168081.4348924342,1168081.4348924342,0.0,0.0,0.0,0.0,5.341238332189393,5.341238332189393,,idle=71.283; screen_margin=316.821
apac,ch-af-apac-eu-row-us/pf100_k100_a040,row,2035,screen_undercut_eps_1,420.5073704732965,1168081.4348924342,1168078.8880997817,-0.00021803211457534043,-2.173418245376979e-08,3.221600763936294e-11,-0.9993790080839631,5.341238332189393,5.341238310455211,,idle=71.283; screen_margin=311.595
apac,ch-af-apac-eu-row-us/pf100_k100_a040,row,2035,screen_undercut_eps_5,416.5073704732965,1168081.4348924342,1168068.694603348,-0.001090702129635025,-1.0283990459214465e-07,1.7359980120090768e-10,-4.999379102766795,5.341238332189393,5.341238229349488,,idle=71.283; screen_margin=311.595
apac,ch-af-apac-eu-row-us/pf100_k100_a040,row,2035,screen_undercut_eps_20,401.5073704732965,1168081.4348924342,1168030.4690533304,-0.004363209411721273,-3.259798990740137e-07,8.077023494479363e-10,-19.999379359790396,5.341238332189393,5.341238006209494,,idle=71.283; screen_margin=311.595
apac,ch-af-apac-eu-row-us/pf100_k100_a040,row,2035,screen_grid_00_of_10,109.9122079504653,1168081.4348924342,1188379.606569405,1.7377360062948004,71.28289730850413,78.33718919370855,-233.18134919842032,5.341238332189393,76.62413564069352,,idle=71.283; screen_margin=311.595
apac,ch-af-apac-eu-row-us/pf100_k100_a040,row,2035,screen_grid_01_of_10,141.0716621010826,1168081.4348924342,1188379.6066575216,1.7377360138385056,71.28289720924617,47.17773530126334,-233.18134893574984,5.341238332189393,76.62413554143556,,idle=71.283; screen_margin=311.595
apac,ch-af-apac-eu-row-us/pf100_k100_a040,row,2035,screen_grid_02_of_10,172.23111625169992,1168081.4348924342,1188379.606682333,1.7377360159626183,71.28289719130271,16.01828124633937,-233.18134883960988,5.341238332189393,76.6241355234921,,idle=71.283; screen_margin=311.595
apac,ch-af-apac-eu-row-us/pf100_k100_a040,row,2035,screen_grid_03_of_10,203.39057040231725,1168081.4348924342,1171643.1834018633,0.30492296196430474,15.280048658413824,5.819832438191952e-08,-218.09617898042038,5.341238332189393,20.621286990603217,,idle=71.283; screen_margin=311.595
apac,ch-af-apac-eu-row-us/pf100_k100_a040,row,2035,screen_grid_04_of_10,234.55002455293456,1168081.4348924342,1174278.7494428381,0.5305550080054707,15.280048694230883,2.0824444391109864e-09,-186.93672463326752,5.341238332189393,20.621287026420276,,idle=71.283; screen_margin=311.595
apac,ch-af-apac-eu-row-us/pf100_k100_a040,row,2035,screen_grid_05_of_10,265.7094787035519,1168081.4348924342,1167148.1244515134,-0.07990114499223296,8.508627802328306e-07,9.091678521144786e-09,-155.7925506816129,5.341238332189393,5.341239183052173,,idle=71.283; screen_margin=311.595
apac,ch-af-apac-eu-row-us/pf100_k100_a040,row,2035,screen_grid_06_of_10,296.8689328541692,1168081.4348924342,1167830.7775476428,-0.021458892959327118,6.51163460929638e-07,2.6075497316924157e-10,-124.63309639247694,5.341238332189393,5.341238983352854,,idle=71.283; screen_margin=311.595
apac,ch-af-apac-eu-row-us/pf100_k100_a040,row,2035,screen_grid_07_of_10,328.0283870047865,1168081.4348924342,1168513.430787159,0.03698337134897769,6.987189733465016e-07,8.152312602760503e-09,-93.47364262259055,5.341238332189393,5.341239030908366,,idle=71.283; screen_margin=311.595
apac,ch-af-apac-eu-row-us/pf100_k100_a040,row,2035,screen_grid_08_of_10,359.1878411554038,1168081.4348924342,1169196.0838884301,0.09542562382207817,5.723095819476498e-07,5.731095598093816e-10,-62.31418811662661,5.341238332189393,5.341238904498975,,idle=71.283; screen_margin=311.595
apac,ch-af-apac-eu-row-us/pf100_k100_a040,row,2035,screen_grid_09_of_10,390.3472953060211,1168081.4348924342,1168002.029117412,-0.006797965676899882,-4.0595115269326243e-07,1.2164349527665763e-09,-31.1594545745898,5.341238332189393,5.34123792623824,,idle=71.283; screen_margin=311.595
apac,ch-af-apac-eu-row-us/pf100_k100_a040,row,2035,screen_grid_10_of_10,421.50674945663843,1168081.4348924342,1168081.4348924342,0.0,0.0,0.0,0.0,5.341238332189393,5.341238332189393,,idle=71.283; screen_margin=311.595
apac,ch-af-apac-eu-row-us/pf100_k100_a040,eu,2040,screen_undercut_eps_1,369.57349399502175,1168081.4348924342,1168086.2694489586,0.0004138886536497504,6.722197687381026e-09,1.0090175805999024e-08,-0.9986082944446366,1.3947107204594384,1.3947107271816361,,idle=72.516; screen_margin=271.288
apac,ch-af-apac-eu-row-us/pf100_k100_a040,eu,2040,screen_undercut_eps_5,365.57349399502175,1168081.4348924342,1168065.5437665598,-0.0013604467462342983,1.1451368298054376e-08,1.0983143283738173e-09,-4.998606199858443,1.3947107204594384,1.3947107319108067,,idle=72.516; screen_margin=271.288
apac,ch-af-apac-eu-row-us/pf100_k100_a040,eu,2040,screen_undercut_eps_20,350.57349399502175,1168081.4348924342,1167987.821965482,-0.008014246623198476,2.9086701025526907e-07,2.6160293487009767e-08,-19.998614941424933,1.3947107204594384,1.3947110113264487,,idle=72.516; screen_margin=271.288
apac,ch-af-apac-eu-row-us/pf100_k100_a040,eu,2040,screen_grid_00_of_10,99.28554577932321,1168081.4348924342,1178474.877771691,0.8897875241218862,72.51612911458844,42.860457695775565,-228.35357970997984,1.3947107204594384,73.91083983504788,,idle=72.516; screen_margin=271.288
apac,ch-af-apac-eu-row-us/pf100_k100_a040,eu,2040,screen_grid_01_of_10,126.54389441077603,1168081.4348924342,1178474.8777276604,0.8897875203524056,72.51612878373521,15.602108712762742,-228.35358003437233,1.3947107204594384,73.91083950419466,,idle=72.516; screen_margin=271.288
apac,ch-af-apac-eu-row-us/pf100_k100_a040,eu,2040,screen_grid_02_of_10,153.80224304222884,1168081.4348924342,1174380.4086856102,0.5392581035033794,36.57073286504463,1.1086967788287438e-07,-216.73328551890742,1.3947107204594384,37.96544358550407,,idle=72.516; screen_margin=271.288
apac,ch-af-apac-eu-row-us/pf100_k100_a040,eu,2040,screen_grid_03_of_10,181.06059167368164,1168081.4348924342,1177106.7842839167,0.7726643983784967,32.89306994192491,1.7917270156431186e-07,-189.47861450962947,1.3947107204594384,34.28778066238434,,idle=72.516; screen_margin=271.288
apac,ch-af-apac-eu-row-us/pf100_k100_a040,eu,2040,screen_grid_04_of_10,208.31894030513448,1168081.4348924342,1180578.9968557297,1.069922146690606,32.89306899672623,3.6867319863631565e-08,-162.22026589617235,1.3947107204594384,34.287779717185664,,idle=72.516; screen_margin=271.288
apac,ch-af-apac-eu-row-us/pf100_k100_a040,eu,2040,screen_grid_05_of_10,235.5772889365873,1168081.4348924342,1175389.630289886,0.6256580388271257,15.793068649493419,3.204122833722067e-08,-134.97901724386026,1.3947107204594384,17.187779369952857,,idle=72.516; screen_margin=271.288
apac,ch-af-apac-eu-row-us/pf100_k100_a040,eu,2040,screen_grid_06_of_10,262.8356375680401,1168081.4348924342,1167533.2126142932,-0.04693356659601695,6.568601982337441e-07,3.838763973362802e-09,-107.73646879627177,1.3947107204594384,1.3947113773196367,,idle=72.516; screen_margin=271.288
apac,ch-af-apac-eu-row-us/pf100_k100_a040,eu,2040,screen_grid_07_of_10,290.0939861994929,1168081.4348924342,1167674.4502747448,-0.03484214418037299,2.3032276530443596e-08,-1.572729502186121e-09,-80.47811343267671,1.3947107204594384,1.394710743491715,,idle=72.516; screen_margin=271.288
apac,ch-af-apac-eu-row-us/pf100_k100_a040,eu,2040,screen_grid_08_of_10,317.3523348309457,1168081.4348924342,1167815.688120442,-0.022750705905762145,1.0145674522732406e-08,-1.5781296269778977e-09,-53.219764655839015,1.3947107204594384,1.394710730605113,,idle=72.516; screen_margin=271.288
apac,ch-af-apac-eu-row-us/pf100_k100_a040,eu,2040,screen_grid_09_of_10,344.6106834623986,1168081.4348924342,1167956.925941678,-0.010659269725285036,1.676795444716106e-07,1.608789546025946e-08,-25.961420109629103,1.3947107204594384,1.394710888138983,,idle=72.516; screen_margin=271.288
apac,ch-af-apac-eu-row-us/pf100_k100_a040,eu,2040,screen_grid_10_of_10,371.8690320938514,1168081.4348924342,1168081.4348924342,0.0,0.0,0.0,0.0,1.3947107204594384,1.3947107204594384,,idle=72.516; screen_margin=271.288
apac,ch-af-apac-eu-row-us/pf100_k100_a040,us,2040,screen_undercut_eps_1,367.6016113406188,1168081.4348924342,1168076.0523495919,-0.0004608020195780506,-2.3907504864695284e-09,7.69134089750878e-10,-0.9986062683997261,1.3947107204594384,1.394710718068688,,idle=72.516; screen_margin=269.316
apac,ch-af-apac-eu-row-us/pf100_k100_a040,us,2040,screen_undercut_eps_5,363.6016113406188,1168081.4348924342,1168055.3265552395,-0.002235147003861342,6.787763906501709e-09,2.418971689621685e-10,-4.998606122922581,1.3947107204594384,1.3947107272472024,,idle=72.516; screen_margin=269.316
apac,ch-af-apac-eu-row-us/pf100_k100_a040,us,2040,screen_undercut_eps_20,348.6016113406188,1168081.4348924342,1167977.604773091,-0.0088889452602937,1.3210204041769202e-09,-1.2241798685863614e-09,-19.998605405338935,1.3947107204594384,1.3947107217804589,,idle=72.516; screen_margin=269.316
apac,ch-af-apac-eu-row-us/pf100_k100_a040,us,2040,screen_grid_00_of_10,99.28554577932321,1168081.4348924342,1183094.383496645,1.2852655778741362,72.51612882297442,59.684096696876836,-209.5580580247928,1.3947107204594384,73.91083954343387,,idle=72.516; screen_margin=269.316
apac,ch-af-apac-eu-row-us/pf100_k100_a040,us,2040,screen_grid_01_of_10,127.78316040425607,1168081.4348924342,1183094.3765068187,1.2852649794718325,72.51612885931054,31.18645708869046,-209.55808306442705,1.3947107204594384,73.91083957976998,,idle=72.516; screen_margin=269.316
apac,ch-af-apac-eu-row-us/pf100_k100_a040,us,2040,screen_grid_02_of_10,156.28077502918893,1168081.4348924342,1183094.383074212,1.2852655417094472,72.51612683419168,2.688867609928664,-209.5580578657704,1.3947107204594384,73.91083755465112,,idle=72.516; screen_margin=269.316
apac,ch-af-apac-eu-row-us/pf100_k100_a040,us,2040,screen_grid_03_of_10,184.77838965412178,1168081.4348924342,1177580.363248511,0.8132077158602865,32.89306927800568,9.389111710333964e-09,-183.7889341524533,1.3947107204594384,34.28777999846512,,idle=72.516; screen_margin=269.316
apac,ch-af-apac-eu-row-us/pf100_k100_a040,us,2040,screen_grid_04_of_10,213.27600427905463,1168081.4348924342,1181210.4356697996,1.123979919993714,32.893068792110746,2.6032580535684247e-09,-155.291319284012,1.3947107204594384,34.28777951257018,,idle=72.516; screen_margin=269.316
apac,ch-af-apac-eu-row-us/pf100_k100_a040,us,2040,screen_grid_05_of_10,241.77361890398748,1168081.4348924342,1175785.289889359,0.6595306428814344,15.793068591341376,2.6536355335338158e-09,-126.81080465551662,1.3947107204594384,17.187779311800814,,idle=72.516; screen_margin=269.316
apac,ch-af-apac-eu-row-us/pf100_k100_a040,us,2040,screen_grid_06_of_10,270.27123352892033,1168081.4348924342,1167571.7396620132,-0.04363524795408193,1.7771309646086308e-07,7.982393412930833e-09,-98.32898468677553,1.3947107204594384,1.394710898172535,,idle=72.516; screen_margin=269.316
apac,ch-af-apac-eu-row-us/pf100_k100_a040,us,2040,screen_grid_07_of_10,298.7688481538532,1168081.4348924342,1167719.3986989441,-0.030994088483511206,2.313804776665762e-07,1.7423587905796012e-08,-69.8313712110583,1.3947107204594384,1.3947109518399161,,idle=72.516; screen_margin=269.316
apac,ch-af-apac-eu-row-us/pf100_k100_a040,us,2040,screen_grid_08_of_10,327.26646277878604,1168081.4348924342,1167867.0577109815,-0.018352931144089323,3.408300666141173e-07,3.240977264340472e-08,-41.33375883790609,1.3947107204594384,1.394711061289505,,idle=72.516; screen_margin=269.316
apac,ch-af-apac-eu-row-us/pf100_k100_a040,us,2040,screen_grid_09_of_10,355.7640774037189,1168081.4348924342,1168014.7167394399,-0.005711772398851105,1.2381160319208107e-08,1.2684324701695004e-09,-12.836139695404711,1.3947107204594384,1.3947107328405988,,idle=72.516; screen_margin=269.316
apac,ch-af-apac-eu-row-us/pf100_k100_a040,us,2040,screen_grid_10_of_10,384.26169202865174,1168081.4348924342,1168081.4348924342,0.0,0.0,0.0,0.0,1.3947107204594384,1.3947107204594384,,idle=72.516; screen_margin=269.316
apac,ch-af-apac-eu-row-us/pf100_k100_a040,row,2040,screen_undercut_eps_1,284.0419584416427,1168081.4348924342,1167643.0920481666,-0.037526736678934934,9.925782418207518e-10,1.619156364540686e-09,-0.9986065746662689,1.3947107204594384,1.3947107214520167,,idle=72.516; screen_margin=185.756
apac,ch-af-apac-eu-row-us/pf100_k100_a040,row,2040,screen_undercut_eps_5,280.0419584416427,1168081.4348924342,1167622.366180919,-0.039301087903800554,1.0193547561598848e-08,9.421512459084624e-10,-4.998606423581009,1.3947107204594384,1.394710730652986,,idle=72.516; screen_margin=185.756
apac,ch-af-apac-eu-row-us/pf100_k100_a040,row,2040,screen_undercut_eps_20,265.0419584416427,1168081.4348924342,1167544.6443724246,-0.045954888415722185,-3.365783207698314e-10,-1.218239731315407e-09,-19.99860538538303,1.3947107204594384,1.3947107201228601,,idle=72.516; screen_margin=185.756
apac,ch-af-apac-eu-row-us/pf100_k100_a040,row,2040,screen_grid_00_of_10,99.28554577932321,1168081.4348924342,1185637.5385477403,1.502986275689148,72.51612882988047,68.9459367416719,-116.73656508503674,1.3947107204594384,73.91083955033992,,idle=72.516; screen_margin=185.756
apac,ch-af-apac-eu-row-us/pf100_k100_a040,row,2040,screen_grid_01_of_10,121.10934897038211,1168081.4348924342,1185637.538553984,1.5029862762236643,72.51612880784711,47.122133560922364,-116.73656507239696,1.3947107204594384,73.91083952830655,,idle=72.516; screen_margin=185.756
apac,ch-af-apac-eu-row-us/pf100_k100_a040,row,2040,screen_grid_02_of_10,142.933152161441,1168081.4348924342,1185637.5385388944,1.5029862749318434,72.51612879292158,25.298330339783675,-116.7365651049436,1.3947107204594384,73.91083951338102,,idle=72.516; screen_margin=185.756
apac,ch-af-apac-eu-row-us/pf100_k100_a040,row,2040,screen_grid_03_of_10,164.75695535249992,1168081.4348924342,1185637.5384402978,1.5029862664909457,72.51612846959183,3.474527112152657,-116.7365651432894,1.3947107204594384,73.91083919005128,,idle=72.516; screen_margin=185.756
apac,ch-af-apac-eu-row-us/pf100_k100_a040,row,2040,screen_grid_04_of_10,186.5807585435588,1168081.4348924342,1167138.1013738231,-0.08075922537865725,1.5192771174454833e-07,9.075947104975057e-09,-98.4598063046227,1.3947107204594384,1.3947108723871502,,idle=72.516; screen_margin=185.756
apac,ch-af-apac-eu-row-us/pf100_k100_a040,row,2040,screen_grid_05_of_10,208.4045617346177,1168081.4348924342,1167251.1803920371,-0.07107847754411674,1.7829119758339118e-07,1.5769515471220075e-08,-76.6360038176027,1.3947107204594384,1.394710898750636,,idle=72.516; screen_margin=185.756
apac,ch-af-apac-eu-row-us/pf100_k100_a040,row,2040,screen_grid_06_of_10,230.2283649256766,1168081.4348924342,1167364.2594143362,-0.06139772935985629,1.881053590668813e-07,1.9385666405469237e-08,-54.81220131443706,1.3947107204594384,1.3947109085647975,,idle=72.516; screen_margin=185.756
apac,ch-af-apac-eu-row-us/pf100_k100_a040,row,2040,screen_grid_07_of_10,252.05216811673552,1168081.4348924342,1167477.3384609432,-0.051716979094577856,2.2651050568534004e-07,2.363242401770549e-08,-32.98839944110745,1.3947107204594384,1.3947109469699441,,idle=72.516; screen_margin=185.756
apac,ch-af-apac-eu-row-us/pf100_k100_a040,row,2040,screen_grid_08_of_10,273.8759713077944,1168081.4348924342,1167590.4174100216,-0.04203623717876571,8.32640156822606e-09,5.100986300021759e-10,-11.16459294478932,1.3947107204594384,1.39471072878584,,idle=72.516; screen_margin=185.756
apac,ch-af-apac-eu-row-us/pf100_k100_a040,row,2040,screen_grid_09_of_10,295.6997744988533,1168081.4348924342,1168081.4348424042,-4.283087524716946e-09,9.274051748775491e-09,3.6443310591494082e-09,-1.1449836847532424e-06,1.3947107204594384,1.3947107297334902,,idle=72.516; screen_margin=185.756
apac,ch-af-apac-eu-row-us/pf100_k100_a040,row,2040,screen_grid_10_of_10,317.5235776899122,1168081.4348924342,1168081.4348924342,0.0,0.0,0.0,0.0,1.3947107204594384,1.3947107204594384,,idle=72.516; screen_margin=185.756
row,ch-af-apac-eu-row-us/pf100_k100_a040,eu,2025,screen_undercut_eps_1,422.7259692006198,1597766.0619435147,1609964.5596035405,0.7634720720746521,34.60000003132274,-0.8961999766924009,-0.9654000025129221,4.642638085299948e-08,34.60000007774912,,idle=258.400; screen_margin=70.346
row,ch-af-apac-eu-row-us/pf100_k100_a040,eu,2025,screen_undercut_eps_5,418.7259692006198,1597766.0619435147,1610172.5596075547,0.7764902484503114,34.60000001183348,-4.896199982876283,-4.965400007086316,4.642638085299948e-08,34.60000005825986,,idle=258.400; screen_margin=70.346
row,ch-af-apac-eu-row-us/pf100_k100_a040,eu,2025,screen_undercut_eps_20,403.7259692006198,1597766.0619435147,1613469.3181181825,0.9828257433110311,44.60000028758184,-19.876199921468128,-19.95540001033737,4.642638085299948e-08,44.60000033400822,,idle=258.400; screen_margin=70.346
row,ch-af-apac-eu-row-us/pf100_k100_a040,eu,2025,screen_grid_00_of_10,353.38,1597766.0619435147,1611899.0169587587,0.8845446997448867,52.59999934214247,-62.77825388778683,-70.29336925937127,4.642638085299948e-08,52.59999938856885,,idle=258.400; screen_margin=70.346
row,ch-af-apac-eu-row-us/pf100_k100_a040,eu,2025,screen_grid_01_of_10,361.61765900415656,1597766.0619435147,1613677.8075780547,0.9958745534490209,47.600000620471945,-61.981510119325776,-62.0607102040849,4.642638085299948e-08,47.600000666898325,,idle=258.400; screen_margin=70.346
row,ch-af-apac-eu-row-us/pf100_k100_a040,eu,2025,screen_grid_02_of_10,369.8553180083132,1597766.0619435147,1613784.8971029497,1.0025770067959576,47.60000000838546,-53.743851084622236,-53.82305120592861,4.642638085299948e-08,47.60000005481184,,idle=258.400; screen_margin=70.346
row,ch-af-apac-eu-row-us/pf100_k100_a040,eu,2025,screen_grid_03_of_10,378.09297701246976,1597766.0619435147,1613891.9866685933,1.0092794626932442,47.59999994391489,-45.506192097173425,-45.58539220079285,4.642638085299948e-08,47.59999999034127,,idle=258.400; screen_margin=70.346
row,ch-af-apac-eu-row-us/pf100_k100_a040,eu,2025,screen_grid_04_of_10,386.3306360166264,1597766.0619435147,1613999.0760561298,1.0159819074432754,47.59999957401291,-37.26853320396884,-37.34773326883504,4.642638085299948e-08,47.59999962043929,,idle=258.400; screen_margin=70.346
row,ch-af-apac-eu-row-us/pf100_k100_a040,eu,2025,screen_grid_05_of_10,394.56829502078295,1597766.0619435147,1614106.1658184058,1.0226843756472737,47.59999989366733,-29.030874147393433,-29.110074184720133,4.642638085299948e-08,47.59999994009371,,idle=258.400; screen_margin=70.346
row,ch-af-apac-eu-row-us/pf100_k100_a040,eu,2025,screen_grid_06_of_10,402.8059540249395,1597766.0619435147,1613471.1582862823,0.9829409146207542,44.60000094462416,-20.796215049595844,-20.875415192390506,4.642638085299948e-08,44.60000099105054,,idle=258.400; screen_margin=70.346
row,ch-af-apac-eu-row-us/pf100_k100_a040,eu,2025,screen_grid_07_of_10,411.04361302909615,1597766.0619435147,1613454.682536059,0.9819097404948481,44.600001883054745,-12.558553920059524,-12.637756295871213,4.642638085299948e-08,44.600001929481124,,idle=258.400; screen_margin=70.346
row,ch-af-apac-eu-row-us/pf100_k100_a040,eu,2025,screen_grid_08_of_10,419.2812720332527,1597766.0619435147,1610143.6838595802,0.7746829908885021,34.59999999318621,-4.3408971498863025,-4.410097173604925,4.642638085299948e-08,34.60000003961259,,idle=258.400; screen_margin=70.346
row,ch-af-apac-eu-row-us/pf100_k100_a040,eu,2025,screen_grid_09_of_10,427.5189310374093,1597766.0619435147,1597766.0622929248,2.1868665219960905e-08,4.159836047720862e-06,-2.2925797793504898e-07,3.0939520456740865e-07,4.642638085299948e-08,4.206262428573861e-06,,idle=258.400; screen_margin=70.346
row,ch-af-apac-eu-row-us/pf100_k100_a040,eu,2025,screen_grid_10_of_10,435.7565900415659,1597766.0619435147,1597766.0619435147,0.0,0.0,0.0,0.0,4.642638085299948e-08,4.642638085299948e-08,,idle=258.400; screen_margin=70.346
row,ch-af-apac-eu-row-us/pf100_k100_a040,us,2025,screen_undercut_eps_1,410.95719597912466,1597766.0619435147,1598629.76487883,0.054056908322648874,3.0000000588433506,-2.142996891052462e-11,-0.9970000731477171,4.642638085299948e-08,3.0000001052697316,,idle=258.400; screen_margin=58.577
row,ch-af-apac-eu-row-us/pf100_k100_a040,us,2025,screen_undercut_eps_5,406.95719597912466,1597766.0619435147,1598569.7648796462,0.050301665260926054,3.0000000066792345,2.0303332348703407e-09,-4.997000022049576,4.642638085299948e-08,3.0000000531056155,,idle=258.400; screen_margin=58.577
row,ch-af-apac-eu-row-us/pf100_k100_a040,us,2025,screen_undercut_eps_20,391.95719597912466,1597766.0619435147,1606089.0361346714,0.5209131918243811,37.60000103996273,-4.752792172381987,-19.962400017461277,4.642638085299948e-08,37.600001086389106,,idle=258.400; screen_margin=58.577
row,ch-af-apac-eu-row-us/pf100_k100_a040,us,2025,screen_grid_00_of_10,353.38,1597766.0619435147,1599114.8428143351,0.08441666793070728,45.00000004303353,-5.976185221742071,-58.53219599142062,4.642638085299948e-08,45.00000008945991,,idle=258.400; screen_margin=58.577
row,ch-af-apac-eu-row-us/pf100_k100_a040,us,2025,screen_grid_01_of_10,369.645779615959,1597766.0619435147,1602774.6431802036,0.3134740032340199,45.00000165484878,-5.976185124532606,-42.2664163942693,4.642638085299948e-08,45.00000170127516,,idle=258.400; screen_margin=58.577
row,ch-af-apac-eu-row-us/pf100_k100_a040,us,2025,screen_grid_02_of_10,385.91155923191803,1597766.0619435147,1606434.4437410296,0.5425313507392114,45.00000037503316,-5.976185901123301,-26.000636781022536,4.642638085299948e-08,45.00000042145954,,idle=258.400; screen_margin=58.577
row,ch-af-apac-eu-row-us/pf100_k100_a040,us,2025,screen_grid_03_of_10,402.177338847877,1597766.0619435147,1598498.0670262768,0.045814284093110245,3.000000001704679,-4.501998773775995e-11,-9.776857174578083,4.642638085299948e-08,3.00000004813106,,idle=258.400; screen_margin=58.577
row,ch-af-apac-eu-row-us/pf100_k100_a040,us,2025,screen_grid_04_of_10,418.4431184638361,1597766.0619435147,1597766.0619469814,2.1696639676685153e-10,3.414862648651485e-08,1.9056756173085887e-09,2.452793523843866e-10,4.642638085299948e-08,8.057500733951433e-08,,idle=258.400; screen_margin=58.577
row,ch-af-apac-eu-row-us/pf100_k100_a040,us,2025,screen_grid_05_of_10,434.70889807979506,1597766.0619435147,1597766.0619449704,9.110577692164388e-11,2.964451371362161e-09,3.583409124985337e-10,4.2444980863365345e-09,4.642638085299948e-08,4.939083222436164e-08,,idle=258.400; screen_margin=58.577
row,ch-af-apac-eu-row-us/pf100_k100_a040,us,2025,screen_grid_06_of_10,450.97467769575405,1597766.0619435147,1597766.0619442267,4.456197470031782e-11,2.074103353986754e-09,2.1600499167107046e-11,1.6650574252707884e-09,4.642638085299948e-08,4.850048420698623e-08,,idle=258.400; screen_margin=58.577
row,ch-af-apac-eu-row-us/pf100_k100_a040,us,2025,screen_grid_07_of_10,467.2404573117131,1597766.0619435147,1597766.0619439324,2.6142636563888215e-11,1.782254387003071e-09,-1.5938894648570567e-10,2.1947244022157975e-10,4.642638085299948e-08,4.820863524000255e-08,,idle=258.400; screen_margin=58.577
row,ch-af-apac-eu-row-us/pf100_k100_a040,us,2025,screen_grid_08_of_10,483.5062369276721,1597766.0619435147,1597766.0619437469,1.4528544400332525e-11,1.2429351485437137e-09,-1.752482603478711e-10,-2.411866262264084e-10,4.642638085299948e-08,4.766931600154319e-08,,idle=258.400; screen_margin=58.577
row,ch-af-apac-eu-row-us/pf100_k100_a040,us,2025,screen_grid_09_of_10,499.77201654363114,1597766.0619435147,1597766.061943616,6.338933614989618e-12,6.563629156077741e-10,-1.1800693755503744e-10,-2.56704879575409e-10,4.642638085299948e-08,4.708274376860725e-08,,idle=258.400; screen_margin=58.577
row,ch-af-apac-eu-row-us/pf100_k100_a040,us,2025,screen_grid_10_of_10,516.0377961595901,1597766.0619435147,1597766.0619435147,0.0,0.0,0.0,0.0,4.642638085299948e-08,4.642638085299948e-08,,idle=258.400; screen_margin=58.577
row,ch-af-apac-eu-row-us/pf100_k100_a040,af,2030,screen_undercut_eps_1,294.3972516851513,1597766.0619435147,1599998.195727124,0.13970341696294494,8.017622249475155,4.156134991717408e-09,-0.9919826263651998,3.2451313938003313e-07,8.017622573988294,,idle=46.972; screen_margin=62.468
row,ch-af-apac-eu-row-us/pf100_k100_a040,af,2030,screen_undercut_eps_5,290.3972516851513,1597766.0619435147,1599852.959764308,0.1306134778113157,8.017623565193325,6.909786520736816e-08,-4.991983157077129,3.2451313938003313e-07,8.017623889706465,,idle=46.972; screen_margin=62.468
row,ch-af-apac-eu-row-us/pf100_k100_a040,af,2030,screen_undercut_eps_20,275.3972516851513,1597766.0619435147,1599324.146827905,0.0975164588547455,8.099999391076569,-8.2327862855891e-05,-19.99190062982285,3.2451313938003313e-07,8.099999715589709,,idle=46.972; screen_margin=62.468
row,ch-af-apac-eu-row-us/pf100_k100_a040,af,2030,screen_grid_00_of_10,232.92928618307093,1597766.0619435147,1597766.332950323,1.6961607497214475e-05,8.099999764570752,-8.238721298425844e-05,-62.459865579337986,3.2451313938003313e-07,8.100000089083892,,idle=46.972; screen_margin=62.468
row,ch-af-apac-eu-row-us/pf100_k100_a040,af,2030,screen_grid_01_of_10,240.54149181916952,1597766.0619435147,1598045.5646247696,0.017493341979919717,8.099999738301669,-8.238822047701433e-05,-54.847659936956404,3.2451313938003313e-07,8.100000062814809,,idle=46.972; screen_margin=62.468
row,ch-af-apac-eu-row-us/pf100_k100_a040,af,2030,screen_grid_02_of_10,248.15369745526812,1597766.0619435147,1598324.7962778986,0.034969721018120556,8.09999975102611,-8.237486338202871e-05,-47.23545440146887,3.2451313938003313e-07,8.10000007553925,,idle=46.972; screen_margin=62.468
row,ch-af-apac-eu-row-us/pf100_k100_a040,af,2030,screen_grid_03_of_10,255.76590309136668,1597766.0619435147,1598604.027895404,0.05244609782673629,8.09999989592449,-8.233905953147769e-05,-39.623249095079075,3.2451313938003313e-07,8.10000022043763,,idle=46.972; screen_margin=62.468
row,ch-af-apac-eu-row-us/pf100_k100_a040,af,2030,screen_grid_04_of_10,263.3781087274653,1597766.0619435147,1598883.2595331576,0.06992247590262872,8.099999772852286,-8.233120817635609e-05,-32.01104356393944,3.2451313938003313e-07,8.100000097365426,,idle=46.972; screen_margin=62.468
row,ch-af-apac-eu-row-us/pf100_k100_a040,af,2030,screen_grid_05_of_10,270.99031436356387,1597766.0619435147,1599162.491154993,0.0873988529822448,8.099999570999755,-8.23259044864244e-05,-24.398837999342334,3.2451313938003313e-07,8.099999895512894,,idle=46.972; screen_margin=62.468
row,ch-af-apac-eu-row-us/pf100_k100_a040,af,2030,screen_grid_06_of_10,278.60251999966243,1597766.0619435147,1599441.7228294907,0.10487523335785862,8.099999363105557,-8.23468199087074e-05,-16.786632071225483,3.2451313938003313e-07,8.099999687618697,,idle=46.972; screen_margin=62.468
row,ch-af-apac-eu-row-us/pf100_k100_a040,af,2030,screen_grid_07_of_10,286.21472563576106,1597766.0619435147,1599701.096865157,0.1211087760424948,8.017625765417785,2.989227709804254e-08,-9.174508828220098,3.2451313938003313e-07,8.017626089930925,,idle=46.972; screen_margin=62.468
row,ch-af-apac-eu-row-us/pf100_k100_a040,af,2030,screen_grid_08_of_10,293.8269312718596,1597766.0619435147,1599977.4880535114,0.1384073778176673,8.01762272383049,1.2131323501307634e-08,-1.562303124626908,3.2451313938003313e-07,8.01762304834363,,idle=46.972; screen_margin=62.468
row,ch-af-apac-eu-row-us/pf100_k100_a040,af,2030,screen_grid_09_of_10,301.4391369079582,1597766.0619435147,1597766.0620383096,5.932964990667788e-09,3.788562717935157e-07,3.729155650944449e-09,-9.976025694413693e-08,3.2451313938003313e-07,7.033694111735488e-07,,idle=46.972; screen_margin=62.468
row,ch-af-apac-eu-row-us/pf100_k100_a040,af,2030,screen_grid_10_of_10,309.0513425440568,1597766.0619435147,1597766.0619435147,0.0,0.0,0.0,0.0,3.2451313938003313e-07,3.2451313938003313e-07,,idle=46.972; screen_margin=62.468
ch,eu-us-af-row-apac-ch/pf120_k050_a040,eu,2025,screen_undercut_eps_1,282.1470000200959,3976556.244819898,3985493.3935022354,0.22474593925282266,14.999997821231606,1.2248619896126911e-09,-0.9850000425963685,7.606688593076799e-07,14.999998581900465,,idle=607.000; screen_margin=120.147
ch,eu-us-af-row-apac-ch/pf120_k050_a040,eu,2025,screen_undercut_eps_5,278.1470000200959,3976556.244819898,3988994.4511939883,0.31278839297930017,21.59999579488401,-1.087812506739283e-09,-4.978400122418918,7.606688593076799e-07,21.599996555552867,,idle=607.000; screen_margin=120.147
ch,eu-us-af-row-apac-ch/pf120_k050_a040,eu,2025,screen_undercut_eps_20,263.1470000200959,3976556.244819898,3987374.4528870964,0.27204966813409803,21.599998671360648,-1.394397486365051e-09,-19.978400085442672,7.606688593076799e-07,21.599999432029506,,idle=607.000; screen_margin=120.147
ch,eu-us-af-row-apac-ch/pf120_k050_a040,eu,2025,screen_grid_00_of_10,163.0,3976556.244819898,3976584.3694010032,0.0007072597336379323,74.99999920267408,-2.550507360865595e-09,-120.072000071536,7.606688593076799e-07,74.99999996334293,,idle=607.000; screen_margin=120.147
ch,eu-us-af-row-apac-ch/pf120_k050_a040,eu,2025,screen_grid_01_of_10,175.56219777682603,3976556.244819898,3981295.1935551316,0.11917217922936804,74.9999991753065,-2.352976480324287e-09,-107.50980229292978,7.606688593076799e-07,74.99999993597535,,idle=607.000; screen_margin=120.147
ch,eu-us-af-row-apac-ch/pf120_k050_a040,eu,2025,screen_grid_02_of_10,188.12439555365205,3976556.244819898,3986006.0177062815,0.23763709865019994,74.99999911168216,-2.740335958151263e-09,-94.94760452059012,7.606688593076799e-07,74.99999987235101,,idle=607.000; screen_margin=120.147
ch,eu-us-af-row-apac-ch/pf120_k050_a040,eu,2025,screen_grid_03_of_10,200.68659333047805,3976556.244819898,3990716.841825775,0.3561020172749514,74.99999888845645,-3.949764959543245e-09,-82.38540675762599,7.606688593076799e-07,74.9999996491253,,idle=607.000; screen_margin=120.147
ch,eu-us-af-row-apac-ch/pf120_k050_a040,eu,2025,screen_grid_04_of_10,213.24879110730407,3976556.244819898,3995427.6659903526,0.4745669370334576,74.99999920864072,2.3277664240595186e-09,-69.82320891459091,7.606688593076799e-07,74.99999996930957,,idle=607.000; screen_margin=120.147
ch,eu-us-af-row-apac-ch/pf120_k050_a040,eu,2025,screen_grid_05_of_10,225.8109888841301,3976556.244819898,3983342.1643220354,0.17064814589198823,21.600000331551097,-5.5990767577895895e-09,-57.314411544244734,7.606688593076799e-07,21.600001092219955,,idle=607.000; screen_margin=120.147
ch,eu-us-af-row-apac-ch/pf120_k050_a040,eu,2025,screen_grid_06_of_10,238.37318666095612,3976556.244819898,3984698.8813908594,0.20476603547525082,21.599999497614597,-9.390817012899788e-10,-44.75221347936835,7.606688593076799e-07,21.600000258283455,,idle=607.000; screen_margin=120.147
ch,eu-us-af-row-apac-ch/pf120_k050_a040,eu,2025,screen_grid_07_of_10,250.93538443778215,3976556.244819898,3986055.5986395483,0.2388839295816465,21.599999209506958,7.876508334447863e-10,-32.190015615913524,7.606688593076799e-07,21.599999970175816,,idle=607.000; screen_margin=120.147
ch,eu-us-af-row-apac-ch/pf120_k050_a040,eu,2025,screen_grid_08_of_10,263.49758221460814,3976556.244819898,3987412.3157469593,0.2730018201352719,21.59999863400526,-1.6151773252204293e-09,-19.6278179001651,7.606688593076799e-07,21.599999394674118,,idle=607.000; screen_margin=120.147
ch,eu-us-af-row-apac-ch/pf120_k050_a040,eu,2025,screen_grid_09_of_10,276.0597799914342,3976556.244819898,3988769.033258238,0.30711972084511147,21.599999023718407,1.5644161521777278e-09,-7.065620061510629,7.606688593076799e-07,21.599999784387265,,idle=607.000; screen_margin=120.147
ch,eu-us-af-row-apac-ch/pf120_k050_a040,eu,2025,screen_grid_10_of_10,288.6219777682602,3976556.244819898,3976556.244819898,0.0,0.0,0.0,0.0,7.606688593076799e-07,7.606688593076799e-07,,idle=607.000; screen_margin=120.147
ch,eu-us-af-row-apac-ch/pf120_k050_a040,us,2025,screen_undercut_eps_1,447.37182795963844,3976556.244819898,3980821.865429377,0.10726921353207765,2.9999987468039806,-2.1736923372372985e-10,-0.9970007201126236,7.606688593076799e-07,2.99999950747284,,idle=607.000; screen_margin=285.372
ch,eu-us-af-row-apac-ch/pf120_k050_a040,us,2025,screen_undercut_eps_5,443.37182795963844,3976556.244819898,3980761.8667453565,0.10576040338765003,2.999999652879715,1.375042302242946e-10,-4.997000402656624,7.606688593076799e-07,3.0000004135485745,,idle=607.000; screen_margin=285.372
ch,eu-us-af-row-apac-ch/pf120_k050_a040,us,2025,screen_undercut_eps_20,428.37182795963844,3976556.244819898,3980536.867026621,0.1001022483187117,2.999999820597166,1.7149659470305778e-10,-19.99700034451314,7.606688593076799e-07,3.0000005812660255,,idle=607.000; screen_margin=285.372
ch,eu-us-af-row-apac-ch/pf120_k050_a040,us,2025,screen_grid_00_of_10,163.0,3976556.244819898,3976566.36933545,0.00025460511379067055,44.99999924801926,2.2359643025993137e-09,-285.32682796423603,7.606688593076799e-07,45.00000000868812,,idle=607.000; screen_margin=285.372
ch,eu-us-af-row-apac-ch/pf120_k050_a040,us,2025,screen_grid_01_of_10,194.9516902610107,3976556.244819898,3983755.499648164,0.1810424494220106,44.99999925491071,2.087830353048048e-09,-253.37513770568648,7.606688593076799e-07,45.00000001557957,,idle=607.000; screen_margin=285.372
ch,eu-us-af-row-apac-ch/pf120_k050_a040,us,2025,screen_grid_02_of_10,226.90338052202137,3976556.244819898,3990944.6299554766,0.36183029359440433,44.99999925380357,2.117161557180225e-09,-221.4234474441767,7.606688593076799e-07,45.000000014472434,,idle=607.000; screen_margin=285.372
ch,eu-us-af-row-apac-ch/pf120_k050_a040,us,2025,screen_grid_03_of_10,258.85507078303203,3976556.244819898,3998133.7602596646,0.5426181376882229,44.99999924746066,2.213624838987016e-09,-189.47175718161208,7.606688593076799e-07,45.00000000812952,,idle=607.000; screen_margin=285.372
ch,eu-us-af-row-apac-ch/pf120_k050_a040,us,2025,screen_grid_04_of_10,290.80676104404273,3976556.244819898,4005322.890563597,0.7234059817756124,44.99999924031485,2.351981720494223e-09,-157.5200669183934,7.606688593076799e-07,45.00000000098371,,idle=607.000; screen_margin=285.372
ch,eu-us-af-row-apac-ch/pf120_k050_a040,us,2025,screen_grid_05_of_10,322.7584513050534,3976556.244819898,3978952.666109971,0.06026373431016688,2.9999992561555575,2.358746087338659e-09,-125.61037668944903,7.606688593076799e-07,3.000000016824417,,idle=607.000; screen_margin=285.372
ch,eu-us-af-row-apac-ch/pf120_k050_a040,us,2025,screen_grid_06_of_10,354.7101415660641,3976556.244819898,3979431.9418080505,0.07231626591220472,2.999999822371145,6.091624982218491e-10,-93.65868687736719,7.606688593076799e-07,3.0000005830400043,,idle=607.000; screen_margin=285.372
ch,eu-us-af-row-apac-ch/pf120_k050_a040,us,2025,screen_grid_07_of_10,386.6618318270748,3976556.244819898,3979911.217037718,0.08436878573489417,2.999999636758005,6.713207767461427e-10,-61.706996570678086,7.606688593076799e-07,3.0000003974268643,,idle=607.000; screen_margin=285.372
ch,eu-us-af-row-apac-ch/pf120_k050_a040,us,2025,screen_grid_08_of_10,418.61352208808546,3976556.244819898,3980390.492450442,0.0964213101609899,2.9999997886943586,3.0047431209823117e-10,-29.755306274797704,7.606688593076799e-07,3.000000549363218,,idle=607.000; screen_margin=285.372
ch,eu-us-af-row-apac-ch/pf120_k050_a040,us,2025,screen_grid_09_of_10,450.56521234909616,3976556.244819898,3976556.245565816,1.8757880550549995e-08,5.207803800874661e-07,1.3776002560916822e-10,-3.718662355822744e-08,7.606688593076799e-07,1.281449239395146e-06,,idle=607.000; screen_margin=285.372
ch,eu-us-af-row-apac-ch/pf120_k050_a040,us,2025,screen_grid_10_of_10,482.51690261010685,3976556.244819898,3976556.244819898,0.0,0.0,0.0,0.0,7.606688593076799e-07,7.606688593076799e-07,,idle=607.000; screen_margin=285.372
ch,eu-us-af-row-apac-ch/pf120_k050_a040,apac,2025,screen_undercut_eps_1,241.4255453119361,3976556.244819898,3982439.285182175,0.1479430944788137,14.999999016407623,1.6369483546441188e-09,-0.9850000474992555,7.606688593076799e-07,14.999999777076482,,idle=607.000; screen_margin=79.426
ch,eu-us-af-row-apac-ch/pf120_k050_a040,apac,2025,screen_undercut_eps_5,237.4255453119361,3976556.244819898,3984596.5359815867,0.20219231583011754,21.599999108921697,2.3208599486679304e-09,-4.9784000054546595,7.606688593076799e-07,21.599999869590555,,idle=607.000; screen_margin=79.426
ch,eu-us-af-row-apac-ch/pf120_k050_a040,apac,2025,screen_undercut_eps_20,222.4255453119361,3976556.244819898,3982976.535953855,0.16145354771029435,21.59999868077744,-1.92477500604582e-09,-19.978400116467412,7.606688593076799e-07,21.599999441446297,,idle=607.000; screen_margin=79.426
ch,eu-us-af-row-apac-ch/pf120_k050_a040,apac,2025,screen_grid_00_of_10,163.0,3976556.244819898,3976568.744436502,0.00031433269981068283,49.999999067755944,-4.397776365294703e-09,-79.37554542500467,7.606688593076799e-07,49.999999828424805,,idle=607.000; screen_margin=79.426
ch,eu-us-af-row-apac-ch/pf120_k050_a040,apac,2025,screen_grid_01_of_10,175.27119277214248,3976556.244819898,3979636.5426145433,0.07746144163452405,49.99999872824319,-5.586599627349642e-09,-67.1043526782519,7.606688593076799e-07,49.99999948891205,,idle=607.000; screen_margin=79.426
ch,eu-us-af-row-apac-ch/pf120_k050_a040,apac,2025,screen_grid_02_of_10,187.54238554428494,3976556.244819898,3979209.1549792164,0.06671375924266337,21.600000153318927,-4.899987970929942e-09,-54.861560121470035,7.606688593076799e-07,21.600000913987785,,idle=607.000; screen_margin=79.426
ch,eu-us-af-row-apac-ch/pf120_k050_a040,apac,2025,screen_grid_03_of_10,199.81357831642742,3976556.244819898,3980534.44366638,0.10004130714016637,21.599999477258972,-1.1302176972094458e-09,-42.590367131063346,7.606688593076799e-07,21.60000023792783,,idle=607.000; screen_margin=79.426
ch,eu-us-af-row-apac-ch/pf120_k050_a040,apac,2025,screen_grid_04_of_10,212.08477108856988,3976556.244819898,3981859.732411858,0.1333688565041333,21.59999918658144,8.695337783137802e-10,-30.319174248522444,7.606688593076799e-07,21.599999947250296,,idle=607.000; screen_margin=79.426
ch,eu-us-af-row-apac-ch/pf120_k050_a040,apac,2025,screen_grid_05_of_10,224.35596386071236,3976556.244819898,3983185.021129952,0.16669640517944886,21.599998436168196,-4.058250624439097e-09,-18.047981677014207,7.606688593076799e-07,21.599999196837054,,idle=607.000; screen_margin=79.426
ch,eu-us-af-row-apac-ch/pf120_k050_a040,apac,2025,screen_grid_06_of_10,236.62715663285485,3976556.244819898,3984510.3093817895,0.2000239421296458,21.59999717733384,-2.0375523490656633e-10,-5.776788767098907,7.606688593076799e-07,21.599997938002698,,idle=607.000; screen_margin=79.426
ch,eu-us-af-row-apac-ch/pf120_k050_a040,apac,2025,screen_grid_07_of_10,248.8983494049973,3976556.244819898,3976556.2444473384,-9.368904664091511e-09,-5.780933667639688e-07,1.0048211152025033e-09,8.33866238281189e-08,7.606688593076799e-07,1.8257549254371113e-07,,idle=607.000; screen_margin=79.426
ch,eu-us-af-row-apac-ch/pf120_k050_a040,apac,2025,screen_grid_08_of_10,261.16954217713976,3976556.244819898,3976556.2447429644,-1.9346831576060163e-09,-1.063686727362203e-07,2.979732016683556e-10,-1.1655572507152101e-08,7.606688593076799e-07,6.543001865714596e-07,,idle=607.000; screen_margin=79.426
ch,eu-us-af-row-apac-ch/pf120_k050_a040,apac,2025,screen_grid_09_of_10,273.4407349492823,3976556.244819898,3976556.2448003083,-4.926349205111401e-10,-2.4796704318484142e-08,1.5498358152399305e-10,-1.2373675417620689e-09,7.606688593076799e-07,7.358721549891958e-07,,idle=607.000; screen_margin=79.426
ch,eu-us-af-row-apac-ch/pf120_k050_a040,apac,2025,screen_grid_10_of_10,285.71192772142473,3976556.244819898,3976556.244819898,0.0,0.0,0.0,0.0,7.606688593076799e-07,7.606688593076799e-07,,idle=607.000; screen_margin=79.426
ch,eu-us-af-row-apac-ch/pf120_k050_a040,af,2025,screen_undercut_eps_1,475.30906837048536,3976556.244819898,3986862.657616774,0.25917935425411576,6.599997328950899,-6.118909823271679e-10,-0.9934005720739378,7.606688593076799e-07,6.599998089619758,,idle=607.000; screen_margin=313.309
ch,eu-us-af-row-apac-ch/pf120_k050_a040,af,2025,screen_undercut_eps_5,471.30906837048536,3976556.244819898,3986730.66097257,0.25585998352030653,6.599999292080777,-3.7280756259860937e-10,-4.993400763238981,7.606688593076799e-07,6.600000052749636,,idle=607.000; screen_margin=313.309
ch,eu-us-af-row-apac-ch/pf120_k050_a040,af,2025,screen_undercut_eps_20,456.30906837048536,3976556.244819898,3986235.6613863944,0.24341203721449284,6.599999261340883,2.379437091803993e-09,-19.993400014585177,7.606688593076799e-07,6.600000022009742,,idle=607.000; screen_margin=313.309
ch,eu-us-af-row-apac-ch/pf120_k050_a040,af,2025,screen_grid_00_of_10,163.0,3976556.244819898,3976556.7443512846,1.256190924171764e-05,9.999999275834712,2.2616291062149685e-09,-313.2990683885512,7.606688593076799e-07,10.000000036503572,,idle=607.000; screen_margin=313.309
ch,eu-us-af-row-apac-ch/pf120_k050_a040,af,2025,screen_grid_01_of_10,209.26080369742076,3976556.244819898,3978869.7845856184,0.058179480517445516,9.999999361327092,1.657014081501984e-09,-267.0382647411843,7.606688593076799e-07,10.000000121995951,,idle=607.000; screen_margin=313.309
ch,eu-us-af-row-apac-ch/pf120_k050_a040,af,2025,screen_grid_02_of_10,255.5216073948415,3976556.244819898,3981182.82473569,0.11634639700667158,9.999999304215303,2.0278605461498955e-09,-220.77746101055362,7.606688593076799e-07,10.000000064884162,,idle=607.000; screen_margin=313.309
ch,eu-us-af-row-apac-ch/pf120_k050_a040,af,2025,screen_grid_03_of_10,301.7824110922623,3976556.244819898,3983218.2610850185,0.16753230320327298,9.599999626892773,2.617639438540209e-10,-174.51705744122575,7.606688593076799e-07,9.600000387561632,,idle=607.000; screen_margin=313.309
ch,eu-us-af-row-apac-ch/pf120_k050_a040,af,2025,screen_grid_04_of_10,348.043214789683,3976556.244819898,3985438.779574196,0.22337254165255732,9.59999949266417,7.035794169496512e-10,-128.25625372032908,7.606688593076799e-07,9.600000253333029,,idle=607.000; screen_margin=313.309
ch,eu-us-af-row-apac-ch/pf120_k050_a040,af,2025,screen_grid_05_of_10,394.3040184871038,3976556.244819898,3987659.2979997927,0.27921277850295917,9.599999235447767,2.37992026086431e-09,-81.99544989288688,7.606688593076799e-07,9.599999996116626,,idle=607.000; screen_margin=313.309
ch,eu-us-af-row-apac-ch/pf120_k050_a040,af,2025,screen_grid_06_of_10,440.5648221845246,3976556.244819898,3985716.1012829137,0.23034645806777476,6.599999271192473,2.2337758309731726e-09,-35.73764630830391,7.606688593076799e-07,6.600000031861333,,idle=607.000; screen_margin=313.309
ch,eu-us-af-row-apac-ch/pf120_k050_a040,af,2025,screen_grid_07_of_10,486.8256258819453,3976556.244819898,3976556.2450599317,6.036215198983488e-09,1.5079393930612346e-07,-6.007780939398799e-10,-2.972053607663838e-07,7.606688593076799e-07,9.114627986138034e-07,,idle=607.000; screen_margin=313.309
ch,eu-us-af-row-apac-ch/pf120_k050_a040,af,2025,screen_grid_08_of_10,533.086429579366,3976556.244819898,3976556.244887724,1.7056440454265639e-09,7.190254201887858e-08,-2.999342996190535e-10,-1.1633477470240905e-07,7.606688593076799e-07,8.325714013265585e-07,,idle=607.000; screen_margin=313.309
ch,eu-us-af-row-apac-ch/pf120_k050_a040,af,2025,screen_grid_09_of_10,579.3472332767868,3976556.244819898,3976556.2448391994,4.853746183713957e-10,2.2094751530136306e-08,-6.915001904417295e-11,-2.903891527239466e-08,7.606688593076799e-07,7.827636108378162e-07,,idle=607.000; screen_margin=313.309
ch,eu-us-af-row-apac-ch/pf120_k050_a040,af,2025,screen_grid_10_of_10,625.6080369742076,3976556.244819898,3976556.244819898,0.0,0.0,0.0,0.0,7.606688593076799e-07,7.606688593076799e-07,,idle=607.000; screen_margin=313.309
ch,eu-us-af-row-apac-ch/pf120_k050_a040,row,2025,screen_undercut_eps_1,337.8285476482073,3976556.244819898,4015902.790033857,0.9894628113261039,44.99999657021091,3.76019215764245e-10,-0.9550000236401956,7.606688593076799e-07,44.99999733087977,,idle=607.000; screen_margin=175.829
ch,eu-us-af-row-apac-ch/pf120_k050_a040,row,2025,screen_undercut_eps_5,333.8285476482073,3976556.244819898,4015002.792586482,0.9668302269499335,44.99999946965842,4.141043064009864e-10,-4.955000048999295,7.606688593076799e-07,45.00000023032728,,idle=607.000; screen_margin=175.829
ch,eu-us-af-row-apac-ch/pf120_k050_a040,row,2025,screen_undercut_eps_20,318.8285476482073,3976556.244819898,4011627.79280609,0.8819578003423945,44.999999685056004,5.532001523533836e-10,-19.955000036477088,7.606688593076799e-07,45.000000445724865,,idle=607.000; screen_margin=175.829
ch,eu-us-af-row-apac-ch/pf120_k050_a040,row,2025,screen_grid_00_of_10,163.0,3976556.244819898,3976566.369566003,0.0002546109115869154,44.999999594245615,1.040888264469686e-09,-175.78354767574373,7.606688593076799e-07,45.00000035491448,,idle=607.000; screen_margin=175.829
ch,eu-us-af-row-apac-ch/pf120_k050_a040,row,2025,screen_grid_01_of_10,210.26024166759476,3976556.244819898,3987199.924047049,0.26766072379879136,44.999999767657194,6.855032097519143e-10,-128.52330601937675,7.606688593076799e-07,45.000000528326055,,idle=607.000; screen_margin=175.829
ch,eu-us-af-row-apac-ch/pf120_k050_a040,row,2025,screen_grid_02_of_10,257.5204833351895,3976556.244819898,3997833.478475387,0.5350668353605222,44.99999986312471,4.2530245991656557e-10,-81.2630643658045,7.606688593076799e-07,45.00000062379357,,idle=607.000; screen_margin=175.829
ch,eu-us-af-row-apac-ch/pf120_k050_a040,row,2025,screen_grid_03_of_10,304.7807250027842,3976556.244819898,4008467.0327447117,0.8024729429234778,44.99999971116759,6.697860044369008e-10,-34.00282268520391,7.606688593076799e-07,45.00000047183645,,idle=607.000; screen_margin=175.829
ch,eu-us-af-row-apac-ch/pf120_k050_a040,row,2025,screen_grid_04_of_10,352.04096667037896,3976556.244819898,3976556.244989483,4.264619505732666e-09,2.0605580042429012e-07,-1.9662138583953492e-10,2.0474999473663047e-09,7.606688593076799e-07,9.6672465973197e-07,,idle=607.000; screen_margin=175.829
ch,eu-us-af-row-apac-ch/pf120_k050_a040,row,2025,screen_grid_05_of_10,399.3012083379737,3976556.244819898,3976556.2448478653,7.033007842111427e-10,3.470643263286522e-08,-5.7696070143720135e-11,-6.124309948063456e-10,7.606688593076799e-07,7.953752919405452e-07,,idle=607.000; screen_margin=175.829
ch,eu-us-af-row-apac-ch/pf120_k050_a040,row,2025,screen_grid_06_of_10,446.5614500055684,3976556.244819898,3976556.244835329,3.8803972903985473e-10,2.0088926098285877e-08,-5.2807536121690646e-11,-1.8591777006804477e-09,7.606688593076799e-07,7.807577854059658e-07,,idle=607.000; screen_margin=175.829
ch,eu-us-af-row-apac-ch/pf120_k050_a040,row,2025,screen_grid_07_of_10,493.8216916731632,3976556.244819898,3976556.2448317576,2.982344756371132e-10,1.6177046604875553e-08,-5.67297320230864e-11,-2.0640413822548e-09,7.606688593076799e-07,7.768459059125555e-07,,idle=607.000; screen_margin=175.829
ch,eu-us-af-row-apac-ch/pf120_k050_a040,row,2025,screen_grid_08_of_10,541.0819333407579,3976556.244819898,3976556.2448281003,2.062628417571899e-10,1.1450547713887295e-08,-4.496314431889914e-11,-1.5620571502950042e-09,7.606688593076799e-07,7.721194070215672e-07,,idle=607.000; screen_margin=175.829
ch,eu-us-af-row-apac-ch/pf120_k050_a040,row,2025,screen_grid_09_of_10,588.3421750083527,3976556.244819898,3976556.2448238535,9.946613931449819e-11,5.576702473039395e-09,-2.2993162929196842e-11,-7.790958989062347e-10,7.606688593076799e-07,7.662455617807193e-07,,idle=607.000; screen_margin=175.829
ch,eu-us-af-row-apac-ch/pf120_k050_a040,row,2025,screen_grid_10_of_10,635.6024166759474,3976556.244819898,3976556.244819898,0.0,0.0,0.0,0.0,7.606688593076799e-07,7.606688593076799e-07,,idle=607.000; screen_margin=175.829
ch,eu-us-af-row-apac-ch/pf120_k050_a040,eu,2030,screen_undercut_eps_1,519.957575958431,3976556.244819898,3987670.8295278,0.27950276630389276,5.935226887581319,0.988129717624247,-0.005935212097369913,6.760888046939915e-09,5.935226894342207,,idle=5.935; screen_margin=413.517
ch,eu-us-af-row-apac-ch/pf120_k050_a040,eu,2030,screen_undercut_eps_5,515.957575958431,3976556.244819898,3987670.8307656734,0.2795027974331759,5.935227550148923,4.9881296864158315,-0.005935183559813595,6.760888046939915e-09,5.935227556909811,,idle=5.935; screen_margin=413.517
ch,eu-us-af-row-apac-ch/pf120_k050_a040,eu,2030,screen_undercut_eps_20,500.957575958431,3976556.244819898,3987670.831094959,0.2795028057138433,5.935227724683137,19.988129592364686,-0.005935204747856915,6.760888046939915e-09,5.935227731444025,,idle=5.935; screen_margin=413.517
ch,eu-us-af-row-apac-ch/pf120_k050_a040,eu,2030,screen_grid_00_of_10,107.44092378697313,3976556.244819898,3981897.1991846324,0.1343110479498859,60.591030797457435,200.75314594441505,-212.64825937639034,6.760888046939915e-09,60.59103080421832,,idle=5.935; screen_margin=413.517
ch,eu-us-af-row-apac-ch/pf120_k050_a040,eu,2030,screen_grid_01_of_10,158.64369468180735,3976556.244819898,3995947.025334069,0.4876274675966291,60.59103079922101,200.7531459426546,-161.4454884859269,6.760888046939915e-09,60.591030805981895,,idle=5.935; screen_margin=413.517
ch,eu-us-af-row-apac-ch/pf120_k050_a040,eu,2030,screen_grid_02_of_10,209.84646557664155,3976556.244819898,4009996.8514780747,0.8409438871067967,60.59103079235355,200.75314594007,-110.24271759801422,6.760888046939915e-09,60.591030799114435,,idle=5.935; screen_margin=413.517
ch,eu-us-af-row-apac-ch/pf120_k050_a040,eu,2030,screen_grid_03_of_10,261.0492364714758,3976556.244819898,4024046.6776237683,1.1942603066594137,60.59103077507357,200.7531459445981,-59.03994669243343,6.760888046939915e-09,60.591030781834455,,idle=5.935; screen_margin=413.517
ch,eu-us-af-row-apac-ch/pf120_k050_a040,eu,2030,screen_grid_04_of_10,312.25200736631,3976556.244819898,4032940.8013260094,1.417924280074278,55.02920805587167,200.74758412412825,-7.853861265579553,6.760888046939915e-09,55.029208062632556,,idle=5.935; screen_margin=413.517
ch,eu-us-af-row-apac-ch/pf120_k050_a040,eu,2030,screen_grid_05_of_10,363.4547782611442,3976556.244819898,4019839.7505278857,1.0884670816456146,33.713397774511094,157.40759270286645,-0.03371344993399816,6.760888046939915e-09,33.71339778127198,,idle=5.935; screen_margin=413.517
ch,eu-us-af-row-apac-ch/pf120_k050_a040,eu,2030,screen_grid_06_of_10,414.6575491559785,3976556.244819898,4026280.942407139,1.2504462284926898,33.71339772416834,106.2048218034441,-0.033713447043851374,6.760888046939915e-09,33.71339773092922,,idle=5.935; screen_margin=413.517
ch,eu-us-af-row-apac-ch/pf120_k050_a040,eu,2030,screen_grid_07_of_10,465.8603200508127,3976556.244819898,4032722.1329868007,1.4124253426584286,33.71339688537087,55.00205085617503,-0.033713480808955865,6.760888046939915e-09,33.713396892131755,,idle=5.935; screen_margin=413.517
ch,eu-us-af-row-apac-ch/pf120_k050_a040,eu,2030,screen_grid_08_of_10,517.0630909456469,3976556.244819898,3987670.83076251,0.27950279735362876,5.935227546728262,3.8826146926194554,-0.005935191061553269,6.760888046939915e-09,5.93522755348915,,idle=5.935; screen_margin=413.517
ch,eu-us-af-row-apac-ch/pf120_k050_a040,eu,2030,screen_grid_09_of_10,568.2658618404811,3976556.244819898,3976556.2451914395,9.3432945338018e-09,2.2100729165981943e-07,3.6392879110280774e-07,3.387721108083497e-07,6.760888046939915e-09,2.2776817970675936e-07,,idle=5.935; screen_margin=413.517
ch,eu-us-af-row-apac-ch/pf120_k050_a040,eu,2030,screen_grid_10_of_10,619.4686327353153,3976556.244819898,3976556.244819898,0.0,0.0,0.0,0.0,6.760888046939915e-09,6.760888046939915e-09,,idle=5.935; screen_margin=413.517
ch,eu-us-af-row-apac-ch/pf120_k050_a040,us,2030,screen_undercut_eps_1,450.3352502944869,3976556.244819898,3985193.0597986626,0.21719333129049107,5.561822457573476,4.355681753054341e-06,-0.9944338621223778,6.760888046939915e-09,5.561822464334364,,idle=5.935; screen_margin=343.894
ch,eu-us-af-row-apac-ch/pf120_k050_a040,us,2030,screen_undercut_eps_5,446.3352502944869,3976556.244819898,3985092.309716168,0.21465972994571103,5.561822656146261,8.537105600225914e-08,-4.994438104267317,6.760888046939915e-09,5.561822662907149,,idle=5.935; screen_margin=343.894
ch,eu-us-af-row-apac-ch/pf120_k050_a040,us,2030,screen_undercut_eps_20,431.3352502944869,3976556.244819898,3985616.438969363,0.22784021126991952,5.93522775308191,13.178174043357629,-6.815890731852278,6.760888046939915e-09,5.935227759842798,,idle=5.935; screen_margin=343.894
ch,eu-us-af-row-apac-ch/pf120_k050_a040,us,2030,screen_grid_00_of_10,107.44092378697313,3976556.244819898,3981897.1991781043,0.13431104778572112,60.59103079848341,200.7531459339425,-143.02593373074495,6.760888046939915e-09,60.591030805244294,,idle=5.935; screen_margin=343.894
ch,eu-us-af-row-apac-ch/pf120_k050_a040,us,2030,screen_grid_01_of_10,151.9656309206806,3976556.244819898,3994114.592510177,0.4415465696769969,60.591030800026004,200.75314586408405,-98.50122672814024,6.760888046939915e-09,60.59103080678689,,idle=5.935; screen_margin=343.894
ch,eu-us-af-row-apac-ch/pf120_k050_a040,us,2030,screen_grid_02_of_10,196.49033805438808,3976556.244819898,4006331.9859425076,0.7487820940895064,60.59103079199393,200.75314589759205,-53.97651951364685,6.760888046939915e-09,60.591030798754815,,idle=5.935; screen_margin=343.894
ch,eu-us-af-row-apac-ch/pf120_k050_a040,us,2030,screen_grid_03_of_10,241.01504518809554,3976556.244819898,4018549.379082726,1.0560176111561475,60.59103036341511,200.75314594830314,-9.451812317276676,6.760888046939915e-09,60.59103037017599,,idle=5.935; screen_margin=343.894
ch,eu-us-af-row-apac-ch/pf120_k050_a040,us,2030,screen_grid_04_of_10,285.53975232180306,3976556.244819898,4007982.3322916487,0.7902839929068797,33.713397793556695,158.83478122196664,-6.899225217485025,6.760888046939915e-09,33.71339780031758,,idle=5.935; screen_margin=343.894
ch,eu-us-af-row-apac-ch/pf120_k050_a040,us,2030,screen_grid_05_of_10,330.06445945551053,3976556.244819898,4013583.4388738726,0.9311371894263616,33.713397703919235,114.31007419430114,-6.899225251024518,6.760888046939915e-09,33.71339771068012,,idle=5.935; screen_margin=343.894
ch,eu-us-af-row-apac-ch/pf120_k050_a040,us,2030,screen_grid_06_of_10,374.589166589218,3976556.244819898,4019184.5454891035,1.0719903867758835,33.7133975646458,69.78536686724772,-6.899225320029302,6.760888046939915e-09,33.71339757140669,,idle=5.935; screen_margin=343.894
ch,eu-us-af-row-apac-ch/pf120_k050_a040,us,2030,screen_grid_07_of_10,419.11387372292546,3976556.244819898,3985616.43904203,0.22784021309730246,5.935227761628898,25.399556199968487,-6.81588632645952,6.760888046939915e-09,5.935227768389786,,idle=5.935; screen_margin=343.894
ch,eu-us-af-row-apac-ch/pf120_k050_a040,us,2030,screen_grid_08_of_10,463.638580856633,3976556.244819898,3976556.2448287993,2.2383979903421624e-10,5.984870028054534e-09,-8.731333878131409e-09,-7.106109478627332e-08,6.760888046939915e-09,1.2745758074994449e-08,,idle=5.935; screen_margin=343.894
ch,eu-us-af-row-apac-ch/pf120_k050_a040,us,2030,screen_grid_09_of_10,508.16328799034045,3976556.244819898,3976556.244827934,2.0208231294446612e-10,5.039084899060545e-09,1.06290656276542e-08,3.952931137973792e-08,6.760888046939915e-09,1.179997294600046e-08,,idle=5.935; screen_margin=343.894
ch,eu-us-af-row-apac-ch/pf120_k050_a040,us,2030,screen_grid_10_of_10,552.6879951240479,3976556.244819898,3976556.244819898,0.0,0.0,0.0,0.0,6.760888046939915e-09,6.760888046939915e-09,,idle=5.935; screen_margin=343.894
ch,eu-us-af-row-apac-ch/pf120_k050_a040,af,2030,screen_undercut_eps_1,554.0522700600433,3976556.244819898,3987805.4392784126,0.28288784983661003,5.5618224140314245,1.0813569417678082e-07,-0.9944380653155349,6.760888046939915e-09,5.561822420792312,,idle=5.935; screen_margin=447.611
ch,eu-us-af-row-apac-ch/pf120_k050_a040,af,2030,screen_undercut_eps_5,550.0522700600433,3976556.244819898,3987704.6884876867,0.2803542306816648,5.561822121434177,4.855234408296383e-06,-4.9944336456798055,6.760888046939915e-09,5.561822128195065,,idle=5.935; screen_margin=447.611
ch,eu-us-af-row-apac-ch/pf120_k050_a040,af,2030,screen_undercut_eps_20,535.0522700600433,3976556.244819898,3988404.3558938797,0.2979490379248519,5.935227671162152,13.18373748258685,-6.810327468681066,6.760888046939915e-09,5.93522767792304,,idle=5.935; screen_margin=447.611
ch,eu-us-af-row-apac-ch/pf120_k050_a040,af,2030,screen_grid_00_of_10,107.44092378697313,3976556.244819898,3977996.167503868,0.036210293412693495,13.999999984151332,53.99489149102277,-393.5943913682443,6.760888046939915e-09,13.99999999091222,,idle=5.935; screen_margin=447.611
ch,eu-us-af-row-apac-ch/pf120_k050_a040,af,2030,screen_grid_01_of_10,156.57211850464677,3976556.244819898,3981111.1420488763,0.11454376471882152,13.999999967056679,53.994891522050466,-344.46319664316377,6.760888046939915e-09,13.999999973817568,,idle=5.935; screen_margin=447.611
ch,eu-us-af-row-apac-ch/pf120_k050_a040,af,2030,screen_grid_02_of_10,205.70331322232042,3976556.244819898,3984226.1165821264,0.1928772357292679,13.999999942817583,53.994891567191274,-295.33200190498104,6.760888046939915e-09,13.999999949578472,,idle=5.935; screen_margin=447.611
ch,eu-us-af-row-apac-ch/pf120_k050_a040,af,2030,screen_grid_03_of_10,254.83450793999407,3976556.244819898,3987341.0911025293,0.2712107064166425,13.999999907292592,53.99489164287675,-246.200807071601,6.760888046939915e-09,13.99999991405348,,idle=5.935; screen_margin=447.611
ch,eu-us-af-row-apac-ch/pf120_k050_a040,af,2030,screen_grid_04_of_10,303.9657026576677,3976556.244819898,3990456.0655833767,0.3495441761092972,13.999999838129629,53.99489175781375,-197.0696121125086,6.760888046939915e-09,13.999999844890517,,idle=5.935; screen_margin=447.611
ch,eu-us-af-row-apac-ch/pf120_k050_a040,af,2030,screen_grid_05_of_10,353.09689737534137,3976556.244819898,3993571.03988158,0.42787764120893257,13.999999627201298,53.99489193357712,-147.93841696188065,6.760888046939915e-09,13.999999633962187,,idle=5.935; screen_margin=447.611
ch,eu-us-af-row-apac-ch/pf120_k050_a040,af,2030,screen_grid_06_of_10,402.22809209301505,3976556.244819898,3988823.797394337,0.3084968957856293,8.104534980212945,53.98899432415138,-98.82491099068443,6.760888046939915e-09,8.104534986973833,,idle=5.935; screen_margin=447.611
ch,eu-us-af-row-apac-ch/pf120_k050_a040,af,2030,screen_grid_07_of_10,451.3592868106887,3976556.244819898,3990627.0409000977,0.3538437586172458,8.10453445258884,53.98899553325171,-49.69371510634653,6.760888046939915e-09,8.104534459349729,,idle=5.935; screen_margin=447.611
ch,eu-us-af-row-apac-ch/pf120_k050_a040,af,2030,screen_grid_08_of_10,500.4904815283623,3976556.244819898,3988404.3560450766,0.29794904172706044,5.935227697566778,47.74553488889342,-6.81031948346299,6.760888046939915e-09,5.935227704327666,,idle=5.935; screen_margin=447.611
ch,eu-us-af-row-apac-ch/pf120_k050_a040,af,2030,screen_grid_09_of_10,549.6216762460359,3976556.244819898,3987693.842563807,0.2800814840332607,5.561821931566925,8.526326823243835e-06,-5.425023967395987,6.760888046939915e-09,5.561821938327813,,idle=5.935; screen_margin=447.611
ch,eu-us-af-row-apac-ch/pf120_k050_a040,af,2030,screen_grid_10_of_10,598.7528709637096,3976556.244819898,3976556.244819898,0.0,0.0,0.0,0.0,6.760888046939915e-09,6.760888046939915e-09,,idle=5.935; screen_margin=447.611
ch,eu-us-af-row-apac-ch/pf120_k050_a040,row,2030,screen_undercut_eps_1,217.4028338860422,3976556.244819898,3979538.583738421,0.07499803183741978,5.9352240607491,0.9881304885969229,-0.005935164403723547,6.760888046939915e-09,5.935224067509988,,idle=5.935; screen_margin=110.962
ch,eu-us-af-row-apac-ch/pf120_k050_a040,row,2030,screen_undercut_eps_5,213.4028338860422,3976556.244819898,3979538.5852399883,0.07499806959791161,5.935227041864352,4.988130496328566,-0.005934995567088208,6.760888046939915e-09,5.93522704862524,,idle=5.935; screen_margin=110.962
ch,eu-us-af-row-apac-ch/pf120_k050_a040,row,2030,screen_undercut_eps_20,198.4028338860422,3976556.244819898,3979538.58559265,0.07499807846642922,5.935227627207136,19.988131349423526,-0.005934805886397498,6.760888046939915e-09,5.935227633968024,,idle=5.935; screen_margin=110.962
ch,eu-us-af-row-apac-ch/pf120_k050_a040,row,2030,screen_grid_00_of_10,107.44092378697313,3976556.244819898,3979501.545024584,0.07406660495554702,33.713397690553094,110.86670519661132,-0.03371345567376238,6.760888046939915e-09,33.71339769731398,,idle=5.935; screen_margin=110.962
ch,eu-us-af-row-apac-ch/pf120_k050_a040,row,2030,screen_grid_01_of_10,158.1928958376884,3976556.244819898,3985886.027262894,0.234619652498298,33.71339646352699,60.11473315648104,-0.033713466740692866,6.760888046939915e-09,33.713396470287876,,idle=5.935; screen_margin=110.962
ch,eu-us-af-row-apac-ch/pf120_k050_a040,row,2030,screen_grid_02_of_10,208.9448678884037,3976556.244819898,3979538.585391114,0.07499807339832848,5.935227356410812,9.446096473175473,-0.00593497223209738,6.760888046939915e-09,5.9352273631717,,idle=5.935; screen_margin=110.962
ch,eu-us-af-row-apac-ch/pf120_k050_a040,row,2030,screen_grid_03_of_10,259.696839939119,3976556.244819898,3976556.244855526,8.959447043739411e-10,2.890217421250232e-08,3.285224181581725e-08,6.085195991545334e-08,6.760888046939915e-09,3.5663062259442234e-08,,idle=5.935; screen_margin=110.962
ch,eu-us-af-row-apac-ch/pf120_k050_a040,row,2030,screen_grid_04_of_10,310.44881198983427,3976556.244819898,3976556.2448497415,7.504810379547397e-10,2.3618825828089825e-08,5.596835706001002e-08,6.979735189815983e-08,6.760888046939915e-09,3.037971387502974e-08,,idle=5.935; screen_margin=110.962
ch,eu-us-af-row-apac-ch/pf120_k050_a040,row,2030,screen_grid_05_of_10,361.20078404054954,3976556.244819898,3976556.245264159,1.1172000700497032e-08,2.8660878999434574e-07,6.384037902762429e-07,4.992776041490288e-07,6.760888046939915e-09,2.9336967804128564e-07,,idle=5.935; screen_margin=110.962
ch,eu-us-af-row-apac-ch/pf120_k050_a040,row,2030,screen_grid_06_of_10,411.95275609126486,3976556.244819898,3976556.2452590307,1.1043036656198636e-08,2.780212164724337e-07,6.505720762106648e-07,5.0713148880277e-07,6.760888046939915e-09,2.847821045193736e-07,,idle=5.935; screen_margin=110.962
ch,eu-us-af-row-apac-ch/pf120_k050_a040,row,2030,screen_grid_07_of_10,462.7047281419802,3976556.244819898,3976556.2451533605,8.385707522228481e-09,2.0925875128445024e-07,4.978397640797994e-07,4.1933702732421807e-07,6.760888046939915e-09,2.1601963933139016e-07,,idle=5.935; screen_margin=110.962
ch,eu-us-af-row-apac-ch/pf120_k050_a040,row,2030,screen_grid_08_of_10,513.4567001926954,3976556.244819898,3976556.2455572267,1.8541886561892598e-08,4.6013926110536117e-07,1.2390512722504354e-06,8.704153060534736e-07,6.760888046939915e-09,4.6690014915230107e-07,,idle=5.935; screen_margin=110.962
ch,eu-us-af-row-apac-ch/pf120_k050_a040,row,2030,screen_grid_09_of_10,564.2086722434107,3976556.244819898,3976556.2448191624,-1.8502060291606677e-11,-4.2505999909789893e-10,-1.7468693158662063e-09,-8.138556495396188e-10,6.760888046939915e-09,6.335828047842016e-09,,idle=5.935; screen_margin=110.962
ch,eu-us-af-row-apac-ch/pf120_k050_a040,row,2030,screen_grid_10_of_10,614.9606442941259,3976556.244819898,3976556.244819898,0.0,-1.0414880582179634e-14,-1.4210854715202004e-14,-2.842170943040401e-14,6.760888046939915e-09,6.760877632059333e-09,,idle=5.935; screen_margin=110.962
ch,eu-us-af-row-apac-ch/pf120_k050_a040,eu,2035,screen_undercut_eps_1,422.0177757833563,3976556.244819898,3982343.481295613,0.14553387703880089,4.308978742514044,0.9913823024725019,-0.0043090204437703505,6.845471894882366e-08,4.308978810968763,,idle=4.309; screen_margin=327.442
ch,eu-us-af-row-apac-ch/pf120_k050_a040,eu,2035,screen_undercut_eps_5,418.0177757833563,3976556.244819898,3982343.4813756705,0.14553387905203582,4.308978783063299,4.991382513720552,-0.004309014653813392,6.845471894882366e-08,4.3089788515180185,,idle=4.309; screen_margin=327.442
ch,eu-us-af-row-apac-ch/pf120_k050_a040,eu,2035,screen_undercut_eps_20,403.0177757833563,3976556.244819898,3982343.481563714,0.14553388378083454,4.308978902729884,19.991381720821835,-0.004308973608374345,6.845471894882366e-08,4.308978971184604,,idle=4.309; screen_margin=327.442
ch,eu-us-af-row-apac-ch/pf120_k050_a040,eu,2035,screen_grid_00_of_10,95.57583300040461,3976556.244819898,3979598.918093333,0.07651528322775346,46.9035656784471,174.46977229573014,-152.88267198087868,6.845471894882366e-08,46.90356574690182,,idle=4.309; screen_margin=327.442
ch,eu-us-af-row-apac-ch/pf120_k050_a040,eu,2035,screen_grid_01_of_10,136.8821868748265,3976556.244819898,3985513.0648856144,0.2252406231493387,34.85586344387999,174.4697723905942,-111.6004135346758,6.845471894882366e-08,34.85586351233471,,idle=4.309; screen_margin=327.442
ch,eu-us-af-row-apac-ch/pf120_k050_a040,eu,2035,screen_grid_02_of_10,178.18854074924838,3976556.244819898,3991418.623624947,0.373749995977283,34.85586321944378,174.46977230062816,-70.29405963927456,6.845471894882366e-08,34.8558632878985,,idle=4.309; screen_margin=327.442
ch,eu-us-af-row-apac-ch/pf120_k050_a040,eu,2035,screen_grid_03_of_10,219.49489462367023,3976556.244819898,3991433.801347744,0.37413167605076453,23.24679314578909,174.45816299328442,-29.02253347795812,6.845471894882366e-08,23.24679321424381,,idle=4.309; screen_margin=327.442
ch,eu-us-af-row-apac-ch/pf120_k050_a040,eu,2035,screen_grid_04_of_10,260.80124849809215,3976556.244819898,3982343.4815798188,0.1455338841858306,4.308978943064985,162.20790932545344,-0.004309008346695009,6.845471894882366e-08,4.308979011519704,,idle=4.309; screen_margin=327.442
ch,eu-us-af-row-apac-ch/pf120_k050_a040,eu,2035,screen_grid_05_of_10,302.107602372514,3976556.244819898,3982343.4815692683,0.1455338839205134,4.308978917690888,120.90155525327076,-0.004308985530485643,6.845471894882366e-08,4.308978986145608,,idle=4.309; screen_margin=327.442
ch,eu-us-af-row-apac-ch/pf120_k050_a040,eu,2035,screen_grid_06_of_10,343.41395624693587,3976556.244819898,3982343.481567867,0.1455338838852775,4.308978912718913,79.59520137619002,-0.004308991148889163,6.845471894882366e-08,4.308978981173632,,idle=4.309; screen_margin=327.442
ch,eu-us-af-row-apac-ch/pf120_k050_a040,eu,2035,screen_grid_07_of_10,384.7203101213578,3976556.244819898,3982343.48157011,0.14553388394168537,4.308978936560723,38.28884878527465,-0.004309087875583373,6.845471894882366e-08,4.308979005015442,,idle=4.309; screen_margin=327.442
ch,eu-us-af-row-apac-ch/pf120_k050_a040,eu,2035,screen_grid_08_of_10,426.02666399577964,3976556.244819898,3976556.245523251,1.7687489522021583e-08,5.412442168789343e-07,5.425398086345012e-07,-1.2326552223385079e-08,6.845471894882366e-08,6.09698935827758e-07,,idle=4.309; screen_margin=327.442
ch,eu-us-af-row-apac-ch/pf120_k050_a040,eu,2035,screen_grid_09_of_10,467.33301787020156,3976556.244819898,3976556.244850294,7.643810035029278e-10,2.5284163639488023e-08,8.322838596086513e-08,-3.0110527404758614e-09,6.845471894882366e-08,9.373888258831168e-08,,idle=4.309; screen_margin=327.442
ch,eu-us-af-row-apac-ch/pf120_k050_a040,eu,2035,screen_grid_10_of_10,508.6393717446234,3976556.244819898,3976556.244819898,0.0,0.0,0.0,0.0,6.845471894882366e-08,6.845471894882366e-08,,idle=4.309; screen_margin=327.442
ch,eu-us-af-row-apac-ch/pf120_k050_a040,us,2035,screen_undercut_eps_1,341.6923484923834,3976556.244819898,3980923.6321066427,0.10982837957928467,4.308978887502327,0.982763811017918,-0.012926955751311198,6.845471894882366e-08,4.308978955957047,,idle=4.309; screen_margin=247.117
ch,eu-us-af-row-apac-ch/pf120_k050_a040,us,2035,screen_undercut_eps_5,337.6923484923834,3976556.244819898,3980923.6319049844,0.10982837450810415,4.308978641517078,4.9827639938295505,-0.01292700724104634,6.845471894882366e-08,4.3089787099717975,,idle=4.309; screen_margin=247.117
ch,eu-us-af-row-apac-ch/pf120_k050_a040,us,2035,screen_undercut_eps_20,322.6923484923834,3976556.244819898,3980923.632115937,0.10982837981300785,4.30897890940877,19.98276433366712,-0.012926957255047,6.845471894882366e-08,4.3089789778634895,,idle=4.309; screen_margin=247.117
ch,eu-us-af-row-apac-ch/pf120_k050_a040,us,2035,screen_grid_00_of_10,95.57583300040461,3976556.244819898,3979607.506165187,0.07673125079680372,34.8558629573151,174.46977235772522,-72.5813401171713,6.845471894882366e-08,34.855863025769814,,idle=4.309; screen_margin=247.117
ch,eu-us-af-row-apac-ch/pf120_k050_a040,us,2035,screen_grid_01_of_10,125.63091714927538,3976556.244819898,3982483.6519137253,0.14905880186024137,23.246793303735604,174.45816320532435,-42.56108320252815,6.845471894882366e-08,23.24679337219032,,idle=4.309; screen_margin=247.117
ch,eu-us-af-row-apac-ch/pf120_k050_a040,us,2035,screen_grid_02_of_10,155.68600129814612,3976556.244819898,3985349.4743397725,0.2211267483347913,23.246793024027372,174.45816324471878,-12.505999043397424,6.845471894882366e-08,23.24679309248209,,idle=4.309; screen_margin=247.117
ch,eu-us-af-row-apac-ch/pf120_k050_a040,us,2035,screen_grid_03_of_10,185.74108544701687,3976556.244819898,3980923.6321141957,0.10982837976922354,4.30897894748992,156.93402719718853,-0.012927001065236254,6.845471894882366e-08,4.308979015944639,,idle=4.309; screen_margin=247.117
ch,eu-us-af-row-apac-ch/pf120_k050_a040,us,2035,screen_grid_04_of_10,215.79616959588765,3976556.244819898,3980923.6321195965,0.10982837990503803,4.308978921613171,126.87894273784228,-0.012926971939350551,6.845471894882366e-08,4.3089789900678905,,idle=4.309; screen_margin=247.117
ch,eu-us-af-row-apac-ch/pf120_k050_a040,us,2035,screen_grid_05_of_10,245.85125374475837,3976556.244819898,3980923.6321202875,0.10982837992241591,4.308978912867295,96.82385848174697,-0.01292695160123003,6.845471894882366e-08,4.3089789813220145,,idle=4.309; screen_margin=247.117
ch,eu-us-af-row-apac-ch/pf120_k050_a040,us,2035,screen_grid_06_of_10,275.90633789362914,3976556.244819898,3980923.632118056,0.1098283798663008,4.308978909633813,66.76877435386358,-0.012926943177603789,6.845471894882366e-08,4.308978978088533,,idle=4.309; screen_margin=247.117
ch,eu-us-af-row-apac-ch/pf120_k050_a040,us,2035,screen_grid_07_of_10,305.96142204249986,3976556.244819898,3980923.632111019,0.1098283796893368,4.308978901452428,36.713690317906824,-0.012926938724490356,6.845471894882366e-08,4.308978969907147,,idle=4.309; screen_margin=247.117
ch,eu-us-af-row-apac-ch/pf120_k050_a040,us,2035,screen_grid_08_of_10,336.01650619137064,3976556.244819898,3980923.63208637,0.10982837906948265,4.308978865210251,6.6586067915836935,-0.01292700460027163,6.845471894882366e-08,4.30897893366497,,idle=4.309; screen_margin=247.117
ch,eu-us-af-row-apac-ch/pf120_k050_a040,us,2035,screen_grid_09_of_10,366.0715903402414,3976556.244819898,3976556.2448083553,-2.902715636128774e-10,-9.165670388658498e-09,-1.4546344573318493e-07,-5.01660224472289e-09,6.845471894882366e-08,5.928904856016516e-08,,idle=4.309; screen_margin=247.117
ch,eu-us-af-row-apac-ch/pf120_k050_a040,us,2035,screen_grid_10_of_10,396.12667448911213,3976556.244819898,3976556.244819898,0.0,0.0,0.0,0.0,6.845471894882366e-08,6.845471894882366e-08,,idle=4.309; screen_margin=247.117
ch,eu-us-af-row-apac-ch/pf120_k050_a040,af,2035,screen_undercut_eps_1,404.03660341536386,3976556.244819898,3982025.676595502,0.1375419191600451,4.308978896033292,0.9913815753858017,-0.004309135873825198,6.845471894882366e-08,4.308978964488011,,idle=4.309; screen_margin=309.461
ch,eu-us-af-row-apac-ch/pf120_k050_a040,af,2035,screen_undercut_eps_5,400.03660341536386,3976556.244819898,3982025.675412456,0.13754188940952844,4.308978127099082,4.991382267780551,-0.004311366219155843,6.845471894882366e-08,4.308978195553801,,idle=4.309; screen_margin=309.461
ch,eu-us-af-row-apac-ch/pf120_k050_a040,af,2035,screen_undercut_eps_20,385.03660341536386,3976556.244819898,3982025.676335124,0.1375419126122128,4.308978717416076,19.99138135682084,-0.004309540848055349,6.845471894882366e-08,4.308978785870795,,idle=4.309; screen_margin=309.461
ch,eu-us-af-row-apac-ch/pf120_k050_a040,af,2035,screen_grid_00_of_10,95.57583300040461,3976556.244819898,3979621.112254422,0.07707340839241192,19.999999928782625,174.4549164303317,-134.97016262485164,6.845471894882366e-08,19.999999997237342,,idle=4.309; screen_margin=309.461
ch,eu-us-af-row-apac-ch/pf120_k050_a040,af,2035,screen_grid_01_of_10,126.81999861683559,3976556.244819898,3982184.2220688574,0.14152892358282587,19.999999928482367,174.45491642829785,-103.72599700509147,6.845471894882366e-08,19.999999996937085,,idle=4.309; screen_margin=309.461
ch,eu-us-af-row-apac-ch/pf120_k050_a040,af,2035,screen_grid_02_of_10,158.06416423326655,3976556.244819898,3984747.331882105,0.20598443874337888,19.99999992487003,174.454916427608,-72.48183138643992,6.845471894882366e-08,19.999999993324746,,idle=4.309; screen_margin=309.461
ch,eu-us-af-row-apac-ch/pf120_k050_a040,af,2035,screen_grid_03_of_10,189.30832984969754,3976556.244819898,3987310.441689409,0.2704399537544516,19.999999908140015,174.45491642669003,-41.23766576628583,6.845471894882366e-08,19.999999976594733,,idle=4.309; screen_margin=309.461
ch,eu-us-af-row-apac-ch/pf120_k050_a040,af,2035,screen_grid_04_of_10,220.5524954661285,3976556.244819898,3985581.461483353,0.22696061888251803,11.609069604562512,174.4465252856873,-10.018673420164589,6.845471894882366e-08,11.609069673017231,,idle=4.309; screen_margin=309.461
ch,eu-us-af-row-apac-ch/pf120_k050_a040,af,2035,screen_grid_05_of_10,251.79666108255947,3976556.244819898,3982025.676617669,0.13754191971748406,4.3089789823599105,153.23132359789747,-0.004309844128727036,6.845471894882366e-08,4.30897905081463,,idle=4.309; screen_margin=309.461
ch,eu-us-af-row-apac-ch/pf120_k050_a040,af,2035,screen_grid_06_of_10,283.04082669899043,3976556.244819898,3982025.6766148615,0.13754191964688348,4.308978915358554,121.98715837158501,-0.004309098122519117,6.845471894882366e-08,4.308978983813273,,idle=4.309; screen_margin=309.461
ch,eu-us-af-row-apac-ch/pf120_k050_a040,af,2035,screen_grid_07_of_10,314.28499231542145,3976556.244819898,3982025.676605852,0.1375419194203152,4.308978917320549,90.74299274665366,-0.004309149496009468,6.845471894882366e-08,4.308978985775268,,idle=4.309; screen_margin=309.461
ch,eu-us-af-row-apac-ch/pf120_k050_a040,af,2035,screen_grid_08_of_10,345.5291579318524,3976556.244819898,3982025.6765938234,0.13754191911782995,4.308978903802338,59.49882717096544,-0.004309084603733027,6.845471894882366e-08,4.308978972257057,,idle=4.309; screen_margin=309.461
ch,eu-us-af-row-apac-ch/pf120_k050_a040,af,2035,screen_grid_09_of_10,376.7733235482834,3976556.244819898,3982025.676483791,0.1375419163508,4.308978823998895,28.254661324632195,-0.004309356724945701,6.845471894882366e-08,4.308978892453614,,idle=4.309; screen_margin=309.461
ch,eu-us-af-row-apac-ch/pf120_k050_a040,af,2035,screen_grid_10_of_10,408.01748916471433,3976556.244819898,3976556.244819898,0.0,0.0,0.0,0.0,6.845471894882366e-08,6.845471894882366e-08,,idle=4.309; screen_margin=309.461
ch,eu-us-af-row-apac-ch/pf120_k050_a040,row,2035,screen_undercut_eps_1,191.68860822590293,3976556.244819898,3978272.5708559253,0.04316111555728545,4.308978759898675,0.9913822117216995,-0.0043089809031471304,6.845471894882366e-08,4.3089788283533945,,idle=4.309; screen_margin=97.113
ch,eu-us-af-row-apac-ch/pf120_k050_a040,row,2035,screen_undercut_eps_5,187.68860822590293,3976556.244819898,3978272.5706549166,0.043161110502440606,4.308978851147028,4.9913822870128115,-0.004308978408971598,6.845471894882366e-08,4.308978919601747,,idle=4.309; screen_margin=97.113
ch,eu-us-af-row-apac-ch/pf120_k050_a040,row,2035,screen_undercut_eps_20,172.68860822590293,3976556.244819898,3978272.5708704097,0.04316111592153012,4.308978727936014,19.99138218747322,-0.004308967589082613,6.845471894882366e-08,4.308978796390734,,idle=4.309; screen_margin=97.113
ch,eu-us-af-row-apac-ch/pf120_k050_a040,row,2035,screen_grid_00_of_10,95.57583300040461,3976556.244819898,3978272.5706479456,0.043161110327139436,4.308978907106232,97.10415691338297,-0.004308987831109334,6.845471894882366e-08,4.308978975560951,,idle=4.309; screen_margin=97.113
ch,eu-us-af-row-apac-ch/pf120_k050_a040,row,2035,screen_grid_01_of_10,159.71796171268807,3976556.244819898,3978272.570681151,0.043161111162167864,4.308978955793423,32.9620305238967,-0.004308972731536187,6.845471894882366e-08,4.308979024248142,,idle=4.309; screen_margin=97.113
ch,eu-us-af-row-apac-ch/pf120_k050_a040,row,2035,screen_grid_02_of_10,223.86009042497153,3976556.244819898,3976556.2448097374,-2.555157946600365e-10,3.4298422661174837e-09,-7.69419159496465e-08,-1.3664305242855335e-09,6.845471894882366e-08,7.188456121494114e-08,,idle=4.309; screen_margin=97.113
ch,eu-us-af-row-apac-ch/pf120_k050_a040,row,2035,screen_grid_03_of_10,288.002219137255,3976556.244819898,3976556.2447994608,-5.139474203407123e-10,-1.6111840022745092e-08,-1.2549492112157168e-07,-3.336111831231392e-09,6.845471894882366e-08,5.2342878926078567e-08,,idle=4.309; screen_margin=97.113
ch,eu-us-af-row-apac-ch/pf120_k050_a040,row,2035,screen_grid_04_of_10,352.14434784953846,3976556.244819898,3976556.2448120653,-1.9697668111716198e-10,-5.729600470829581e-09,-4.229524108723126e-08,-1.960700046765851e-09,6.845471894882366e-08,6.272511847799408e-08,,idle=4.309; screen_margin=97.113
ch,eu-us-af-row-apac-ch/pf120_k050_a040,row,2035,screen_grid_05_of_10,416.2864765618219,3976556.244819898,3976556.2448186576,-3.119587887141784e-11,-2.668047176446432e-10,-6.350319381454028e-09,-1.1361578344804002e-09,6.845471894882366e-08,6.818791423117902e-08,,idle=4.309; screen_margin=97.113
ch,eu-us-af-row-apac-ch/pf120_k050_a040,row,2035,screen_grid_06_of_10,480.4286052741054,3976556.244819898,3976556.244822749,7.168962854760511e-11,3.1750803623210027e-09,1.3652652341988869e-08,-3.774403012357652e-10,6.845471894882366e-08,7.162979931114466e-08,,idle=4.309; screen_margin=97.113
ch,eu-us-af-row-apac-ch/pf120_k050_a040,row,2035,screen_grid_07_of_10,544.5707339863889,3976556.244819898,3976556.2448217734,4.7156833414113985e-11,2.0440877275991308e-09,9.139995427176473e-09,-1.8627588360686786e-10,6.845471894882366e-08,7.049880667642279e-08,,idle=4.309; screen_margin=97.113
ch,eu-us-af-row-apac-ch/pf120_k050_a040,row,2035,screen_grid_08_of_10,608.7128626986723,3976556.244819898,3976556.244820795,2.255377729217371e-11,9.914176604917442e-10,4.468290626391536e-09,-9.322320693172514e-11,6.845471894882366e-08,6.94461366093154e-08,,idle=4.309; screen_margin=97.113
ch,eu-us-af-row-apac-ch/pf120_k050_a040,row,2035,screen_grid_09_of_10,672.8549914109558,3976556.244819898,3976556.2448205734,1.697973887520866e-11,6.914413288629118e-10,3.369805767761136e-09,-3.950617610826157e-12,6.845471894882366e-08,6.914616027768657e-08,,idle=4.309; screen_margin=97.113
ch,eu-us-af-row-apac-ch/pf120_k050_a040,row,2035,screen_grid_10_of_10,736.9971201232393,3976556.244819898,3976556.244819898,0.0,0.0,0.0,0.0,6.845471894882366e-08,6.845471894882366e-08,,idle=4.309; screen_margin=97.113
ch,eu-us-af-row-apac-ch/pf120_k050_a040,eu,2040,screen_undercut_eps_1,553.8157942243489,3976556.244819898,3984770.302536756,0.20656209069236148,4.729577952617332,-2.677417114682612e-07,-0.9952707566983463,2.3415081272413916e-07,4.729578186768144,,idle=19.683; screen_margin=468.481
ch,eu-us-af-row-apac-ch/pf120_k050_a040,eu,2040,screen_undercut_eps_5,549.8157942243489,3976556.244819898,3984700.0201178463,0.204794671483818,4.729578240014726,-3.1584815474161587e-07,-4.995270733137431,2.3415081272413916e-07,4.729578474165539,,idle=19.683; screen_margin=468.481
ch,eu-us-af-row-apac-ch/pf120_k050_a040,eu,2040,screen_undercut_eps_20,534.8157942243489,3976556.244819898,3984436.4588658726,0.19816679460373954,4.729578101095672,-5.3687557510784245e-08,-19.99527077296557,2.3415081272413916e-07,4.729578335246485,,idle=19.683; screen_margin=468.481
ch,eu-us-af-row-apac-ch/pf120_k050_a040,eu,2040,screen_grid_00_of_10,86.33525719941149,3976556.244819898,3987511.409523793,0.27549376972011225,54.8914905253634,150.1275610767067,-318.26287603024275,2.3415081272413916e-07,54.89149075951421,,idle=19.683; screen_margin=468.481
ch,eu-us-af-row-apac-ch/pf120_k050_a040,eu,2040,screen_grid_01_of_10,136.48236308962169,3976556.244819898,3993871.7100503994,0.43543871039313037,37.77788564374478,140.72882506240035,-277.54873346800105,2.3415081272413916e-07,37.77788587789559,,idle=19.683; screen_margin=468.481
ch,eu-us-af-row-apac-ch/pf120_k050_a040,eu,2040,screen_grid_02_of_10,186.62946897983193,3976556.244819898,3996429.8588002445,0.4997694677708866,28.40192525420293,127.14290822434424,-241.00629648620242,2.3415081272413916e-07,28.401925488353744,,idle=19.683; screen_margin=468.481
ch,eu-us-af-row-apac-ch/pf120_k050_a040,eu,2040,screen_grid_03_of_10,236.7765748700421,3976556.244819898,3998054.119321339,0.5406153761673835,28.401923781240797,76.99579832314066,-241.00630031119567,2.3415081272413916e-07,28.40192401539161,,idle=19.683; screen_margin=468.481
ch,eu-us-af-row-apac-ch/pf120_k050_a040,eu,2040,screen_grid_04_of_10,286.92368076025235,3976556.244819898,3999678.380657353,0.581461305056985,28.401923773434415,26.848692904285215,-241.00629976037493,2.3415081272413916e-07,28.40192400758523,,idle=19.683; screen_margin=468.481
ch,eu-us-af-row-apac-ch/pf120_k050_a040,eu,2040,screen_grid_05_of_10,337.07078665046254,3976556.244819898,3995426.201679413,0.4745301134391395,19.683406869354894,7.294400973455296,-210.43092311378757,2.3415081272413916e-07,19.683407103505708,,idle=19.683; screen_margin=468.481
ch,eu-us-af-row-apac-ch/pf120_k050_a040,eu,2040,screen_grid_06_of_10,387.2178925406728,3976556.244819898,3981843.0559832933,0.13294948789626945,4.729578337101844,-2.8266725848880014e-08,-167.59317257032745,2.3415081272413916e-07,4.729578571252657,,idle=19.683; screen_margin=468.481
ch,eu-us-af-row-apac-ch/pf120_k050_a040,eu,2040,screen_grid_07_of_10,437.364998430883,3976556.244819898,3982724.1773830066,0.15510738899124368,4.729578334064682,-7.646947608463961e-08,-117.44606604157087,2.3415081272413916e-07,4.729578568215494,,idle=19.683; screen_margin=468.481
ch,eu-us-af-row-apac-ch/pf120_k050_a040,eu,2040,screen_grid_08_of_10,487.5121043210932,3976556.244819898,3983605.2987822844,0.17726529007526892,4.729578327834666,-1.768104880284227e-07,-67.29896023062895,2.3415081272413916e-07,4.729578561985479,,idle=19.683; screen_margin=468.481
ch,eu-us-af-row-apac-ch/pf120_k050_a040,eu,2040,screen_grid_09_of_10,537.6592102113034,3976556.244819898,3984486.4192793304,0.19942316847052208,4.7295778213065365,2.893756345656584e-08,-17.15185446512976,2.3415081272413916e-07,4.729578055457349,,idle=19.683; screen_margin=468.481
ch,eu-us-af-row-apac-ch/pf120_k050_a040,eu,2040,screen_grid_10_of_10,587.8063161015136,3976556.244819898,3976556.244819898,0.0,0.0,0.0,0.0,2.3415081272413916e-07,2.3415081272413916e-07,,idle=19.683; screen_margin=468.481
ch,eu-us-af-row-apac-ch/pf120_k050_a040,us,2040,screen_undercut_eps_1,158.09661046876585,3976556.244819898,3981875.501309357,0.13376540307679902,19.683406262564805,0.9606320162200319,-0.01968421790891739,2.3415081272413916e-07,19.68340649671562,,idle=19.683; screen_margin=72.761
ch,eu-us-af-row-apac-ch/pf120_k050_a040,us,2040,screen_undercut_eps_5,154.09661046876585,3976556.244819898,3981875.5015992927,0.1337654103679223,19.683407341134515,4.960632051912725,-0.019684206193403497,2.3415081272413916e-07,19.68340757528533,,idle=19.683; screen_margin=72.761
ch,eu-us-af-row-apac-ch/pf120_k050_a040,us,2040,screen_undercut_eps_20,139.09661046876585,3976556.244819898,3981875.5016222415,0.13376541094502264,19.68340740304471,19.96063207978621,-0.019684195322213327,2.3415081272413916e-07,19.683407637195526,,idle=19.683; screen_margin=72.761
ch,eu-us-af-row-apac-ch/pf120_k050_a040,us,2040,screen_grid_00_of_10,86.33525719941149,3976556.244819898,3981865.8312147176,0.13352222546169235,28.401923738585978,72.69582979859675,-0.028402762154087213,2.3415081272413916e-07,28.401923972736792,,idle=19.683; screen_margin=72.761
ch,eu-us-af-row-apac-ch/pf120_k050_a040,us,2040,screen_grid_01_of_10,131.88792227375336,3976556.244819898,3983341.2787764794,0.17062587673492247,28.401923455228633,27.143164669862315,-0.02840274027201417,2.3415081272413916e-07,28.401923689379448,,idle=19.683; screen_margin=72.761
ch,eu-us-af-row-apac-ch/pf120_k050_a040,us,2040,screen_grid_02_of_10,177.44058734809522,3976556.244819898,3976556.2448267215,1.7158904395753965e-10,1.6737091311213226e-07,-1.472609625352561e-07,-3.9242277694029326e-07,2.3415081272413916e-07,4.015217258362714e-07,,idle=19.683; screen_margin=72.761
ch,eu-us-af-row-apac-ch/pf120_k050_a040,us,2040,screen_grid_03_of_10,222.99325242243714,3976556.244819898,3976556.244871618,1.3006245775115003e-09,6.257796904574127e-08,-1.0368258074322512e-07,-5.203978332701809e-07,2.3415081272413916e-07,2.9672878176988043e-07,,idle=19.683; screen_margin=72.761
ch,eu-us-af-row-apac-ch/pf120_k050_a040,us,2040,screen_grid_04_of_10,268.545917496779,3976556.244819898,3976556.244816942,-7.433612577918937e-11,-2.74743011789922e-09,-9.830459646309464e-08,-5.205396007568197e-07,2.3415081272413916e-07,2.3140338260623994e-07,,idle=19.683; screen_margin=72.761
ch,eu-us-af-row-apac-ch/pf120_k050_a040,us,2040,screen_grid_05_of_10,314.09858257112086,3976556.244819898,3976556.2449140707,2.3681934563372058e-09,6.696459982276478e-08,-1.2439116403584194e-08,-4.37565972788434e-07,2.3415081272413916e-07,3.0111541254690394e-07,,idle=19.683; screen_margin=72.761
ch,eu-us-af-row-apac-ch/pf120_k050_a040,us,2040,screen_grid_06_of_10,359.6512476454628,3976556.244819898,3976556.2449184777,2.4790184554509816e-09,6.605410865424212e-08,9.462709726903995e-09,-4.089336584911507e-07,2.3415081272413916e-07,3.002049213783813e-07,,idle=19.683; screen_margin=72.761
ch,eu-us-af-row-apac-ch/pf120_k050_a040,us,2040,screen_grid_07_of_10,405.20391271980463,3976556.244819898,3976556.244990837,4.298660954636273e-09,1.2127892821631958e-07,9.415144575086742e-08,-2.830678624832217e-07,2.3415081272413916e-07,3.5542974094045873e-07,,idle=19.683; screen_margin=72.761
ch,eu-us-af-row-apac-ch/pf120_k050_a040,us,2040,screen_grid_08_of_10,450.7565777941465,3976556.244819898,3976556.2450419967,5.585198203963722e-09,1.5947298866072686e-07,1.5731303903976368e-07,-1.6637321209600486e-07,2.3415081272413916e-07,3.93623801384866e-07,,idle=19.683; screen_margin=72.761
ch,eu-us-af-row-apac-ch/pf120_k050_a040,us,2040,screen_grid_09_of_10,496.30924286848835,3976556.244819898,3976556.2449345035,2.8820237750305026e-09,9.047740347406979e-08,1.1448715042661206e-07,-1.0662682825568481e-07,2.3415081272413916e-07,3.2462821619820894e-07,,idle=19.683; screen_margin=72.761
ch,eu-us-af-row-apac-ch/pf120_k050_a040,us,2040,screen_grid_10_of_10,541.8619079428303,3976556.244819898,3976556.244819898,0.0,0.0,0.0,0.0,2.3415081272413916e-07,2.3415081272413916e-07,,idle=19.683; screen_margin=72.761
ch,eu-us-af-row-apac-ch/pf120_k050_a040,af,2040,screen_undercut_eps_1,503.4648437886309,3976556.244819898,3983885.5989998668,0.18431410820647262,4.7295776028591705,-3.392926402057128e-07,-0.9952704507956014,2.3415081272413916e-07,4.729577837009983,,idle=19.683; screen_margin=418.130
ch,eu-us-af-row-apac-ch/pf120_k050_a040,af,2040,screen_undercut_eps_5,499.4648437886309,3976556.244819898,3983815.3126012916,0.18254658891973463,4.729575441704198,4.3416530104423146e-07,-4.995273613164386,2.3415081272413916e-07,4.729575675855011,,idle=19.683; screen_margin=418.130
ch,eu-us-af-row-apac-ch/pf120_k050_a040,af,2040,screen_undercut_eps_20,484.4648437886309,3976556.244819898,3983551.7556108716,0.17591881920659894,4.729578043807893,2.2923276787878422e-07,-19.99527457257153,2.3415081272413916e-07,4.729578277958706,,idle=19.683; screen_margin=418.130
ch,eu-us-af-row-apac-ch/pf120_k050_a040,af,2040,screen_grid_00_of_10,86.33525719941149,3976556.244819898,3978322.737598204,0.04442267805483792,27.99999976488536,24.238921947851395,-393.8543476876996,2.3415081272413916e-07,27.999999999036174,,idle=19.683; screen_margin=418.130
ch,eu-us-af-row-apac-ch/pf120_k050_a040,af,2040,screen_grid_01_of_10,140.66149921741405,3976556.244819898,3983973.8653220693,0.1865337755962523,27.9999997649108,24.23892191874006,-339.52810569931864,2.3415081272413916e-07,27.999999999061615,,idle=19.683; screen_margin=418.130
ch,eu-us-af-row-apac-ch/pf120_k050_a040,af,2040,screen_grid_02_of_10,194.9877412354166,3976556.244819898,3989624.994001453,0.32864489716645634,27.999999750036327,24.238937405742703,-285.20184845891333,2.3415081272413916e-07,27.99999998418714,,idle=19.683; screen_margin=418.130
ch,eu-us-af-row-apac-ch/pf120_k050_a040,af,2040,screen_grid_03_of_10,249.31398325341917,3976556.244819898,3995276.1208257554,0.47075597208622133,27.999999760927384,24.238922700545544,-230.87562088592324,2.3415081272413916e-07,27.9999999950782,,idle=19.683; screen_margin=418.130
ch,eu-us-af-row-apac-ch/pf120_k050_a040,af,2040,screen_grid_04_of_10,303.64022527142174,3976556.244819898,3980374.5352085307,0.09602002721843808,4.729578417803628,-3.475114169759763e-07,-200.81988982137995,2.3415081272413916e-07,4.729578651954441,,idle=19.683; screen_margin=418.130
ch,eu-us-af-row-apac-ch/pf120_k050_a040,af,2040,screen_grid_05_of_10,357.9664672894243,3976556.244819898,3981329.0870368723,0.12002451174157329,4.729578322738073,-3.324809938476392e-07,-146.49364696301558,2.3415081272413916e-07,4.729578556888885,,idle=19.683; screen_margin=418.130
ch,eu-us-af-row-apac-ch/pf120_k050_a040,af,2040,screen_grid_06_of_10,412.2927093074269,3976556.244819898,3982283.6388836727,0.1440289967288994,4.729578301809862,-2.9925016065135424e-07,-92.16740497334615,2.3415081272413916e-07,4.729578535960674,,idle=19.683; screen_margin=418.130
ch,eu-us-af-row-apac-ch/pf120_k050_a040,af,2040,screen_grid_07_of_10,466.61895132542946,3976556.244819898,3983238.190591524,0.16803347822201778,4.729578235109893,-8.817198704491602e-08,-37.84116457062402,2.3415081272413916e-07,4.729578469260706,,idle=19.683; screen_margin=418.130
ch,eu-us-af-row-apac-ch/pf120_k050_a040,af,2040,screen_grid_08_of_10,520.9451933434319,3976556.244819898,3976556.244581403,-5.997524814677495e-09,-2.2048484983387782e-07,-3.5790542085578636e-07,5.77351670472126e-07,2.3415081272413916e-07,1.3665962890261321e-08,,idle=19.683; screen_margin=418.130
ch,eu-us-af-row-apac-ch/pf120_k050_a040,af,2040,screen_grid_09_of_10,575.2714353614346,3976556.244819898,3976556.2445631027,-6.457734289019358e-09,-2.3179717282342763e-07,-3.5801321018880117e-07,5.855272320332006e-07,2.3415081272413916e-07,2.3536399007115177e-09,,idle=19.683; screen_margin=418.130
ch,eu-us-af-row-apac-ch/pf120_k050_a040,af,2040,screen_grid_10_of_10,629.5976773794371,3976556.244819898,3976556.244819898,0.0,0.0,0.0,0.0,2.3415081272413916e-07,2.3415081272413916e-07,,idle=19.683; screen_margin=418.130
ch,eu-us-af-row-apac-ch/pf120_k050_a040,row,2040,screen_undercut_eps_1,382.07177386432664,3976556.244819898,3981752.6313774185,0.13067554531108402,4.729575089965779,-6.059481449938176e-08,-0.9952721988246367,2.3415081272413916e-07,4.729575324116592,,idle=19.683; screen_margin=296.737
ch,eu-us-af-row-apac-ch/pf120_k050_a040,row,2040,screen_undercut_eps_5,378.07177386432664,3976556.244819898,3981682.3509035595,0.12890817501547708,4.729577299488582,1.460996514879298e-07,-4.995272531022124,2.3415081272413916e-07,4.729577533639395,,idle=19.683; screen_margin=296.737
ch,eu-us-af-row-apac-ch/pf120_k050_a040,row,2040,screen_undercut_eps_20,363.07177386432664,3976556.244819898,3981418.7909015357,0.12228032956837323,4.7295782172780845,-2.3393687342831981e-07,-19.995271171569925,2.3415081272413916e-07,4.729578451428897,,idle=19.683; screen_margin=296.737
ch,eu-us-af-row-apac-ch/pf120_k050_a040,row,2040,screen_grid_00_of_10,86.33525719941149,3976556.244819898,3982858.043380556,0.1584737690776311,28.401923921921547,86.26448689133392,-210.43490907164593,2.3415081272413916e-07,28.40192415607236,,idle=19.683; screen_margin=296.737
ch,eu-us-af-row-apac-ch/pf120_k050_a040,row,2040,screen_grid_01_of_10,159.79687546607965,3976556.244819898,3982867.7138246773,0.15871695548128667,19.68340740420233,12.829024019736181,-210.42619062256242,2.3415081272413916e-07,19.683407638353145,,idle=19.683; screen_margin=296.737
ch,eu-us-af-row-apac-ch/pf120_k050_a040,row,2040,screen_grid_02_of_10,233.25849373274787,3976556.244819898,3979137.876582591,0.06492129379675426,4.729578362325999,3.618621065015759e-07,-149.80855075195953,2.3415081272413916e-07,4.729578596476811,,idle=19.683; screen_margin=296.737
ch,eu-us-af-row-apac-ch/pf120_k050_a040,row,2040,screen_grid_03_of_10,306.720111999416,3976556.244819898,3980428.650987485,0.09738089767072274,4.729578277183254,3.4182207286903576e-07,-76.34693175660618,2.3415081272413916e-07,4.729578511334067,,idle=19.683; screen_margin=296.737
ch,eu-us-af-row-apac-ch/pf120_k050_a040,row,2040,screen_grid_04_of_10,380.18173026608423,3976556.244819898,3981719.4236740274,0.12984045833263758,4.729576641607621,2.462986543605439e-07,-2.885315858858746,2.3415081272413916e-07,4.7295768757584336,,idle=19.683; screen_margin=296.737
ch,eu-us-af-row-apac-ch/pf120_k050_a040,row,2040,screen_grid_05_of_10,453.6433485327524,3976556.244819898,3976556.244731782,-2.215891053708955e-09,-9.608884032208982e-08,-2.2243260389132047e-07,-1.001544376322272e-06,2.3415081272413916e-07,1.3806197240204934e-07,,idle=19.683; screen_margin=296.737
ch,eu-us-af-row-apac-ch/pf120_k050_a040,row,2040,screen_grid_06_of_10,527.1049667994206,3976556.244819898,3976556.244667811,-3.824598355405189e-09,-1.502036213308154e-07,-2.7095654786535306e-07,-4.188588036413421e-07,2.3415081272413916e-07,8.394719139332377e-08,,idle=19.683; screen_margin=296.737
ch,eu-us-af-row-apac-ch/pf120_k050_a040,row,2040,screen_grid_07_of_10,600.5665850660887,3976556.244819898,3976556.2446366698,-4.607715622494554e-09,-1.7593603253680364e-07,-2.9906846066296566e-07,-1.079247908819525e-07,2.3415081272413916e-07,5.821478018733552e-08,,idle=19.683; screen_margin=296.737
ch,eu-us-af-row-apac-ch/pf120_k050_a040,row,2040,screen_grid_08_of_10,674.0282033327569,3976556.244819898,3976556.2446311284,-4.747066582918681e-09,-1.806097990986779e-07,-3.0357044522588694e-07,-5.3182418469077675e-08,2.3415081272413916e-07,5.354101362546126e-08,,idle=19.683; screen_margin=296.737
ch,eu-us-af-row-apac-ch/pf120_k050_a040,row,2040,screen_grid_09_of_10,747.4898215994251,3976556.244819898,3976556.2446033345,-5.446011185845977e-09,-2.0259090772951575e-07,-3.3008375055487704e-07,2.0225678554197657e-07,2.3415081272413916e-07,3.155990499462341e-08,,idle=19.683; screen_margin=296.737
ch,eu-us-af-row-apac-ch/pf120_k050_a040,row,2040,screen_grid_10_of_10,820.9514398660932,3976556.244819898,3976556.244819898,0.0,0.0,0.0,0.0,2.3415081272413916e-07,2.3415081272413916e-07,,idle=19.683; screen_margin=296.737
eu,eu-us-af-row-apac-ch/pf120_k050_a040,us,2025,screen_undercut_eps_1,439.7448279596384,1796835.4960062334,1798942.9627525068,0.1172876844295233,2.9999990662719944,-2.22487415157957e-08,-0.9970000064760143,9.373488317781229e-07,3.0000000036208263,,idle=7.000; screen_margin=141.495
eu,eu-us-af-row-apac-ch/pf120_k050_a040,us,2025,screen_undercut_eps_5,435.7448279596384,1796835.4960062334,1798882.9681821396,0.11394878276041563,3.000005661273298,1.2019353334835614e-07,-4.997001366736981,9.373488317781229e-07,3.00000659862213,,idle=7.000; screen_margin=141.495
eu,eu-us-af-row-apac-ch/pf120_k050_a040,us,2025,screen_undercut_eps_20,420.7448279596384,1796835.4960062334,1798657.9638126267,0.10142652515736801,3.00000095339404,1.5973412246239604e-06,-19.996999079974046,9.373488317781229e-07,3.000001890742872,,idle=7.000; screen_margin=141.495
eu,eu-us-af-row-apac-ch/pf120_k050_a040,us,2025,screen_grid_00_of_10,299.25,1796835.4960062334,1795968.925353738,-0.048227600936283206,6.999999167735356,3.2709999691181793,-138.21682795858493,9.373488317781229e-07,7.000000105084188,,idle=7.000; screen_margin=141.495
eu,eu-us-af-row-apac-ch/pf120_k050_a040,us,2025,screen_grid_01_of_10,330.8312943653007,1796835.4960062334,1797309.2598439895,0.02636656715704596,2.999999193466551,-1.703097041172441e-08,-109.91053362513759,9.373488317781229e-07,3.000000130815383,,idle=7.000; screen_margin=141.495
eu,eu-us-af-row-apac-ch/pf120_k050_a040,us,2025,screen_grid_02_of_10,362.4125887306014,1796835.4960062334,1797782.9841353786,0.05273093342441105,3.0000052253346707,7.173707103902416e-07,-78.32923981738446,9.373488317781229e-07,3.0000061626835026,,idle=7.000; screen_margin=141.495
eu,eu-us-af-row-apac-ch/pf120_k050_a040,us,2025,screen_grid_03_of_10,393.9938830959021,1796835.4960062334,1798256.7010636872,0.07909488991132996,3.000002512437404,1.3389579294198484e-06,-46.74794445477971,9.373488317781229e-07,3.000003449786236,,idle=7.000; screen_margin=141.495
eu,eu-us-af-row-apac-ch/pf120_k050_a040,us,2025,screen_grid_04_of_10,425.57517746120277,1796835.4960062334,1798730.418882941,0.10545889598236974,3.0000007086116924,1.49593250853286e-06,-15.166649603118174,9.373488317781229e-07,3.0000016459605243,,idle=7.000; screen_margin=141.495
eu,eu-us-af-row-apac-ch/pf120_k050_a040,us,2025,screen_grid_05_of_10,457.1564718265035,1796835.4960062334,1796835.4961164703,6.135059559539852e-09,1.601971862979209e-07,3.4060235520883e-08,-1.9560502551030368e-08,9.373488317781229e-07,1.0975460180760438e-06,,idle=7.000; screen_margin=141.495
eu,eu-us-af-row-apac-ch/pf120_k050_a040,us,2025,screen_grid_06_of_10,488.7377661918042,1796835.4960062334,1796835.4960142223,4.4460859454347403e-10,-1.6399360090517828e-08,-1.3861779279977782e-08,-1.601943040441256e-07,9.373488317781229e-07,9.209494716876051e-07,,idle=7.000; screen_margin=141.495
eu,eu-us-af-row-apac-ch/pf120_k050_a040,us,2025,screen_grid_07_of_10,520.3190605571049,1796835.4960062334,1796835.4960014662,-2.6531128973180317e-10,-3.143893502302852e-08,-1.6464184682263294e-08,1.3997123460285366e-08,9.373488317781229e-07,9.059098967550944e-07,,idle=7.000; screen_margin=141.495
eu,eu-us-af-row-apac-ch/pf120_k050_a040,us,2025,screen_grid_08_of_10,551.9003549224055,1796835.4960062334,1796835.4960025817,-2.032303916070135e-10,-1.861732576985287e-08,-9.986422355723334e-09,9.222048902302049e-09,9.373488317781229e-07,9.1873150600827e-07,,idle=7.000; screen_margin=141.495
eu,eu-us-af-row-apac-ch/pf120_k050_a040,us,2025,screen_grid_09_of_10,583.4816492877063,1796835.4960062334,1796835.4960045032,-9.62895332843482e-11,-8.083496237677372e-09,-4.467040071176598e-09,3.619959443312837e-09,9.373488317781229e-07,9.292653355404455e-07,,idle=7.000; screen_margin=141.495
eu,eu-us-af-row-apac-ch/pf120_k050_a040,us,2025,screen_grid_10_of_10,615.062943653007,1796835.4960062334,1796835.4960062334,0.0,0.0,0.0,0.0,9.373488317781229e-07,9.373488317781229e-07,,idle=7.000; screen_margin=141.495
eu,eu-us-af-row-apac-ch/pf120_k050_a040,af,2025,screen_undercut_eps_1,476.00906837048535,1796835.4960062334,1802668.7554464482,0.3246407060178982,6.599992104634129,1.73539308434556e-06,-0.9933987980579673,9.373488317781229e-07,6.599993041982961,,idle=7.000; screen_margin=177.759
eu,eu-us-af-row-apac-ch/pf120_k050_a040,af,2025,screen_undercut_eps_5,472.00906837048535,1796835.4960062334,1802536.7548437968,0.31729442401574603,6.599999039858604,2.601877304186928e-05,-4.993375286145579,9.373488317781229e-07,6.599999977207435,,idle=7.000; screen_margin=177.759
eu,eu-us-af-row-apac-ch/pf120_k050_a040,af,2025,screen_undercut_eps_20,457.00906837048535,1796835.4960062334,1802041.7616577477,0.28974637150067895,6.599999208617496,2.1373676304392575e-06,-19.993398478237737,9.373488317781229e-07,6.600000145966328,,idle=7.000; screen_margin=177.759
eu,eu-us-af-row-apac-ch/pf120_k050_a040,af,2025,screen_grid_00_of_10,299.25,1796835.4960062334,1795384.3282099622,-0.08076241812322926,9.599999352282374,5.477576181765357,-172.26929217117868,9.373488317781229e-07,9.600000289631206,,idle=7.000; screen_margin=177.759
eu,eu-us-af-row-apac-ch/pf120_k050_a040,af,2025,screen_grid_01_of_10,317.2393495858716,1796835.4960062334,1796247.8167419822,-0.03270634766273028,9.599999181357768,5.477577160677583,-154.27994160376153,9.373488317781229e-07,9.6000001187066,,idle=7.000; screen_margin=177.759
eu,eu-us-af-row-apac-ch/pf120_k050_a040,af,2025,screen_grid_02_of_10,335.2286991717432,1796835.4960062334,1797111.3054458469,0.015349732361505343,9.599999104156517,5.477577457955306,-136.29059171600585,9.373488317781229e-07,9.600000041505348,,idle=7.000; screen_margin=177.759
eu,eu-us-af-row-apac-ch/pf120_k050_a040,af,2025,screen_grid_03_of_10,353.21804875761484,1796835.4960062334,1797974.7941785797,0.0634058139923547,9.599999070082,5.477577644806786,-118.30124194484478,9.373488317781229e-07,9.60000000743083,,idle=7.000; screen_margin=177.759
eu,eu-us-af-row-apac-ch/pf120_k050_a040,af,2025,screen_grid_04_of_10,371.20739834348643,1796835.4960062334,1798838.283313482,0.11146191800530503,9.599999159880964,5.477576017365891,-100.31189386001097,9.373488317781229e-07,9.600000097229795,,idle=7.000; screen_margin=177.759
eu,eu-us-af-row-apac-ch/pf120_k050_a040,af,2025,screen_grid_05_of_10,389.196747929358,1796835.4960062334,1799701.77156614,0.1595179729183551,9.599998318768568,5.477576306641254,-82.32254429826781,9.373488317781229e-07,9.5999992561174,,idle=7.000; screen_margin=177.759
eu,eu-us-af-row-apac-ch/pf120_k050_a040,af,2025,screen_grid_06_of_10,407.1860975152296,1796835.4960062334,1800397.6040712695,0.1982434158805024,6.599999234319012,1.2599610954566742e-06,-69.81636963805516,9.373488317781229e-07,6.600000171667843,,idle=7.000; screen_margin=177.759
eu,eu-us-af-row-apac-ch/pf120_k050_a040,af,2025,screen_grid_07_of_10,425.1754471011012,1796835.4960062334,1800991.2526162476,0.23128197429598343,6.600000206232454,2.2623646600550273e-06,-51.8270206837808,9.373488317781229e-07,6.600001143581285,,idle=7.000; screen_margin=177.759
eu,eu-us-af-row-apac-ch/pf120_k050_a040,af,2025,screen_grid_08_of_10,443.16479668697286,1796835.4960062334,1801584.9008565815,0.2643205157569781,6.599999388312782,2.054801711892651e-06,-33.83767042756364,9.373488317781229e-07,6.600000325661614,,idle=7.000; screen_margin=177.759
eu,eu-us-af-row-apac-ch/pf120_k050_a040,af,2025,screen_grid_09_of_10,461.15414627284446,1796835.4960062334,1802178.5491980577,0.29735906284688707,6.599999095115424,2.0758678829224664e-06,-15.848320364168444,9.373488317781229e-07,6.600000032464256,,idle=7.000; screen_margin=177.759
eu,eu-us-af-row-apac-ch/pf120_k050_a040,af,2025,screen_grid_10_of_10,479.14349585871605,1796835.4960062334,1796835.4960062334,0.0,0.0,0.0,0.0,9.373488317781229e-07,9.373488317781229e-07,,idle=7.000; screen_margin=177.759
us,eu-us-af-row-apac-ch/pf120_k050_a040,eu,2040,screen_undercut_eps_1,560.5367942243489,725520.3158860112,728636.0171785941,0.42944370052242914,5.608298458525951e-06,-7.074410461882508e-07,-0.9952708517009796,4.729572700367776,4.729578308666235,,idle=17.275; screen_margin=391.382
us,eu-us-af-row-apac-ch/pf120_k050_a040,eu,2040,screen_undercut_eps_5,556.5367942243489,725520.3158860112,728565.7346806609,0.4197565151474171,5.803587082020556e-06,-7.717672474427673e-07,-4.995270782054149,4.729572700367776,4.729578503954858,,idle=17.275; screen_margin=391.382
us,eu-us-af-row-apac-ch/pf120_k050_a040,eu,2040,screen_undercut_eps_20,541.5367942243489,725520.3158860112,728302.1736009805,0.3834293339631832,5.903299616250024e-06,-5.561375076013064e-07,-19.9952723075088,4.729572700367776,4.729578603667393,,idle=17.275; screen_margin=391.382
us,eu-us-af-row-apac-ch/pf120_k050_a040,eu,2040,screen_grid_00_of_10,170.1546096644843,725520.3158860112,730932.8085084276,0.7460153084488848,33.048313080623196,111.96839621091979,-279.3602358532523,4.729572700367776,37.77788578099097,,idle=17.275; screen_margin=391.382
us,eu-us-af-row-apac-ch/pf120_k050_a040,eu,2040,screen_grid_01_of_10,217.2837050129504,725520.3158860112,735638.9897930437,1.3946782309845402,22.161918026522507,111.95750980512193,-232.26379970206273,4.729572700367776,26.891490726890282,,idle=17.275; screen_margin=391.382
us,eu-us-af-row-apac-ch/pf120_k050_a040,eu,2040,screen_grid_02_of_10,264.41280036141654,725520.3158860112,736568.6240720357,1.5228116903290496,17.274503693506215,86.66874704593809,-210.43324221009988,4.729572700367776,22.00407639387399,,idle=17.275; screen_margin=391.382
us,eu-us-af-row-apac-ch/pf120_k050_a040,eu,2040,screen_grid_03_of_10,311.5418957098827,725520.3158860112,736568.6241135696,1.5228116960537632,17.274503591881455,39.53965203815949,-210.43324165274743,4.729572700367776,22.00407629224923,,idle=17.275; screen_margin=391.382
us,eu-us-af-row-apac-ch/pf120_k050_a040,eu,2040,screen_grid_04_of_10,358.6709910583488,725520.3158860112,725089.0876872098,-0.059437094917842624,5.9167470114473986e-06,-8.081829889761138e-07,-202.8610741197844,4.729572700367776,4.729578617114788,,idle=17.275; screen_margin=391.382
us,eu-us-af-row-apac-ch/pf120_k050_a040,eu,2040,screen_grid_05_of_10,405.8000864068149,725520.3158860112,725917.1803834644,0.054700673263512,5.866529303233392e-06,-6.8580430934162e-07,-155.73197824956168,4.729572700367776,4.72957856689708,,idle=17.275; screen_margin=391.382
us,eu-us-af-row-apac-ch/pf120_k050_a040,eu,2040,screen_grid_06_of_10,452.9291817552811,725520.3158860112,726745.2731214293,0.1688384471938735,5.870268680929769e-06,-7.163258430864516e-07,-108.60288287602236,4.729572700367776,4.729578570636457,,idle=17.275; screen_margin=391.382
us,eu-us-af-row-apac-ch/pf120_k050_a040,eu,2040,screen_grid_07_of_10,500.0582771037472,725520.3158860112,727573.3658620612,0.2829762214918436,5.879704883859915e-06,-7.350468536060362e-07,-61.473788027707656,4.729572700367776,4.72957858007266,,idle=17.275; screen_margin=391.382
us,eu-us-af-row-apac-ch/pf120_k050_a040,eu,2040,screen_grid_08_of_10,547.1873724522133,725520.3158860112,728401.4578992259,0.3971138988294451,5.658675116926304e-06,-5.195142875891179e-07,-14.34469258830677,4.729572700367776,4.729578359042893,,idle=17.275; screen_margin=391.382
us,eu-us-af-row-apac-ch/pf120_k050_a040,eu,2040,screen_grid_09_of_10,594.3164678006794,725520.3158860112,725520.3205424327,6.418044242636886e-07,5.836764781719239e-06,-7.939710542359535e-07,4.911163387077977e-07,4.729572700367776,4.729578537132558,,idle=17.275; screen_margin=391.382
us,eu-us-af-row-apac-ch/pf120_k050_a040,eu,2040,screen_grid_10_of_10,641.4455631491455,725520.3158860112,725520.3158860112,0.0,0.0,0.0,0.0,4.729572700367776,4.729572700367776,,idle=17.275; screen_margin=391.382
us,eu-us-af-row-apac-ch/pf120_k050_a040,af,2040,screen_undercut_eps_1,499.7648437886309,725520.3158860112,727568.2098407911,0.28226555617245974,5.732448427053782e-06,-7.665675241241843e-07,-0.9952705915072784,4.729572700367776,4.729578432816203,,idle=17.275; screen_margin=330.610
us,eu-us-af-row-apac-ch/pf120_k050_a040,af,2040,screen_undercut_eps_5,495.7648437886309,725520.3158860112,727497.927069755,0.27257833315511404,5.835262211206782e-06,-7.956323599955795e-07,-4.995270486176594,4.729572700367776,4.7295785356299875,,idle=17.275; screen_margin=330.610
us,eu-us-af-row-apac-ch/pf120_k050_a040,af,2040,screen_undercut_eps_20,480.7648437886309,725520.3158860112,727234.3658051711,0.23625112648522303,5.789859478966264e-06,-4.300713953853119e-07,-19.995273960664292,4.729572700367776,4.729578490227255,,idle=17.275; screen_margin=330.610
us,eu-us-af-row-apac-ch/pf120_k050_a040,af,2040,screen_grid_00_of_10,170.1546096644843,725520.3158860112,730930.7539495834,0.7457321242569053,23.270427130635465,111.95861742093754,-218.61762005679384,4.729572700367776,27.99999983100324,,idle=17.275; screen_margin=330.610
us,eu-us-af-row-apac-ch/pf120_k050_a040,af,2040,screen_grid_01_of_10,205.49685839207376,725520.3158860112,731600.7139127756,0.8380741233054186,17.274503521409223,84.8127398298229,-210.43324069218409,4.729572700367776,22.004076221776998,,idle=17.275; screen_margin=330.610
us,eu-us-af-row-apac-ch/pf120_k050_a040,af,2040,screen_grid_02_of_10,240.8391071196632,725520.3158860112,731600.7138947936,0.8380741208269249,17.274503539753717,49.470491392039406,-210.43324053380815,4.729572700367776,22.004076240121492,,idle=17.275; screen_margin=330.610
us,eu-us-af-row-apac-ch/pf120_k050_a040,af,2040,screen_grid_03_of_10,276.1813558472527,725520.3158860112,731600.713562881,0.8380740750787014,17.274503083445346,14.12824107555386,-210.43324198290713,4.729572700367776,22.00407578381312,,idle=17.275; screen_margin=330.610
us,eu-us-af-row-apac-ch/pf120_k050_a040,af,2040,screen_grid_04_of_10,311.5236045748421,725520.3158860112,724260.6735120394,-0.17361917321827006,6.068422385041572e-06,-6.061168846827059e-07,-189.2365121159777,4.729572700367776,4.729578768790161,,idle=17.275; screen_margin=330.610
us,eu-us-af-row-apac-ch/pf120_k050_a040,af,2040,screen_grid_05_of_10,346.86585330243156,725520.3158860112,724881.6627383537,-0.08802691443279434,5.860072086250057e-06,-7.522691305439366e-07,-153.89426095025243,4.729572700367776,4.729578560439863,,idle=17.275; screen_margin=330.610
us,eu-us-af-row-apac-ch/pf120_k050_a040,af,2040,screen_grid_06_of_10,382.20810203002105,725520.3158860112,725502.6517496306,-0.0024346852863912027,5.954568536026272e-06,-6.787311974676413e-07,-118.55201593265434,4.729572700367776,4.729578654936312,,idle=17.275; screen_margin=330.610
us,eu-us-af-row-apac-ch/pf120_k050_a040,af,2040,screen_grid_07_of_10,417.55035075761054,725520.3158860112,726123.6411483588,0.08315759726325511,5.850693579390054e-06,-7.970712374572031e-07,-83.20976347916775,4.729572700367776,4.729578551061356,,idle=17.275; screen_margin=330.610
us,eu-us-af-row-apac-ch/pf120_k050_a040,af,2040,screen_grid_08_of_10,452.8925994852,725520.3158860112,726744.630327403,0.168749849533378,5.851665613398893e-06,-7.647608128991124e-07,-47.86751495783045,4.729572700367776,4.72957855203339,,idle=17.275; screen_margin=330.610
us,eu-us-af-row-apac-ch/pf120_k050_a040,af,2040,screen_grid_09_of_10,488.2348482127894,725520.3158860112,727365.6192663141,0.25434206870545767,5.899875698212043e-06,-5.409809205048077e-07,-12.525268353536148,4.729572700367776,4.7295786002434745,,idle=17.275; screen_margin=330.610
us,eu-us-af-row-apac-ch/pf120_k050_a040,af,2040,screen_grid_10_of_10,523.5770969403789,725520.3158860112,725520.3158860112,0.0,0.0,0.0,0.0,4.729572700367776,4.729572700367776,,idle=17.275; screen_margin=330.610
apac,eu-us-af-row-apac-ch/pf120_k050_a040,eu,2030,screen_undercut_eps_1,519.7684024457986,1118235.433752567,1168200.214659807,4.46818079620036,27.778166649827536,0.9444436215910059,-0.027778402898320564,9.0160472385118e-09,27.778166658843585,,idle=27.778; screen_margin=397.211
apac,eu-us-af-row-apac-ch/pf120_k050_a040,eu,2030,screen_undercut_eps_5,515.7684024457986,1118235.433752567,1168200.219108774,4.468181194056386,27.778169034742206,4.9444436964841,-0.027778241835221706,9.0160472385118e-09,27.778169043758254,,idle=27.778; screen_margin=397.211
apac,eu-us-af-row-apac-ch/pf120_k050_a040,eu,2030,screen_undercut_eps_20,500.76840244579864,1118235.433752567,1168200.220774913,4.468181343053532,27.77816989685474,19.944443699605202,-0.027778203453408423,9.0160472385118e-09,27.77816990587079,,idle=27.778; screen_margin=397.211
apac,eu-us-af-row-apac-ch/pf120_k050_a040,eu,2030,screen_grid_00_of_10,123.55706235501908,1118235.433752567,1141479.1202332636,2.0786040022623444,60.59103080000889,184.6669982646328,-212.45093793042344,9.0160472385118e-09,60.591030809024936,,idle=27.778; screen_margin=397.211
apac,eu-us-af-row-apac-ch/pf120_k050_a040,eu,2030,screen_grid_01_of_10,167.7359672402796,1118235.433752567,1153601.6268970065,3.162678634297775,60.59103089722744,184.66699825641336,-168.2720330287891,9.0160472385118e-09,60.59103090624349,,idle=27.778; screen_margin=397.211
apac,eu-us-af-row-apac-ch/pf120_k050_a040,eu,2030,screen_grid_02_of_10,211.91487212554011,1118235.433752567,1165724.1336287472,4.246753272414011,60.59103078354202,184.6669982647142,-124.0931281590012,9.0160472385118e-09,60.591030792558065,,idle=27.778; screen_margin=397.211
apac,eu-us-af-row-apac-ch/pf120_k050_a040,eu,2030,screen_grid_03_of_10,256.09377701080064,1118235.433752567,1177846.6403237067,5.33082790724103,60.59103077486328,184.66699826501912,-79.91422327437118,9.0160472385118e-09,60.591030783879326,,idle=27.778; screen_margin=397.211
apac,eu-us-af-row-apac-ch/pf120_k050_a040,eu,2030,screen_grid_04_of_10,300.27268189606116,1118235.433752567,1189969.1469538414,6.414902536270996,60.591030726857184,184.66699825317824,-35.73531839653913,9.0160472385118e-09,60.59103073587323,,idle=27.778; screen_margin=397.211
apac,eu-us-af-row-apac-ch/pf120_k050_a040,eu,2030,screen_grid_05_of_10,344.45158678132174,1118235.433752567,1168200.2210403217,4.468181366788137,27.77816999127731,176.26125931056117,-0.027778186471209665,9.0160472385118e-09,27.778170000293358,,idle=27.778; screen_margin=397.211
apac,eu-us-af-row-apac-ch/pf120_k050_a040,eu,2030,screen_grid_06_of_10,388.6304916665822,1118235.433752567,1168200.221022506,4.468181365194937,27.778169973682488,132.0823544267634,-0.027778185625265905,9.0160472385118e-09,27.778169982698536,,idle=27.778; screen_margin=397.211
apac,eu-us-af-row-apac-ch/pf120_k050_a040,eu,2030,screen_grid_07_of_10,432.8093965518427,1118235.433752567,1168200.2210166878,4.468181364674634,27.77816997045261,87.90344954321564,-0.02777818517643027,9.0160472385118e-09,27.778169979468657,,idle=27.778; screen_margin=397.211
apac,eu-us-af-row-apac-ch/pf120_k050_a040,eu,2030,screen_grid_08_of_10,476.98830143710325,1118235.433752567,1168200.2209902124,4.468181362307028,27.778169966002793,43.7245446700032,-0.027778185459169435,9.0160472385118e-09,27.77816997501884,,idle=27.778; screen_margin=397.211
apac,eu-us-af-row-apac-ch/pf120_k050_a040,eu,2030,screen_grid_09_of_10,521.1672063223638,1118235.433752567,1118235.4346445936,7.977091011499606e-08,5.022465304447542e-07,6.401222663043882e-09,5.2500126912491396e-08,9.0160472385118e-09,5.11262577683266e-07,,idle=27.778; screen_margin=397.211
apac,eu-us-af-row-apac-ch/pf120_k050_a040,eu,2030,screen_grid_10_of_10,565.3461112076244,1118235.433752567,1118235.4337525668,-2.0821254328575342e-14,-1.6306938411725062e-13,-5.684341886080802e-14,-1.1368683772161603e-13,9.0160472385118e-09,9.015884169127683e-09,,idle=27.778; screen_margin=397.211
apac,eu-us-af-row-apac-ch/pf120_k050_a040,us,2030,screen_undercut_eps_1,447.75816948764094,1118235.433752567,1126401.4114051529,0.7302556694329118,5.5618221549277935,1.0007283890445251e-08,-0.9944381833089437,9.0160472385118e-09,5.561822163943841,,idle=27.778; screen_margin=325.201
apac,eu-us-af-row-apac-ch/pf120_k050_a040,us,2030,screen_undercut_eps_5,443.75816948764094,1118235.433752567,1126300.6622379718,0.7212460133139859,5.561822936558371,3.764543521356245e-08,-4.994438383554552,9.0160472385118e-09,5.561822945574418,,idle=27.778; screen_margin=325.201
apac,eu-us-af-row-apac-ch/pf120_k050_a040,us,2030,screen_undercut_eps_20,428.75816948764094,1118235.433752567,1158279.3249174342,3.580989294042327,27.778169771163157,13.090802393789446,-6.881419534019926,9.0160472385118e-09,27.778169780179205,,idle=27.778; screen_margin=325.201
apac,eu-us-af-row-apac-ch/pf120_k050_a040,us,2030,screen_grid_00_of_10,123.55706235501908,1118235.433752567,1141479.1201932307,2.078603998682338,60.591030860024254,184.66699825050836,-140.44070497134453,9.0160472385118e-09,60.5910308690403,,idle=27.778; screen_margin=325.201
apac,eu-us-af-row-apac-ch/pf120_k050_a040,us,2030,screen_grid_01_of_10,168.694189010335,1118235.433752567,1153864.5589786943,3.1861917580775665,60.59103078211245,184.66699826031322,-95.30357832061424,9.0160472385118e-09,60.591030791128496,,idle=27.778; screen_margin=325.201
apac,eu-us-af-row-apac-ch/pf120_k050_a040,us,2030,screen_grid_02_of_10,213.83131566565095,1118235.433752567,1166249.9977188192,4.293779513418314,60.59103077457924,184.66699826327454,-50.16645166187948,9.0160472385118e-09,60.591030783595286,,idle=27.778; screen_margin=325.201
apac,eu-us-af-row-apac-ch/pf120_k050_a040,us,2030,screen_grid_03_of_10,258.96844232096686,1118235.433752567,1158279.3254427703,3.5809893410213443,27.778170265986745,182.8805296433984,-6.881419440090667,9.0160472385118e-09,27.778170275002793,,idle=27.778; screen_margin=325.201
apac,eu-us-af-row-apac-ch/pf120_k050_a040,us,2030,screen_grid_04_of_10,304.10556897628277,1118235.433752567,1158279.3253171337,3.5809893297860915,27.77817009448688,137.7434028737116,-6.881419559332016,9.0160472385118e-09,27.77817010350293,,idle=27.778; screen_margin=325.201
apac,eu-us-af-row-apac-ch/pf120_k050_a040,us,2030,screen_grid_05_of_10,349.2426956315987,1118235.433752567,1158279.3252792286,3.58098932639637,27.778169977256233,92.6062761089048,-6.881419591839631,9.0160472385118e-09,27.77816998627228,,idle=27.778; screen_margin=325.201
apac,eu-us-af-row-apac-ch/pf120_k050_a040,us,2030,screen_grid_06_of_10,394.3798222869146,1118235.433752567,1158279.3252320562,3.580989322177901,27.778169967687738,47.469149539324505,-6.881419550874398,9.0160472385118e-09,27.778169976703786,,idle=27.778; screen_margin=325.201
apac,eu-us-af-row-apac-ch/pf120_k050_a040,us,2030,screen_grid_07_of_10,439.5169489422305,1118235.433752567,1158279.3222329,3.5809890539735356,27.778167991645617,2.332022560116357,-6.88141992684109,9.0160472385118e-09,27.778168000661665,,idle=27.778; screen_margin=325.201
apac,eu-us-af-row-apac-ch/pf120_k050_a040,us,2030,screen_grid_08_of_10,484.65407559754647,1118235.433752567,1118235.4337571922,4.136142172371492e-10,3.2438349026098684e-09,5.5933924159035087e-11,-7.429321158269886e-09,9.0160472385118e-09,1.2259882141121669e-08,,idle=27.778; screen_margin=325.201
apac,eu-us-af-row-apac-ch/pf120_k050_a040,us,2030,screen_grid_09_of_10,529.7912022528624,1118235.433752567,1118235.433755834,2.9214301948424063e-10,2.8038331241767137e-09,5.891394039281295e-10,2.0780362319783308e-08,9.0160472385118e-09,1.1819880362688514e-08,,idle=27.778; screen_margin=325.201
apac,eu-us-af-row-apac-ch/pf120_k050_a040,us,2030,screen_grid_10_of_10,574.9283289081783,1118235.433752567,1118235.433752567,0.0,0.0,0.0,0.0,9.0160472385118e-09,9.0160472385118e-09,,idle=27.778; screen_margin=325.201
apac,eu-us-af-row-apac-ch/pf120_k050_a040,af,2030,screen_undercut_eps_1,551.379653923124,1118235.433752567,1129011.3852657375,0.963656774585351,5.5618224795077165,3.0404123663174687e-09,-0.994438193818155,9.0160472385118e-09,5.561822488523764,,idle=27.778; screen_margin=428.823
apac,eu-us-af-row-apac-ch/pf120_k050_a040,af,2030,screen_undercut_eps_5,547.379653923124,1118235.433752567,1128910.6351986825,0.9546470379937555,5.561822602835792,1.4306280604614585e-08,-4.994438331377637,9.0160472385118e-09,5.56182261185184,,idle=27.778; screen_margin=428.823
apac,eu-us-af-row-apac-ch/pf120_k050_a040,af,2030,screen_undercut_eps_20,532.379653923124,1118235.433752567,1133240.5967883726,1.341860808814772,8.10453458018966,8.747730362301809e-08,-19.991895485301598,9.0160472385118e-09,8.104534589205707,,idle=27.778; screen_margin=428.823
apac,eu-us-af-row-apac-ch/pf120_k050_a040,af,2030,screen_grid_00_of_10,123.55706235501908,1118235.433752567,1118236.3215193585,7.93899714417419e-05,14.00000015953557,3.3335780358356715e-07,-428.8085922571157,9.0160472385118e-09,14.000000168551617,,idle=27.778; screen_margin=428.823
apac,eu-us-af-row-apac-ch/pf120_k050_a040,af,2030,screen_grid_01_of_10,173.1228306429804,1118235.433752567,1121378.8485295281,0.2811049160204516,14.000000140825337,3.265231356408549e-07,-379.24282395122725,9.0160472385118e-09,14.000000149841384,,idle=27.778; screen_margin=428.823
apac,eu-us-af-row-apac-ch/pf120_k050_a040,af,2030,screen_grid_02_of_10,222.68859893094174,1118235.433752567,1124521.375523976,0.5621304406635271,14.000000116489053,3.123194005638652e-07,-329.6770557532106,9.0160472385118e-09,14.0000001255051,,idle=27.778; screen_margin=428.823
apac,eu-us-af-row-apac-ch/pf120_k050_a040,af,2030,screen_grid_03_of_10,272.25436721890304,1118235.433752567,1127663.9025194396,0.8431559653974249,14.000000093195789,3.054080508491097e-07,-280.11128761870253,9.0160472385118e-09,14.000000102211835,,idle=27.778; screen_margin=428.823
apac,eu-us-af-row-apac-ch/pf120_k050_a040,af,2030,screen_grid_04_of_10,321.8201355068644,1118235.433752567,1130806.4295208417,1.1241814906623897,14.00000003181591,1.7404595098469144e-07,-230.54551893128917,9.0160472385118e-09,14.000000040831956,,idle=27.778; screen_margin=428.823
apac,eu-us-af-row-apac-ch/pf120_k050_a040,af,2030,screen_grid_05_of_10,371.3859037948257,1118235.433752567,1133948.9565024679,1.4052070141588595,14.000000006157814,3.287632921455952e-07,-180.97975080156374,9.0160472385118e-09,14.00000001517386,,idle=27.778; screen_margin=428.823
apac,eu-us-af-row-apac-ch/pf120_k050_a040,af,2030,screen_grid_06_of_10,420.951672082787,1118235.433752567,1137091.4833435626,1.6862325250880783,13.999999858666095,3.1226616670210205e-07,-131.41398188401,9.0160472385118e-09,13.999999867682142,,idle=27.778; screen_margin=428.823
apac,eu-us-af-row-apac-ch/pf120_k050_a040,af,2030,screen_grid_07_of_10,470.5174403707484,1118235.433752567,1130970.091676202,1.1388172418128428,8.104535240149884,4.050453128456866e-08,-81.85410932038843,9.0160472385118e-09,8.10453524916593,,idle=27.778; screen_margin=428.823
apac,eu-us-af-row-apac-ch/pf120_k050_a040,af,2030,screen_grid_08_of_10,520.0832086587097,1118235.433752567,1132789.2855032533,1.3015015721552106,8.104534885727116,2.4623162175885227e-08,-32.288340723698866,9.0160472385118e-09,8.104534894743162,,idle=27.778; screen_margin=428.823
apac,eu-us-af-row-apac-ch/pf120_k050_a040,af,2030,screen_grid_09_of_10,569.648976946671,1118235.433752567,1118235.4337749209,1.99902780683219e-09,1.3969443697254103e-08,1.915338998514926e-09,-9.549808055453468e-09,9.0160472385118e-09,2.2985490935765903e-08,,idle=27.778; screen_margin=428.823
apac,eu-us-af-row-apac-ch/pf120_k050_a040,af,2030,screen_grid_10_of_10,619.2147452346323,1118235.433752567,1118235.433752567,0.0,0.0,0.0,0.0,9.0160472385118e-09,9.0160472385118e-09,,idle=27.778; screen_margin=428.823
apac,eu-us-af-row-apac-ch/pf120_k050_a040,row,2030,screen_undercut_eps_1,213.11687147909015,1118235.433752567,1129624.156395688,1.0184548172385053,27.778168306458998,0.9444436635380384,-0.02777821324201568,9.0160472385118e-09,27.778168315475046,,idle=27.778; screen_margin=90.560
apac,eu-us-af-row-apac-ch/pf120_k050_a040,row,2030,screen_undercut_eps_5,209.11687147909015,1118235.433752567,1129624.1569411259,1.0184548660151669,27.77816978921286,4.944443637379109,-0.027778193591018407,9.0160472385118e-09,27.77816979822891,,idle=27.778; screen_margin=90.560
apac,eu-us-af-row-apac-ch/pf120_k050_a040,row,2030,screen_undercut_eps_20,194.11687147909015,1118235.433752567,1129624.1571164045,1.0184548816897403,27.77816984019954,19.944443836314733,-0.02777816564670843,9.0160472385118e-09,27.778169849215587,,idle=27.778; screen_margin=90.560
apac,eu-us-af-row-apac-ch/pf120_k050_a040,row,2030,screen_grid_00_of_10,123.55706235501908,1118235.433752567,1129624.1570216555,1.0184548732166556,27.77817000284558,90.50425287024551,-0.02777819114550084,9.0160472385118e-09,27.77817001186163,,idle=27.778; screen_margin=90.560
apac,eu-us-af-row-apac-ch/pf120_k050_a040,row,2030,screen_grid_01_of_10,145.64209271561361,1118235.433752567,1129624.157021247,1.0184548731801353,27.778169983188615,68.41922247041053,-0.027778187131133336,9.0160472385118e-09,27.778169992204663,,idle=27.778; screen_margin=90.560
apac,eu-us-af-row-apac-ch/pf120_k050_a040,row,2030,screen_grid_02_of_10,167.72712307620816,1118235.433752567,1129624.1570059217,1.0184548718096387,27.778169968093533,46.33419206540229,-0.027778180377993067,9.0160472385118e-09,27.77816997710958,,idle=27.778; screen_margin=90.560
apac,eu-us-af-row-apac-ch/pf120_k050_a040,row,2030,screen_grid_03_of_10,189.8121534368027,1118235.433752567,1129624.1571613227,1.0184548857066182,27.778169837912923,24.249161937056314,-0.027778154363318208,9.0160472385118e-09,27.77816984692897,,idle=27.778; screen_margin=90.560
apac,eu-us-af-row-apac-ch/pf120_k050_a040,row,2030,screen_grid_04_of_10,211.89718379739722,1118235.433752567,1129624.1566339873,1.0184548385488092,27.778168937389413,2.1641313204305987,-0.027778200595832914,9.0160472385118e-09,27.77816894640546,,idle=27.778; screen_margin=90.560
apac,eu-us-af-row-apac-ch/pf120_k050_a040,row,2030,screen_grid_05_of_10,233.98221415799173,1118235.433752567,1118235.4340308134,2.4882627376652922e-08,3.3805435900136634e-07,1.0637319292072789e-07,3.605902065828559e-07,9.0160472385118e-09,3.4707040623987813e-07,,idle=27.778; screen_margin=90.560
apac,eu-us-af-row-apac-ch/pf120_k050_a040,row,2030,screen_grid_06_of_10,256.0672445185863,1118235.433752567,1118235.4342492528,4.4416919975179024e-08,5.261111744877385e-07,1.7662767959336634e-07,6.362597844145057e-07,9.0160472385118e-09,5.351272217262503e-07,,idle=27.778; screen_margin=90.560
apac,eu-us-af-row-apac-ch/pf120_k050_a040,row,2030,screen_grid_07_of_10,278.1522748791808,1118235.433752567,1118235.4344212667,5.979953774560452e-08,6.674159606296659e-07,2.30700479164625e-07,8.597670841936633e-07,9.0160472385118e-09,6.764320078681777e-07,,idle=27.778; screen_margin=90.560
apac,eu-us-af-row-apac-ch/pf120_k050_a040,row,2030,screen_grid_08_of_10,300.23730523977537,1118235.433752567,1118235.433750963,-1.4343762106955554e-10,-1.2275204463469798e-09,-4.725109192804666e-10,-2.1586288312391844e-09,9.0160472385118e-09,7.78852679216482e-09,,idle=27.778; screen_margin=90.560
apac,eu-us-af-row-apac-ch/pf120_k050_a040,row,2030,screen_grid_09_of_10,322.32233560036985,1118235.433752567,1118235.4337518953,-6.006931873793987e-11,-5.053005146547735e-10,-1.9309709387016483e-10,-9.123368727159686e-10,9.0160472385118e-09,8.510746723857027e-09,,idle=27.778; screen_margin=90.560
apac,eu-us-af-row-apac-ch/pf120_k050_a040,row,2030,screen_grid_10_of_10,344.4073659609644,1118235.433752567,1118235.433752567,0.0,0.0,0.0,0.0,9.0160472385118e-09,9.0160472385118e-09,,idle=27.778; screen_margin=90.560
apac,eu-us-af-row-apac-ch/pf120_k050_a040,eu,2035,screen_undercut_eps_1,421.8286022707238,1118235.433752567,1125577.1892433416,0.65654827858004,5.683521281143586,0.988632944870858,-0.005683536465426187,11.60906994470144,17.292591225845026,,idle=5.684; screen_margin=312.916
apac,eu-us-af-row-apac-ch/pf120_k050_a040,eu,2035,screen_undercut_eps_5,417.8286022707238,1118235.433752567,1126040.52184136,0.6979825404566835,5.683521095569171,4.980014821368272,-0.009992568994732665,11.60906994470144,17.29259104027061,,idle=5.684; screen_margin=312.916
apac,eu-us-af-row-apac-ch/pf120_k050_a040,eu,2035,screen_undercut_eps_20,402.8286022707238,1118235.433752567,1126489.6684069934,0.7381481935988056,5.683521299292975,19.980014763023107,-0.009992653896347292,11.60906994470144,17.292591243994416,,idle=5.684; screen_margin=312.916
apac,eu-us-af-row-apac-ch/pf120_k050_a040,eu,2035,screen_grid_00_of_10,109.9122079504653,1118235.433752567,1115191.5782458163,-0.2722016683495894,23.246793410110982,153.41752045276377,-159.4464545731068,11.60906994470144,34.85586335481242,,idle=5.684; screen_margin=312.916
apac,eu-us-af-row-apac-ch/pf120_k050_a040,eu,2035,screen_grid_01_of_10,145.87422852480518,1118235.433752567,1120333.0590277344,0.1875835098632322,23.246793354519838,153.41752052348193,-123.48443390585919,11.60906994470144,34.85586329922128,,idle=5.684; screen_margin=312.916
apac,eu-us-af-row-apac-ch/pf120_k050_a040,eu,2035,screen_grid_02_of_10,181.83624909914508,1118235.433752567,1125474.5397922664,0.6473686865212682,23.24679334921882,153.41752052111428,-87.52241333412707,11.60906994470144,34.85586329392026,,idle=5.684; screen_margin=312.916
apac,eu-us-af-row-apac-ch/pf120_k050_a040,eu,2035,screen_grid_03_of_10,217.79826967348498,1118235.433752567,1130616.0194661033,1.1071537656421384,23.246791250297584,153.41752028387748,-51.56039312200255,11.60906994470144,34.85586119499902,,idle=5.684; screen_margin=312.916
apac,eu-us-af-row-apac-ch/pf120_k050_a040,eu,2035,screen_grid_04_of_10,253.76029024782486,1118235.433752567,1133214.5931391956,1.3395353907147778,18.93781436188911,153.41321154196993,-15.611299124710456,11.60906994470144,30.54688430659055,,idle=5.684; screen_margin=312.916
apac,eu-us-af-row-apac-ch/pf120_k050_a040,eu,2035,screen_grid_05_of_10,289.7223108221648,1118235.433752567,1126504.0088922025,0.7394306145252298,5.683521520947446,133.07900624099688,-0.009992494562027332,11.60906994470144,17.292591465648886,,idle=5.684; screen_margin=312.916
apac,eu-us-af-row-apac-ch/pf120_k050_a040,eu,2035,screen_grid_06_of_10,325.68433139650466,1118235.433752567,1126504.0088364033,0.7394306095352913,5.683521459662019,97.11698557904423,-0.009992623971641024,11.60906994470144,17.29259140436346,,idle=5.684; screen_margin=312.916
apac,eu-us-af-row-apac-ch/pf120_k050_a040,eu,2035,screen_grid_07_of_10,361.64635197084453,1118235.433752567,1126504.0087947177,0.7394306058074955,5.683521432021275,61.15496507083394,-0.0099925966580372,11.60906994470144,17.292591376722715,,idle=5.684; screen_margin=312.916
apac,eu-us-af-row-apac-ch/pf120_k050_a040,eu,2035,screen_grid_08_of_10,397.6083725451844,1118235.433752567,1126645.9782902473,0.7521264560054384,5.683521356273763,25.200244512286147,-0.009992592551554935,11.60906994470144,17.292591300975204,,idle=5.684; screen_margin=312.916
apac,eu-us-af-row-apac-ch/pf120_k050_a040,eu,2035,screen_grid_09_of_10,433.57039311952434,1118235.433752567,1118235.4338260836,6.574331875501993e-09,5.8546646641843836e-08,-3.3827234346972546e-09,9.619043339625932e-10,11.60906994470144,11.609070003248087,,idle=5.684; screen_margin=312.916
apac,eu-us-af-row-apac-ch/pf120_k050_a040,eu,2035,screen_grid_10_of_10,469.5324136938642,1118235.433752567,1118235.433752567,0.0,0.0,0.0,0.0,11.60906994470144,11.60906994470144,,idle=5.684; screen_margin=312.916
apac,eu-us-af-row-apac-ch/pf120_k050_a040,us,2035,screen_undercut_eps_1,339.11526768553745,1118235.433752567,1123648.1353740415,0.48403953748009554,5.683514409584072,0.9772657632179715,-0.017050724561272546,11.60906994470144,17.292584354285513,,idle=5.684; screen_margin=230.203
apac,eu-us-af-row-apac-ch/pf120_k050_a040,us,2035,screen_undercut_eps_5,335.11526768553745,1118235.433752567,1122648.9619585748,0.39468684972688617,5.683521248378758,4.960029796072419,-0.029977543502241133,11.60906994470144,17.2925911930802,,idle=5.684; screen_margin=230.203
apac,eu-us-af-row-apac-ch/pf120_k050_a040,us,2035,screen_undercut_eps_20,320.11526768553745,1118235.433752567,1123098.108105363,0.43485246541311245,5.683521166096666,19.960029733455613,-0.029977646422480575,11.60906994470144,17.292591110798107,,idle=5.684; screen_margin=230.203
apac,eu-us-af-row-apac-ch/pf120_k050_a040,us,2035,screen_grid_00_of_10,109.9122079504653,1118235.433752567,1115191.5782472242,-0.27220166822368325,23.24679336688103,153.4175204843383,-76.73311995250123,11.60906994470144,34.85586331158247,,idle=5.684; screen_margin=230.203
apac,eu-us-af-row-apac-ch/pf120_k050_a040,us,2035,screen_grid_01_of_10,141.64421222224055,1118235.433752567,1119166.9616835664,0.08330338163881933,18.93781445002162,153.41321142118278,-45.01404275590994,11.60906994470144,30.54688439472306,,idle=5.684; screen_margin=230.203
apac,eu-us-af-row-apac-ch/pf120_k050_a040,us,2035,screen_grid_02_of_10,173.37621649401578,1118235.433752567,1123142.8366110052,0.4388523838821645,18.937814355956746,153.4132115386119,-13.282038303358604,11.60906994470144,30.546884300658185,,idle=5.684; screen_margin=230.203
apac,eu-us-af-row-apac-ch/pf120_k050_a040,us,2035,screen_grid_03_of_10,205.10822076579103,1118235.433752567,1120635.2382504896,0.21460637227969873,5.683521485111909,134.9524766548705,-0.03727757258047859,11.60906994470144,17.29259142981335,,idle=5.684; screen_margin=230.203
apac,eu-us-af-row-apac-ch/pf120_k050_a040,us,2035,screen_grid_04_of_10,236.84022503756626,1118235.433752567,1120635.2382384518,0.21460637120319823,5.683521442969665,103.2204722824223,-0.03727766979335456,11.60906994470144,17.292591387671106,,idle=5.684; screen_margin=230.203
apac,eu-us-af-row-apac-ch/pf120_k050_a040,us,2035,screen_grid_05_of_10,268.57222930934154,1118235.433752567,1120635.2382236577,0.21460636988021572,5.683521437845235,71.48846802734461,-0.03727771996619822,11.60906994470144,17.292591382546675,,idle=5.684; screen_margin=230.203
apac,eu-us-af-row-apac-ch/pf120_k050_a040,us,2035,screen_grid_06_of_10,300.30423358111676,1118235.433752567,1123691.3117224297,0.48790065179332237,5.683521377870546,39.77106408934752,-0.029977621939281107,11.60906994470144,17.292591322571987,,idle=5.684; screen_margin=230.203
apac,eu-us-af-row-apac-ch/pf120_k050_a040,us,2035,screen_grid_07_of_10,332.036237852892,1118235.433752567,1122741.157630612,0.40293159580219967,5.683521370469856,8.03905962133041,-0.02997752985407942,11.60906994470144,17.292591315171297,,idle=5.684; screen_margin=230.203
apac,eu-us-af-row-apac-ch/pf120_k050_a040,us,2035,screen_grid_08_of_10,363.76824212466727,1118235.433752567,1118235.433773795,1.8983362208992e-09,2.528903131349125e-08,1.7489540482529264e-08,1.6364481325581437e-08,11.60906994470144,11.609069969990472,,idle=5.684; screen_margin=230.203
apac,eu-us-af-row-apac-ch/pf120_k050_a040,us,2035,screen_grid_09_of_10,395.5002463964425,1118235.433752567,1118235.4337552164,2.3692505300485884e-10,3.4176075303093967e-09,4.6058801217441214e-10,3.738421128218761e-09,11.60906994470144,11.609069948119048,,idle=5.684; screen_margin=230.203
apac,eu-us-af-row-apac-ch/pf120_k050_a040,us,2035,screen_grid_10_of_10,427.2322506682177,1118235.433752567,1118235.433752567,0.0,0.0,0.0,0.0,11.60906994470144,11.60906994470144,,idle=5.684; screen_margin=230.203
apac,eu-us-af-row-apac-ch/pf120_k050_a040,row,2035,screen_undercut_eps_1,187.40264581895087,1118235.433752567,1120112.1725514831,0.16783038189177743,5.683521267507656,0.9886329652355812,-0.005683524747070123,11.60906994470144,17.292591212209096,,idle=5.684; screen_margin=78.490
apac,eu-us-af-row-apac-ch/pf120_k050_a040,row,2035,screen_undercut_eps_5,183.40264581895087,1118235.433752567,1116432.1872271572,-0.1612582172752782,5.683521391692471,4.98001487181115,-0.009992511439179452,11.60906994470144,17.29259133639391,,idle=5.684; screen_margin=78.490
apac,eu-us-af-row-apac-ch/pf120_k050_a040,row,2035,screen_undercut_eps_20,168.40264581895087,1118235.433752567,1116881.3332452571,-0.12109261309720902,5.683521374748269,19.98001483197244,-0.009992512240330598,11.60906994470144,17.29259131944971,,idle=5.684; screen_margin=78.490
apac,eu-us-af-row-apac-ch/pf120_k050_a040,row,2035,screen_grid_00_of_10,109.9122079504653,1118235.433752567,1109875.7190142593,-0.7475809195434165,5.683521411715619,78.45585252387896,-0.017292598764726108,11.60906994470144,17.29259135641706,,idle=5.684; screen_margin=78.490
apac,eu-us-af-row-apac-ch/pf120_k050_a040,row,2035,screen_grid_01_of_10,133.53691738299966,1118235.433752567,1109875.7192475547,-0.7475808986806031,5.683521406564063,54.83114305090693,-0.017292602970940152,11.60906994470144,17.292591351265504,,idle=5.684; screen_margin=78.490
apac,eu-us-af-row-apac-ch/pf120_k050_a040,row,2035,screen_grid_02_of_10,157.16162681553402,1118235.433752567,1117217.923984344,-0.09099244555402833,5.683521391226117,31.2210338197511,-0.009992510115438336,11.60906994470144,17.292591335927558,,idle=5.684; screen_margin=78.490
apac,eu-us-af-row-apac-ch/pf120_k050_a040,row,2035,screen_grid_03_of_10,180.78633624806835,1118235.433752567,1116510.5282468218,-0.15425244574452265,5.683521238162941,7.596325856878622,-0.009992488973608715,11.60906994470144,17.29259118286438,,idle=5.684; screen_margin=78.490
apac,eu-us-af-row-apac-ch/pf120_k050_a040,row,2035,screen_grid_04_of_10,204.4110456806027,1118235.433752567,1118235.4337614067,7.904997418386915e-10,2.0003000145152328e-08,-6.308506783625489e-08,-3.536314352459158e-09,11.60906994470144,11.60906996470444,,idle=5.684; screen_margin=78.490
apac,eu-us-af-row-apac-ch/pf120_k050_a040,row,2035,screen_grid_05_of_10,228.03575511313707,1118235.433752567,1118235.4337567645,3.7536557303555627e-10,6.667747243227495e-09,-6.090337478781294e-08,-3.6025653571414296e-09,11.60906994470144,11.609069951369188,,idle=5.684; screen_margin=78.490
apac,eu-us-af-row-apac-ch/pf120_k050_a040,row,2035,screen_grid_06_of_10,251.6604645456714,1118235.433752567,1118235.4337562472,3.291007459174619e-10,4.4309391711294666e-09,-4.60184992334689e-08,-2.897053263950511e-09,11.60906994470144,11.60906994913238,,idle=5.684; screen_margin=78.490
apac,eu-us-af-row-apac-ch/pf120_k050_a040,row,2035,screen_grid_07_of_10,275.28517397820576,1118235.433752567,1118235.4337561948,3.244159636935324e-10,3.977282503342394e-09,-2.417698397039203e-08,-1.5422187971125823e-09,11.60906994470144,11.609069948678723,,idle=5.684; screen_margin=78.490
apac,eu-us-af-row-apac-ch/pf120_k050_a040,row,2035,screen_grid_08_of_10,298.9098834107401,1118235.433752567,1118235.4337551582,2.31719739422715e-10,2.685652589207166e-09,-1.2174041330581531e-08,-7.923119937913725e-10,11.60906994470144,11.609069947387093,,idle=5.684; screen_margin=78.490
apac,eu-us-af-row-apac-ch/pf120_k050_a040,row,2035,screen_grid_09_of_10,322.5345928432745,1118235.433752567,1118235.4337538017,1.1041511170443504e-10,1.2078036348839305e-09,-5.481439302457147e-09,-3.8039615901652724e-10,11.60906994470144,11.609069945909244,,idle=5.684; screen_margin=78.490
apac,eu-us-af-row-apac-ch/pf120_k050_a040,row,2035,screen_grid_10_of_10,346.15930227580884,1118235.433752567,1118235.433752567,0.0,0.0,0.0,0.0,11.60906994470144,11.60906994470144,,idle=5.684; screen_margin=78.490
apac,eu-us-af-row-apac-ch/pf120_k050_a040,eu,2040,screen_undercut_eps_1,553.6266207117166,1118235.433752567,1126218.6095843462,0.7139083229538927,4.729570675820421,6.830976104765796e-07,-0.9952699534709382,6.4385192417894085e-06,4.729577114339663,,idle=8.719; screen_margin=455.341
apac,eu-us-af-row-apac-ch/pf120_k050_a040,eu,2040,screen_undercut_eps_5,549.6266207117166,1118235.433752567,1126148.3288427934,0.7076233547413424,4.729571875543656,-2.703670247683476e-07,-4.995270311278887,6.4385192417894085e-06,4.729578314062898,,idle=8.719; screen_margin=455.341
apac,eu-us-af-row-apac-ch/pf120_k050_a040,eu,2040,screen_undercut_eps_20,534.6266207117166,1118235.433752567,1125884.7682572412,0.6840540259938467,4.7295721159616955,-3.76745830976688e-07,-19.995270445541337,6.4385192417894085e-06,4.729578554480938,,idle=8.719; screen_margin=455.341
apac,eu-us-af-row-apac-ch/pf120_k050_a040,eu,2040,screen_grid_00_of_10,99.28554577932321,1118235.433752567,1123030.4837257266,0.42880504663211805,54.89148397224797,148.07268948310633,-307.16732055282193,6.4385192417894085e-06,54.89149041076721,,idle=8.719; screen_margin=455.341
apac,eu-us-af-row-apac-ch/pf120_k050_a040,eu,2040,screen_grid_01_of_10,145.32762468145597,1118235.433752567,1129488.6074593386,1.006333135859257,37.77787866272932,148.05557443525703,-261.17658393954935,6.4385192417894085e-06,37.777885101248565,,idle=8.719; screen_margin=455.341
apac,eu-us-af-row-apac-ch/pf120_k050_a040,eu,2040,screen_grid_02_of_10,191.36970358358872,1118235.433752567,1131612.3126992392,1.1962488884636888,26.891484814176682,129.09351699736848,-234.1183352673271,6.4385192417894085e-06,26.891491252695925,,idle=8.719; screen_margin=455.341
apac,eu-us-af-row-apac-ch/pf120_k050_a040,eu,2040,screen_grid_03_of_10,237.41178248572152,1118235.433752567,1126168.40156038,0.7094183897563904,8.718509938548129,106.78616409028595,-210.4199552006462,6.4385192417894085e-06,8.71851637706737,,idle=8.719; screen_margin=455.341
apac,eu-us-af-row-apac-ch/pf120_k050_a040,eu,2040,screen_grid_04_of_10,283.45386138785426,1118235.433752567,1126168.4015568602,0.7094183894416355,8.718509933303842,60.74408515901075,-210.4199552275653,6.4385192417894085e-06,8.718516371823084,,idle=8.719; screen_margin=455.341
apac,eu-us-af-row-apac-ch/pf120_k050_a040,eu,2040,screen_grid_05_of_10,329.495940289987,1118235.433752567,1126168.4015577747,0.7094183895234214,8.718509940671211,14.702006597707765,-210.41995496437175,6.4385192417894085e-06,8.718516379190453,,idle=8.719; screen_margin=455.341
apac,eu-us-af-row-apac-ch/pf120_k050_a040,eu,2040,screen_grid_06_of_10,375.5380191921198,1118235.433752567,1123089.465323183,0.434079570732866,4.7295729260823185,5.978327379807524e-07,-179.0838730629177,6.4385192417894085e-06,4.729579364601561,,idle=8.719; screen_margin=455.341
apac,eu-us-af-row-apac-ch/pf120_k050_a040,eu,2040,screen_grid_07_of_10,421.58009809425255,1118235.433752567,1123898.4580660057,0.5064250463281015,4.729572286930813,-3.3492069917429035e-07,-133.04179352921,6.4385192417894085e-06,4.729578725450056,,idle=8.719; screen_margin=455.341
apac,eu-us-af-row-apac-ch/pf120_k050_a040,eu,2040,screen_grid_08_of_10,467.6221769963853,1118235.433752567,1124707.4511177612,0.5787705495501431,4.729572295217629,-3.4322698638789007e-07,-86.99971412049706,6.4385192417894085e-06,4.729578733736871,,idle=8.719; screen_margin=455.341
apac,eu-us-af-row-apac-ch/pf120_k050_a040,eu,2040,screen_grid_09_of_10,513.664255898518,1118235.433752567,1125516.4439024932,0.6511160288931834,4.7295725676839435,1.7838124932723076e-06,-40.95763729205953,6.4385192417894085e-06,4.729579006203186,,idle=8.719; screen_margin=455.341
apac,eu-us-af-row-apac-ch/pf120_k050_a040,eu,2040,screen_grid_10_of_10,559.7063348006508,1118235.433752567,1118235.433752567,0.0,0.0,0.0,0.0,6.4385192417894085e-06,6.4385192417894085e-06,,idle=8.719; screen_margin=455.341
apac,eu-us-af-row-apac-ch/pf120_k050_a040,us,2040,screen_undercut_eps_1,155.51952966191988,1118235.433752567,1120088.9457958196,0.16575329195503882,8.71850897621239,0.9825617583210686,-0.008719314005958267,6.4385192417894085e-06,8.718515414731632,,idle=8.719; screen_margin=57.234
apac,eu-us-af-row-apac-ch/pf120_k050_a040,us,2040,screen_undercut_eps_5,151.51952966191988,1118235.433752567,1120088.9475863623,0.16575345207718906,8.718508312876091,4.982562814278452,-0.008719231714991338,6.4385192417894085e-06,8.718514751395332,,idle=8.719; screen_margin=57.234
apac,eu-us-af-row-apac-ch/pf120_k050_a040,us,2040,screen_undercut_eps_20,136.51952966191988,1118235.433752567,1120088.9462520797,0.16575333275682688,8.718509877485502,19.982562826870605,-0.0087191517030476,6.4385192417894085e-06,8.718516316004743,,idle=8.719; screen_margin=57.234
apac,eu-us-af-row-apac-ch/pf120_k050_a040,us,2040,screen_grid_00_of_10,99.28554577932321,1118235.433752567,1120088.9459581433,0.16575330647109682,8.718509995323128,57.21654620553528,-0.008719215609090725,6.4385192417894085e-06,8.71851643384237,,idle=8.719; screen_margin=57.234
apac,eu-us-af-row-apac-ch/pf120_k050_a040,us,2040,screen_grid_01_of_10,141.8198672486832,1118235.433752567,1120088.9464697354,0.16575335222103513,8.718509854108058,14.68222541708738,-0.00871913908292754,6.4385192417894085e-06,8.7185162926273,,idle=8.719; screen_margin=57.234
apac,eu-us-af-row-apac-ch/pf120_k050_a040,us,2040,screen_grid_02_of_10,184.3541887180432,1118235.433752567,1118235.4292096195,-4.06260379242094e-07,-2.350397927558771e-06,7.725124788748872e-07,-2.996416412770486e-07,6.4385192417894085e-06,4.088121314230638e-06,,idle=8.719; screen_margin=57.234
apac,eu-us-af-row-apac-ch/pf120_k050_a040,us,2040,screen_grid_03_of_10,226.8885101874032,1118235.433752567,1118235.4327185322,-9.247023037633506e-08,-4.2914841813561075e-07,8.742895545310603e-07,-2.0940277067893476e-07,6.4385192417894085e-06,6.009370823653798e-06,,idle=8.719; screen_margin=57.234
apac,eu-us-af-row-apac-ch/pf120_k050_a040,us,2040,screen_grid_04_of_10,269.4228316567632,1118235.433752567,1118235.4316857301,-1.8483021221100032e-07,-1.133410497615064e-06,6.301284543042129e-07,-2.3733312559670594e-07,6.4385192417894085e-06,5.3051087441743446e-06,,idle=8.719; screen_margin=57.234
apac,eu-us-af-row-apac-ch/pf120_k050_a040,us,2040,screen_grid_05_of_10,311.9571531261232,1118235.433752567,1118235.4322713837,-1.3245719945931207e-07,-7.384719330240629e-07,7.673764201854283e-07,-1.3375142771110404e-07,6.4385192417894085e-06,5.700047308765346e-06,,idle=8.719; screen_margin=57.234
apac,eu-us-af-row-apac-ch/pf120_k050_a040,us,2040,screen_grid_06_of_10,354.4914745954832,1118235.433752567,1118235.4314492906,-2.059741959816686e-07,-1.2588980352861621e-06,7.013799319111058e-07,-1.3674437582267274e-07,6.4385192417894085e-06,5.179621206503246e-06,,idle=8.719; screen_margin=57.234
apac,eu-us-af-row-apac-ch/pf120_k050_a040,us,2040,screen_grid_07_of_10,397.0257960648432,1118235.433752567,1118235.4296378077,-3.679689681841102e-07,-2.286030323602761e-06,9.174763277997044e-07,-1.6307799910464382e-07,6.4385192417894085e-06,4.152488918186647e-06,,idle=8.719; screen_margin=57.234
apac,eu-us-af-row-apac-ch/pf120_k050_a040,us,2040,screen_grid_08_of_10,439.5601175342032,1118235.433752567,1118235.424216511,-8.527771337769224e-07,-5.3903601972315555e-06,3.998698332452477e-07,-9.901293651637388e-08,6.4385192417894085e-06,1.0481590445578528e-06,,idle=8.719; screen_margin=57.234
apac,eu-us-af-row-apac-ch/pf120_k050_a040,us,2040,screen_grid_09_of_10,482.09443900356325,1118235.433752567,1118235.4237496858,-8.945237278844617e-07,-6.302568260186562e-06,-4.2511099707098765e-07,-7.932591756798502e-07,6.4385192417894085e-06,1.3595098160284654e-07,,idle=8.719; screen_margin=57.234
apac,eu-us-af-row-apac-ch/pf120_k050_a040,us,2040,screen_grid_10_of_10,524.6287604729232,1118235.433752567,1118235.433752567,0.0,0.0,0.0,0.0,6.4385192417894085e-06,6.4385192417894085e-06,,idle=8.719; screen_margin=57.234
apac,eu-us-af-row-apac-ch/pf120_k050_a040,af,2040,screen_undercut_eps_1,500.7922276517116,1118235.433752567,1125290.273074809,0.6308903393060414,4.729572052734917,-3.53265022567939e-07,-0.995270568947376,6.4385192417894085e-06,4.729578491254159,,idle=8.719; screen_margin=402.507
apac,eu-us-af-row-apac-ch/pf120_k050_a040,af,2040,screen_undercut_eps_5,496.7922276517116,1118235.433752567,1125219.9902316465,0.6246051831536663,4.729572098744296,-3.868612168389518e-07,-4.995270468086346,6.4385192417894085e-06,4.729578537263539,,idle=8.719; screen_margin=402.507
apac,eu-us-af-row-apac-ch/pf120_k050_a040,af,2040,screen_undercut_eps_20,481.7922276517116,1118235.433752567,1124956.4290025646,0.6010357968574936,4.729572225485877,4.913784721338743e-07,-19.995273253736002,6.4385192417894085e-06,4.729578664005119,,idle=8.719; screen_margin=402.507
apac,eu-us-af-row-apac-ch/pf120_k050_a040,af,2040,screen_grid_00_of_10,99.28554577932321,1118235.433752567,1122412.6822075106,0.3735571534274808,27.999993562663693,129.0946285684944,-273.3647714477858,6.4385192417894085e-06,28.000000001182936,,idle=8.719; screen_margin=402.507
apac,eu-us-af-row-apac-ch/pf120_k050_a040,af,2040,screen_grid_01_of_10,147.2834974943246,1118235.433752567,1127405.5280763463,0.8200504157703429,27.99999355037869,129.0946258118709,-225.36682242766398,6.4385192417894085e-06,27.999999988897933,,idle=8.719; screen_margin=402.507
apac,eu-us-af-row-apac-ch/pf120_k050_a040,af,2040,screen_grid_02_of_10,195.28144920932596,1118235.433752567,1124457.0992449152,0.5563824311549059,8.718509933183476,96.08210434612721,-210.4199551533893,6.4385192417894085e-06,8.718516371702718,,idle=8.719; screen_margin=402.507
apac,eu-us-af-row-apac-ch/pf120_k050_a040,af,2040,screen_grid_03_of_10,243.27940092432738,1118235.433752567,1124457.0992439652,0.5563824310699552,8.71850993066482,48.084152662832054,-210.41995512458942,6.4385192417894085e-06,8.718516369184062,,idle=8.719; screen_margin=402.507
apac,eu-us-af-row-apac-ch/pf120_k050_a040,af,2040,screen_grid_04_of_10,291.27735263932874,1118235.433752567,1124457.098298249,0.556382346497768,8.718508624869182,0.08620103418363101,-210.41995505758985,6.4385192417894085e-06,8.718515063388423,,idle=8.719; screen_margin=402.507
apac,eu-us-af-row-apac-ch/pf120_k050_a040,af,2040,screen_grid_05_of_10,339.2753043543301,1118235.433752567,1122452.3025428073,0.37710026555761333,4.729572162557787,4.422729915631862e-07,-162.51219320943318,6.4385192417894085e-06,4.729578601077029,,idle=8.719; screen_margin=402.507
apac,eu-us-af-row-apac-ch/pf120_k050_a040,af,2040,screen_grid_06_of_10,387.2732560693315,1118235.433752567,1123295.6617011533,0.4525190130673238,4.729572124030509,-1.6106187672448868e-07,-114.51424185392489,6.4385192417894085e-06,4.729578562549751,,idle=8.719; screen_margin=402.507
apac,eu-us-af-row-apac-ch/pf120_k050_a040,af,2040,screen_grid_07_of_10,435.2712077843329,1118235.433752567,1124139.0208393277,0.5279377587731641,4.729572202580341,-3.769611964798969e-07,-66.51629036217236,6.4385192417894085e-06,4.729578641099583,,idle=8.719; screen_margin=402.507
apac,eu-us-af-row-apac-ch/pf120_k050_a040,af,2040,screen_grid_08_of_10,483.26915949933425,1118235.433752567,1124982.3796744058,0.6033564773741245,4.7295722213722415,5.673268503869622e-07,-18.518341893279853,6.4385192417894085e-06,4.729578659891484,,idle=8.719; screen_margin=402.507
apac,eu-us-af-row-apac-ch/pf120_k050_a040,af,2040,screen_grid_09_of_10,531.2671112143356,1118235.433752567,1118235.425679652,-7.21933394136786e-07,-4.624761958207851e-06,1.1001639848018385e-06,-1.5863394082771265e-06,6.4385192417894085e-06,1.8137572835815568e-06,,idle=8.719; screen_margin=402.507
apac,eu-us-af-row-apac-ch/pf120_k050_a040,af,2040,screen_grid_10_of_10,579.265062929337,1118235.433752567,1118235.433752567,0.0,0.0,0.0,0.0,6.4385192417894085e-06,6.4385192417894085e-06,,idle=8.719; screen_margin=402.507
apac,eu-us-af-row-apac-ch/pf120_k050_a040,row,2040,screen_undercut_eps_1,377.78581145737456,1118235.433752567,1123128.9600704664,0.43761145195316203,4.7295715807997585,3.4734806320102507e-07,-0.9952708403909583,6.4385192417894085e-06,4.729578019319001,,idle=8.719; screen_margin=279.500
apac,eu-us-af-row-apac-ch/pf120_k050_a040,row,2040,screen_undercut_eps_5,373.78581145737456,1118235.433752567,1123058.6773914893,0.43132631048333164,4.7295720689748455,2.1509717385015392e-07,-4.995271164328585,6.4385192417894085e-06,4.729578507494088,,idle=8.719; screen_margin=279.500
apac,eu-us-af-row-apac-ch/pf120_k050_a040,row,2040,screen_undercut_eps_20,358.78581145737456,1118235.433752567,1122795.116214915,0.40775692888272663,4.7295720949778035,3.433302339317379e-06,-19.99527203585734,6.4385192417894085e-06,4.729578533497046,,idle=8.719; screen_margin=279.500
apac,eu-us-af-row-apac-ch/pf120_k050_a040,row,2040,screen_grid_00_of_10,99.28554577932321,1118235.433752567,1120473.083167266,0.2001053934760384,8.718509933050976,69.076321000326,-210.4152257369086,6.4385192417894085e-06,8.718516371570217,,idle=8.719; screen_margin=279.500
apac,eu-us-af-row-apac-ch/pf120_k050_a040,row,2040,screen_grid_01_of_10,137.49550538122205,1118235.433752567,1120473.083168158,0.20010539355580462,8.71850993046471,30.8663614577942,-210.4152256900537,6.4385192417894085e-06,8.718516368983952,,idle=8.719; screen_margin=279.500
apac,eu-us-af-row-apac-ch/pf120_k050_a040,row,2040,screen_grid_02_of_10,175.70546498312086,1118235.433752567,1119578.2606305282,0.12008445068270807,4.7295722641719875,5.165270948737088e-07,-203.0756163471069,6.4385192417894085e-06,4.72957870269123,,idle=8.719; screen_margin=279.500
apac,eu-us-af-row-apac-ch/pf120_k050_a040,row,2040,screen_grid_03_of_10,213.9154245850197,1118235.433752567,1120249.6375897897,0.1801234137665805,4.7295721246076505,-3.968217185956746e-07,-164.86565729969203,6.4385192417894085e-06,4.729578563126893,,idle=8.719; screen_margin=279.500
apac,eu-us-af-row-apac-ch/pf120_k050_a040,row,2040,screen_grid_04_of_10,252.12538418691855,1118235.433752567,1120921.0146622693,0.24016238697516262,4.72957278436862,3.5998823477711994e-07,-126.65569929552584,6.4385192417894085e-06,4.729579222887862,,idle=8.719; screen_margin=279.500
apac,eu-us-af-row-apac-ch/pf120_k050_a040,row,2040,screen_grid_05_of_10,290.33534378881734,1118235.433752567,1121592.3915973846,0.30020134789972525,4.729572473905954,-2.4272434018257627e-07,-88.44573834362609,6.4385192417894085e-06,4.729578912425196,,idle=8.719; screen_margin=279.500
apac,eu-us-af-row-apac-ch/pf120_k050_a040,row,2040,screen_grid_06_of_10,328.5453033907162,1118235.433752567,1122263.7685214172,0.3602403078331961,4.729572489856509,1.3656087531899175e-06,-50.23577995717585,6.4385192417894085e-06,4.7295789283757514,,idle=8.719; screen_margin=279.500
apac,eu-us-af-row-apac-ch/pf120_k050_a040,row,2040,screen_grid_07_of_10,366.75526299261503,1118235.433752567,1122935.1455044628,0.4202792730440013,4.729572104497089,-2.581446523208797e-07,-12.025818960505148,6.4385192417894085e-06,4.7295785430163315,,idle=8.719; screen_margin=279.500
apac,eu-us-af-row-apac-ch/pf120_k050_a040,row,2040,screen_grid_08_of_10,404.9652225945139,1118235.433752567,1118235.4235942161,-9.084268497860616e-07,-6.3536047655996975e-06,-3.183071015655514e-07,1.1593186854952364e-07,6.4385192417894085e-06,8.491447618971117e-08,,idle=8.719; screen_margin=279.500
apac,eu-us-af-row-apac-ch/pf120_k050_a040,row,2040,screen_grid_09_of_10,443.1751821964127,1118235.433752567,1118235.423554378,-9.119894288654438e-07,-6.414369437575354e-06,-4.0901744569055154e-07,3.993696964244009e-07,6.4385192417894085e-06,2.4149804214054925e-08,,idle=8.719; screen_margin=279.500
apac,eu-us-af-row-apac-ch/pf120_k050_a040,row,2040,screen_grid_10_of_10,481.3851417983115,1118235.433752567,1118235.433752567,0.0,0.0,0.0,0.0,6.4385192417894085e-06,6.4385192417894085e-06,,idle=8.719; screen_margin=279.500
row,eu-us-af-row-apac-ch/pf120_k050_a040,us,2030,screen_undercut_eps_1,447.68080660848005,1683384.6212577887,1680730.710703243,-0.15765324935443178,-1.374880582716287e-07,2.3482908773075906e-07,-0.9944387919006203,60.59103077875324,60.591030641265185,,idle=9.054; screen_margin=215.752
row,eu-us-af-row-apac-ch/pf120_k050_a040,us,2030,screen_undercut_eps_5,443.68080660848005,1683384.6212577887,1680629.9584092337,-0.16363835179252098,-2.414296957908846e-07,4.5552383198810276e-07,-4.994438196355418,60.59103077875324,60.59103053732355,,idle=9.054; screen_margin=215.752
row,eu-us-af-row-apac-ch/pf120_k050_a040,us,2030,screen_undercut_eps_20,428.68080660848005,1683384.6212577887,1655280.2402949305,-1.6695163189657287,-8.148418828568538e-08,3.0299665354505123e-07,-19.93940868615124,60.59103077875324,60.591030697269055,,idle=9.054; screen_margin=215.752
row,eu-us-af-row-apac-ch/pf120_k050_a040,us,2030,screen_grid_00_of_10,232.92928618307093,1683384.6212577887,1601566.8419407608,-4.860314053237305,4.34350795330829e-08,4.2970413005605224e-08,-215.69092934060166,60.59103077875324,60.59103082218832,,idle=9.054; screen_margin=215.752
row,eu-us-af-row-apac-ch/pf120_k050_a040,us,2030,screen_grid_01_of_10,269.5898188187481,1683384.6212577887,1611626.3388513306,-4.262738384341537,1.5712496548303534e-07,4.847638876981364e-07,-179.03039627298466,60.59103077875324,60.59103093587821,,idle=9.054; screen_margin=215.752
row,eu-us-af-row-apac-ch/pf120_k050_a040,us,2030,screen_grid_02_of_10,306.25035145442524,1683384.6212577887,1621685.8355578105,-3.665162727569546,3.289296302000366e-08,1.0197905453424028e-07,-142.36986401406,60.59103077875324,60.591030811646206,,idle=9.054; screen_margin=215.752
row,eu-us-af-row-apac-ch/pf120_k050_a040,us,2030,screen_grid_03_of_10,342.9108840901024,1683384.6212577887,1631745.3323381671,-3.0675870664089735,1.5461367297575634e-08,1.1786113418565947e-08,-105.70933146635326,60.59103077875324,60.59103079421461,,idle=9.054; screen_margin=215.752
row,eu-us-af-row-apac-ch/pf120_k050_a040,us,2030,screen_grid_04_of_10,379.5714167257795,1683384.6212577887,1641804.829138894,-2.4700114040383183,9.936563571955048e-09,1.5489320048800437e-08,-69.04879882770564,60.59103077875324,60.59103078868981,,idle=9.054; screen_margin=215.752
row,eu-us-af-row-apac-ch/pf120_k050_a040,us,2030,screen_grid_05_of_10,416.2319493614567,1683384.6212577887,1651864.325940357,-1.872435741623943,1.7255032958019e-09,5.4265740345726954e-08,-32.38826615407561,60.59103077875324,60.59103078047875,,idle=9.054; screen_margin=215.752
row,eu-us-af-row-apac-ch/pf120_k050_a040,us,2030,screen_grid_06_of_10,452.8924819971338,1683384.6212577887,1683384.6212490185,-5.209899493201387e-10,-3.255422598158475e-09,1.0639240599630284e-08,-6.378104444593191e-08,60.59103077875324,60.59103077549782,,idle=9.054; screen_margin=215.752
row,eu-us-af-row-apac-ch/pf120_k050_a040,us,2030,screen_grid_07_of_10,489.55301463281097,1683384.6212577887,1683384.6207697568,-2.8991110065862417e-08,-3.2840793551258685e-07,5.297964094097551e-07,2.657386744431278e-06,60.59103077875324,60.59103045034531,,idle=9.054; screen_margin=215.752
row,eu-us-af-row-apac-ch/pf120_k050_a040,us,2030,screen_grid_08_of_10,526.2135472684881,1683384.6212577887,1683384.6205681562,-4.096701867364435e-08,-4.722069419926811e-07,7.578133249808161e-07,4.188786590475502e-06,60.59103077875324,60.5910303065463,,idle=9.054; screen_margin=215.752
row,eu-us-af-row-apac-ch/pf120_k050_a040,us,2030,screen_grid_09_of_10,562.8740799041652,1683384.6212577887,1683384.6212600141,1.321976727089807e-10,1.476493594054773e-09,-2.2250503661780385e-09,-1.6361298094125232e-08,60.59103077875324,60.59103078022974,,idle=9.054; screen_margin=215.752
row,eu-us-af-row-apac-ch/pf120_k050_a040,us,2030,screen_grid_10_of_10,599.5346125398424,1683384.6212577887,1683384.6212577887,0.0,0.0,0.0,0.0,60.59103077875324,60.59103077875324,,idle=9.054; screen_margin=215.752
row,eu-us-af-row-apac-ch/pf120_k050_a040,us,2035,screen_undercut_eps_1,339.03790480637656,1683384.6212577887,1674616.8805388429,-0.5208400153017195,-7.052676664898172e-09,4.2373926589789335e-10,-0.9767532193175725,23.246793321134724,23.246793314082048,,idle=35.394; screen_margin=132.832
row,eu-us-af-row-apac-ch/pf120_k050_a040,us,2035,screen_undercut_eps_5,335.03790480637656,1683384.6212577887,1674235.4709235502,-0.5434973219253062,3.679343052453987e-09,-1.3386625141720288e-11,-4.976753220573698,23.246793321134724,23.246793324814067,,idle=35.394; screen_margin=132.832
row,eu-us-af-row-apac-ch/pf120_k050_a040,us,2035,screen_undercut_eps_20,320.03790480637656,1683384.6212577887,1672805.185836878,-0.628462164101636,4.3467903054761337e-08,-1.4067325082578463e-09,-19.97675322383725,23.246793321134724,23.246793364602627,,idle=35.394; screen_margin=132.832
row,eu-us-af-row-apac-ch/pf120_k050_a040,us,2035,screen_grid_00_of_10,207.20606052566248,1683384.6212577887,1662049.1724665044,-1.2674137877856433,11.609070131384293,2.25150671440133e-07,-132.796988307334,23.246793321134724,34.85586345251902,,idle=35.394; screen_margin=132.832
row,eu-us-af-row-apac-ch/pf120_k050_a040,us,2035,screen_grid_01_of_10,223.78120221384194,1683384.6212577887,1664418.9161933898,-1.1266412217920923,11.609069971707328,-5.560252702707658e-09,-116.22184672600483,23.246793321134724,34.85586329284205,,idle=35.394; screen_margin=132.832
row,eu-us-af-row-apac-ch/pf120_k050_a040,us,2035,screen_grid_02_of_10,240.35634390202142,1683384.6212577887,1666788.6599065515,-0.9858686566137878,11.609069968843698,8.944880391936749e-10,-99.64670503292851,23.246793321134724,34.85586328997842,,idle=35.394; screen_margin=132.832
row,eu-us-af-row-apac-ch/pf120_k050_a040,us,2035,screen_grid_03_of_10,256.93148559020085,1683384.6212577887,1669158.403613155,-0.8450960918250638,11.609069942297708,2.6909873440672527e-08,-83.07156332675294,23.246793321134724,34.85586326343243,,idle=35.394; screen_margin=132.832
row,eu-us-af-row-apac-ch/pf120_k050_a040,us,2035,screen_grid_04_of_10,273.50662727838034,1683384.6212577887,1671528.1470051273,-0.7043235457267368,11.60906880991648,2.070715083846153e-07,-66.49642155846067,23.246793321134724,34.855862131051204,,idle=35.394; screen_margin=132.832
row,eu-us-af-row-apac-ch/pf120_k050_a040,us,2035,screen_grid_05_of_10,290.0817689665598,1683384.6212577887,1669948.7982982635,-0.7981433826742649,1.3899457229626933e-07,-3.597449449443957e-09,-49.9328890625369,23.246793321134724,23.246793460129297,,idle=35.394; screen_margin=132.832
row,eu-us-af-row-apac-ch/pf120_k050_a040,us,2035,screen_grid_06_of_10,306.65691065473925,1683384.6212577887,1671529.2767831115,-0.7042564322477397,8.946532403797391e-08,2.2714061742590275e-09,-33.35774737768253,23.246793321134724,23.24679341060005,,idle=35.394; screen_margin=132.832
row,eu-us-af-row-apac-ch/pf120_k050_a040,us,2035,screen_grid_07_of_10,323.23205234291873,1683384.6212577887,1673109.7552681325,-0.6103694818109381,3.3658615450349316e-08,-1.1279439604550134e-09,-16.782605686704812,23.246793321134724,23.24679335479334,,idle=35.394; screen_margin=132.832
row,eu-us-af-row-apac-ch/pf120_k050_a040,us,2035,screen_grid_08_of_10,339.8071940310982,1683384.6212577887,1674690.2563289236,-0.5164811902801432,-1.1579702530184477e-07,3.120715064142132e-08,-0.20746399503303792,23.246793321134724,23.2467932053377,,idle=35.394; screen_margin=132.832
row,eu-us-af-row-apac-ch/pf120_k050_a040,us,2035,screen_grid_09_of_10,356.38233571927765,1683384.6212577887,1683384.6212465735,-6.662303511946947e-10,-2.264272325191996e-09,5.154845439392375e-10,1.630269252927974e-08,23.246793321134724,23.246793318870452,,idle=35.394; screen_margin=132.832
row,eu-us-af-row-apac-ch/pf120_k050_a040,us,2035,screen_grid_10_of_10,372.95747740745713,1683384.6212577887,1683384.6212577887,0.0,0.0,0.0,0.0,23.246793321134724,23.246793321134724,,idle=35.394; screen_margin=132.832
row,eu-us-af-row-apac-ch/pf120_k050_a040,af,2035,screen_undercut_eps_1,402.03660341536386,1683384.6212577887,1692662.497928052,0.5511441980104946,11.609068969208302,3.5604927006716025e-08,-0.9883909942740274,23.246793321134724,34.855862290343026,,idle=35.394; screen_margin=195.831
row,eu-us-af-row-apac-ch/pf120_k050_a040,af,2035,screen_undercut_eps_5,398.03660341536386,1683384.6212577887,1692472.029067237,0.5398295609150974,11.609069891121294,3.998025022156071e-09,-4.9883909620254485,23.246793321134724,34.85586321225602,,idle=35.394; screen_margin=195.831
row,eu-us-af-row-apac-ch/pf120_k050_a040,af,2035,screen_undercut_eps_20,383.03660341536386,1683384.6212577887,1691757.7680701301,0.4973995073143281,11.609069962965037,-5.556842097576009e-09,-19.98839094914962,23.246793321134724,34.85586328409976,,idle=35.394; screen_margin=195.831
row,eu-us-af-row-apac-ch/pf120_k050_a040,af,2035,screen_grid_00_of_10,207.20606052566248,1683384.6212577887,1675682.9217072085,-0.4575127664422697,11.609069966093685,1.9826131847366923e-09,-195.81054290649882,23.246793321134724,34.85586328722841,,idle=35.394; screen_margin=195.831
row,eu-us-af-row-apac-ch/pf120_k050_a040,af,2035,screen_grid_01_of_10,238.2583185456052,1683384.6212577887,1678230.2884144713,-0.306188661713341,11.609069964735212,4.733038849735749e-09,-164.758284874076,23.246793321134724,34.85586328586994,,idle=35.394; screen_margin=195.831
row,eu-us-af-row-apac-ch/pf120_k050_a040,af,2035,screen_grid_02_of_10,269.31057656554793,1683384.6212577887,1680777.655124242,-0.1548645568354375,11.60906996688552,-2.952504019049229e-09,-133.7060268499401,23.246793321134724,34.855863288020245,,idle=35.394; screen_margin=195.831
row,eu-us-af-row-apac-ch/pf120_k050_a040,af,2035,screen_grid_03_of_10,300.36283458549065,1683384.6212577887,1683325.0218337243,-0.003540451974656916,11.609069968882459,-5.631079602608224e-09,-102.65376883195671,23.246793321134724,34.85586329001718,,idle=35.394; screen_margin=195.831
row,eu-us-af-row-apac-ch/pf120_k050_a040,af,2035,screen_grid_04_of_10,331.41509260543336,1683384.6212577887,1685872.3885380772,0.14778365258141066,11.609069965617039,-3.159897232762887e-09,-71.6015108149636,23.246793321134724,34.85586328675176,,idle=35.394; screen_margin=195.831
row,eu-us-af-row-apac-ch/pf120_k050_a040,af,2035,screen_grid_05_of_10,362.46735062537607,1683384.6212577887,1688419.7552423186,0.29910775713085314,11.609069907857965,2.8317543865341577e-08,-40.549252814834574,23.246793321134724,34.85586322899269,,idle=35.394; screen_margin=195.831
row,eu-us-af-row-apac-ch/pf120_k050_a040,af,2035,screen_grid_06_of_10,393.51960864531884,1683384.6212577887,1692256.9413659694,0.5270524630046475,11.609069785436127,8.627011993667111e-08,-9.505385807194898,23.246793321134724,34.85586310657085,,idle=35.394; screen_margin=195.831
row,eu-us-af-row-apac-ch/pf120_k050_a040,af,2035,screen_grid_07_of_10,424.5718666652615,1683384.6212577887,1683384.6212603825,1.5407847603871575e-10,2.7914556000041557e-08,8.881102075974923e-09,8.79028334566101e-08,23.246793321134724,23.24679334904928,,idle=35.394; screen_margin=195.831
row,eu-us-af-row-apac-ch/pf120_k050_a040,af,2035,screen_grid_08_of_10,455.62412468520427,1683384.6212577887,1683384.6212522928,-3.2648316219873293e-10,2.2625350482030626e-09,2.7617375053523574e-09,3.767496536966064e-08,23.246793321134724,23.24679332339726,,idle=35.394; screen_margin=195.831
row,eu-us-af-row-apac-ch/pf120_k050_a040,af,2035,screen_grid_09_of_10,486.67638270514703,1683384.6212577887,1683384.6212551119,-1.5901617944498337e-10,-6.506439831355237e-10,7.652545264136279e-10,9.649738785810769e-09,23.246793321134724,23.24679332048408,,idle=35.394; screen_margin=195.831
row,eu-us-af-row-apac-ch/pf120_k050_a040,af,2035,screen_grid_10_of_10,517.7286407250897,1683384.6212577887,1683384.6212577887,0.0,0.0,0.0,0.0,23.246793321134724,23.246793321134724,,idle=35.394; screen_margin=195.831
