candidate,candidate_code,sequence,order,branch,origin,price_factor,capacity_weight,damping,selected_sweep,max_gain_percent,limiting_player,multistart_status,region,region_label,year,capacity_gw,price_usd_per_kw,demand_gw,domestic_output_gw,imports_gw,exports_gw,import_share
ch-af-apac-eu-row-us/pf080_k050_a040,CH-pf080_k050_a040,ch-af-apac-eu-row-us,CH-first,pf080_k050_a040,clean_objective_stage2,0.8,0.5,0.4,12,0.6249764404,apac,one_start_only,ch,China,2025,931,163.324,324,323.9999999,5.956417568e-08,84.99999532,1.838400484e-10
ch-af-apac-eu-row-us/pf080_k050_a040,CH-pf080_k050_a040,ch-af-apac-eu-row-us,CH-first,pf080_k050_a040,clean_objective_stage2,0.8,0.5,0.4,12,0.6249764404,apac,one_start_only,af,Africa,2025,3.4,316.2382284,9.999999998,5.992786637e-09,9.999999992,3.399999989,0.9999999994
ch-af-apac-eu-row-us/pf080_k050_a040,CH-pf080_k050_a040,ch-af-apac-eu-row-us,CH-first,pf080_k050_a040,clean_objective_stage2,0.8,0.5,0.4,12,0.6249764404,apac,one_start_only,eu,EU,2025,22,290.6387116,75,5.150312462e-09,74.99999999,21.99999999,0.9999999999
ch-af-apac-eu-row-us/pf080_k050_a040,CH-pf080_k050_a040,ch-af-apac-eu-row-us,CH-first,pf080_k050_a040,clean_objective_stage2,0.8,0.5,0.4,12,0.6249764404,apac,one_start_only,us,US,2025,42,397.4871595,44.99999999,8.610060569e-08,44.99999991,41.9999999,0.9999999981
ch-af-apac-eu-row-us/pf080_k050_a040,CH-pf080_k050_a040,ch-af-apac-eu-row-us,CH-first,pf080_k050_a040,clean_objective_stage2,0.8,0.5,0.4,12,0.6249764404,apac,one_start_only,apac,APAC,2025,110,187.4579997,50,8.000000122,41.99999987,64.5999999,0.8399999975
ch-af-apac-eu-row-us/pf080_k050_a040,CH-pf080_k050_a040,ch-af-apac-eu-row-us,CH-first,pf080_k050_a040,clean_objective_stage2,0.8,0.5,0.4,12,0.6249764404,apac,one_start_only,row,ROW,2025,293,351.9362744,45,8.443624854e-07,44.99999915,3.882147282e-06,0.9999999812
ch-af-apac-eu-row-us/pf080_k050_a040,CH-pf080_k050_a040,ch-af-apac-eu-row-us,CH-first,pf080_k050_a040,clean_objective_stage2,0.8,0.5,0.4,12,0.6249764404,apac,one_start_only,ch,China,2030,360.5493953,107.7909238,350,350,1.130342836e-08,6.391306954e-09,3.229550959e-11
ch-af-apac-eu-row-us/pf080_k050_a040,CH-pf080_k050_a040,ch-af-apac-eu-row-us,CH-first,pf080_k050_a040,clean_objective_stage2,0.8,0.5,0.4,12,0.6249764404,apac,one_start_only,af,Africa,2030,5.897279022,261.5250698,14,2.872148756e-08,13.99999997,5.897278991,0.9999999979
ch-af-apac-eu-row-us/pf080_k050_a040,CH-pf080_k050_a040,ch-af-apac-eu-row-us,CH-first,pf080_k050_a040,clean_objective_stage2,0.8,0.5,0.4,12,0.6249764404,apac,one_start_only,eu,EU,2030,35.01769805,261.6210509,90,4.487384814e-09,90,35.01769805,1
ch-af-apac-eu-row-us/pf080_k050_a040,CH-pf080_k050_a040,ch-af-apac-eu-row-us,CH-first,pf080_k050_a040,clean_objective_stage2,0.8,0.5,0.4,12,0.6249764404,apac,one_start_only,us,US,2030,63.82646585,259.4225877,65,7.105179841e-09,64.99999999,63.82646584,0.9999999999
ch-af-apac-eu-row-us/pf080_k050_a040,CH-pf080_k050_a040,ch-af-apac-eu-row-us,CH-first,pf080_k050_a040,clean_objective_stage2,0.8,0.5,0.4,12,0.6249764404,apac,one_start_only,apac,APAC,2030,172.6060497,140.1470627,85,84.99999999,1.060532296e-08,87.60604968,1.247685054e-10
ch-af-apac-eu-row-us/pf080_k050_a040,CH-pf080_k050_a040,ch-af-apac-eu-row-us,CH-first,pf080_k050_a040,clean_objective_stage2,0.8,0.5,0.4,12,0.6249764404,apac,one_start_only,row,ROW,2030,126.7520718,232.9759387,70,46.65250737,23.34749263,5.671907459e-08,0.3335356091
ch-af-apac-eu-row-us/pf080_k050_a040,CH-pf080_k050_a040,ch-af-apac-eu-row-us,CH-first,pf080_k050_a040,clean_objective_stage2,0.8,0.5,0.4,12,0.6249764404,apac,one_start_only,ch,China,2035,360.3410658,95.90883461,333,332.9999994,5.670377587e-07,16.95951109,1.702816092e-09
ch-af-apac-eu-row-us/pf080_k050_a040,CH-pf080_k050_a040,ch-af-apac-eu-row-us,CH-first,pf080_k050_a040,clean_objective_stage2,0.8,0.5,0.4,12,0.6249764404,apac,one_start_only,af,Africa,2035,8.394558044,241.8363712,19.99999999,8.394552237,11.60544775,5.732620297e-06,0.5802723879
ch-af-apac-eu-row-us/pf080_k050_a040,CH-pf080_k050_a040,ch-af-apac-eu-row-us,CH-first,pf080_k050_a040,clean_objective_stage2,0.8,0.5,0.4,12,0.6249764404,apac,one_start_only,eu,EU,2035,48.23316081,224.9651733,94.99999999,1.217310107e-07,94.99999987,48.23316062,0.9999999987
ch-af-apac-eu-row-us/pf080_k050_a040,CH-pf080_k050_a040,ch-af-apac-eu-row-us,CH-first,pf080_k050_a040,clean_objective_stage2,0.8,0.5,0.4,12,0.6249764404,apac,one_start_only,us,US,2035,89.64592903,220.8397915,69.99999997,2.394692437e-07,69.99999973,89.64592866,0.9999999966
ch-af-apac-eu-row-us/pf080_k050_a040,CH-pf080_k050_a040,ch-af-apac-eu-row-us,CH-first,pf080_k050_a040,clean_objective_stage2,0.8,0.5,0.4,12,0.6249764404,apac,one_start_only,apac,APAC,2035,179.6499829,110.0152087,103,102.9999996,3.954648761e-07,69.99998887,3.839464817e-09
ch-af-apac-eu-row-us/pf080_k050_a040,CH-pf080_k050_a040,ch-af-apac-eu-row-us,CH-first,pf080_k050_a040,clean_objective_stage2,0.8,0.5,0.4,12,0.6249764404,apac,one_start_only,row,ROW,2035,126.5735181,207.2368271,78.99999999,30.76683893,48.23316105,1.439719862e-05,0.6105463425
ch-af-apac-eu-row-us/pf080_k050_a040,CH-pf080_k050_a040,ch-af-apac-eu-row-us,CH-first,pf080_k050_a040,clean_objective_stage2,0.8,0.5,0.4,12,0.6249764404,apac,one_start_only,ch,China,2040,360.0132365,86.65125722,316,316,3.440462503e-08,8.094382018e-08,1.088753957e-10
ch-af-apac-eu-row-us/pf080_k050_a040,CH-pf080_k050_a040,ch-af-apac-eu-row-us,CH-first,pf080_k050_a040,clean_objective_stage2,0.8,0.5,0.4,12,0.6249764404,apac,one_start_only,af,Africa,2040,10.89183707,307.6473637,28,1.603763846e-08,27.99999998,10.89183705,0.9999999994
ch-af-apac-eu-row-us/pf080_k050_a040,CH-pf080_k050_a040,ch-af-apac-eu-row-us,CH-first,pf080_k050_a040,clean_objective_stage2,0.8,0.5,0.4,12,0.6249764404,apac,one_start_only,eu,EU,2040,61.32062805,352.6310034,99,61.320628,37.679372,4.794607378e-08,0.3805997171
ch-af-apac-eu-row-us/pf080_k050_a040,CH-pf080_k050_a040,ch-af-apac-eu-row-us,CH-first,pf080_k050_a040,clean_objective_stage2,0.8,0.5,0.4,12,0.6249764404,apac,one_start_only,us,US,2040,97.14578207,287.257963,75,74.99999993,6.144658113e-08,22.14578213,8.192877484e-10
ch-af-apac-eu-row-us/pf080_k050_a040,CH-pf080_k050_a040,ch-af-apac-eu-row-us,CH-first,pf080_k050_a040,clean_objective_stage2,0.8,0.5,0.4,12,0.6249764404,apac,one_start_only,apac,APAC,2040,184.0629523,99.41154579,126,125.9999999,4.772382812e-08,5.854217845,3.787605407e-10
ch-af-apac-eu-row-us/pf080_k050_a040,CH-pf080_k050_a040,ch-af-apac-eu-row-us,CH-first,pf080_k050_a040,clean_objective_stage2,0.8,0.5,0.4,12,0.6249764404,apac,one_start_only,row,ROW,2040,125.9993014,187.2617191,89,88.99999997,2.811522967e-08,26.787535,3.15901457e-10
ch-af-apac-eu-row-us/pf080_k100_a030,CH-pf080_k100_a030,ch-af-apac-eu-row-us,CH-first,pf080_k100_a030,clean_objective_stage2,0.8,1,0.3,11,0.9051136202,apac,one_start_only,ch,China,2025,931,163.324,324,323.9999999,1.060750155e-07,47.59999977,3.273920232e-10
ch-af-apac-eu-row-us/pf080_k100_a030,CH-pf080_k100_a030,ch-af-apac-eu-row-us,CH-first,pf080_k100_a030,clean_objective_stage2,0.8,1,0.3,11,0.9051136202,apac,one_start_only,af,Africa,2025,3.4,337.978607,9.999999998,3.399999813,6.600000186,1.825718881e-07,0.6600000187
ch-af-apac-eu-row-us/pf080_k100_a030,CH-pf080_k100_a030,ch-af-apac-eu-row-us,CH-first,pf080_k100_a030,clean_objective_stage2,0.8,1,0.3,11,0.9051136202,apac,one_start_only,eu,EU,2025,22,283.2465316,75,2.734383264e-08,74.99999997,21.99999993,0.9999999996
ch-af-apac-eu-row-us/pf080_k100_a030,CH-pf080_k100_a030,ch-af-apac-eu-row-us,CH-first,pf080_k100_a030,clean_objective_stage2,0.8,1,0.3,11,0.9051136202,apac,one_start_only,us,US,2025,42,288.8809197,45,9.027670334e-09,44.99999999,41.99999998,0.9999999998
ch-af-apac-eu-row-us/pf080_k100_a030,CH-pf080_k100_a030,ch-af-apac-eu-row-us,CH-first,pf080_k100_a030,clean_objective_stage2,0.8,1,0.3,11,0.9051136202,apac,one_start_only,apac,APAC,2025,110,198.3802904,50,28.00000015,21.99999985,81.99999974,0.439999997
ch-af-apac-eu-row-us/pf080_k100_a030,CH-pf080_k100_a030,ch-af-apac-eu-row-us,CH-first,pf080_k100_a030,clean_objective_stage2,0.8,1,0.3,11,0.9051136202,apac,one_start_only,row,ROW,2025,293,324.434749,45,3.788444389e-08,44.99999996,4.581514869e-07,0.9999999992
ch-af-apac-eu-row-us/pf080_k100_a030,CH-pf080_k100_a030,ch-af-apac-eu-row-us,CH-first,pf080_k100_a030,clean_objective_stage2,0.8,1,0.3,11,0.9051136202,apac,one_start_only,ch,China,2030,439.0824665,107.7531168,350,312.1930406,37.80695941,3.011463218e-08,0.108019884
ch-af-apac-eu-row-us/pf080_k100_a030,CH-pf080_k100_a030,ch-af-apac-eu-row-us,CH-first,pf080_k100_a030,clean_objective_stage2,0.8,1,0.3,11,0.9051136202,apac,one_start_only,af,Africa,2030,5.899999994,369.399198,14,1.848593831e-10,14,5.899999993,1
ch-af-apac-eu-row-us/pf080_k100_a030,CH-pf080_k100_a030,ch-af-apac-eu-row-us,CH-first,pf080_k100_a030,clean_objective_stage2,0.8,1,0.3,11,0.9051136202,apac,one_start_only,eu,EU,2030,32.81557206,398.0024,90,32.81557205,57.18442795,1.348494665e-08,0.6353825328
ch-af-apac-eu-row-us/pf080_k100_a030,CH-pf080_k100_a030,ch-af-apac-eu-row-us,CH-first,pf080_k100_a030,clean_objective_stage2,0.8,1,0.3,11,0.9051136202,apac,one_start_only,us,US,2030,48.95432821,306.6671052,65,1.880383609e-09,65,48.95432821,1
ch-af-apac-eu-row-us/pf080_k100_a030,CH-pf080_k100_a030,ch-af-apac-eu-row-us,CH-first,pf080_k100_a030,clean_objective_stage2,0.8,1,0.3,11,0.9051136202,apac,one_start_only,apac,APAC,2030,153.2804509,136.0845674,85,84.99999999,7.359308863e-09,68.28045092,8.658010428e-11
ch-af-apac-eu-row-us/pf080_k100_a030,CH-pf080_k100_a030,ch-af-apac-eu-row-us,CH-first,pf080_k100_a030,clean_objective_stage2,0.8,1,0.3,11,0.9051136202,apac,one_start_only,row,ROW,2030,120.8566082,295.0572644,70,69.99999997,3.165730021e-08,50.85660823,4.522471458e-10
ch-af-apac-eu-row-us/pf080_k100_a030,CH-pf080_k100_a030,ch-af-apac-eu-row-us,CH-first,pf080_k100_a030,clean_objective_stage2,0.8,1,0.3,11,0.9051136202,apac,one_start_only,ch,China,2035,437.0743948,95.90883303,333,332.9999999,1.172102579e-07,4.032841689e-07,3.519827566e-10
ch-af-apac-eu-row-us/pf080_k100_a030,CH-pf080_k100_a030,ch-af-apac-eu-row-us,CH-first,pf080_k100_a030,clean_objective_stage2,0.8,1,0.3,11,0.9051136202,apac,one_start_only,af,Africa,2035,8.399999992,304.4402779,19.99999999,9.185999427e-08,19.9999999,8.399999878,0.9999999954
ch-af-apac-eu-row-us/pf080_k100_a030,CH-pf080_k100_a030,ch-af-apac-eu-row-us,CH-first,pf080_k100_a030,clean_objective_stage2,0.8,1,0.3,11,0.9051136202,apac,one_start_only,eu,EU,2035,43.6521681,305.7872902,94.99999999,1.245074872e-07,94.99999987,43.65216795,0.9999999987
ch-af-apac-eu-row-us/pf080_k100_a030,CH-pf080_k100_a030,ch-af-apac-eu-row-us,CH-first,pf080_k100_a030,clean_objective_stage2,0.8,1,0.3,11,0.9051136202,apac,one_start_only,us,US,2035,66.9512174,328.1373451,69.99999998,1.935054838e-07,69.99999979,66.95121717,0.9999999972
ch-af-apac-eu-row-us/pf080_k100_a030,CH-pf080_k100_a030,ch-af-apac-eu-row-us,CH-first,pf080_k100_a030,clean_objective_stage2,0.8,1,0.3,11,0.9051136202,apac,one_start_only,apac,APAC,2035,195.0614905,110.015208,103,102.9999999,1.150090904e-07,19.20249078,1.116593111e-09
ch-af-apac-eu-row-us/pf080_k100_a030,CH-pf080_k100_a030,ch-af-apac-eu-row-us,CH-first,pf080_k100_a030,clean_objective_stage2,0.8,1,0.3,11,0.9051136202,apac,one_start_only,row,ROW,2035,125.7941237,297.7389419,78.99999999,78.99999954,4.538857846e-07,46.79412406,5.745389679e-09
ch-af-apac-eu-row-us/pf080_k100_a030,CH-pf080_k100_a030,ch-af-apac-eu-row-us,CH-first,pf080_k100_a030,clean_objective_stage2,0.8,1,0.3,11,0.9051136202,apac,one_start_only,ch,China,2040,435.5420103,86.65125729,316,315.9999998,1.501878088e-07,99.00000008,4.75277876e-10
ch-af-apac-eu-row-us/pf080_k100_a030,CH-pf080_k100_a030,ch-af-apac-eu-row-us,CH-first,pf080_k100_a030,clean_objective_stage2,0.8,1,0.3,11,0.9051136202,apac,one_start_only,af,Africa,2040,10.89999999,186.8889148,28,7.013620984e-08,27.99999993,10.89999991,0.9999999975
ch-af-apac-eu-row-us/pf080_k100_a030,CH-pf080_k100_a030,ch-af-apac-eu-row-us,CH-first,pf080_k100_a030,clean_objective_stage2,0.8,1,0.3,11,0.9051136202,apac,one_start_only,eu,EU,2040,35.5084688,166.2330649,99,2.71405379e-08,98.99999997,35.50846874,0.9999999997
ch-af-apac-eu-row-us/pf080_k100_a030,CH-pf080_k100_a030,ch-af-apac-eu-row-us,CH-first,pf080_k100_a030,clean_objective_stage2,0.8,1,0.3,11,0.9051136202,apac,one_start_only,us,US,2040,52.66974501,175.2632508,75,1.612197461e-08,74.99999998,52.66974498,0.9999999998
ch-af-apac-eu-row-us/pf080_k100_a030,CH-pf080_k100_a030,ch-af-apac-eu-row-us,CH-first,pf080_k100_a030,clean_objective_stage2,0.8,1,0.3,11,0.9051136202,apac,one_start_only,apac,APAC,2040,227.9790528,99.41154604,126,125.9999999,6.886426511e-08,92.9217859,5.465417866e-10
ch-af-apac-eu-row-us/pf080_k100_a030,CH-pf080_k100_a030,ch-af-apac-eu-row-us,CH-first,pf080_k100_a030,clean_objective_stage2,0.8,1,0.3,11,0.9051136202,apac,one_start_only,row,ROW,2040,123.792319,181.4978137,89,1.750012449e-07,88.99999982,3.163277883e-07,0.999999998
ch-af-apac-eu-row-us/pf080_k100_a040,CH-pf080_k100_a040,ch-af-apac-eu-row-us,CH-first,pf080_k100_a040,clean_objective_stage2,0.8,1,0.4,13,0.8920375905,row,one_start_only,ch,China,2025,931,163.324,324,324,4.164516211e-09,89.59999951,1.28534451e-11
ch-af-apac-eu-row-us/pf080_k100_a040,CH-pf080_k100_a040,ch-af-apac-eu-row-us,CH-first,pf080_k100_a040,clean_objective_stage2,0.8,1,0.4,13,0.8920375905,row,one_start_only,af,Africa,2025,3.4,358.8068253,10,1.586789216e-06,9.999998413,3.399998413,0.9999998413
ch-af-apac-eu-row-us/pf080_k100_a040,CH-pf080_k100_a040,ch-af-apac-eu-row-us,CH-first,pf080_k100_a040,clean_objective_stage2,0.8,1,0.4,13,0.8920375905,row,one_start_only,eu,EU,2025,22,278.7967448,75,9.567434356e-10,75,22,1
ch-af-apac-eu-row-us/pf080_k100_a040,CH-pf080_k100_a040,ch-af-apac-eu-row-us,CH-first,pf080_k100_a040,clean_objective_stage2,0.8,1,0.4,13,0.8920375905,row,one_start_only,us,US,2025,42,296.3781046,45,3.984638399e-09,45,1.868487574e-07,0.9999999999
ch-af-apac-eu-row-us/pf080_k100_a040,CH-pf080_k100_a040,ch-af-apac-eu-row-us,CH-first,pf080_k100_a040,clean_objective_stage2,0.8,1,0.4,13,0.8920375905,row,one_start_only,apac,APAC,2025,110,271.5953164,50,49.99999981,1.928027092e-07,60.00000019,3.856054184e-09
ch-af-apac-eu-row-us/pf080_k100_a040,CH-pf080_k100_a040,ch-af-apac-eu-row-us,CH-first,pf080_k100_a040,clean_objective_stage2,0.8,1,0.4,13,0.8920375905,row,one_start_only,row,ROW,2025,293,330.2186111,45,4.34934638e-09,45,3.03945438e-07,0.9999999999
ch-af-apac-eu-row-us/pf080_k100_a040,CH-pf080_k100_a040,ch-af-apac-eu-row-us,CH-first,pf080_k100_a040,clean_objective_stage2,0.8,1,0.4,13,0.8920375905,row,one_start_only,ch,China,2030,510.6707704,118.0004646,350,350,4.932884277e-09,160.6707704,1.409395508e-11
ch-af-apac-eu-row-us/pf080_k100_a040,CH-pf080_k100_a040,ch-af-apac-eu-row-us,CH-first,pf080_k100_a040,clean_objective_stage2,0.8,1,0.4,13,0.8920375905,row,one_start_only,af,Africa,2030,5.899999989,348.4505292,14,5.899999984,8.100000016,4.299684256e-09,0.5785714297
ch-af-apac-eu-row-us/pf080_k100_a040,CH-pf080_k100_a040,ch-af-apac-eu-row-us,CH-first,pf080_k100_a040,clean_objective_stage2,0.8,1,0.4,13,0.8920375905,row,one_start_only,eu,EU,2030,34.73726365,227.9346984,90,1.58495085e-09,90,34.73726365,1
ch-af-apac-eu-row-us/pf080_k100_a040,CH-pf080_k100_a040,ch-af-apac-eu-row-us,CH-first,pf080_k100_a040,clean_objective_stage2,0.8,1,0.4,13,0.8920375905,row,one_start_only,us,US,2030,62.1613805,211.7811631,65,30.26273636,34.73726364,3.06931931e-08,0.5344194406
ch-af-apac-eu-row-us/pf080_k100_a040,CH-pf080_k100_a040,ch-af-apac-eu-row-us,CH-first,pf080_k100_a040,clean_objective_stage2,0.8,1,0.4,13,0.8920375905,row,one_start_only,apac,APAC,2030,114.9466952,123.6420624,85,84.99999999,5.335605076e-09,1.207656974e-08,6.277182442e-11
ch-af-apac-eu-row-us/pf080_k100_a040,CH-pf080_k100_a040,ch-af-apac-eu-row-us,CH-first,pf080_k100_a040,clean_objective_stage2,0.8,1,0.4,13,0.8920375905,row,one_start_only,row,ROW,2030,133.7686297,232.9367154,70,7.429229545,62.57077045,1.126387343e-08,0.8938681494
ch-af-apac-eu-row-us/pf080_k100_a040,CH-pf080_k100_a040,ch-af-apac-eu-row-us,CH-first,pf080_k100_a040,clean_objective_stage2,0.8,1,0.4,13,0.8920375905,row,one_start_only,ch,China,2035,360.2158388,95.90883314,333,332.9999998,1.570887164e-07,2.096070003e-07,4.717378871e-10
ch-af-apac-eu-row-us/pf080_k100_a040,CH-pf080_k100_a040,ch-af-apac-eu-row-us,CH-first,pf080_k100_a040,clean_objective_stage2,0.8,1,0.4,13,0.8920375905,row,one_start_only,af,Africa,2035,8.399999984,369.0425236,19.99999999,8.399999713,11.60000028,2.680526148e-07,0.5800000142
ch-af-apac-eu-row-us/pf080_k100_a040,CH-pf080_k100_a040,ch-af-apac-eu-row-us,CH-first,pf080_k100_a040,clean_objective_stage2,0.8,1,0.4,13,0.8920375905,row,one_start_only,eu,EU,2035,48.00654131,309.1418343,94.99999999,8.50698848e-08,94.99999991,48.0065412,0.9999999991
ch-af-apac-eu-row-us/pf080_k100_a040,CH-pf080_k100_a040,ch-af-apac-eu-row-us,CH-first,pf080_k100_a040,clean_objective_stage2,0.8,1,0.4,13,0.8920375905,row,one_start_only,us,US,2035,87.94041579,298.630082,69.99999998,2.187900415e-08,69.99999996,87.94041575,0.9999999997
ch-af-apac-eu-row-us/pf080_k100_a040,CH-pf080_k100_a040,ch-af-apac-eu-row-us,CH-first,pf080_k100_a040,clean_objective_stage2,0.8,1,0.4,13,0.8920375905,row,one_start_only,apac,APAC,2035,129.2828062,110.015208,103,102.9999999,1.169160112e-07,2.785201093e-07,1.135106905e-09
ch-af-apac-eu-row-us/pf080_k100_a040,CH-pf080_k100_a040,ch-af-apac-eu-row-us,CH-first,pf080_k100_a040,clean_objective_stage2,0.8,1,0.4,13,0.8920375905,row,one_start_only,row,ROW,2035,133.6334434,207.2850609,78.99999999,78.99999989,1.070484927e-07,40.65304283,1.355044212e-09
ch-af-apac-eu-row-us/pf080_k100_a040,CH-pf080_k100_a040,ch-af-apac-eu-row-us,CH-first,pf080_k100_a040,clean_objective_stage2,0.8,1,0.4,13,0.8920375905,row,one_start_only,ch,China,2040,354.9722568,86.6512572,316,316,3.533785292e-09,1.564721937,1.118286485e-11
ch-af-apac-eu-row-us/pf080_k100_a040,CH-pf080_k100_a040,ch-af-apac-eu-row-us,CH-first,pf080_k100_a040,clean_objective_stage2,0.8,1,0.4,13,0.8920375905,row,one_start_only,af,Africa,2040,10.89999998,542.9205287,28,10.89999997,17.10000003,7.646075297e-09,0.6107142867
ch-af-apac-eu-row-us/pf080_k100_a040,CH-pf080_k100_a040,ch-af-apac-eu-row-us,CH-first,pf080_k100_a040,clean_objective_stage2,0.8,1,0.4,13,0.8920375905,row,one_start_only,eu,EU,2040,60.95245206,479.312254,99,60.95245205,38.04754795,3.120870762e-09,0.3843186661
ch-af-apac-eu-row-us/pf080_k100_a040,CH-pf080_k100_a040,ch-af-apac-eu-row-us,CH-first,pf080_k100_a040,clean_objective_stage2,0.8,1,0.4,13,0.8920375905,row,one_start_only,us,US,2040,82.95523401,357.3726144,75,67.41995592,7.580044083,15.5352781,0.1010672544
ch-af-apac-eu-row-us/pf080_k100_a040,CH-pf080_k100_a040,ch-af-apac-eu-row-us,CH-first,pf080_k100_a040,clean_objective_stage2,0.8,1,0.4,13,0.8920375905,row,one_start_only,apac,APAC,2040,147.6550146,99.41154578,126,126,2.653989609e-09,5.070853935e-09,2.10634096e-11
ch-af-apac-eu-row-us/pf080_k100_a040,CH-pf080_k100_a040,ch-af-apac-eu-row-us,CH-first,pf080_k100_a040,clean_objective_stage2,0.8,1,0.4,13,0.8920375905,row,one_start_only,row,ROW,2040,134.627592,314.5004285,89,88.99999999,5.637957144e-09,45.62759202,6.334783308e-11
ch-af-apac-eu-row-us/pf100_k050_a040,CH-pf100_k050_a040,ch-af-apac-eu-row-us,CH-first,pf100_k050_a040,clean_objective_stage2,1,0.5,0.4,11,0.5501195224,us,one_start_only,ch,China,2025,931,163.324,324,324,2.226639739e-08,107.5999969,6.872344874e-11
ch-af-apac-eu-row-us/pf100_k050_a040,CH-pf100_k050_a040,ch-af-apac-eu-row-us,CH-first,pf100_k050_a040,clean_objective_stage2,1,0.5,0.4,11,0.5501195224,us,one_start_only,af,Africa,2025,3.4,470.5061256,9.999999999,3.399999975,6.600000024,2.271130165e-08,0.6600000025
ch-af-apac-eu-row-us/pf100_k050_a040,CH-pf100_k050_a040,ch-af-apac-eu-row-us,CH-first,pf100_k050_a040,clean_objective_stage2,1,0.5,0.4,11,0.5501195224,us,one_start_only,eu,EU,2025,22,432.2830679,75,15.40000101,59.59999899,6.599998986,0.7946666532
ch-af-apac-eu-row-us/pf100_k050_a040,CH-pf100_k050_a040,ch-af-apac-eu-row-us,CH-first,pf100_k050_a040,clean_objective_stage2,1,0.5,0.4,11,0.5501195224,us,one_start_only,us,US,2025,42,306.8128556,45,3.798967538e-09,44.99999999,41.99999999,0.9999999999
ch-af-apac-eu-row-us/pf100_k050_a040,CH-pf100_k050_a040,ch-af-apac-eu-row-us,CH-first,pf100_k050_a040,clean_objective_stage2,1,0.5,0.4,11,0.5501195224,us,one_start_only,apac,APAC,2025,110,187.5,50,49.99999998,2.118070546e-08,1.991792537e-06,4.236141092e-10
ch-af-apac-eu-row-us/pf100_k050_a040,CH-pf100_k050_a040,ch-af-apac-eu-row-us,CH-first,pf100_k050_a040,clean_objective_stage2,1,0.5,0.4,11,0.5501195224,us,one_start_only,row,ROW,2025,293,329.5622043,45,3.518342066e-08,44.99999996,1.126665354e-06,0.9999999992
ch-af-apac-eu-row-us/pf100_k050_a040,CH-pf100_k050_a040,ch-af-apac-eu-row-us,CH-first,pf100_k050_a040,clean_objective_stage2,1,0.5,0.4,11,0.5501195224,us,one_start_only,ch,China,2030,443.3162315,107.7909238,350,349.9999999,5.780910267e-08,43.85653122,1.651688648e-10
ch-af-apac-eu-row-us/pf100_k050_a040,CH-pf100_k050_a040,ch-af-apac-eu-row-us,CH-first,pf100_k050_a040,clean_objective_stage2,1,0.5,0.4,11,0.5501195224,us,one_start_only,af,Africa,2030,5.895465037,306.1296632,14,5.895464947,8.104535051,8.224180519e-08,0.5788953609
ch-af-apac-eu-row-us/pf100_k050_a040,CH-pf100_k050_a040,ch-af-apac-eu-row-us,CH-first,pf100_k050_a040,clean_objective_stage2,1,0.5,0.4,11,0.5501195224,us,one_start_only,eu,EU,2030,35.05928864,231.4480581,90,26.95475408,63.04524591,8.104534509,0.7005027324
ch-af-apac-eu-row-us/pf100_k050_a040,CH-pf100_k050_a040,ch-af-apac-eu-row-us,CH-first,pf100_k050_a040,clean_objective_stage2,1,0.5,0.4,11,0.5501195224,us,one_start_only,us,US,2030,66.15702815,217.6804305,64.99999999,64.99999985,1.449930947e-07,1.157028057,2.230662996e-09
ch-af-apac-eu-row-us/pf100_k050_a040,CH-pf100_k050_a040,ch-af-apac-eu-row-us,CH-first,pf100_k050_a040,clean_objective_stage2,1,0.5,0.4,11,0.5501195224,us,one_start_only,apac,APAC,2030,173.0316868,165.0314417,85,84.99999988,1.127770848e-07,88.03168683,1.326789233e-09
ch-af-apac-eu-row-us/pf100_k050_a040,CH-pf100_k050_a040,ch-af-apac-eu-row-us,CH-first,pf100_k050_a040,clean_objective_stage2,1,0.5,0.4,11,0.5501195224,us,one_start_only,row,ROW,2030,107.7937733,219.8495284,70,1.280609078e-07,69.99999987,4.528546952e-07,0.9999999982
ch-af-apac-eu-row-us/pf100_k050_a040,CH-pf100_k050_a040,ch-af-apac-eu-row-us,CH-first,pf100_k050_a040,clean_objective_stage2,1,0.5,0.4,11,0.5501195224,us,one_start_only,ch,China,2035,381.7305247,95.90883302,333,333,1.306499239e-08,27.37241608,3.923421138e-11
ch-af-apac-eu-row-us/pf100_k050_a040,CH-pf100_k050_a040,ch-af-apac-eu-row-us,CH-first,pf100_k050_a040,clean_objective_stage2,1,0.5,0.4,11,0.5501195224,us,one_start_only,af,Africa,2035,8.390930074,316.8151145,20,8.390930054,11.60906994,1.681245193e-08,0.5804534973
ch-af-apac-eu-row-us/pf100_k050_a040,CH-pf100_k050_a040,ch-af-apac-eu-row-us,CH-first,pf100_k050_a040,clean_objective_stage2,1,0.5,0.4,11,0.5501195224,us,one_start_only,eu,EU,2035,48.27463572,302.2276541,95,48.27463569,46.72536431,2.954605187e-08,0.4918459401
ch-af-apac-eu-row-us/pf100_k050_a040,CH-pf100_k050_a040,ch-af-apac-eu-row-us,CH-first,pf100_k050_a040,clean_objective_stage2,1,0.5,0.4,11,0.5501195224,us,one_start_only,us,US,2035,89.35294821,249.0648064,70,69.99999995,4.358227391e-08,19.35294824,6.22603913e-10
ch-af-apac-eu-row-us/pf100_k050_a040,CH-pf100_k050_a040,ch-af-apac-eu-row-us,CH-first,pf100_k050_a040,clean_objective_stage2,1,0.5,0.4,11,0.5501195224,us,one_start_only,apac,APAC,2035,183.3363528,110.015208,103,103,1.623835613e-08,8.847183157e-09,1.57653943e-10
ch-af-apac-eu-row-us/pf100_k050_a040,CH-pf100_k050_a040,ch-af-apac-eu-row-us,CH-first,pf100_k050_a040,clean_objective_stage2,1,0.5,0.4,11,0.5501195224,us,one_start_only,row,ROW,2035,107.1095176,207.2850605,79,78.99999998,2.225514338e-08,11.60906997,2.817106756e-10
ch-af-apac-eu-row-us/pf100_k050_a040,CH-pf100_k050_a040,ch-af-apac-eu-row-us,CH-first,pf100_k050_a040,clean_objective_stage2,1,0.5,0.4,11,0.5501195224,us,one_start_only,ch,China,2040,368.9547497,86.6512572,316,316,1.301385755e-08,2.982375385e-08,4.11830935e-11
ch-af-apac-eu-row-us/pf100_k050_a040,CH-pf100_k050_a040,ch-af-apac-eu-row-us,CH-first,pf100_k050_a040,clean_objective_stage2,1,0.5,0.4,11,0.5501195224,us,one_start_only,af,Africa,2040,10.88639511,351.0903265,28,10.8863951,17.1136049,1.393553421e-08,0.6112001752
ch-af-apac-eu-row-us/pf100_k050_a040,CH-pf100_k050_a040,ch-af-apac-eu-row-us,CH-first,pf100_k050_a040,clean_objective_stage2,1,0.5,0.4,11,0.5501195224,us,one_start_only,eu,EU,2040,61.00185067,338.6869828,99,43.88824583,55.11175417,17.11360484,0.5566843856
ch-af-apac-eu-row-us/pf100_k050_a040,CH-pf100_k050_a040,ch-af-apac-eu-row-us,CH-first,pf100_k050_a040,clean_objective_stage2,1,0.5,0.4,11,0.5501195224,us,one_start_only,us,US,2040,108.6116097,279.4523678,75,74.99999997,2.7353716e-08,33.61160976,3.647162133e-10
ch-af-apac-eu-row-us/pf100_k050_a040,CH-pf100_k050_a040,ch-af-apac-eu-row-us,CH-first,pf100_k050_a040,clean_objective_stage2,1,0.5,0.4,11,0.5501195224,us,one_start_only,apac,APAC,2040,209.9749309,99.41154578,126,126,6.339344749e-09,3.926531429,5.031225991e-11
ch-af-apac-eu-row-us/pf100_k050_a040,CH-pf100_k050_a040,ch-af-apac-eu-row-us,CH-first,pf100_k050_a040,clean_objective_stage2,1,0.5,0.4,11,0.5501195224,us,one_start_only,row,ROW,2040,106.5736131,243.3803189,89,88.99999999,1.364687292e-08,17.57361306,1.533356508e-10
ch-af-apac-eu-row-us/pf100_k100_a030,CH-pf100_k100_a030,ch-af-apac-eu-row-us,CH-first,pf100_k100_a030,clean_objective_stage2,1,1,0.3,4,0.9819254614,apac,one_start_only,ch,China,2025,931,163.324,324,324,2.719503378e-08,89.59999974,8.393528946e-11
ch-af-apac-eu-row-us/pf100_k100_a030,CH-pf100_k100_a030,ch-af-apac-eu-row-us,CH-first,pf100_k100_a030,clean_objective_stage2,1,1,0.3,4,0.9819254614,apac,one_start_only,af,Africa,2025,3.4,310.8978171,9.999999999,4.0790811e-08,9.999999958,3.399999953,0.9999999959
ch-af-apac-eu-row-us/pf100_k100_a030,CH-pf100_k100_a030,ch-af-apac-eu-row-us,CH-first,pf100_k100_a030,clean_objective_stage2,1,1,0.3,4,0.9819254614,apac,one_start_only,eu,EU,2025,22,310.921442,75,1.276985204e-07,74.99999987,21.99999982,0.9999999983
ch-af-apac-eu-row-us/pf100_k100_a030,CH-pf100_k100_a030,ch-af-apac-eu-row-us,CH-first,pf100_k100_a030,clean_objective_stage2,1,1,0.3,4,0.9819254614,apac,one_start_only,us,US,2025,42,288.8477404,45,2.864394814e-08,44.99999997,2.113107807e-07,0.9999999994
ch-af-apac-eu-row-us/pf100_k100_a030,CH-pf100_k100_a030,ch-af-apac-eu-row-us,CH-first,pf100_k100_a030,clean_objective_stage2,1,1,0.3,4,0.9819254614,apac,one_start_only,apac,APAC,2025,110,309.0264582,50,49.99999987,1.239625921e-07,60.00000012,2.479251842e-09
ch-af-apac-eu-row-us/pf100_k100_a030,CH-pf100_k100_a030,ch-af-apac-eu-row-us,CH-first,pf100_k100_a030,clean_objective_stage2,1,1,0.3,4,0.9819254614,apac,one_start_only,row,ROW,2025,293,325.7521036,45,3.444793902e-08,44.99999996,6.694257483e-08,0.9999999992
ch-af-apac-eu-row-us/pf100_k100_a030,CH-pf100_k100_a030,ch-af-apac-eu-row-us,CH-first,pf100_k100_a030,clean_objective_stage2,1,1,0.3,4,0.9819254614,apac,one_start_only,ch,China,2030,590.3126817,107.7909238,350,350,5.654072019e-09,118.2040351,1.615449148e-11
ch-af-apac-eu-row-us/pf100_k100_a030,CH-pf100_k100_a030,ch-af-apac-eu-row-us,CH-first,pf100_k100_a030,clean_objective_stage2,1,1,0.3,4,0.9819254614,apac,one_start_only,af,Africa,2030,5.899999988,246.9195625,14,5.899999972,8.100000028,1.484768173e-08,0.5785714306
ch-af-apac-eu-row-us/pf100_k100_a030,CH-pf100_k100_a030,ch-af-apac-eu-row-us,CH-first,pf100_k100_a030,clean_objective_stage2,1,1,0.3,4,0.9819254614,apac,one_start_only,eu,EU,2030,18.4589897,220.913943,90,18.45898956,71.54101044,1.308401153e-07,0.794900116
ch-af-apac-eu-row-us/pf100_k100_a030,CH-pf100_k100_a030,ch-af-apac-eu-row-us,CH-first,pf100_k100_a030,clean_objective_stage2,1,1,0.3,4,0.9819254614,apac,one_start_only,us,US,2030,4.207842712,219.7200926,65,8.939630138e-10,65,4.20784271,1
ch-af-apac-eu-row-us/pf100_k100_a030,CH-pf100_k100_a030,ch-af-apac-eu-row-us,CH-first,pf100_k100_a030,clean_objective_stage2,1,1,0.3,4,0.9819254614,apac,one_start_only,apac,APAC,2030,173.3369752,195.4990727,85,2.203354387e-08,84.99999998,173.3369752,0.9999999997
ch-af-apac-eu-row-us/pf100_k100_a030,CH-pf100_k100_a030,ch-af-apac-eu-row-us,CH-first,pf100_k100_a030,clean_objective_stage2,1,1,0.3,4,0.9819254614,apac,one_start_only,row,ROW,2030,62.74618297,221.4098172,70,1.219965777e-08,69.99999999,3.892157234,0.9999999998
ch-af-apac-eu-row-us/pf100_k100_a030,CH-pf100_k100_a030,ch-af-apac-eu-row-us,CH-first,pf100_k100_a030,clean_objective_stage2,1,1,0.3,4,0.9819254614,apac,one_start_only,ch,China,2035,579.1933589,95.90883301,333,332.9999999,9.441527301e-08,86.65293415,2.835293484e-10
ch-af-apac-eu-row-us/pf100_k100_a030,CH-pf100_k100_a030,ch-af-apac-eu-row-us,CH-first,pf100_k100_a030,clean_objective_stage2,1,1,0.3,4,0.9819254614,apac,one_start_only,af,Africa,2035,8.399999984,221.3258296,20,8.399999717,11.60000028,2.480798825e-07,0.5800000141
ch-af-apac-eu-row-us/pf100_k100_a030,CH-pf100_k100_a030,ch-af-apac-eu-row-us,CH-first,pf100_k100_a030,clean_objective_stage2,1,1,0.3,4,0.9819254614,apac,one_start_only,eu,EU,2035,25.26748954,205.1761059,95,25.26748917,69.73251083,3.018140964e-07,0.7340264298
ch-af-apac-eu-row-us/pf100_k100_a030,CH-pf100_k100_a030,ch-af-apac-eu-row-us,CH-first,pf100_k100_a030,clean_objective_stage2,1,1,0.3,4,0.9819254614,apac,one_start_only,us,US,2035,4.781431514,178.1006539,69.99999999,5.799576317e-08,69.99999994,4.781431394,0.9999999992
ch-af-apac-eu-row-us/pf100_k100_a030,CH-pf100_k100_a030,ch-af-apac-eu-row-us,CH-first,pf100_k100_a030,clean_objective_stage2,1,1,0.3,4,0.9819254614,apac,one_start_only,apac,APAC,2035,235.0795761,163.8117886,103,96.86640827,6.133591726,138.2131678,0.05954943423
ch-af-apac-eu-row-us/pf100_k100_a030,CH-pf100_k100_a030,ch-af-apac-eu-row-us,CH-first,pf100_k100_a030,clean_objective_stage2,1,1,0.3,4,0.9819254614,apac,one_start_only,row,ROW,2035,62.73077458,201.9339442,79,3.48791974e-07,78.99999965,6.818568643,0.9999999956
ch-af-apac-eu-row-us/pf100_k100_a030,CH-pf100_k100_a030,ch-af-apac-eu-row-us,CH-first,pf100_k100_a030,clean_objective_stage2,1,1,0.3,4,0.9819254614,apac,one_start_only,ch,China,2040,563.7630052,86.65125721,316,315.9999999,7.668676637e-08,111.3280598,2.426796404e-10
ch-af-apac-eu-row-us/pf100_k100_a030,CH-pf100_k100_a030,ch-af-apac-eu-row-us,CH-first,pf100_k100_a030,clean_objective_stage2,1,1,0.3,4,0.9819254614,apac,one_start_only,af,Africa,2040,10.89999998,194.6923532,28,10.89999959,17.10000041,3.733115012e-07,0.6107143004
ch-af-apac-eu-row-us/pf100_k100_a030,CH-pf100_k100_a030,ch-af-apac-eu-row-us,CH-first,pf100_k100_a030,clean_objective_stage2,1,1,0.3,4,0.9819254614,apac,one_start_only,eu,EU,2040,29.27663198,194.6514641,99,29.27663167,69.72336833,2.705927203e-07,0.7042764478
ch-af-apac-eu-row-us/pf100_k100_a030,CH-pf100_k100_a030,ch-af-apac-eu-row-us,CH-first,pf100_k100_a030,clean_objective_stage2,1,1,0.3,4,0.9819254614,apac,one_start_only,us,US,2040,4.781156021,184.533711,75,8.735729015e-08,74.99999991,4.781155826,0.9999999988
ch-af-apac-eu-row-us/pf100_k100_a030,CH-pf100_k100_a030,ch-af-apac-eu-row-us,CH-first,pf100_k100_a030,clean_objective_stage2,1,1,0.3,4,0.9819254614,apac,one_start_only,apac,APAC,2040,260.7141443,159.4670296,126,125.9999998,1.833167169e-07,134.7141444,1.454894579e-09
ch-af-apac-eu-row-us/pf100_k100_a030,CH-pf100_k100_a030,ch-af-apac-eu-row-us,CH-first,pf100_k100_a030,clean_objective_stage2,1,1,0.3,4,0.9819254614,apac,one_start_only,row,ROW,2040,62.72292036,186.8245371,89,4.246983307e-06,88.99999575,3.959033347e-06,0.9999999523
ch-af-apac-eu-row-us/pf120_k050_a030,CH-pf120_k050_a030,ch-af-apac-eu-row-us,CH-first,pf120_k050_a030,clean_objective_stage2,1.2,0.5,0.3,5,0.5937755679,apac,one_start_only,ch,China,2025,931,163.324,324,324,6.506793098e-09,111.5999999,2.008269475e-11
ch-af-apac-eu-row-us/pf120_k050_a030,CH-pf120_k050_a030,ch-af-apac-eu-row-us,CH-first,pf120_k050_a030,clean_objective_stage2,1.2,0.5,0.3,5,0.5937755679,apac,one_start_only,af,Africa,2025,3.4,304.6120411,10,3.399999967,6.600000033,3.167025347e-08,0.6600000033
ch-af-apac-eu-row-us/pf120_k050_a030,CH-pf120_k050_a030,ch-af-apac-eu-row-us,CH-first,pf120_k050_a030,clean_objective_stage2,1.2,0.5,0.3,5,0.5937755679,apac,one_start_only,eu,EU,2025,22,288.0401315,75,2.3023609e-08,74.99999998,2.152317997e-08,0.9999999997
ch-af-apac-eu-row-us/pf120_k050_a030,CH-pf120_k050_a030,ch-af-apac-eu-row-us,CH-first,pf120_k050_a030,clean_objective_stage2,1.2,0.5,0.3,5,0.5937755679,apac,one_start_only,us,US,2025,42,291.8401609,45,7.41139635e-09,44.99999999,1.157070942e-08,0.9999999998
ch-af-apac-eu-row-us/pf120_k050_a030,CH-pf120_k050_a030,ch-af-apac-eu-row-us,CH-first,pf120_k050_a030,clean_objective_stage2,1.2,0.5,0.3,5,0.5937755679,apac,one_start_only,apac,APAC,2025,110,248.2271342,50,49.99999999,1.319272669e-08,60.00000001,2.638545338e-10
ch-af-apac-eu-row-us/pf120_k050_a030,CH-pf120_k050_a030,ch-af-apac-eu-row-us,CH-first,pf120_k050_a030,clean_objective_stage2,1.2,0.5,0.3,5,0.5937755679,apac,one_start_only,row,ROW,2025,293,346.0497741,45,3.821116696e-08,44.99999996,7.69450469e-09,0.9999999992
ch-af-apac-eu-row-us/pf120_k050_a030,CH-pf120_k050_a030,ch-af-apac-eu-row-us,CH-first,pf120_k050_a030,clean_objective_stage2,1.2,0.5,0.3,5,0.5937755679,apac,one_start_only,ch,China,2030,561.5012675,107.7909238,350,349.9999999,5.229173626e-08,104.544448,1.494049607e-10
ch-af-apac-eu-row-us/pf120_k050_a030,CH-pf120_k050_a030,ch-af-apac-eu-row-us,CH-first,pf120_k050_a030,clean_objective_stage2,1.2,0.5,0.3,5,0.5937755679,apac,one_start_only,af,Africa,2030,5.689912499,199.3642806,14,7.833485879e-08,13.99999992,5.689912411,0.9999999944
ch-af-apac-eu-row-us/pf120_k050_a030,CH-pf120_k050_a030,ch-af-apac-eu-row-us,CH-first,pf120_k050_a030,clean_objective_stage2,1.2,0.5,0.3,5,0.5937755679,apac,one_start_only,eu,EU,2030,27.34263212,242.1694096,90,27.34263204,62.65736795,5.657489416e-08,0.6961929773
ch-af-apac-eu-row-us/pf120_k050_a030,CH-pf120_k050_a030,ch-af-apac-eu-row-us,CH-first,pf120_k050_a030,clean_objective_stage2,1.2,0.5,0.3,5,0.5937755679,apac,one_start_only,us,US,2030,30.45555165,217.6406291,65,30.45555152,34.54444847,7.480281273e-08,0.5314530534
ch-af-apac-eu-row-us/pf120_k050_a030,CH-pf120_k050_a030,ch-af-apac-eu-row-us,CH-first,pf120_k050_a030,clean_objective_stage2,1.2,0.5,0.3,5,0.5937755679,apac,one_start_only,apac,APAC,2030,164.3392428,123.6420624,85,84.99999996,3.466744164e-08,70.96745572,4.078522546e-10
ch-af-apac-eu-row-us/pf120_k050_a030,CH-pf120_k050_a030,ch-af-apac-eu-row-us,CH-first,pf120_k050_a030,clean_objective_stage2,1.2,0.5,0.3,5,0.5937755679,apac,one_start_only,row,ROW,2030,46.60777394,225.4587815,70,1.405901269e-07,69.99999986,5.810729121e-08,0.999999998
ch-af-apac-eu-row-us/pf120_k050_a030,CH-pf120_k050_a030,ch-af-apac-eu-row-us,CH-first,pf120_k050_a030,clean_objective_stage2,1.2,0.5,0.3,5,0.5937755679,apac,one_start_only,ch,China,2035,518.5371244,95.90883302,333,332.9999999,7.816367945e-08,80.19269034,2.347257641e-10
ch-af-apac-eu-row-us/pf120_k050_a030,CH-pf120_k050_a030,ch-af-apac-eu-row-us,CH-first,pf120_k050_a030,clean_objective_stage2,1.2,0.5,0.3,5,0.5937755679,apac,one_start_only,af,Africa,2035,7.979824999,262.6883351,20,7.979824893,12.0201751,9.401585691e-08,0.6010087553
ch-af-apac-eu-row-us/pf120_k050_a030,CH-pf120_k050_a030,ch-af-apac-eu-row-us,CH-first,pf120_k050_a030,clean_objective_stage2,1.2,0.5,0.3,5,0.5937755679,apac,one_start_only,eu,EU,2035,27.7940957,209.1028007,95,27.79409265,67.20590734,2.981072129e-06,0.7074306036
ch-af-apac-eu-row-us/pf120_k050_a030,CH-pf120_k050_a030,ch-af-apac-eu-row-us,CH-first,pf120_k050_a030,clean_objective_stage2,1.2,0.5,0.3,5,0.5937755679,apac,one_start_only,us,US,2035,30.22099195,210.6970377,69.99999999,19.39350905,50.60649094,10.8274828,0.7229498707
ch-af-apac-eu-row-us/pf120_k050_a030,CH-pf120_k050_a030,ch-af-apac-eu-row-us,CH-first,pf120_k050_a030,clean_objective_stage2,1.2,0.5,0.3,5,0.5937755679,apac,one_start_only,apac,APAC,2035,220.8123969,163.3325122,103,102.9999999,1.053516261e-07,117.812397,1.022831321e-09
ch-af-apac-eu-row-us/pf120_k050_a030,CH-pf120_k050_a030,ch-af-apac-eu-row-us,CH-first,pf120_k050_a030,clean_objective_stage2,1.2,0.5,0.3,5,0.5937755679,apac,one_start_only,row,ROW,2035,46.59603592,194.0684429,79,1.763170319e-07,78.99999982,1.920266994e-07,0.9999999978
ch-af-apac-eu-row-us/pf120_k050_a030,CH-pf120_k050_a030,ch-af-apac-eu-row-us,CH-first,pf120_k050_a030,clean_objective_stage2,1.2,0.5,0.3,5,0.5937755679,apac,one_start_only,ch,China,2040,524.0671696,86.65125723,316,315.9999997,3.193066038e-07,89.59682009,1.010463936e-09
ch-af-apac-eu-row-us/pf120_k050_a030,CH-pf120_k050_a030,ch-af-apac-eu-row-us,CH-first,pf120_k050_a030,clean_objective_stage2,1.2,0.5,0.3,5,0.5937755679,apac,one_start_only,af,Africa,2040,10.2697375,195.6455635,27.99999999,10.26973708,17.73026291,3.325433993e-07,0.6332236754
ch-af-apac-eu-row-us/pf120_k050_a030,CH-pf120_k050_a030,ch-af-apac-eu-row-us,CH-first,pf120_k050_a030,clean_objective_stage2,1.2,0.5,0.3,5,0.5937755679,apac,one_start_only,eu,EU,2040,27.7770588,177.1773573,98.99999999,27.77705789,71.2229421,6.459022317e-07,0.7194236577
ch-af-apac-eu-row-us/pf120_k050_a030,CH-pf120_k050_a030,ch-af-apac-eu-row-us,CH-first,pf120_k050_a030,clean_objective_stage2,1.2,0.5,0.3,5,0.5937755679,apac,one_start_only,us,US,2040,30.21999662,185.4465946,74.99999998,30.21999569,44.78000428,4.812552477e-07,0.597066724
ch-af-apac-eu-row-us/pf120_k050_a030,CH-pf120_k050_a030,ch-af-apac-eu-row-us,CH-first,pf120_k050_a030,clean_objective_stage2,1.2,0.5,0.3,5,0.5937755679,apac,one_start_only,apac,APAC,2040,259.1363871,132.6209005,126,125.9999993,6.97440025e-07,133.1363875,5.535238294e-09
ch-af-apac-eu-row-us/pf120_k050_a030,CH-pf120_k050_a030,ch-af-apac-eu-row-us,CH-first,pf120_k050_a030,clean_objective_stage2,1.2,0.5,0.3,5,0.5937755679,apac,one_start_only,row,ROW,2040,46.57977076,176.4155084,88.99999999,7.671630292e-07,88.99999922,5.087853407e-07,0.9999999914
ch-af-apac-eu-row-us/pf120_k050_a040,CH-pf120_k050_a040,ch-af-apac-eu-row-us,CH-first,pf120_k050_a040,clean_objective_stage2,1.2,0.5,0.4,4,0.5921495258,apac,one_start_only,ch,China,2025,931,163.324,324,324,1.378119218e-08,69.59999987,4.253454378e-11
ch-af-apac-eu-row-us/pf120_k050_a040,CH-pf120_k050_a040,ch-af-apac-eu-row-us,CH-first,pf120_k050_a040,clean_objective_stage2,1.2,0.5,0.4,4,0.5921495258,apac,one_start_only,af,Africa,2025,3.4,310.0591582,9.999999999,3.399999981,6.600000018,1.541931734e-08,0.6600000019
ch-af-apac-eu-row-us/pf120_k050_a040,CH-pf120_k050_a040,ch-af-apac-eu-row-us,CH-first,pf120_k050_a040,clean_objective_stage2,1.2,0.5,0.4,4,0.5921495258,apac,one_start_only,eu,EU,2025,22,291.0710979,75,5.75491341e-08,74.99999994,7.483263512e-08,0.9999999992
ch-af-apac-eu-row-us/pf120_k050_a040,CH-pf120_k050_a040,ch-af-apac-eu-row-us,CH-first,pf120_k050_a040,clean_objective_stage2,1.2,0.5,0.4,4,0.5921495258,apac,one_start_only,us,US,2025,42,365.7254794,45,41.99999996,3.000000036,1.787623351e-08,0.06666666746
ch-af-apac-eu-row-us/pf120_k050_a040,CH-pf120_k050_a040,ch-af-apac-eu-row-us,CH-first,pf120_k050_a040,clean_objective_stage2,1.2,0.5,0.4,4,0.5921495258,apac,one_start_only,apac,APAC,2025,110,263.4894615,50,49.99999998,2.075192368e-08,60.00000001,4.150384735e-10
ch-af-apac-eu-row-us/pf120_k050_a040,CH-pf120_k050_a040,ch-af-apac-eu-row-us,CH-first,pf120_k050_a040,clean_objective_stage2,1.2,0.5,0.4,4,0.5921495258,apac,one_start_only,row,ROW,2025,293,305.7498298,45,1.26195749e-08,44.99999999,2.128295347e-08,0.9999999997
ch-af-apac-eu-row-us/pf120_k050_a040,CH-pf120_k050_a040,ch-af-apac-eu-row-us,CH-first,pf120_k050_a040,clean_objective_stage2,1.2,0.5,0.4,4,0.5921495258,apac,one_start_only,ch,China,2030,519.5658416,107.7909238,350,350,4.181984228e-09,74.08046424,1.194852637e-11
ch-af-apac-eu-row-us/pf120_k050_a040,CH-pf120_k050_a040,ch-af-apac-eu-row-us,CH-first,pf120_k050_a040,clean_objective_stage2,1.2,0.5,0.4,4,0.5921495258,apac,one_start_only,af,Africa,2030,5.737999999,275.621562,14,5.73799999,8.26200001,7.945007163e-09,0.5901428578
ch-af-apac-eu-row-us/pf120_k050_a040,CH-pf120_k050_a040,ch-af-apac-eu-row-us,CH-first,pf120_k050_a040,clean_objective_stage2,1.2,0.5,0.4,4,0.5921495258,apac,one_start_only,eu,EU,2030,29.1187329,220.2190357,90,20.85673292,69.14326708,8.261999976,0.7682585231
ch-af-apac-eu-row-us/pf120_k050_a040,CH-pf120_k050_a040,ch-af-apac-eu-row-us,CH-first,pf120_k050_a040,clean_objective_stage2,1.2,0.5,0.4,4,0.5921495258,apac,one_start_only,us,US,2030,52.64801739,246.3878583,65,52.64801738,12.35198262,9.985312691e-09,0.1900305018
ch-af-apac-eu-row-us/pf120_k050_a040,CH-pf120_k050_a040,ch-af-apac-eu-row-us,CH-first,pf120_k050_a040,clean_objective_stage2,1.2,0.5,0.4,4,0.5921495258,apac,one_start_only,apac,APAC,2030,162.4147854,185.8287318,85,84.99999999,1.441833302e-08,77.41478546,1.696274474e-10
ch-af-apac-eu-row-us/pf120_k050_a040,CH-pf120_k050_a040,ch-af-apac-eu-row-us,CH-first,pf120_k050_a040,clean_objective_stage2,1.2,0.5,0.4,4,0.5921495258,apac,one_start_only,row,ROW,2030,35.93871671,224.1186658,70,1.345095128e-08,69.99999999,1.93260562e-08,0.9999999998
ch-af-apac-eu-row-us/pf120_k050_a040,CH-pf120_k050_a040,ch-af-apac-eu-row-us,CH-first,pf120_k050_a040,clean_objective_stage2,1.2,0.5,0.4,4,0.5921495258,apac,one_start_only,ch,China,2035,506.5402955,95.90883301,333,333,2.920460463e-08,78.99999946,8.770151542e-11
ch-af-apac-eu-row-us/pf120_k050_a040,CH-pf120_k050_a040,ch-af-apac-eu-row-us,CH-first,pf120_k050_a040,clean_objective_stage2,1.2,0.5,0.4,4,0.5921495258,apac,one_start_only,af,Africa,2035,8.075999999,249.5829393,20,8.075999987,11.92400001,1.025125306e-08,0.5962000006
ch-af-apac-eu-row-us/pf120_k050_a040,CH-pf120_k050_a040,ch-af-apac-eu-row-us,CH-first,pf120_k050_a040,clean_objective_stage2,1.2,0.5,0.4,4,0.5921495258,apac,one_start_only,eu,EU,2035,32.0267739,191.4976589,95,20.1027739,74.8972261,11.92399995,0.7883918537
ch-af-apac-eu-row-us/pf120_k050_a040,CH-pf120_k050_a040,ch-af-apac-eu-row-us,CH-first,pf120_k050_a040,clean_objective_stage2,1.2,0.5,0.4,4,0.5921495258,apac,one_start_only,us,US,2035,52.67496467,188.3996018,70,33.12115647,36.87884353,3.928685375e-08,0.5268406219
ch-af-apac-eu-row-us/pf120_k050_a040,CH-pf120_k050_a040,ch-af-apac-eu-row-us,CH-first,pf120_k050_a040,clean_objective_stage2,1.2,0.5,0.4,4,0.5921495258,apac,one_start_only,apac,APAC,2035,214.7760701,123.5239246,103,103,2.624854392e-08,111.7760701,2.548402322e-10
ch-af-apac-eu-row-us/pf120_k050_a040,CH-pf120_k050_a040,ch-af-apac-eu-row-us,CH-first,pf120_k050_a040,clean_objective_stage2,1.2,0.5,0.4,4,0.5921495258,apac,one_start_only,row,ROW,2035,35.92311211,196.8970316,79,6.096987564e-08,78.99999994,8.768353432e-08,0.9999999992
ch-af-apac-eu-row-us/pf120_k050_a040,CH-pf120_k050_a040,ch-af-apac-eu-row-us,CH-first,pf120_k050_a040,clean_objective_stage2,1.2,0.5,0.4,4,0.5921495258,apac,one_start_only,ch,China,2040,505.4388388,86.6512572,316,316,6.805513671e-09,72.49336286,2.153643567e-11
ch-af-apac-eu-row-us/pf120_k050_a040,CH-pf120_k050_a040,ch-af-apac-eu-row-us,CH-first,pf120_k050_a040,clean_objective_stage2,1.2,0.5,0.4,4,0.5921495258,apac,one_start_only,af,Africa,2040,10.414,211.2285209,28,10.41399998,17.58600002,2.07186559e-08,0.6280714294
ch-af-apac-eu-row-us/pf120_k050_a040,CH-pf120_k050_a040,ch-af-apac-eu-row-us,CH-first,pf120_k050_a040,clean_objective_stage2,1.2,0.5,0.4,4,0.5921495258,apac,one_start_only,eu,EU,2040,32.02289094,186.3322669,99,32.0228909,66.9771091,3.438504364e-08,0.6765364555
ch-af-apac-eu-row-us/pf120_k050_a040,CH-pf120_k050_a040,ch-af-apac-eu-row-us,CH-first,pf120_k050_a040,clean_objective_stage2,1.2,0.5,0.4,4,0.5921495258,apac,one_start_only,us,US,2040,58.48760379,226.1334343,75,58.48760377,16.51239622,9.941818549e-09,0.220165283
ch-af-apac-eu-row-us/pf120_k050_a040,CH-pf120_k050_a040,ch-af-apac-eu-row-us,CH-first,pf120_k050_a040,clean_objective_stage2,1.2,0.5,0.4,4,0.5921495258,apac,one_start_only,apac,APAC,2040,243.5821424,155.2837867,126,126,3.640125135e-08,117.5821424,2.888988202e-10
ch-af-apac-eu-row-us/pf120_k050_a040,CH-pf120_k050_a040,ch-af-apac-eu-row-us,CH-first,pf120_k050_a040,clean_objective_stage2,1.2,0.5,0.4,4,0.5921495258,apac,one_start_only,row,ROW,2040,35.91590402,180.6646335,89,2.809397969e-08,88.99999997,2.876170967e-08,0.9999999997
ch-af-apac-eu-row-us/pf120_k100_a030,CH-pf120_k100_a030,ch-af-apac-eu-row-us,CH-first,pf120_k100_a030,clean_objective_stage2,1.2,1,0.3,4,0.9065294856,us,one_start_only,ch,China,2025,931,163.324,324,324,4.815400394e-09,111.6,1.48623469e-11
ch-af-apac-eu-row-us/pf120_k100_a030,CH-pf120_k100_a030,ch-af-apac-eu-row-us,CH-first,pf120_k100_a030,clean_objective_stage2,1.2,1,0.3,4,0.9065294856,us,one_start_only,af,Africa,2025,3.4,338.0265259,10,3.399999994,6.600000006,5.045309287e-09,0.6600000006
ch-af-apac-eu-row-us/pf120_k100_a030,CH-pf120_k100_a030,ch-af-apac-eu-row-us,CH-first,pf120_k100_a030,clean_objective_stage2,1.2,1,0.3,4,0.9065294856,us,one_start_only,eu,EU,2025,22,283.5349011,75,1.23680734e-08,74.99999999,1.338269608e-08,0.9999999998
ch-af-apac-eu-row-us/pf120_k100_a030,CH-pf120_k100_a030,ch-af-apac-eu-row-us,CH-first,pf120_k100_a030,clean_objective_stage2,1.2,1,0.3,4,0.9065294856,us,one_start_only,us,US,2025,42,284.5727057,45,5.071485898e-09,44.99999999,9.046807197e-09,0.9999999999
ch-af-apac-eu-row-us/pf120_k100_a030,CH-pf120_k100_a030,ch-af-apac-eu-row-us,CH-first,pf120_k100_a030,clean_objective_stage2,1.2,1,0.3,4,0.9065294856,us,one_start_only,apac,APAC,2025,110,229.2729617,50,49.99999999,9.157771981e-09,60.00000001,1.831554396e-10
ch-af-apac-eu-row-us/pf120_k100_a030,CH-pf120_k100_a030,ch-af-apac-eu-row-us,CH-first,pf120_k100_a030,clean_objective_stage2,1.2,1,0.3,4,0.9065294856,us,one_start_only,row,ROW,2025,293,312.9354775,45,4.67628547e-09,45,6.087951952e-09,0.9999999999
ch-af-apac-eu-row-us/pf120_k100_a030,CH-pf120_k100_a030,ch-af-apac-eu-row-us,CH-first,pf120_k100_a030,clean_objective_stage2,1.2,1,0.3,4,0.9065294856,us,one_start_only,ch,China,2030,594.3832767,107.7909238,350,349.9999998,1.753665988e-07,105.609761,5.010474253e-10
ch-af-apac-eu-row-us/pf120_k100_a030,CH-pf120_k100_a030,ch-af-apac-eu-row-us,CH-first,pf120_k100_a030,clean_objective_stage2,1.2,1,0.3,4,0.9065294856,us,one_start_only,af,Africa,2030,5.899999988,215.3540868,13.99999999,5.899998843,8.100001151,1.099711759e-06,0.578571511
ch-af-apac-eu-row-us/pf120_k100_a030,CH-pf120_k100_a030,ch-af-apac-eu-row-us,CH-first,pf120_k100_a030,clean_objective_stage2,1.2,1,0.3,4,0.9065294856,us,one_start_only,eu,EU,2030,17.64552596,207.9096165,89.99999999,17.64552542,72.35447457,4.262838768e-07,0.8039386064
ch-af-apac-eu-row-us/pf120_k100_a030,CH-pf120_k100_a030,ch-af-apac-eu-row-us,CH-first,pf120_k100_a030,clean_objective_stage2,1.2,1,0.3,4,0.9065294856,us,one_start_only,us,US,2030,21.49765578,222.819459,64.99999998,21.49765518,43.50234481,2.787287545e-07,0.6692668433
ch-af-apac-eu-row-us/pf120_k100_a030,CH-pf120_k100_a030,ch-af-apac-eu-row-us,CH-first,pf120_k100_a030,clean_objective_stage2,1.2,1,0.3,4,0.9065294856,us,one_start_only,apac,APAC,2030,173.3417064,166.6604288,84.99999999,84.99999965,3.361118393e-07,88.34170661,3.954256933e-09
ch-af-apac-eu-row-us/pf120_k100_a030,CH-pf120_k100_a030,ch-af-apac-eu-row-us,CH-first,pf120_k100_a030,clean_objective_stage2,1.2,1,0.3,4,0.9065294856,us,one_start_only,row,ROW,2030,62.82035322,232.9070322,69.99999999,0.005351378484,69.99464861,2.427793305e-07,0.9999235517
ch-af-apac-eu-row-us/pf120_k100_a030,CH-pf120_k100_a030,ch-af-apac-eu-row-us,CH-first,pf120_k100_a030,clean_objective_stage2,1.2,1,0.3,4,0.9065294856,us,one_start_only,ch,China,2035,587.9342598,95.90883301,333,332.9999999,6.052894932e-08,121.9310351,1.817686166e-10
ch-af-apac-eu-row-us/pf120_k100_a030,CH-pf120_k100_a030,ch-af-apac-eu-row-us,CH-first,pf120_k100_a030,clean_objective_stage2,1.2,1,0.3,4,0.9065294856,us,one_start_only,af,Africa,2035,8.399999984,185.8385243,20,8.399999855,11.60000014,1.142813894e-07,0.5800000072
ch-af-apac-eu-row-us/pf120_k100_a030,CH-pf120_k100_a030,ch-af-apac-eu-row-us,CH-first,pf120_k100_a030,clean_objective_stage2,1.2,1,0.3,4,0.9065294856,us,one_start_only,eu,EU,2035,21.65423379,174.9318454,95,3.149023571e-06,94.99999685,1.360617123e-07,0.9999999669
ch-af-apac-eu-row-us/pf120_k100_a030,CH-pf120_k100_a030,ch-af-apac-eu-row-us,CH-first,pf120_k100_a030,clean_objective_stage2,1.2,1,0.3,4,0.9065294856,us,one_start_only,us,US,2035,21.49672077,187.2772214,70,1.394535229e-06,69.9999986,9.664061118e-08,0.9999999801
ch-af-apac-eu-row-us/pf120_k100_a030,CH-pf120_k100_a030,ch-af-apac-eu-row-us,CH-first,pf120_k100_a030,clean_objective_stage2,1.2,1,0.3,4,0.9065294856,us,one_start_only,apac,APAC,2035,236.6689601,134.5207776,103,102.9999999,1.340764643e-07,133.6689602,1.301713245e-09
ch-af-apac-eu-row-us/pf120_k100_a030,CH-pf120_k100_a030,ch-af-apac-eu-row-us,CH-first,pf120_k100_a030,clean_objective_stage2,1.2,1,0.3,4,0.9065294856,us,one_start_only,row,ROW,2035,62.79804484,187.7251898,79,7.240374828e-08,78.99999993,7.512811966e-08,0.9999999991
ch-af-apac-eu-row-us/pf120_k100_a030,CH-pf120_k100_a030,ch-af-apac-eu-row-us,CH-first,pf120_k100_a030,clean_objective_stage2,1.2,1,0.3,4,0.9065294856,us,one_start_only,ch,China,2040,590.2813298,86.65125721,316,315.9999999,8.649773825e-08,110.6131022,2.737270198e-10
ch-af-apac-eu-row-us/pf120_k100_a030,CH-pf120_k100_a030,ch-af-apac-eu-row-us,CH-first,pf120_k100_a030,clean_objective_stage2,1.2,1,0.3,4,0.9065294856,us,one_start_only,af,Africa,2040,10.89999998,224.8235636,28,10.89999985,17.10000015,1.164038711e-07,0.6107142912
ch-af-apac-eu-row-us/pf120_k100_a030,CH-pf120_k100_a030,ch-af-apac-eu-row-us,CH-first,pf120_k100_a030,clean_objective_stage2,1.2,1,0.3,4,0.9065294856,us,one_start_only,eu,EU,2040,28.46273364,196.4985706,99,28.46273337,70.53726663,2.157401813e-07,0.7124976427
ch-af-apac-eu-row-us/pf120_k100_a030,CH-pf120_k100_a030,ch-af-apac-eu-row-us,CH-first,pf120_k100_a030,clean_objective_stage2,1.2,1,0.3,4,0.9065294856,us,one_start_only,us,US,2040,21.9731024,201.2889216,74.99999999,21.97310218,53.02689781,1.829125917e-07,0.7070253042
ch-af-apac-eu-row-us/pf120_k100_a030,CH-pf120_k100_a030,ch-af-apac-eu-row-us,CH-first,pf120_k100_a030,clean_objective_stage2,1.2,1,0.3,4,0.9065294856,us,one_start_only,apac,APAC,2040,245.0510615,152.1324214,126,125.9999999,1.340532967e-07,119.0510616,1.063915054e-09
ch-af-apac-eu-row-us/pf120_k100_a030,CH-pf120_k100_a030,ch-af-apac-eu-row-us,CH-first,pf120_k100_a030,clean_objective_stage2,1.2,1,0.3,4,0.9065294856,us,one_start_only,row,ROW,2040,62.77705498,170.5849503,89,1.282754443e-07,88.99999987,4.003386477e-07,0.9999999986
ch-af-apac-eu-row-us/pf120_k100_a040,CH-pf120_k100_a040,ch-af-apac-eu-row-us,CH-first,pf120_k100_a040,clean_objective_stage2,1.2,1,0.4,7,0.7732214371,apac,one_start_only,ch,China,2025,931,163.324,324,324,5.306623576e-09,96.59999936,1.637846783e-11
ch-af-apac-eu-row-us/pf120_k100_a040,CH-pf120_k100_a040,ch-af-apac-eu-row-us,CH-first,pf120_k100_a040,clean_objective_stage2,1.2,1,0.4,7,0.7732214371,apac,one_start_only,af,Africa,2025,3.4,367.753162,10,3.399999992,6.600000008,7.02931139e-09,0.6600000008
ch-af-apac-eu-row-us/pf120_k100_a040,CH-pf120_k100_a040,ch-af-apac-eu-row-us,CH-first,pf120_k100_a040,clean_objective_stage2,1.2,1,0.4,7,0.7732214371,apac,one_start_only,eu,EU,2025,22,299.265,75,15.00000006,59.99999994,4.878178576e-07,0.7999999991
ch-af-apac-eu-row-us/pf120_k100_a040,CH-pf120_k100_a040,ch-af-apac-eu-row-us,CH-first,pf120_k100_a040,clean_objective_stage2,1.2,1,0.4,7,0.7732214371,apac,one_start_only,us,US,2025,42,317.9923608,45,6.085089956e-08,44.99999994,1.480904333e-08,0.9999999986
ch-af-apac-eu-row-us/pf120_k100_a040,CH-pf120_k100_a040,ch-af-apac-eu-row-us,CH-first,pf120_k100_a040,clean_objective_stage2,1.2,1,0.4,7,0.7732214371,apac,one_start_only,apac,APAC,2025,110,272.4603985,50,49.99999996,3.673136837e-08,60.00000003,7.346273674e-10
ch-af-apac-eu-row-us/pf120_k100_a040,CH-pf120_k100_a040,ch-af-apac-eu-row-us,CH-first,pf120_k100_a040,clean_objective_stage2,1.2,1,0.4,7,0.7732214371,apac,one_start_only,row,ROW,2025,293,326.1381968,45,8.509032186e-09,44.99999999,9.229872282e-09,0.9999999998
ch-af-apac-eu-row-us/pf120_k100_a040,CH-pf120_k100_a040,ch-af-apac-eu-row-us,CH-first,pf120_k100_a040,clean_objective_stage2,1.2,1,0.4,7,0.7732214371,apac,one_start_only,ch,China,2030,453.6610008,107.7909238,350,350,1.576931066e-08,70.34800354,4.505517331e-11
ch-af-apac-eu-row-us/pf120_k100_a040,CH-pf120_k100_a040,ch-af-apac-eu-row-us,CH-first,pf120_k100_a040,clean_objective_stage2,1.2,1,0.4,7,0.7732214371,apac,one_start_only,af,Africa,2030,5.899999988,244.468914,14,5.899999945,8.100000054,3.872224294e-08,0.5785714325
ch-af-apac-eu-row-us/pf120_k100_a040,CH-pf120_k100_a040,ch-af-apac-eu-row-us,CH-first,pf120_k100_a040,clean_objective_stage2,1.2,1,0.4,7,0.7732214371,apac,one_start_only,eu,EU,2030,33.1094594,229.2760454,90,33.10945934,56.89054066,4.320552596e-08,0.6321171184
ch-af-apac-eu-row-us/pf120_k100_a040,CH-pf120_k100_a040,ch-af-apac-eu-row-us,CH-first,pf120_k100_a040,clean_objective_stage2,1.2,1,0.4,7,0.7732214371,apac,one_start_only,us,US,2030,41.29253999,247.4218651,65,41.29253995,23.70746004,2.731424158e-08,0.3647301545
ch-af-apac-eu-row-us/pf120_k100_a040,CH-pf120_k100_a040,ch-af-apac-eu-row-us,CH-first,pf120_k100_a040,clean_objective_stage2,1.2,1,0.4,7,0.7732214371,apac,one_start_only,apac,APAC,2030,173.3499964,149.3036983,85,84.99999996,3.394209489e-08,88.34999638,3.993187634e-10
ch-af-apac-eu-row-us/pf120_k100_a040,CH-pf120_k100_a040,ch-af-apac-eu-row-us,CH-first,pf120_k100_a040,clean_objective_stage2,1.2,1,0.4,7,0.7732214371,apac,one_start_only,row,ROW,2030,77.58740564,231.5868607,70,7.364813637e-07,69.99999926,3.98025309e-08,0.9999999895
ch-af-apac-eu-row-us/pf120_k100_a040,CH-pf120_k100_a040,ch-af-apac-eu-row-us,CH-first,pf120_k100_a040,clean_objective_stage2,1.2,1,0.4,7,0.7732214371,apac,one_start_only,ch,China,2035,434.634281,95.908833,333,333,7.330891347e-09,37.91793478,2.201468873e-11
ch-af-apac-eu-row-us/pf120_k100_a040,CH-pf120_k100_a040,ch-af-apac-eu-row-us,CH-first,pf120_k100_a040,clean_objective_stage2,1.2,1,0.4,7,0.7732214371,apac,one_start_only,af,Africa,2035,8.399999984,213.9871085,20,8.399999968,11.60000003,1.321411394e-08,0.5800000016
ch-af-apac-eu-row-us/pf120_k100_a040,CH-pf120_k100_a040,ch-af-apac-eu-row-us,CH-first,pf120_k100_a040,clean_objective_stage2,1.2,1,0.4,7,0.7732214371,apac,one_start_only,eu,EU,2035,42.70042844,205.1006281,95,42.70042842,52.29957158,1.460291363e-08,0.5505218061
ch-af-apac-eu-row-us/pf120_k100_a040,CH-pf120_k100_a040,ch-af-apac-eu-row-us,CH-first,pf120_k100_a040,clean_objective_stage2,1.2,1,0.4,7,0.7732214371,apac,one_start_only,us,US,2035,41.29171999,228.2403969,70,41.29171998,28.70828002,8.255564933e-09,0.410118286
ch-af-apac-eu-row-us/pf120_k100_a040,CH-pf120_k100_a040,ch-af-apac-eu-row-us,CH-first,pf120_k100_a040,clean_objective_stage2,1.2,1,0.4,7,0.7732214371,apac,one_start_only,apac,APAC,2035,236.6899168,144.9569879,103,103,1.274815333e-08,133.6899168,1.23768479e-10
ch-af-apac-eu-row-us/pf120_k100_a040,CH-pf120_k100_a040,ch-af-apac-eu-row-us,CH-first,pf120_k100_a040,clean_objective_stage2,1.2,1,0.4,7,0.7732214371,apac,one_start_only,row,ROW,2035,77.57781936,203.3763207,79,3.750244163e-08,78.99999996,1.27845016e-08,0.9999999995
ch-af-apac-eu-row-us/pf120_k100_a040,CH-pf120_k100_a040,ch-af-apac-eu-row-us,CH-first,pf120_k100_a040,clean_objective_stage2,1.2,1,0.4,7,0.7732214371,apac,one_start_only,ch,China,2040,434.5291951,86.6512572,316,316,5.569843756e-09,3.363717761e-08,1.762608784e-11
ch-af-apac-eu-row-us/pf120_k100_a040,CH-pf120_k100_a040,ch-af-apac-eu-row-us,CH-first,pf120_k100_a040,clean_objective_stage2,1.2,1,0.4,7,0.7732214371,apac,one_start_only,af,Africa,2040,10.89999998,190.0736144,28,10.89999995,17.10000005,2.855106352e-08,0.6107142876
ch-af-apac-eu-row-us/pf120_k100_a040,CH-pf120_k100_a040,ch-af-apac-eu-row-us,CH-first,pf120_k100_a040,clean_objective_stage2,1.2,1,0.4,7,0.7732214371,apac,one_start_only,eu,EU,2040,47.54147527,201.0079969,99,47.54147526,51.45852474,1.238965553e-08,0.5197830782
ch-af-apac-eu-row-us/pf120_k100_a040,CH-pf120_k100_a040,ch-af-apac-eu-row-us,CH-first,pf120_k100_a040,clean_objective_stage2,1.2,1,0.4,7,0.7732214371,apac,one_start_only,us,US,2040,41.27201176,170.1574395,75,2.829909906,72.17009009,2.886851693e-08,0.9622678679
ch-af-apac-eu-row-us/pf120_k100_a040,CH-pf120_k100_a040,ch-af-apac-eu-row-us,CH-first,pf120_k100_a040,clean_objective_stage2,1.2,1,0.4,7,0.7732214371,apac,one_start_only,apac,APAC,2040,278.1639366,141.1883887,126,126,8.714047921e-09,152.1639366,6.915911048e-11
ch-af-apac-eu-row-us/pf120_k100_a040,CH-pf120_k100_a040,ch-af-apac-eu-row-us,CH-first,pf120_k100_a040,clean_objective_stage2,1.2,1,0.4,7,0.7732214371,apac,one_start_only,row,ROW,2040,77.56467824,204.1738536,89,77.56467822,11.43532178,1.086274032e-08,0.1284867616
af-eu-us-apac-row-ch/pf080_k050_a030,AF-pf080_k050_a030,af-eu-us-apac-row-ch,AF-first,pf080_k050_a030,clean_objective_stage2,0.8,0.5,0.3,8,0.8485817696,apac,one_start_only,ch,China,2025,931,163.324,324,323.9999993,6.973769442e-07,89.60002237,2.152397976e-09
af-eu-us-apac-row-ch/pf080_k050_a030,AF-pf080_k050_a030,af-eu-us-apac-row-ch,AF-first,pf080_k050_a030,clean_objective_stage2,0.8,0.5,0.3,8,0.8485817696,apac,one_start_only,af,Africa,2025,3.4,269.1651898,9.999999997,2.882289042e-08,9.999999968,3.399999957,0.9999999971
af-eu-us-apac-row-ch/pf080_k050_a030,AF-pf080_k050_a030,af-eu-us-apac-row-ch,AF-first,pf080_k050_a030,clean_objective_stage2,0.8,0.5,0.3,8,0.8485817696,apac,one_start_only,eu,EU,2025,22,244.5684309,75,1.912473532e-08,74.99999998,21.99999995,0.9999999997
af-eu-us-apac-row-ch/pf080_k050_a030,AF-pf080_k050_a030,af-eu-us-apac-row-ch,AF-first,pf080_k050_a030,clean_objective_stage2,0.8,0.5,0.3,8,0.8485817696,apac,one_start_only,us,US,2025,42,256.0161953,44.99999999,3.829904552e-08,44.99999995,1.278249104e-06,0.9999999991
af-eu-us-apac-row-ch/pf080_k050_a030,AF-pf080_k050_a030,af-eu-us-apac-row-ch,AF-first,pf080_k050_a030,clean_objective_stage2,0.8,0.5,0.3,8,0.8485817696,apac,one_start_only,apac,APAC,2025,110,187.6279621,49.99999999,49.99999978,2.127748134e-07,59.99997692,4.255496269e-09
af-eu-us-apac-row-ch/pf080_k050_a030,AF-pf080_k050_a030,af-eu-us-apac-row-ch,AF-first,pf080_k050_a030,clean_objective_stage2,0.8,0.5,0.3,8,0.8485817696,apac,one_start_only,row,ROW,2025,293,323.1705228,45,8.332194764e-08,44.99999991,2.517557768e-07,0.9999999981
af-eu-us-apac-row-ch/pf080_k050_a030,AF-pf080_k050_a030,af-eu-us-apac-row-ch,AF-first,pf080_k050_a030,clean_objective_stage2,0.8,0.5,0.3,8,0.8485817696,apac,one_start_only,ch,China,2030,498.5655784,107.7909238,350,350,4.375667788e-09,37.75617942,1.250190796e-11
af-eu-us-apac-row-ch/pf080_k050_a030,AF-pf080_k050_a030,af-eu-us-apac-row-ch,AF-first,pf080_k050_a030,clean_objective_stage2,0.8,0.5,0.3,8,0.8485817696,apac,one_start_only,af,Africa,2030,5.682172571,234.1509222,14,1.186684712e-09,14,5.682172569,0.9999999999
af-eu-us-apac-row-ch/pf080_k050_a030,AF-pf080_k050_a030,af-eu-us-apac-row-ch,AF-first,pf080_k050_a030,clean_objective_stage2,0.8,0.5,0.3,8,0.8485817696,apac,one_start_only,eu,EU,2030,32.60283151,272.315578,90,3.210504432e-09,90,32.6028315,1
af-eu-us-apac-row-ch/pf080_k050_a030,AF-pf080_k050_a030,af-eu-us-apac-row-ch,AF-first,pf080_k050_a030,clean_objective_stage2,0.8,0.5,0.3,8,0.8485817696,apac,one_start_only,us,US,2030,61.06989704,291.3748121,65,5.856845506e-09,64.99999999,61.06989704,0.9999999999
af-eu-us-apac-row-ch/pf080_k050_a030,AF-pf080_k050_a030,af-eu-us-apac-row-ch,AF-first,pf080_k050_a030,clean_objective_stage2,0.8,0.5,0.3,8,0.8485817696,apac,one_start_only,apac,APAC,2030,149.4917507,255.3329143,85,84.99999999,1.348130069e-08,64.49175075,1.586035375e-10
af-eu-us-apac-row-ch/pf080_k050_a030,AF-pf080_k050_a030,af-eu-us-apac-row-ch,AF-first,pf080_k050_a030,clean_objective_stage2,0.8,0.5,0.3,8,0.8485817696,apac,one_start_only,row,ROW,2030,102.4144017,232.9666833,70,37.39716846,32.60283154,2.643309033e-07,0.4657547363
af-eu-us-apac-row-ch/pf080_k050_a030,AF-pf080_k050_a030,af-eu-us-apac-row-ch,AF-first,pf080_k050_a030,clean_objective_stage2,0.8,0.5,0.3,8,0.8485817696,apac,one_start_only,ch,China,2035,474.4906303,95.908833,333,333,1.450207987e-08,78.9999995,4.35497894e-11
af-eu-us-apac-row-ch/pf080_k050_a030,AF-pf080_k050_a030,af-eu-us-apac-row-ch,AF-first,pf080_k050_a030,clean_objective_stage2,0.8,0.5,0.3,8,0.8485817696,apac,one_start_only,af,Africa,2035,8.048346409,229.797388,20,3.248307962,16.75169204,4.800038446,0.8375846019
af-eu-us-apac-row-ch/pf080_k050_a030,AF-pf080_k050_a030,af-eu-us-apac-row-ch,AF-first,pf080_k050_a030,clean_objective_stage2,0.8,0.5,0.3,8,0.8485817696,apac,one_start_only,eu,EU,2035,42.48116434,213.4530793,95,42.48116433,52.51883567,1.091774012e-08,0.5528298492
af-eu-us-apac-row-ch/pf080_k050_a030,AF-pf080_k050_a030,af-eu-us-apac-row-ch,AF-first,pf080_k050_a030,clean_objective_stage2,0.8,0.5,0.3,8,0.8485817696,apac,one_start_only,us,US,2035,65.19996158,217.0812328,70,65.19996156,4.800038435,1.28420161e-08,0.06857197765
af-eu-us-apac-row-ch/pf080_k050_a030,AF-pf080_k050_a030,af-eu-us-apac-row-ch,AF-first,pf080_k050_a030,clean_objective_stage2,0.8,0.5,0.3,8,0.8485817696,apac,one_start_only,apac,APAC,2035,182.4093027,110.015208,103,103,6.940155417e-09,52.51883569,6.738014968e-11
af-eu-us-apac-row-ch/pf080_k050_a030,AF-pf080_k050_a030,af-eu-us-apac-row-ch,AF-first,pf080_k050_a030,clean_objective_stage2,0.8,0.5,0.3,8,0.8485817696,apac,one_start_only,row,ROW,2035,102.4030814,206.923959,79,5.511641599e-07,78.99999945,16.75169196,0.999999993
af-eu-us-apac-row-ch/pf080_k050_a030,AF-pf080_k050_a030,af-eu-us-apac-row-ch,AF-first,pf080_k050_a030,clean_objective_stage2,0.8,0.5,0.3,8,0.8485817696,apac,one_start_only,ch,China,2040,474.343113,86.65125723,316,315.9999995,5.071434381e-07,1.249150675e-06,1.604884298e-09
af-eu-us-apac-row-ch/pf080_k050_a030,AF-pf080_k050_a030,af-eu-us-apac-row-ch,AF-first,pf080_k050_a030,clean_objective_stage2,0.8,0.5,0.3,8,0.8485817696,apac,one_start_only,af,Africa,2040,10.41452049,225.5152874,27.99999999,10.41451685,17.58548314,3.608726259e-06,0.6280529696
af-eu-us-apac-row-ch/pf080_k050_a030,AF-pf080_k050_a030,af-eu-us-apac-row-ch,AF-first,pf080_k050_a030,clean_objective_stage2,0.8,0.5,0.3,8,0.8485817696,apac,one_start_only,eu,EU,2040,53.70261029,208.4019927,98.99999999,53.70260926,45.29739073,8.582117294e-07,0.4575494014
af-eu-us-apac-row-ch/pf080_k050_a030,AF-pf080_k050_a030,af-eu-us-apac-row-ch,AF-first,pf080_k050_a030,clean_objective_stage2,0.8,0.5,0.3,8,0.8485817696,apac,one_start_only,us,US,2040,66.7894411,202.0336296,74.99999997,66.78944043,8.210559546,3.62139158e-07,0.1094741273
af-eu-us-apac-row-ch/pf080_k050_a030,AF-pf080_k050_a030,af-eu-us-apac-row-ch,AF-first,pf080_k050_a030,clean_objective_stage2,0.8,0.5,0.3,8,0.8485817696,apac,one_start_only,apac,APAC,2040,231.7030416,99.41154605,126,125.9999997,3.207548301e-07,71.09342759,2.545673255e-09
af-eu-us-apac-row-ch/pf080_k050_a030,AF-pf080_k050_a030,af-eu-us-apac-row-ch,AF-first,pf080_k050_a030,clean_objective_stage2,0.8,0.5,0.3,8,0.8485817696,apac,one_start_only,row,ROW,2040,102.4000384,187.2617195,88.99999999,88.99999869,1.298223484e-06,1.872666798e-06,1.458678072e-08
af-eu-us-apac-row-ch/pf080_k050_a040,AF-pf080_k050_a040,af-eu-us-apac-row-ch,AF-first,pf080_k050_a040,clean_objective_stage2,0.8,0.5,0.4,11,0.8310431426,apac,one_start_only,ch,China,2025,931,163.324,324,324,1.096960919e-08,47.59999894,3.385681849e-11
af-eu-us-apac-row-ch/pf080_k050_a040,AF-pf080_k050_a040,af-eu-us-apac-row-ch,AF-first,pf080_k050_a040,clean_objective_stage2,0.8,0.5,0.4,11,0.8310431426,apac,one_start_only,af,Africa,2025,3.4,294.8996287,10,1.794278569e-09,9.999999998,3.399999997,0.9999999998
af-eu-us-apac-row-ch/pf080_k050_a040,AF-pf080_k050_a040,af-eu-us-apac-row-ch,AF-first,pf080_k050_a040,clean_objective_stage2,0.8,0.5,0.4,11,0.8310431426,apac,one_start_only,eu,EU,2025,22,355.8174231,75,21.99999991,53.00000009,8.510673788e-08,0.7066666678
af-eu-us-apac-row-ch/pf080_k050_a040,AF-pf080_k050_a040,af-eu-us-apac-row-ch,AF-first,pf080_k050_a040,clean_objective_stage2,0.8,0.5,0.4,11,0.8310431426,apac,one_start_only,us,US,2025,42,294.4897921,45,1.639144929e-09,45,42,1
af-eu-us-apac-row-ch/pf080_k050_a040,AF-pf080_k050_a040,af-eu-us-apac-row-ch,AF-first,pf080_k050_a040,clean_objective_stage2,0.8,0.5,0.4,11,0.8310431426,apac,one_start_only,apac,APAC,2025,110,229.9174762,50,49.99999999,9.738953589e-09,60.00000001,1.947790718e-10
af-eu-us-apac-row-ch/pf080_k050_a040,AF-pf080_k050_a040,af-eu-us-apac-row-ch,AF-first,pf080_k050_a040,clean_objective_stage2,0.8,0.5,0.4,11,0.8310431426,apac,one_start_only,row,ROW,2025,293,301.5760903,45,3.696102437e-09,45,1.0768139e-06,0.9999999999
af-eu-us-apac-row-ch/pf080_k050_a040,AF-pf080_k050_a040,af-eu-us-apac-row-ch,AF-first,pf080_k050_a040,clean_objective_stage2,0.8,0.5,0.4,11,0.8310431426,apac,one_start_only,ch,China,2030,362.4544101,107.7909252,350,349.9999997,2.738604561e-07,5.283244848,7.82458446e-10
af-eu-us-apac-row-ch/pf080_k050_a040,AF-pf080_k050_a040,af-eu-us-apac-row-ch,AF-first,pf080_k050_a040,clean_objective_stage2,0.8,0.5,0.4,11,0.8310431426,apac,one_start_only,af,Africa,2030,5.881195007,316.2762364,13.99999999,5.881194732,8.118805259,2.430850136e-07,0.5799146617
af-eu-us-apac-row-ch/pf080_k050_a040,AF-pf080_k050_a040,af-eu-us-apac-row-ch,AF-first,pf080_k050_a040,clean_objective_stage2,0.8,0.5,0.4,11,0.8310431426,apac,one_start_only,eu,EU,2030,35.09807328,222.294404,89.99999999,35.09807271,54.90192728,3.301175516e-07,0.6100214143
af-eu-us-apac-row-ch/pf080_k050_a040,AF-pf080_k050_a040,af-eu-us-apac-row-ch,AF-first,pf080_k050_a040,clean_objective_stage2,0.8,0.5,0.4,11,0.8310431426,apac,one_start_only,us,US,2030,67.83555943,269.231973,64.99999998,64.99999968,2.925561702e-07,2.835559618,4.500864158e-09
af-eu-us-apac-row-ch/pf080_k050_a040,AF-pf080_k050_a040,af-eu-us-apac-row-ch,AF-first,pf080_k050_a040,clean_objective_stage2,0.8,0.5,0.4,11,0.8310431426,apac,one_start_only,apac,APAC,2030,172.2234965,126.4839637,84.99999998,84.99999974,2.400899059e-07,87.22349457,2.824587129e-09
af-eu-us-apac-row-ch/pf080_k050_a040,AF-pf080_k050_a040,af-eu-us-apac-row-ch,AF-first,pf080_k050_a040,clean_objective_stage2,0.8,0.5,0.4,11,0.8310431426,apac,one_start_only,row,ROW,2030,112.5637635,221.6426719,69.99999999,5.869902164e-07,69.9999994,37.67843314,0.9999999916
af-eu-us-apac-row-ch/pf080_k050_a040,AF-pf080_k050_a040,af-eu-us-apac-row-ch,AF-first,pf080_k050_a040,clean_objective_stage2,0.8,0.5,0.4,11,0.8310431426,apac,one_start_only,ch,China,2035,342.0093261,95.90883304,333,333,2.178075126e-08,4.385664013e-08,6.540766144e-11
af-eu-us-apac-row-ch/pf080_k050_a040,AF-pf080_k050_a040,af-eu-us-apac-row-ch,AF-first,pf080_k050_a040,clean_objective_stage2,0.8,0.5,0.4,11,0.8310431426,apac,one_start_only,af,Africa,2035,8.370613398,238.8604348,20,9.605619359e-09,19.99999999,8.370613385,0.9999999995
af-eu-us-apac-row-ch/pf080_k050_a040,AF-pf080_k050_a040,af-eu-us-apac-row-ch,AF-first,pf080_k050_a040,clean_objective_stage2,0.8,0.5,0.4,11,0.8310431426,apac,one_start_only,eu,EU,2035,48.31697262,259.6492525,95,1.28431361e-08,94.99999999,48.3169726,0.9999999999
af-eu-us-apac-row-ch/pf080_k050_a040,AF-pf080_k050_a040,af-eu-us-apac-row-ch,AF-first,pf080_k050_a040,clean_objective_stage2,0.8,0.5,0.4,11,0.8310431426,apac,one_start_only,us,US,2035,88.16773514,199.1481379,70,69.99999998,1.721525884e-08,18.16773508,2.459322692e-10
af-eu-us-apac-row-ch/pf080_k050_a040,AF-pf080_k050_a040,af-eu-us-apac-row-ch,AF-first,pf080_k050_a040,clean_objective_stage2,0.8,0.5,0.4,11,0.8310431426,apac,one_start_only,apac,APAC,2035,197.3212795,110.0152083,103,103,2.169802587e-08,88.46165138,2.106604454e-10
af-eu-us-apac-row-ch/pf080_k050_a040,AF-pf080_k050_a040,af-eu-us-apac-row-ch,AF-first,pf080_k050_a040,clean_objective_stage2,0.8,0.5,0.4,11,0.8310431426,apac,one_start_only,row,ROW,2035,105.9008876,207.2367435,79,30.68302739,48.31697261,1.485362355e-07,0.6116072482
af-eu-us-apac-row-ch/pf080_k050_a040,AF-pf080_k050_a040,af-eu-us-apac-row-ch,AF-first,pf080_k050_a040,clean_objective_stage2,0.8,0.5,0.4,11,0.8310431426,apac,one_start_only,ch,China,2040,342.001827,86.6512572,316,316,4.609048017e-09,4.744877209e-08,1.458559499e-11
af-eu-us-apac-row-ch/pf080_k050_a040,AF-pf080_k050_a040,af-eu-us-apac-row-ch,AF-first,pf080_k050_a040,clean_objective_stage2,0.8,0.5,0.4,11,0.8310431426,apac,one_start_only,af,Africa,2040,10.8600318,248.515076,28,1.645888309e-09,28,10.8600318,0.9999999999
af-eu-us-apac-row-ch/pf080_k050_a040,AF-pf080_k050_a040,af-eu-us-apac-row-ch,AF-first,pf080_k050_a040,clean_objective_stage2,0.8,0.5,0.4,11,0.8310431426,apac,one_start_only,eu,EU,2040,61.48045868,275.1767508,99,61.48045867,37.51954133,5.091877437e-09,0.3789852659
af-eu-us-apac-row-ch/pf080_k050_a040,AF-pf080_k050_a040,af-eu-us-apac-row-ch,AF-first,pf080_k050_a040,clean_objective_stage2,0.8,0.5,0.4,11,0.8310431426,apac,one_start_only,us,US,2040,88.63809912,170.2296097,75,75,4.265810068e-09,1.809985863e-08,5.687746758e-11
af-eu-us-apac-row-ch/pf080_k050_a040,AF-pf080_k050_a040,af-eu-us-apac-row-ch,AF-first,pf080_k050_a040,clean_objective_stage2,0.8,0.5,0.4,11,0.8310431426,apac,one_start_only,apac,APAC,2040,212.6560947,99.41154578,126,126,5.060881765e-09,38.09248229,4.01657283e-11
af-eu-us-apac-row-ch/pf080_k050_a040,AF-pf080_k050_a040,af-eu-us-apac-row-ch,AF-first,pf080_k050_a040,clean_objective_stage2,0.8,0.5,0.4,11,0.8310431426,apac,one_start_only,row,ROW,2040,105.5670272,209.4673229,89,88.99999999,1.179244348e-08,16.56702719,1.32499365e-10
af-eu-us-apac-row-ch/pf100_k050_a030,AF-pf100_k050_a030,af-eu-us-apac-row-ch,AF-first,pf100_k050_a030,clean_objective_stage2,1,0.5,0.3,14,0.4468730365,row,one_start_only,ch,China,2025,931,163.324,324,323.9999999,5.481022468e-08,2.599046567,1.691673601e-10
af-eu-us-apac-row-ch/pf100_k050_a030,AF-pf100_k050_a030,af-eu-us-apac-row-ch,AF-first,pf100_k050_a030,clean_objective_stage2,1,0.5,0.3,14,0.4468730365,row,one_start_only,af,Africa,2025,3.4,394.09883,9.999999997,3.399999818,6.600000179,1.714171138e-07,0.6600000181
af-eu-us-apac-row-ch/pf100_k050_a030,AF-pf100_k050_a030,af-eu-us-apac-row-ch,AF-first,pf100_k050_a030,clean_objective_stage2,1,0.5,0.3,14,0.4468730365,row,one_start_only,eu,EU,2025,22,369.6806839,75,21.9999996,53.0000004,3.684281493e-07,0.706666672
af-eu-us-apac-row-ch/pf100_k050_a030,AF-pf100_k050_a030,af-eu-us-apac-row-ch,AF-first,pf100_k050_a030,clean_objective_stage2,1,0.5,0.3,14,0.4468730365,row,one_start_only,us,US,2025,42,386.3300349,44.99999999,41.99999949,3.000000501,4.793886835e-07,0.06666667782
af-eu-us-apac-row-ch/pf100_k050_a030,AF-pf100_k050_a030,af-eu-us-apac-row-ch,AF-first,pf100_k050_a030,clean_objective_stage2,1,0.5,0.3,14,0.4468730365,row,one_start_only,apac,APAC,2025,110,300.5524333,49.99999999,49.99999981,1.767719166e-07,60.00000017,3.535438332e-09
af-eu-us-apac-row-ch/pf100_k050_a030,AF-pf100_k050_a030,af-eu-us-apac-row-ch,AF-first,pf100_k050_a030,clean_objective_stage2,1,0.5,0.3,14,0.4468730365,row,one_start_only,row,ROW,2025,293,353.425,45,44.99999983,1.619891048e-07,0.0009537168449,3.599757885e-09
af-eu-us-apac-row-ch/pf100_k050_a030,AF-pf100_k050_a030,af-eu-us-apac-row-ch,AF-first,pf100_k050_a030,clean_objective_stage2,1,0.5,0.3,14,0.4468730365,row,one_start_only,ch,China,2030,358.1533664,107.7909238,350,350,4.852953269e-09,3.928219325e-09,1.386558077e-11
af-eu-us-apac-row-ch/pf100_k050_a030,AF-pf100_k050_a030,af-eu-us-apac-row-ch,AF-first,pf100_k050_a030,clean_objective_stage2,1,0.5,0.3,14,0.4468730365,row,one_start_only,af,Africa,2030,5.874376048,313.7254202,14,1.59611589e-07,13.99999984,5.874375887,0.9999999886
af-eu-us-apac-row-ch/pf100_k050_a030,AF-pf100_k050_a030,af-eu-us-apac-row-ch,AF-first,pf100_k050_a030,clean_objective_stage2,1,0.5,0.3,14,0.4468730365,row,one_start_only,eu,EU,2030,34.75767582,322.1824598,90,34.75767581,55.24232419,7.101606408e-09,0.6138036021
af-eu-us-apac-row-ch/pf100_k050_a030,AF-pf100_k050_a030,af-eu-us-apac-row-ch,AF-first,pf100_k050_a030,clean_objective_stage2,1,0.5,0.3,14,0.4468730365,row,one_start_only,us,US,2030,67.39475224,292.2571837,65,64.99999999,9.351366103e-09,2.394752248,1.438671708e-10
af-eu-us-apac-row-ch/pf100_k050_a030,AF-pf100_k050_a030,af-eu-us-apac-row-ch,AF-first,pf100_k050_a030,clean_objective_stage2,1,0.5,0.3,14,0.4468730365,row,one_start_only,apac,APAC,2030,164.5218499,188.085581,85,84.99999999,5.732901218e-09,79.52184995,6.744589669e-11
af-eu-us-apac-row-ch/pf100_k050_a030,AF-pf100_k050_a030,af-eu-us-apac-row-ch,AF-first,pf100_k050_a030,clean_objective_stage2,1,0.5,0.3,14,0.4468730365,row,one_start_only,row,ROW,2030,137.1520004,232.9807375,70,51.45134582,18.54865418,1.249104057e-07,0.2649807739
af-eu-us-apac-row-ch/pf100_k050_a030,AF-pf100_k050_a030,af-eu-us-apac-row-ch,AF-first,pf100_k050_a030,clean_objective_stage2,1,0.5,0.3,14,0.4468730365,row,one_start_only,ch,China,2035,347.8142503,95.90883301,333,333,6.550770171e-09,5.740327303e-09,1.967198249e-11
af-eu-us-apac-row-ch/pf100_k050_a030,AF-pf100_k050_a030,af-eu-us-apac-row-ch,AF-first,pf100_k050_a030,clean_objective_stage2,1,0.5,0.3,14,0.4468730365,row,one_start_only,af,Africa,2035,8.3586309,279.1256493,20,4.80092483,15.19907517,3.557706069,0.7599537585
af-eu-us-apac-row-ch/pf100_k050_a030,AF-pf100_k050_a030,af-eu-us-apac-row-ch,AF-first,pf100_k050_a030,clean_objective_stage2,1,0.5,0.3,14,0.4468730365,row,one_start_only,eu,EU,2035,47.84364589,285.3068492,95,47.84364588,47.15635412,5.087178017e-09,0.4963826749
af-eu-us-apac-row-ch/pf100_k050_a030,AF-pf100_k050_a030,af-eu-us-apac-row-ch,AF-first,pf100_k050_a030,clean_objective_stage2,1,0.5,0.3,14,0.4468730365,row,one_start_only,us,US,2035,85.19907517,233.4416524,70,70,3.562460494e-09,15.19907518,5.089229277e-11
af-eu-us-apac-row-ch/pf100_k050_a030,AF-pf100_k050_a030,af-eu-us-apac-row-ch,AF-first,pf100_k050_a030,clean_objective_stage2,1,0.5,0.3,14,0.4468730365,row,one_start_only,apac,APAC,2035,183.2397582,110.015208,103,103,3.443429109e-09,43.5986481,3.343135057e-11
af-eu-us-apac-row-ch/pf100_k050_a030,AF-pf100_k050_a030,af-eu-us-apac-row-ch,AF-first,pf100_k050_a030,clean_objective_stage2,1,0.5,0.3,14,0.4468730365,row,one_start_only,row,ROW,2035,137.0558437,207.2850605,79,78.99999993,7.37638324e-08,1.646568818e-08,9.337193974e-10
af-eu-us-apac-row-ch/pf100_k050_a030,AF-pf100_k050_a030,af-eu-us-apac-row-ch,AF-first,pf100_k050_a030,clean_objective_stage2,1,0.5,0.3,14,0.4468730365,row,one_start_only,ch,China,2040,347.9195591,86.65125725,316,315.9999999,7.993086507e-08,7.0616021e-08,2.529457755e-10
af-eu-us-apac-row-ch/pf100_k050_a030,AF-pf100_k050_a030,af-eu-us-apac-row-ch,AF-first,pf100_k050_a030,clean_objective_stage2,1,0.5,0.3,14,0.4468730365,row,one_start_only,af,Africa,2040,10.84288757,313.6750511,28,1.741589109e-07,27.99999982,10.84288739,0.9999999938
af-eu-us-apac-row-ch/pf100_k050_a030,AF-pf100_k050_a030,af-eu-us-apac-row-ch,AF-first,pf100_k050_a030,clean_objective_stage2,1,0.5,0.3,14,0.4468730365,row,one_start_only,eu,EU,2040,60.92967089,357.7720392,99,60.92967078,38.07032921,8.469025901e-08,0.3845487799
af-eu-us-apac-row-ch/pf100_k050_a030,AF-pf100_k050_a030,af-eu-us-apac-row-ch,AF-first,pf100_k050_a030,clean_objective_stage2,1,0.5,0.3,14,0.4468730365,row,one_start_only,us,US,2040,88.21637264,170.2296103,74.99999999,74.99999992,7.463731539e-08,6.846626028,9.951642053e-10
af-eu-us-apac-row-ch/pf100_k050_a030,AF-pf100_k050_a030,af-eu-us-apac-row-ch,AF-first,pf100_k050_a030,clean_objective_stage2,1,0.5,0.3,14,0.4468730365,row,one_start_only,apac,APAC,2040,186.8802846,99.41154579,126,125.9999999,6.757966579e-08,7.556820076e-08,5.363465539e-10
af-eu-us-apac-row-ch/pf100_k050_a030,AF-pf100_k050_a030,af-eu-us-apac-row-ch,AF-first,pf100_k050_a030,clean_objective_stage2,1,0.5,0.3,14,0.4468730365,row,one_start_only,row,ROW,2040,137.3808156,289.5756158,89,88.99999992,7.966526202e-08,48.38081569,8.951153036e-10
af-eu-us-apac-row-ch/pf100_k050_a040,AF-pf100_k050_a040,af-eu-us-apac-row-ch,AF-first,pf100_k050_a040,clean_objective_stage2,1,0.5,0.4,6,0.9048946721,apac,one_start_only,ch,China,2025,931,163.324,324,324,1.6388913e-08,17.59999952,5.058306482e-11
af-eu-us-apac-row-ch/pf100_k050_a040,AF-pf100_k050_a040,af-eu-us-apac-row-ch,AF-first,pf100_k050_a040,clean_objective_stage2,1,0.5,0.4,6,0.9048946721,apac,one_start_only,af,Africa,2025,3.4,343.4205738,9.999999999,2.643291321e-08,9.999999973,3.399999971,0.9999999974
af-eu-us-apac-row-ch/pf100_k050_a040,AF-pf100_k050_a040,af-eu-us-apac-row-ch,AF-first,pf100_k050_a040,clean_objective_stage2,1,0.5,0.4,6,0.9048946721,apac,one_start_only,eu,EU,2025,22,372.7007022,75,21.99999993,53.00000007,6.419799176e-08,0.7066666676
af-eu-us-apac-row-ch/pf100_k050_a040,AF-pf100_k050_a040,af-eu-us-apac-row-ch,AF-first,pf100_k050_a040,clean_objective_stage2,1,0.5,0.4,6,0.9048946721,apac,one_start_only,us,US,2025,42,358.9256507,45,9.308193527e-08,44.9999999,41.99999989,0.9999999979
af-eu-us-apac-row-ch/pf100_k050_a040,AF-pf100_k050_a040,af-eu-us-apac-row-ch,AF-first,pf100_k050_a040,clean_objective_stage2,1,0.5,0.4,6,0.9048946721,apac,one_start_only,apac,APAC,2025,110,329.9525856,50,49.99999989,1.076358005e-07,60.0000001,2.15271601e-09
af-eu-us-apac-row-ch/pf100_k050_a040,AF-pf100_k050_a040,af-eu-us-apac-row-ch,AF-first,pf100_k050_a040,clean_objective_stage2,1,0.5,0.4,6,0.9048946721,apac,one_start_only,row,ROW,2025,293,353.4099999,45,29.99999954,15.00000046,9.840235634e-07,0.3333333436
af-eu-us-apac-row-ch/pf100_k050_a040,AF-pf100_k050_a040,af-eu-us-apac-row-ch,AF-first,pf100_k050_a040,clean_objective_stage2,1,0.5,0.4,6,0.9048946721,apac,one_start_only,ch,China,2030,378.9640017,107.7909239,350,349.9999999,9.742950479e-08,2.935417824e-06,2.783700137e-10
af-eu-us-apac-row-ch/pf100_k050_a040,AF-pf100_k050_a040,af-eu-us-apac-row-ch,AF-first,pf100_k050_a040,clean_objective_stage2,1,0.5,0.4,6,0.9048946721,apac,one_start_only,af,Africa,2030,5.658200774,285.8469648,14,5.658197483,8.341802513,3.270531611e-06,0.5958430368
af-eu-us-apac-row-ch/pf100_k050_a040,AF-pf100_k050_a040,af-eu-us-apac-row-ch,AF-first,pf100_k050_a040,clean_objective_stage2,1,0.5,0.4,6,0.9048946721,apac,one_start_only,eu,EU,2030,33.11443487,282.1510455,89.99999999,33.11443452,56.88556548,3.138717651e-07,0.6320618387
af-eu-us-apac-row-ch/pf100_k050_a040,AF-pf100_k050_a040,af-eu-us-apac-row-ch,AF-first,pf100_k050_a040,clean_objective_stage2,1,0.5,0.4,6,0.9048946721,apac,one_start_only,us,US,2030,64.29187931,348.6946287,64.99999998,64.29187913,0.7081208533,1.540547978e-07,0.01089416698
af-eu-us-apac-row-ch/pf100_k050_a040,AF-pf100_k050_a040,af-eu-us-apac-row-ch,AF-first,pf100_k050_a040,clean_objective_stage2,1,0.5,0.4,6,0.9048946721,apac,one_start_only,apac,APAC,2030,155.8349691,228.496801,84.99999999,84.99999979,1.977835677e-07,70.83496927,2.326865502e-09
af-eu-us-apac-row-ch/pf100_k050_a040,AF-pf100_k050_a040,af-eu-us-apac-row-ch,AF-first,pf100_k050_a040,clean_objective_stage2,1,0.5,0.4,6,0.9048946721,apac,one_start_only,row,ROW,2030,98.9691875,232.9853368,70,56.0505958,13.9494042,9.049917396,0.1992772028
af-eu-us-apac-row-ch/pf100_k050_a040,AF-pf100_k050_a040,af-eu-us-apac-row-ch,AF-first,pf100_k050_a040,clean_objective_stage2,1,0.5,0.4,6,0.9048946721,apac,one_start_only,ch,China,2035,368.2825,95.90883305,333,332.9999999,6.538703642e-08,2.489529594e-07,1.963574667e-10
af-eu-us-apac-row-ch/pf100_k050_a040,AF-pf100_k050_a040,af-eu-us-apac-row-ch,AF-first,pf100_k050_a040,clean_objective_stage2,1,0.5,0.4,6,0.9048946721,apac,one_start_only,af,Africa,2035,8.022113628,277.7227743,20,8.022113521,11.97788648,9.279898082e-08,0.5988943239
af-eu-us-apac-row-ch/pf100_k050_a040,AF-pf100_k050_a040,af-eu-us-apac-row-ch,AF-first,pf100_k050_a040,clean_objective_stage2,1,0.5,0.4,6,0.9048946721,apac,one_start_only,eu,EU,2035,45.42632458,243.8481602,95,45.42632442,49.57367557,1.306555877e-07,0.5218281639
af-eu-us-apac-row-ch/pf100_k050_a040,AF-pf100_k050_a040,af-eu-us-apac-row-ch,AF-first,pf100_k050_a040,clean_objective_stage2,1,0.5,0.4,6,0.9048946721,apac,one_start_only,us,US,2035,85.40744288,232.7940557,69.99999999,69.9999999,9.81372433e-08,15.40744293,1.401960619e-09
af-eu-us-apac-row-ch/pf100_k050_a040,AF-pf100_k050_a040,af-eu-us-apac-row-ch,AF-first,pf100_k050_a040,clean_objective_stage2,1,0.5,0.4,6,0.9048946721,apac,one_start_only,apac,APAC,2035,208.6382005,190.7870451,103,102.9999999,1.088262769e-07,105.6382006,1.056565795e-09
af-eu-us-apac-row-ch/pf100_k050_a040,AF-pf100_k050_a040,af-eu-us-apac-row-ch,AF-first,pf100_k050_a040,clean_objective_stage2,1,0.5,0.4,6,0.9048946721,apac,one_start_only,row,ROW,2035,98.6283016,207.2255664,79,19.50591789,59.49408211,4.364154605e-07,0.753089647
af-eu-us-apac-row-ch/pf100_k050_a040,AF-pf100_k050_a040,af-eu-us-apac-row-ch,AF-first,pf100_k050_a040,clean_objective_stage2,1,0.5,0.4,6,0.9048946721,apac,one_start_only,ch,China,2040,366.4465113,86.65125738,316,315.9999998,1.937209367e-07,4.329533099e-07,6.13040939e-10
af-eu-us-apac-row-ch/pf100_k050_a040,AF-pf100_k050_a040,af-eu-us-apac-row-ch,AF-first,pf100_k050_a040,clean_objective_stage2,1,0.5,0.4,6,0.9048946721,apac,one_start_only,af,Africa,2040,10.38604578,185.161443,27.99999999,4.017906158e-08,27.99999995,10.38604572,0.9999999986
af-eu-us-apac-row-ch/pf100_k050_a040,AF-pf100_k050_a040,af-eu-us-apac-row-ch,AF-first,pf100_k050_a040,clean_objective_stage2,1,0.5,0.4,6,0.9048946721,apac,one_start_only,eu,EU,2040,57.04614899,260.0788791,98.99999999,57.0461487,41.9538513,2.372933725e-07,0.4237762758
af-eu-us-apac-row-ch/pf100_k050_a040,AF-pf100_k050_a040,af-eu-us-apac-row-ch,AF-first,pf100_k050_a040,clean_objective_stage2,1,0.5,0.4,6,0.9048946721,apac,one_start_only,us,US,2040,90.18906295,170.184332,74.99999998,29.72234807,45.27765192,31.56780706,0.6037020257
af-eu-us-apac-row-ch/pf100_k050_a040,AF-pf100_k050_a040,af-eu-us-apac-row-ch,AF-first,pf100_k050_a040,clean_objective_stage2,1,0.5,0.4,6,0.9048946721,apac,one_start_only,apac,APAC,2040,199.2776503,105.9340644,126,125.9999997,2.510891659e-07,73.2776497,1.992771159e-09
af-eu-us-apac-row-ch/pf100_k050_a040,AF-pf100_k050_a040,af-eu-us-apac-row-ch,AF-first,pf100_k050_a040,clean_objective_stage2,1,0.5,0.4,6,0.9048946721,apac,one_start_only,row,ROW,2040,98.62637963,187.261719,88.99999999,88.99999963,3.630621201e-07,8.24186808e-07,4.079349664e-09
af-eu-us-apac-row-ch/pf100_k100_a030,AF-pf100_k100_a030,af-eu-us-apac-row-ch,AF-first,pf100_k100_a030,clean_objective_stage2,1,1,0.3,11,0.6721281118,apac,one_start_only,ch,China,2025,931,163.324,324,323.9999999,1.205928572e-07,2.599997667,3.722001765e-10
af-eu-us-apac-row-ch/pf100_k100_a030,AF-pf100_k100_a030,af-eu-us-apac-row-ch,AF-first,pf100_k100_a030,clean_objective_stage2,1,1,0.3,11,0.6721281118,apac,one_start_only,af,Africa,2025,3.4,364.8503032,9.999999994,3.399998704,6.60000129,1.270631614e-06,0.6600001293
af-eu-us-apac-row-ch/pf100_k100_a030,AF-pf100_k100_a030,af-eu-us-apac-row-ch,AF-first,pf100_k100_a030,clean_objective_stage2,1,1,0.3,11,0.6721281118,apac,one_start_only,eu,EU,2025,22,365.1700558,74.99999999,21.99999905,53.00000094,8.746212618e-07,0.7066666793
af-eu-us-apac-row-ch/pf100_k100_a030,AF-pf100_k100_a030,af-eu-us-apac-row-ch,AF-first,pf100_k100_a030,clean_objective_stage2,1,1,0.3,11,0.6721281118,apac,one_start_only,us,US,2025,42,336.4336279,44.99999998,6.710266569e-08,44.99999991,41.99999988,0.9999999985
af-eu-us-apac-row-ch/pf100_k100_a030,AF-pf100_k100_a030,af-eu-us-apac-row-ch,AF-first,pf100_k100_a030,clean_objective_stage2,1,1,0.3,11,0.6721281118,apac,one_start_only,apac,APAC,2025,110,271.3788244,49.99999998,49.99999977,2.095335362e-07,60.00000017,4.190670725e-09
af-eu-us-apac-row-ch/pf100_k100_a030,AF-pf100_k100_a030,af-eu-us-apac-row-ch,AF-first,pf100_k100_a030,clean_objective_stage2,1,1,0.3,11,0.6721281118,apac,one_start_only,row,ROW,2025,293,353.4249999,44.99999999,44.99999643,3.560712623e-06,6.176989043e-06,7.91269472e-08
af-eu-us-apac-row-ch/pf100_k100_a030,AF-pf100_k100_a030,af-eu-us-apac-row-ch,AF-first,pf100_k100_a030,clean_objective_stage2,1,1,0.3,11,0.6721281118,apac,one_start_only,ch,China,2030,364.5751899,107.7909239,350,350,4.581361668e-08,3.566142341e-08,1.308960477e-10
af-eu-us-apac-row-ch/pf100_k100_a030,AF-pf100_k100_a030,af-eu-us-apac-row-ch,AF-first,pf100_k100_a030,clean_objective_stage2,1,1,0.3,11,0.6721281118,apac,one_start_only,af,Africa,2030,5.850003716,273.6295282,14,5.850003448,8.149996551,2.586067474e-07,0.5821426108
af-eu-us-apac-row-ch/pf100_k100_a030,AF-pf100_k100_a030,af-eu-us-apac-row-ch,AF-first,pf100_k100_a030,clean_objective_stage2,1,1,0.3,11,0.6721281118,apac,one_start_only,eu,EU,2030,33.92350078,274.2694319,90,33.92350062,56.07649938,1.454040793e-07,0.6230722154
af-eu-us-apac-row-ch/pf100_k100_a030,AF-pf100_k100_a030,af-eu-us-apac-row-ch,AF-first,pf100_k100_a030,clean_objective_stage2,1,1,0.3,11,0.6721281118,apac,one_start_only,us,US,2030,65.70999823,262.8051289,65,64.99999985,1.40809692e-07,0.7099983408,2.166302954e-09
af-eu-us-apac-row-ch/pf100_k100_a030,AF-pf100_k100_a030,af-eu-us-apac-row-ch,AF-first,pf100_k100_a030,clean_objective_stage2,1,1,0.3,11,0.6721281118,apac,one_start_only,apac,APAC,2030,163.0425928,161.2220404,85,84.99999994,5.476715337e-08,78.04259287,6.443194514e-10
af-eu-us-apac-row-ch/pf100_k100_a030,AF-pf100_k100_a030,af-eu-us-apac-row-ch,AF-first,pf100_k100_a030,clean_objective_stage2,1,1,0.3,11,0.6721281118,apac,one_start_only,row,ROW,2030,68.30215354,232.9847602,70,55.47390409,14.52609591,4.338419036e-07,0.2075156558
af-eu-us-apac-row-ch/pf100_k100_a030,AF-pf100_k100_a030,af-eu-us-apac-row-ch,AF-first,pf100_k100_a030,clean_objective_stage2,1,1,0.3,11,0.6721281118,apac,one_start_only,ch,China,2035,347.5330261,95.90883305,333,333,3.049648665e-08,2.351785337e-08,9.158104101e-11
af-eu-us-apac-row-ch/pf100_k100_a030,AF-pf100_k100_a030,af-eu-us-apac-row-ch,AF-first,pf100_k100_a030,clean_objective_stage2,1,1,0.3,11,0.6721281118,apac,one_start_only,af,Africa,2035,8.328816125,280.3987046,20,8.328816083,11.67118392,3.635325852e-08,0.5835591958
af-eu-us-apac-row-ch/pf100_k100_a030,AF-pf100_k100_a030,af-eu-us-apac-row-ch,AF-first,pf100_k100_a030,clean_objective_stage2,1,1,0.3,11,0.6721281118,apac,one_start_only,eu,EU,2035,46.73477708,261.1428999,95,46.73477702,48.26522298,5.322601389e-08,0.5080549788
af-eu-us-apac-row-ch/pf100_k100_a030,AF-pf100_k100_a030,af-eu-us-apac-row-ch,AF-first,pf100_k100_a030,clean_objective_stage2,1,1,0.3,11,0.6721281118,apac,one_start_only,us,US,2035,82.95643875,201.1542237,70,69.99999996,3.555954093e-08,12.95643867,5.079934419e-10
af-eu-us-apac-row-ch/pf100_k100_a030,AF-pf100_k100_a030,af-eu-us-apac-row-ch,AF-first,pf100_k100_a030,clean_objective_stage2,1,1,0.3,11,0.6721281118,apac,one_start_only,apac,APAC,2035,222.0408629,147.7803643,103,103,2.950110805e-08,119.040863,2.864185248e-10
af-eu-us-apac-row-ch/pf100_k100_a030,AF-pf100_k100_a030,af-eu-us-apac-row-ch,AF-first,pf100_k100_a030,clean_objective_stage2,1,1,0.3,11,0.6721281118,apac,one_start_only,row,ROW,2035,52.67436002,207.2129996,79,6.939105028,72.06089497,2.239355757e-07,0.9121632275
af-eu-us-apac-row-ch/pf100_k100_a030,AF-pf100_k100_a030,af-eu-us-apac-row-ch,AF-first,pf100_k100_a030,clean_objective_stage2,1,1,0.3,11,0.6721281118,apac,one_start_only,ch,China,2040,344.4830105,86.65125741,316,315.9999996,3.360121343e-07,7.792265127e-07,1.063329539e-09
af-eu-us-apac-row-ch/pf100_k100_a030,AF-pf100_k100_a030,af-eu-us-apac-row-ch,AF-first,pf100_k100_a030,clean_objective_stage2,1,1,0.3,11,0.6721281118,apac,one_start_only,af,Africa,2040,10.8076303,309.3135402,27.99999999,10.80763005,17.19236994,2.061516546e-07,0.6140132124
af-eu-us-apac-row-ch/pf100_k100_a030,AF-pf100_k100_a030,af-eu-us-apac-row-ch,AF-first,pf100_k100_a030,clean_objective_stage2,1,1,0.3,11,0.6721281118,apac,one_start_only,eu,EU,2040,58.61582167,243.6346811,98.99999999,58.61582136,40.38417863,2.523775673e-07,0.4079209963
af-eu-us-apac-row-ch/pf100_k100_a030,AF-pf100_k100_a030,af-eu-us-apac-row-ch,AF-first,pf100_k100_a030,clean_objective_stage2,1,1,0.3,11,0.6721281118,apac,one_start_only,us,US,2040,102.040947,226.9448055,74.99999998,74.99999724,2.73561082e-06,27.04094965,3.647481094e-08
af-eu-us-apac-row-ch/pf100_k100_a030,AF-pf100_k100_a030,af-eu-us-apac-row-ch,AF-first,pf100_k100_a030,clean_objective_stage2,1,1,0.3,11,0.6721281118,apac,one_start_only,apac,APAC,2040,260.0447687,99.41154669,126,125.9999997,2.339636194e-07,119.5355993,1.856854123e-09
af-eu-us-apac-row-ch/pf100_k100_a030,AF-pf100_k100_a030,af-eu-us-apac-row-ch,AF-first,pf100_k100_a030,clean_objective_stage2,1,1,0.3,11,0.6721281118,apac,one_start_only,row,ROW,2040,52.59647905,181.1513713,88.99999999,1.000823976e-06,88.99999899,6.295820177e-07,0.9999999888
af-eu-us-apac-row-ch/pf100_k100_a040,AF-pf100_k100_a040,af-eu-us-apac-row-ch,AF-first,pf100_k100_a040,clean_objective_stage2,1,1,0.4,8,0.9534369516,us,one_start_only,ch,China,2025,931,163.324,324,323.9999999,6.530468432e-08,47.59999774,2.015576676e-10
af-eu-us-apac-row-ch/pf100_k100_a040,AF-pf100_k100_a040,af-eu-us-apac-row-ch,AF-first,pf100_k100_a040,clean_objective_stage2,1,1,0.4,8,0.9534369516,us,one_start_only,af,Africa,2025,3.4,371.8172243,9.999999997,2.32257232e-06,9.999997674,3.399997666,0.9999997677
af-eu-us-apac-row-ch/pf100_k100_a040,AF-pf100_k100_a040,af-eu-us-apac-row-ch,AF-first,pf100_k100_a040,clean_objective_stage2,1,1,0.4,8,0.9534369516,us,one_start_only,eu,EU,2025,22,379.4142801,75,21.99999986,53.00000014,1.127793841e-07,0.7066666686
af-eu-us-apac-row-ch/pf100_k100_a040,AF-pf100_k100_a040,af-eu-us-apac-row-ch,AF-first,pf100_k100_a040,clean_objective_stage2,1,1,0.4,8,0.9534369516,us,one_start_only,us,US,2025,42,319.887203,44.99999999,4.887972061e-08,44.99999994,41.99999989,0.9999999989
af-eu-us-apac-row-ch/pf100_k100_a040,AF-pf100_k100_a040,af-eu-us-apac-row-ch,AF-first,pf100_k100_a040,clean_objective_stage2,1,1,0.4,8,0.9534369516,us,one_start_only,apac,APAC,2025,110,251.9530944,49.99999999,49.99999988,1.147550003e-07,60.00000008,2.295100006e-09
af-eu-us-apac-row-ch/pf100_k100_a040,AF-pf100_k100_a040,af-eu-us-apac-row-ch,AF-first,pf100_k100_a040,clean_objective_stage2,1,1,0.4,8,0.9534369516,us,one_start_only,row,ROW,2025,293,314.6308902,45,6.711715174e-08,44.99999993,2.362803257e-06,0.9999999985
af-eu-us-apac-row-ch/pf100_k100_a040,AF-pf100_k100_a040,af-eu-us-apac-row-ch,AF-first,pf100_k100_a040,clean_objective_stage2,1,1,0.4,8,0.9534369516,us,one_start_only,ch,China,2030,401.7829099,107.7909238,350,349.9999999,6.721792789e-08,12.51891541,1.920512226e-10
af-eu-us-apac-row-ch/pf100_k100_a040,AF-pf100_k100_a040,af-eu-us-apac-row-ch,AF-first,pf100_k100_a040,clean_objective_stage2,1,1,0.4,8,0.9534369516,us,one_start_only,af,Africa,2030,5.833937692,300.691588,14,1.058203145e-07,13.99999989,5.833937579,0.9999999924
af-eu-us-apac-row-ch/pf100_k100_a040,AF-pf100_k100_a040,af-eu-us-apac-row-ch,AF-first,pf100_k100_a040,clean_objective_stage2,1,1,0.4,8,0.9534369516,us,one_start_only,eu,EU,2030,34.36042679,329.7308839,90,34.36042667,55.63957333,1.001778727e-07,0.6182174814
af-eu-us-apac-row-ch/pf100_k100_a040,AF-pf100_k100_a040,af-eu-us-apac-row-ch,AF-first,pf100_k100_a040,clean_objective_stage2,1,1,0.4,8,0.9534369516,us,one_start_only,us,US,2030,66.48108479,285.0987745,64.99999999,64.99999994,5.013390333e-08,1.481084804,7.712908205e-10
af-eu-us-apac-row-ch/pf100_k100_a040,AF-pf100_k100_a040,af-eu-us-apac-row-ch,AF-first,pf100_k100_a040,clean_objective_stage2,1,1,0.4,8,0.9534369516,us,one_start_only,apac,APAC,2030,170.1334591,218.4864383,84.99999999,84.99999987,1.222852099e-07,85.13345924,1.438649528e-09
af-eu-us-apac-row-ch/pf100_k100_a040,AF-pf100_k100_a040,af-eu-us-apac-row-ch,AF-first,pf100_k100_a040,clean_objective_stage2,1,1,0.4,8,0.9534369516,us,one_start_only,row,ROW,2030,79.1499871,232.9639583,70,34.67217602,35.32782398,3.069336745e-07,0.5046831997
af-eu-us-apac-row-ch/pf100_k100_a040,AF-pf100_k100_a040,af-eu-us-apac-row-ch,AF-first,pf100_k100_a040,clean_objective_stage2,1,1,0.4,8,0.9534369516,us,one_start_only,ch,China,2035,373.9069592,95.90883301,333,333,2.178432565e-08,3.538955972e-08,6.541839534e-11
af-eu-us-apac-row-ch/pf100_k100_a040,AF-pf100_k100_a040,af-eu-us-apac-row-ch,AF-first,pf100_k100_a040,clean_objective_stage2,1,1,0.4,8,0.9534369516,us,one_start_only,af,Africa,2035,8.305941642,268.9459847,20,8.30594161,11.69405839,2.978399261e-08,0.5847029195
af-eu-us-apac-row-ch/pf100_k100_a040,AF-pf100_k100_a040,af-eu-us-apac-row-ch,AF-first,pf100_k100_a040,clean_objective_stage2,1,1,0.4,8,0.9534369516,us,one_start_only,eu,EU,2035,47.33671223,261.093377,95,47.33671219,47.66328781,3.122370704e-08,0.5017188191
af-eu-us-apac-row-ch/pf100_k100_a040,AF-pf100_k100_a040,af-eu-us-apac-row-ch,AF-first,pf100_k100_a040,clean_objective_stage2,1,1,0.4,8,0.9534369516,us,one_start_only,us,US,2035,83.38556374,245.2710195,70,35.72227597,34.27772403,47.66328777,0.4896817719
af-eu-us-apac-row-ch/pf100_k100_a040,AF-pf100_k100_a040,af-eu-us-apac-row-ch,AF-first,pf100_k100_a040,clean_objective_stage2,1,1,0.4,8,0.9534369516,us,one_start_only,apac,APAC,2035,210.2360565,119.5804609,103,103,1.490637281e-08,107.2360565,1.447220661e-10
af-eu-us-apac-row-ch/pf100_k100_a040,AF-pf100_k100_a040,af-eu-us-apac-row-ch,AF-first,pf100_k100_a040,clean_objective_stage2,1,1,0.4,8,0.9534369516,us,one_start_only,row,ROW,2035,69.96963478,207.2237963,79,17.73572577,61.26427423,1.66155991e-07,0.7754971422
af-eu-us-apac-row-ch/pf100_k100_a040,AF-pf100_k100_a040,af-eu-us-apac-row-ch,AF-first,pf100_k100_a040,clean_objective_stage2,1,1,0.4,8,0.9534369516,us,one_start_only,ch,China,2040,373.3638172,86.65125734,316,315.9999998,1.619591706e-07,27.99999928,5.125290209e-10
af-eu-us-apac-row-ch/pf100_k100_a040,AF-pf100_k100_a040,af-eu-us-apac-row-ch,AF-first,pf100_k100_a040,clean_objective_stage2,1,1,0.4,8,0.9534369516,us,one_start_only,af,Africa,2040,10.77794781,170.1331243,28,2.29977662e-08,27.99999997,10.77794778,0.9999999992
af-eu-us-apac-row-ch/pf100_k100_a040,AF-pf100_k100_a040,af-eu-us-apac-row-ch,AF-first,pf100_k100_a040,clean_objective_stage2,1,1,0.4,8,0.9534369516,us,one_start_only,eu,EU,2040,59.64824573,222.3841292,99,49.61426948,49.38573051,10.03397621,0.4988457628
af-eu-us-apac-row-ch/pf100_k100_a040,AF-pf100_k100_a040,af-eu-us-apac-row-ch,AF-first,pf100_k100_a040,clean_objective_stage2,1,1,0.4,8,0.9534369516,us,one_start_only,us,US,2040,84.05931526,216.4962732,74.99999999,74.99999971,2.844279672e-07,9.05931548,3.792372897e-09
af-eu-us-apac-row-ch/pf100_k100_a040,AF-pf100_k100_a040,af-eu-us-apac-row-ch,AF-first,pf100_k100_a040,clean_objective_stage2,1,1,0.4,8,0.9534369516,us,one_start_only,apac,APAC,2040,239.5601716,99.41154579,126,125.9999997,3.020036271e-07,38.60778298,2.396854184e-09
af-eu-us-apac-row-ch/pf100_k100_a040,AF-pf100_k100_a040,af-eu-us-apac-row-ch,AF-first,pf100_k100_a040,clean_objective_stage2,1,1,0.4,8,0.9534369516,us,one_start_only,row,ROW,2040,69.90670956,230.7831547,89,69.90670928,19.09329071,2.204181203e-07,0.2145313563
af-eu-us-apac-row-ch/pf120_k050_a030,AF-pf120_k050_a030,af-eu-us-apac-row-ch,AF-first,pf120_k050_a030,clean_objective_stage2,1.2,0.5,0.3,8,0.6549033438,apac,one_start_only,ch,China,2025,931,163.324,324,324,7.047132695e-09,89.59999977,2.175040955e-11
af-eu-us-apac-row-ch/pf120_k050_a030,AF-pf120_k050_a030,af-eu-us-apac-row-ch,AF-first,pf120_k050_a030,clean_objective_stage2,1.2,0.5,0.3,8,0.6549033438,apac,one_start_only,af,Africa,2025,3.4,371.0901704,10,3.39999999,6.600000009,8.19020052e-09,0.660000001
af-eu-us-apac-row-ch/pf120_k050_a030,AF-pf120_k050_a030,af-eu-us-apac-row-ch,AF-first,pf120_k050_a030,clean_objective_stage2,1.2,0.5,0.3,8,0.6549033438,apac,one_start_only,eu,EU,2025,22,312.8044206,75,21.99999995,53.00000005,3.129417139e-08,0.7066666674
af-eu-us-apac-row-ch/pf120_k050_a030,AF-pf120_k050_a030,af-eu-us-apac-row-ch,AF-first,pf120_k050_a030,clean_objective_stage2,1.2,0.5,0.3,8,0.6549033438,apac,one_start_only,us,US,2025,42,319.4052329,45,2.182850502e-07,44.99999978,1.852812852e-08,0.9999999951
af-eu-us-apac-row-ch/pf120_k050_a030,AF-pf120_k050_a030,af-eu-us-apac-row-ch,AF-first,pf120_k050_a030,clean_objective_stage2,1.2,0.5,0.3,8,0.6549033438,apac,one_start_only,apac,APAC,2025,110,256.4266965,50,49.99999994,6.068738628e-08,60.00000006,1.213747726e-09
af-eu-us-apac-row-ch/pf120_k050_a030,AF-pf120_k050_a030,af-eu-us-apac-row-ch,AF-first,pf120_k050_a030,clean_objective_stage2,1.2,0.5,0.3,8,0.6549033438,apac,one_start_only,row,ROW,2025,293,315.5620538,45,7.781456683e-09,44.99999999,1.225034042e-08,0.9999999998
af-eu-us-apac-row-ch/pf120_k050_a030,AF-pf120_k050_a030,af-eu-us-apac-row-ch,AF-first,pf120_k050_a030,clean_objective_stage2,1.2,0.5,0.3,8,0.6549033438,apac,one_start_only,ch,China,2030,518.4262559,107.7909238,350,349.9999998,1.858043938e-07,71.75584956,5.308696967e-10
af-eu-us-apac-row-ch/pf120_k050_a030,AF-pf120_k050_a030,af-eu-us-apac-row-ch,AF-first,pf120_k050_a030,clean_objective_stage2,1.2,0.5,0.3,8,0.6549033438,apac,one_start_only,af,Africa,2030,5.797057136,279.1722263,13.99999999,5.797056805,8.202943187,2.924304746e-07,0.5859245137
af-eu-us-apac-row-ch/pf120_k050_a030,AF-pf120_k050_a030,af-eu-us-apac-row-ch,AF-first,pf120_k050_a030,clean_objective_stage2,1.2,0.5,0.3,8,0.6549033438,apac,one_start_only,eu,EU,2030,32.05037258,240.9437105,89.99999999,32.05037156,57.94962843,8.76456245e-07,0.6438847604
af-eu-us-apac-row-ch/pf120_k050_a030,AF-pf120_k050_a030,af-eu-us-apac-row-ch,AF-first,pf120_k050_a030,clean_objective_stage2,1.2,0.5,0.3,8,0.6549033438,apac,one_start_only,us,US,2030,46.20035042,235.8552733,64.99999998,46.20034931,18.79965067,8.226001961e-07,0.289225395
af-eu-us-apac-row-ch/pf120_k050_a030,AF-pf120_k050_a030,af-eu-us-apac-row-ch,AF-first,pf120_k050_a030,clean_objective_stage2,1.2,0.5,0.3,8,0.6549033438,apac,one_start_only,apac,APAC,2030,168.1963692,162.9137914,84.99999998,84.99999965,3.300641434e-07,83.19636937,3.88310757e-09
af-eu-us-apac-row-ch/pf120_k050_a030,AF-pf120_k050_a030,af-eu-us-apac-row-ch,AF-first,pf120_k050_a030,clean_objective_stage2,1.2,0.5,0.3,8,0.6549033438,apac,one_start_only,row,ROW,2030,43.42016269,227.4439172,69.99999999,1.123494015e-06,69.99999887,7.446064401e-07,0.999999984
af-eu-us-apac-row-ch/pf120_k050_a030,AF-pf120_k050_a030,af-eu-us-apac-row-ch,AF-first,pf120_k050_a030,clean_objective_stage2,1.2,0.5,0.3,8,0.6549033438,apac,one_start_only,ch,China,2035,449.6590746,95.908833,333,333,1.891802462e-08,13.43494252,5.681088473e-11
af-eu-us-apac-row-ch/pf120_k050_a030,AF-pf120_k050_a030,af-eu-us-apac-row-ch,AF-first,pf120_k050_a030,clean_objective_stage2,1.2,0.5,0.3,8,0.6549033438,apac,one_start_only,af,Africa,2035,8.194113759,257.7995376,20,8.194113717,11.80588628,3.772890982e-08,0.5902943141
af-eu-us-apac-row-ch/pf120_k050_a030,AF-pf120_k050_a030,af-eu-us-apac-row-ch,AF-first,pf120_k050_a030,clean_objective_stage2,1.2,0.5,0.3,8,0.6549033438,apac,one_start_only,eu,EU,2035,43.5935831,226.3256785,95,43.593583,51.40641699,8.301015811e-08,0.5411201789
af-eu-us-apac-row-ch/pf120_k050_a030,AF-pf120_k050_a030,af-eu-us-apac-row-ch,AF-first,pf120_k050_a030,clean_objective_stage2,1.2,0.5,0.3,8,0.6549033438,apac,one_start_only,us,US,2035,68.37094366,245.4855488,70,68.37094361,1.629056391,3.955929628e-08,0.02327223416
af-eu-us-apac-row-ch/pf120_k050_a030,AF-pf120_k050_a030,af-eu-us-apac-row-ch,AF-first,pf120_k050_a030,clean_objective_stage2,1.2,0.5,0.3,8,0.6549033438,apac,one_start_only,apac,APAC,2035,224.4293661,161.7348015,103,103,3.505648217e-08,121.4293661,3.403541958e-10
af-eu-us-apac-row-ch/pf120_k050_a030,AF-pf120_k050_a030,af-eu-us-apac-row-ch,AF-first,pf120_k050_a030,clean_objective_stage2,1.2,0.5,0.3,8,0.6549033438,apac,one_start_only,row,ROW,2035,43.40347516,207.2150375,79,8.977050676,70.02294932,2.110697201e-07,0.8863664471
af-eu-us-apac-row-ch/pf120_k050_a030,AF-pf120_k050_a030,af-eu-us-apac-row-ch,AF-first,pf120_k050_a030,clean_objective_stage2,1.2,0.5,0.3,8,0.6549033438,apac,one_start_only,ch,China,2040,446.7223935,86.65125721,316,315.9999999,5.347307325e-08,2.988295895e-07,1.692185862e-10
af-eu-us-apac-row-ch/pf120_k050_a030,AF-pf120_k050_a030,af-eu-us-apac-row-ch,AF-first,pf120_k050_a030,clean_objective_stage2,1.2,0.5,0.3,8,0.6549033438,apac,one_start_only,af,Africa,2040,10.59117033,227.5382206,28,10.59117025,17.40882975,7.234204613e-08,0.6217439197
af-eu-us-apac-row-ch/pf120_k050_a030,AF-pf120_k050_a030,af-eu-us-apac-row-ch,AF-first,pf120_k050_a030,clean_objective_stage2,1.2,0.5,0.3,8,0.6549033438,apac,one_start_only,eu,EU,2040,54.85238877,218.8821948,99,54.85238867,44.14761133,8.567458297e-08,0.445935468
af-eu-us-apac-row-ch/pf120_k050_a030,AF-pf120_k050_a030,af-eu-us-apac-row-ch,AF-first,pf120_k050_a030,clean_objective_stage2,1.2,0.5,0.3,8,0.6549033438,apac,one_start_only,us,US,2040,72.36509736,211.0062094,75,72.36509725,2.634902746,7.894478193e-08,0.03513203661
af-eu-us-apac-row-ch/pf120_k050_a030,AF-pf120_k050_a030,af-eu-us-apac-row-ch,AF-first,pf120_k050_a030,clean_objective_stage2,1.2,0.5,0.3,8,0.6549033438,apac,one_start_only,apac,APAC,2040,262.9717953,150.9548177,126,125.9999999,5.782818938e-08,136.9717954,4.58953884e-10
af-eu-us-apac-row-ch/pf120_k050_a030,AF-pf120_k050_a030,af-eu-us-apac-row-ch,AF-first,pf120_k050_a030,clean_objective_stage2,1.2,0.5,0.3,8,0.6549033438,apac,one_start_only,row,ROW,2040,43.38984418,187.1889385,89,16.21954776,72.78045224,2.794381749e-07,0.8177578904
af-eu-us-apac-row-ch/pf120_k100_a030,AF-pf120_k100_a030,af-eu-us-apac-row-ch,AF-first,pf120_k100_a030,clean_objective_stage2,1.2,1,0.3,5,0.7855083891,us,one_start_only,ch,China,2025,931,163.324,324,324,5.806856556e-09,111.5999999,1.792239678e-11
af-eu-us-apac-row-ch/pf120_k100_a030,AF-pf120_k100_a030,af-eu-us-apac-row-ch,AF-first,pf120_k100_a030,clean_objective_stage2,1.2,1,0.3,5,0.7855083891,us,one_start_only,af,Africa,2025,3.4,321.9459739,10,3.399999989,6.600000011,9.657239839e-09,0.6600000011
af-eu-us-apac-row-ch/pf120_k100_a030,AF-pf120_k100_a030,af-eu-us-apac-row-ch,AF-first,pf120_k100_a030,clean_objective_stage2,1.2,1,0.3,5,0.7855083891,us,one_start_only,eu,EU,2025,22,286.2714671,75,1.869074987e-08,74.99999998,1.704413512e-08,0.9999999998
af-eu-us-apac-row-ch/pf120_k100_a030,AF-pf120_k100_a030,af-eu-us-apac-row-ch,AF-first,pf120_k100_a030,clean_objective_stage2,1.2,1,0.3,5,0.7855083891,us,one_start_only,us,US,2025,42,307.1366145,45,1.591579437e-08,44.99999998,1.090225225e-08,0.9999999996
af-eu-us-apac-row-ch/pf120_k100_a030,AF-pf120_k100_a030,af-eu-us-apac-row-ch,AF-first,pf120_k100_a030,clean_objective_stage2,1.2,1,0.3,5,0.7855083891,us,one_start_only,apac,APAC,2025,110,261.0667401,50,49.99999997,2.861250925e-08,60.00000002,5.722501851e-10
af-eu-us-apac-row-ch/pf120_k100_a030,AF-pf120_k100_a030,af-eu-us-apac-row-ch,AF-first,pf120_k100_a030,clean_objective_stage2,1.2,1,0.3,5,0.7855083891,us,one_start_only,row,ROW,2025,293,319.9793166,45,7.266885712e-09,44.99999999,7.802411058e-09,0.9999999998
af-eu-us-apac-row-ch/pf120_k100_a030,AF-pf120_k100_a030,af-eu-us-apac-row-ch,AF-first,pf120_k100_a030,clean_objective_stage2,1.2,1,0.3,5,0.7855083891,us,one_start_only,ch,China,2030,579.7974757,107.7909238,350,349.9999999,5.937647255e-08,90.45550307,1.696470644e-10
af-eu-us-apac-row-ch/pf120_k100_a030,AF-pf120_k100_a030,af-eu-us-apac-row-ch,AF-first,pf120_k100_a030,clean_objective_stage2,1.2,1,0.3,5,0.7855083891,us,one_start_only,af,Africa,2030,5.899982509,236.8202399,14,1.959344225e-06,13.99999804,5.899980532,0.99999986
af-eu-us-apac-row-ch/pf120_k100_a030,AF-pf120_k100_a030,af-eu-us-apac-row-ch,AF-first,pf120_k100_a030,clean_objective_stage2,1.2,1,0.3,5,0.7855083891,us,one_start_only,eu,EU,2030,23.22495669,268.0139468,90,23.22495654,66.77504346,1.13841552e-07,0.7419449273
af-eu-us-apac-row-ch/pf120_k100_a030,AF-pf120_k100_a030,af-eu-us-apac-row-ch,AF-first,pf120_k100_a030,clean_objective_stage2,1.2,1,0.3,5,0.7855083891,us,one_start_only,us,US,2030,36.47869676,262.9969682,64.99999999,36.47869659,28.5213034,1.243773047e-07,0.4387892832
af-eu-us-apac-row-ch/pf120_k100_a030,AF-pf120_k100_a030,af-eu-us-apac-row-ch,AF-first,pf120_k100_a030,clean_objective_stage2,1.2,1,0.3,5,0.7855083891,us,one_start_only,apac,APAC,2030,167.9408606,218.3678401,84.99999999,84.99999968,3.154112928e-07,82.9408609,3.710721093e-09
af-eu-us-apac-row-ch/pf120_k100_a030,AF-pf120_k100_a030,af-eu-us-apac-row-ch,AF-first,pf120_k100_a030,clean_objective_stage2,1.2,1,0.3,5,0.7855083891,us,one_start_only,row,ROW,2030,60.05267654,225.251713,70,2.754707732e-07,69.99999972,2.555595796e-07,0.9999999961
af-eu-us-apac-row-ch/pf120_k100_a030,AF-pf120_k100_a030,af-eu-us-apac-row-ch,AF-first,pf120_k100_a030,clean_objective_stage2,1.2,1,0.3,5,0.7855083891,us,one_start_only,ch,China,2035,544.9695651,95.90883302,333,332.9999997,2.929227683e-07,11.60002817,8.796479529e-10
af-eu-us-apac-row-ch/pf120_k100_a030,AF-pf120_k100_a030,af-eu-us-apac-row-ch,AF-first,pf120_k100_a030,clean_objective_stage2,1.2,1,0.3,5,0.7855083891,us,one_start_only,af,Africa,2035,8.399969344,241.1063244,19.99999999,8.399968852,11.60003114,4.227872161e-07,0.5800015572
af-eu-us-apac-row-ch/pf120_k100_a030,AF-pf120_k100_a030,af-eu-us-apac-row-ch,AF-first,pf120_k100_a030,clean_objective_stage2,1.2,1,0.3,5,0.7855083891,us,one_start_only,eu,EU,2035,31.99590668,228.3042926,94.99999999,31.995906,63.00409399,5.700067573e-07,0.6632009894
af-eu-us-apac-row-ch/pf120_k100_a030,AF-pf120_k100_a030,af-eu-us-apac-row-ch,AF-first,pf120_k100_a030,clean_objective_stage2,1.2,1,0.3,5,0.7855083891,us,one_start_only,us,US,2035,36.47812238,217.6688509,69.99999997,36.4781214,33.52187857,7.176233965e-07,0.4788839798
af-eu-us-apac-row-ch/pf120_k100_a030,AF-pf120_k100_a030,af-eu-us-apac-row-ch,AF-first,pf120_k100_a030,clean_objective_stage2,1.2,1,0.3,5,0.7855083891,us,one_start_only,apac,APAC,2035,223.3281965,170.6251409,103,102.9999993,7.14928321e-07,120.3281971,6.941051662e-09
af-eu-us-apac-row-ch/pf120_k100_a030,AF-pf120_k100_a030,af-eu-us-apac-row-ch,AF-first,pf120_k100_a030,clean_objective_stage2,1.2,1,0.3,5,0.7855083891,us,one_start_only,row,ROW,2035,59.98366167,207.2612588,78.99999999,55.19777673,23.80222325,9.580236544e-07,0.3012939653
af-eu-us-apac-row-ch/pf120_k100_a030,AF-pf120_k100_a030,af-eu-us-apac-row-ch,AF-first,pf120_k100_a030,clean_objective_stage2,1.2,1,0.3,5,0.7855083891,us,one_start_only,ch,China,2040,544.3868018,86.6512572,316,316,4.009899165e-08,48.19400982,1.268955432e-10
af-eu-us-apac-row-ch/pf120_k100_a030,AF-pf120_k100_a030,af-eu-us-apac-row-ch,AF-first,pf120_k100_a030,clean_objective_stage2,1.2,1,0.3,5,0.7855083891,us,one_start_only,af,Africa,2040,10.89996836,166.9544907,28,2.156828185e-08,27.99999998,10.89996833,0.9999999992
af-eu-us-apac-row-ch/pf120_k100_a030,AF-pf120_k100_a030,af-eu-us-apac-row-ch,AF-first,pf120_k100_a030,clean_objective_stage2,1.2,1,0.3,5,0.7855083891,us,one_start_only,eu,EU,2040,38.80439236,202.5526189,99,38.80439229,60.1956077,4.722499971e-08,0.6080364415
af-eu-us-apac-row-ch/pf120_k100_a030,AF-pf120_k100_a030,af-eu-us-apac-row-ch,AF-first,pf120_k100_a030,clean_objective_stage2,1.2,1,0.3,5,0.7855083891,us,one_start_only,us,US,2040,36.47704128,177.3935146,75,36.47704094,38.52295906,1.097768485e-07,0.5136394542
af-eu-us-apac-row-ch/pf120_k100_a030,AF-pf120_k100_a030,af-eu-us-apac-row-ch,AF-first,pf120_k100_a030,clean_objective_stage2,1.2,1,0.3,5,0.7855083891,us,one_start_only,apac,APAC,2040,282.6245883,126.040461,126,125.9999999,6.958484721e-08,156.6245884,5.522606921e-10
af-eu-us-apac-row-ch/pf120_k100_a030,AF-pf120_k100_a030,af-eu-us-apac-row-ch,AF-first,pf120_k100_a030,clean_objective_stage2,1.2,1,0.3,5,0.7855083891,us,one_start_only,row,ROW,2040,59.97472912,180.2283383,89,1.079639586e-07,88.99999989,6.861098118e-08,0.9999999988
af-eu-us-apac-row-ch/pf120_k100_a040,AF-pf120_k100_a040,af-eu-us-apac-row-ch,AF-first,pf120_k100_a040,clean_objective_stage2,1.2,1,0.4,7,0.8148040141,us,one_start_only,ch,China,2025,931,163.324,324,324,5.834673055e-09,89.59999977,1.800825017e-11
af-eu-us-apac-row-ch/pf120_k100_a040,AF-pf120_k100_a040,af-eu-us-apac-row-ch,AF-first,pf120_k100_a040,clean_objective_stage2,1.2,1,0.4,7,0.8148040141,us,one_start_only,af,Africa,2025,3.4,392.1901376,10,3.399999994,6.600000006,5.275200998e-09,0.6600000006
af-eu-us-apac-row-ch/pf120_k100_a040,AF-pf120_k100_a040,af-eu-us-apac-row-ch,AF-first,pf120_k100_a040,clean_objective_stage2,1.2,1,0.4,7,0.8148040141,us,one_start_only,eu,EU,2025,22,342.5430519,75,21.99999998,53.00000002,1.992118988e-08,0.706666667
af-eu-us-apac-row-ch/pf120_k100_a040,AF-pf120_k100_a040,af-eu-us-apac-row-ch,AF-first,pf120_k100_a040,clean_objective_stage2,1.2,1,0.4,7,0.8148040141,us,one_start_only,us,US,2025,42,318.6203096,45,1.277648827e-07,44.99999987,5.794837844e-08,0.9999999972
af-eu-us-apac-row-ch/pf120_k100_a040,AF-pf120_k100_a040,af-eu-us-apac-row-ch,AF-first,pf120_k100_a040,clean_objective_stage2,1.2,1,0.4,7,0.8148040141,us,one_start_only,apac,APAC,2025,110,252.6385866,50,49.99999999,1.185861307e-08,60.00000001,2.371722614e-10
af-eu-us-apac-row-ch/pf120_k100_a040,AF-pf120_k100_a040,af-eu-us-apac-row-ch,AF-first,pf120_k100_a040,clean_objective_stage2,1.2,1,0.4,7,0.8148040141,us,one_start_only,row,ROW,2025,293,348.4999234,45,4.54296133e-08,44.99999995,1.20892043e-08,0.999999999
af-eu-us-apac-row-ch/pf120_k100_a040,AF-pf120_k100_a040,af-eu-us-apac-row-ch,AF-first,pf120_k100_a040,clean_objective_stage2,1.2,1,0.4,7,0.8148040141,us,one_start_only,ch,China,2030,396.4320227,107.7909239,350,349.9999999,1.188038097e-07,13.08272023,3.394394562e-10
af-eu-us-apac-row-ch/pf120_k100_a040,AF-pf120_k100_a040,af-eu-us-apac-row-ch,AF-first,pf120_k100_a040,clean_objective_stage2,1.2,1,0.4,7,0.8148040141,us,one_start_only,af,Africa,2030,5.899982509,322.9276838,13.99999999,5.899982132,8.100017861,3.515698836e-07,0.5785727047
af-eu-us-apac-row-ch/pf120_k100_a040,AF-pf120_k100_a040,af-eu-us-apac-row-ch,AF-first,pf120_k100_a040,clean_objective_stage2,1.2,1,0.4,7,0.8148040141,us,one_start_only,eu,EU,2030,33.28546011,323.5541754,89.99999999,33.28545979,56.7145402,2.824033036e-07,0.6301615579
af-eu-us-apac-row-ch/pf120_k100_a040,AF-pf120_k100_a040,af-eu-us-apac-row-ch,AF-first,pf120_k100_a040,clean_objective_stage2,1.2,1,0.4,7,0.8148040141,us,one_start_only,us,US,2030,61.37757459,270.815056,64.99999998,61.37752467,3.622475314,4.983006542e-05,0.05573038946
af-eu-us-apac-row-ch/pf120_k100_a040,AF-pf120_k100_a040,af-eu-us-apac-row-ch,AF-first,pf120_k100_a040,clean_objective_stage2,1.2,1,0.4,7,0.8148040141,us,one_start_only,apac,APAC,2030,171.1860693,234.327065,84.99999998,75.53975547,9.460244508,95.64631382,0.1112969942
af-eu-us-apac-row-ch/pf120_k100_a040,AF-pf120_k100_a040,af-eu-us-apac-row-ch,AF-first,pf120_k100_a040,clean_objective_stage2,1.2,1,0.4,7,0.8148040141,us,one_start_only,row,ROW,2030,39.16819357,290.9627812,69.99999999,39.1681929,30.83180709,5.829914788e-07,0.440454387
af-eu-us-apac-row-ch/pf120_k100_a040,AF-pf120_k100_a040,af-eu-us-apac-row-ch,AF-first,pf120_k100_a040,clean_objective_stage2,1.2,1,0.4,7,0.8148040141,us,one_start_only,ch,China,2035,396.2145434,95.90883302,333,333,2.769251184e-08,22.52826528,8.316069621e-11
af-eu-us-apac-row-ch/pf120_k100_a040,AF-pf120_k100_a040,af-eu-us-apac-row-ch,AF-first,pf120_k100_a040,clean_objective_stage2,1.2,1,0.4,7,0.8148040141,us,one_start_only,af,Africa,2035,8.399969345,247.9314405,20,8.399969283,11.60003072,5.462008012e-08,0.5800015358
af-eu-us-apac-row-ch/pf120_k100_a040,AF-pf120_k100_a040,af-eu-us-apac-row-ch,AF-first,pf120_k100_a040,clean_objective_stage2,1.2,1,0.4,7,0.8148040141,us,one_start_only,eu,EU,2035,45.59736108,244.7977657,95,45.59736102,49.40263898,5.074109433e-08,0.5200277787
af-eu-us-apac-row-ch/pf120_k100_a040,AF-pf120_k100_a040,af-eu-us-apac-row-ch,AF-first,pf120_k100_a040,clean_objective_stage2,1.2,1,0.4,7,0.8148040141,us,one_start_only,us,US,2035,64.44917129,253.3526923,70,64.44917123,5.550828769,4.481843348e-08,0.07929755385
af-eu-us-apac-row-ch/pf120_k100_a040,AF-pf120_k100_a040,af-eu-us-apac-row-ch,AF-first,pf120_k100_a040,clean_objective_stage2,1.2,1,0.4,7,0.8148040141,us,one_start_only,apac,APAC,2035,226.0252303,151.7811759,103,103,2.732830997e-08,123.0252303,2.653233978e-10
af-eu-us-apac-row-ch/pf120_k100_a040,AF-pf120_k100_a040,af-eu-us-apac-row-ch,AF-first,pf120_k100_a040,clean_objective_stage2,1.2,1,0.4,7,0.8148040141,us,one_start_only,row,ROW,2035,22.81306653,206.7604253,79,2.564914747e-06,78.99999743,2.580394134e-07,0.9999999675
af-eu-us-apac-row-ch/pf120_k100_a040,AF-pf120_k100_a040,af-eu-us-apac-row-ch,AF-first,pf120_k100_a040,clean_objective_stage2,1.2,1,0.4,7,0.8148040141,us,one_start_only,ch,China,2040,396.8204944,86.65125722,316,315.9999999,5.633653243e-08,5.64818333,1.782801659e-10
af-eu-us-apac-row-ch/pf120_k100_a040,AF-pf120_k100_a040,af-eu-us-apac-row-ch,AF-first,pf120_k100_a040,clean_objective_stage2,1.2,1,0.4,7,0.8148040141,us,one_start_only,af,Africa,2040,10.89996831,195.9499041,28,10.89996812,17.10003187,1.736323804e-07,0.6107154241
af-eu-us-apac-row-ch/pf120_k100_a040,AF-pf120_k100_a040,af-eu-us-apac-row-ch,AF-first,pf120_k100_a040,clean_objective_stage2,1.2,1,0.4,7,0.8148040141,us,one_start_only,eu,EU,2040,45.88111284,189.1344045,99,45.88111266,53.11888734,1.349052162e-07,0.5365544176
af-eu-us-apac-row-ch/pf120_k100_a040,AF-pf120_k100_a040,af-eu-us-apac-row-ch,AF-first,pf120_k100_a040,clean_objective_stage2,1.2,1,0.4,7,0.8148040141,us,one_start_only,us,US,2040,66.7031884,211.9495643,75,66.70318828,8.296811717,7.997098726e-08,0.1106241562
af-eu-us-apac-row-ch/pf120_k100_a040,AF-pf120_k100_a040,af-eu-us-apac-row-ch,AF-first,pf120_k100_a040,clean_objective_stage2,1.2,1,0.4,7,0.8148040141,us,one_start_only,apac,APAC,2040,287.8675413,118.1834468,126,125.9999999,7.459238612e-08,161.8675413,5.920030645e-10
af-eu-us-apac-row-ch/pf120_k100_a040,AF-pf120_k100_a040,af-eu-us-apac-row-ch,AF-first,pf120_k100_a040,clean_objective_stage2,1.2,1,0.4,7,0.8148040141,us,one_start_only,row,ROW,2040,21.16118205,186.8857646,89,5.886109179e-06,88.99999411,1.30704139e-07,0.9999999339
eu-us-af-row-apac-ch/pf080_k050_a030,EU-pf080_k050_a030,eu-us-af-row-apac-ch,EU-first,pf080_k050_a030,clean_objective_stage2,0.8,0.5,0.3,7,0.7425827198,apac,one_start_only,ch,China,2025,931,163.324,324,324,3.909137406e-08,89.59999665,1.206523891e-10
eu-us-af-row-apac-ch/pf080_k050_a030,EU-pf080_k050_a030,eu-us-af-row-apac-ch,EU-first,pf080_k050_a030,clean_objective_stage2,0.8,0.5,0.3,7,0.7425827198,apac,one_start_only,af,Africa,2025,3.4,294.7272788,9.999999999,5.403614614e-09,9.999999994,3.399999991,0.9999999995
eu-us-af-row-apac-ch/pf080_k050_a030,EU-pf080_k050_a030,eu-us-af-row-apac-ch,EU-first,pf080_k050_a030,clean_objective_stage2,0.8,0.5,0.3,7,0.7425827198,apac,one_start_only,eu,EU,2025,22,255.7051833,75,6.096399214e-09,74.99999999,21.99999999,0.9999999999
eu-us-af-row-apac-ch/pf080_k050_a030,EU-pf080_k050_a030,eu-us-af-row-apac-ch,EU-first,pf080_k050_a030,clean_objective_stage2,0.8,0.5,0.3,7,0.7425827198,apac,one_start_only,us,US,2025,42,296.2474409,45,3.181241009e-08,44.99999996,1.71017794e-07,0.9999999993
eu-us-af-row-apac-ch/pf080_k050_a030,EU-pf080_k050_a030,eu-us-af-row-apac-ch,EU-first,pf080_k050_a030,clean_objective_stage2,0.8,0.5,0.3,7,0.7425827198,apac,one_start_only,apac,APAC,2025,110,242.4079848,50,49.99999979,2.085159462e-07,60.0000002,4.170318923e-09
eu-us-af-row-apac-ch/pf080_k050_a030,EU-pf080_k050_a030,eu-us-af-row-apac-ch,EU-first,pf080_k050_a030,clean_objective_stage2,0.8,0.5,0.3,7,0.7425827198,apac,one_start_only,row,ROW,2025,293,346.5246697,45,1.190354328e-07,44.99999988,3.081498934e-06,0.9999999974
eu-us-af-row-apac-ch/pf080_k050_a030,EU-pf080_k050_a030,eu-us-af-row-apac-ch,EU-first,pf080_k050_a030,clean_objective_stage2,0.8,0.5,0.3,7,0.7425827198,apac,one_start_only,ch,China,2030,528.1459309,107.7909238,350,349.9999999,8.596723156e-08,124.2947263,2.456206616e-10
eu-us-af-row-apac-ch/pf080_k050_a030,EU-pf080_k050_a030,eu-us-af-row-apac-ch,EU-first,pf080_k050_a030,clean_objective_stage2,0.8,0.5,0.3,7,0.7425827198,apac,one_start_only,af,Africa,2030,5.588826193,235.0478651,14,5.588826133,8.411173866,5.331531095e-08,0.6007981333
eu-us-af-row-apac-ch/pf080_k050_a030,EU-pf080_k050_a030,eu-us-af-row-apac-ch,EU-first,pf080_k050_a030,clean_objective_stage2,0.8,0.5,0.3,7,0.7425827198,apac,one_start_only,eu,EU,2030,24.87124989,190.9942148,90,8.499927932e-09,89.99999999,24.87124988,0.9999999999
eu-us-af-row-apac-ch/pf080_k050_a030,EU-pf080_k050_a030,eu-us-af-row-apac-ch,EU-first,pf080_k050_a030,clean_objective_stage2,0.8,0.5,0.3,7,0.7425827198,apac,one_start_only,us,US,2030,17.8001304,191.5874647,65,1.969600659e-08,64.99999998,17.80013033,0.9999999997
eu-us-af-row-apac-ch/pf080_k050_a030,EU-pf080_k050_a030,eu-us-af-row-apac-ch,EU-first,pf080_k050_a030,clean_objective_stage2,0.8,0.5,0.3,7,0.7425827198,apac,one_start_only,apac,APAC,2030,151.445067,129.7736911,85,67.19987103,17.80012897,84.24519589,0.209413282
eu-us-af-row-apac-ch/pf080_k050_a030,EU-pf080_k050_a030,eu-us-af-row-apac-ch,EU-first,pf080_k050_a030,clean_objective_stage2,0.8,0.5,0.3,7,0.7425827198,apac,one_start_only,row,ROW,2030,132.6336787,211.6609466,70,3.783700352e-08,69.99999996,3.630623887e-07,0.9999999995
eu-us-af-row-apac-ch/pf080_k050_a030,EU-pf080_k050_a030,eu-us-af-row-apac-ch,EU-first,pf080_k050_a030,clean_objective_stage2,0.8,0.5,0.3,7,0.7425827198,apac,one_start_only,ch,China,2035,418.3700615,95.90883305,333,332.9999997,2.647931804e-07,3.088653699e-07,7.951747159e-10
eu-us-af-row-apac-ch/pf080_k050_a030,EU-pf080_k050_a030,eu-us-af-row-apac-ch,EU-first,pf080_k050_a030,clean_objective_stage2,0.8,0.5,0.3,7,0.7425827198,apac,one_start_only,af,Africa,2035,7.897637341,257.2666028,19.99999999,5.804192271e-05,19.99994195,7.897579257,0.9999970979
eu-us-af-row-apac-ch/pf080_k050_a030,EU-pf080_k050_a030,eu-us-af-row-apac-ch,EU-first,pf080_k050_a030,clean_objective_stage2,0.8,0.5,0.3,7,0.7425827198,apac,one_start_only,eu,EU,2035,35.63371025,242.4267459,94.99999999,5.769347184e-07,94.99999941,35.6337096,0.9999999939
eu-us-af-row-apac-ch/pf080_k050_a030,EU-pf080_k050_a030,eu-us-af-row-apac-ch,EU-first,pf080_k050_a030,clean_objective_stage2,0.8,0.5,0.3,7,0.7425827198,apac,one_start_only,us,US,2035,36.82429007,236.2706041,69.99999998,1.444194214e-07,69.99999984,36.82428985,0.9999999979
eu-us-af-row-apac-ch/pf080_k050_a030,EU-pf080_k050_a030,eu-us-af-row-apac-ch,EU-first,pf080_k050_a030,clean_objective_stage2,0.8,0.5,0.3,7,0.7425827198,apac,one_start_only,apac,APAC,2035,196.6354302,172.3672198,103,102.9999996,3.945803793e-07,93.63543055,3.830877469e-09
eu-us-af-row-apac-ch/pf080_k050_a030,EU-pf080_k050_a030,eu-us-af-row-apac-ch,EU-first,pf080_k050_a030,clean_objective_stage2,0.8,0.5,0.3,7,0.7425827198,apac,one_start_only,row,ROW,2035,132.1468653,207.2850606,78.99999999,78.99999907,9.25065658e-07,11.00893323,1.170969187e-08
eu-us-af-row-apac-ch/pf080_k050_a030,EU-pf080_k050_a030,eu-us-af-row-apac-ch,EU-first,pf080_k050_a030,clean_objective_stage2,0.8,0.5,0.3,7,0.7425827198,apac,one_start_only,ch,China,2040,418.605121,86.65125721,316,315.9999999,6.324433575e-08,5.876908623e-08,2.00140303e-10
eu-us-af-row-apac-ch/pf080_k050_a030,EU-pf080_k050_a030,eu-us-af-row-apac-ch,EU-first,pf080_k050_a030,clean_objective_stage2,0.8,0.5,0.3,7,0.7425827198,apac,one_start_only,af,Africa,2040,10.20645717,207.9163577,28,2.357643822e-08,27.99999997,10.20645714,0.9999999992
eu-us-af-row-apac-ch/pf080_k050_a030,EU-pf080_k050_a030,eu-us-af-row-apac-ch,EU-first,pf080_k050_a030,clean_objective_stage2,0.8,0.5,0.3,7,0.7425827198,apac,one_start_only,eu,EU,2040,44.5468064,231.9928742,99,44.5468063,54.45319369,8.161080039e-08,0.5500322595
eu-us-af-row-apac-ch/pf080_k050_a030,EU-pf080_k050_a030,eu-us-af-row-apac-ch,EU-first,pf080_k050_a030,clean_objective_stage2,0.8,0.5,0.3,7,0.7425827198,apac,one_start_only,us,US,2040,45.26538868,214.6467259,75,2.066554467e-08,74.99999998,45.26538864,0.9999999997
eu-us-af-row-apac-ch/pf080_k050_a030,EU-pf080_k050_a030,eu-us-af-row-apac-ch,EU-first,pf080_k050_a030,clean_objective_stage2,0.8,0.5,0.3,7,0.7425827198,apac,one_start_only,apac,APAC,2040,239.7783707,152.4042982,126,125.9999999,5.871615775e-08,113.7783707,4.66001252e-10
eu-us-af-row-apac-ch/pf080_k050_a030,EU-pf080_k050_a030,eu-us-af-row-apac-ch,EU-first,pf080_k050_a030,clean_objective_stage2,0.8,0.5,0.3,7,0.7425827198,apac,one_start_only,row,ROW,2040,134.1710387,187.2499219,89,77.202977,11.797023,9.784326657e-08,0.1325508202
eu-us-af-row-apac-ch/pf080_k050_a040,EU-pf080_k050_a040,eu-us-af-row-apac-ch,EU-first,pf080_k050_a040,clean_objective_stage2,0.8,0.5,0.4,8,0.9802010152,us,one_start_only,ch,China,2025,931,163.3166,324,316.6000034,7.399996563,54.99999894,0.02283949557
eu-us-af-row-apac-ch/pf080_k050_a040,EU-pf080_k050_a040,eu-us-af-row-apac-ch,EU-first,pf080_k050_a040,clean_objective_stage2,0.8,0.5,0.4,8,0.9802010152,us,one_start_only,af,Africa,2025,3.4,319.6987225,9.999999996,3.662926716e-08,9.999999959,3.39999995,0.9999999963
eu-us-af-row-apac-ch/pf080_k050_a040,EU-pf080_k050_a040,eu-us-af-row-apac-ch,EU-first,pf080_k050_a040,clean_objective_stage2,0.8,0.5,0.4,8,0.9802010152,us,one_start_only,eu,EU,2025,22,355.9922832,74.99999999,3.3512577e-08,74.99999996,21.99999995,0.9999999996
eu-us-af-row-apac-ch/pf080_k050_a040,EU-pf080_k050_a040,eu-us-af-row-apac-ch,EU-first,pf080_k050_a040,clean_objective_stage2,0.8,0.5,0.4,8,0.9802010152,us,one_start_only,us,US,2025,42,293.9342815,44.99999999,1.997392811e-08,44.99999997,41.99999995,0.9999999996
eu-us-af-row-apac-ch/pf080_k050_a040,EU-pf080_k050_a040,eu-us-af-row-apac-ch,EU-first,pf080_k050_a040,clean_objective_stage2,0.8,0.5,0.4,8,0.9802010152,us,one_start_only,apac,APAC,2025,110,189.0615248,49.99999999,49.99999988,1.116652833e-07,59.99999551,2.233305666e-09
eu-us-af-row-apac-ch/pf080_k050_a040,EU-pf080_k050_a040,eu-us-af-row-apac-ch,EU-first,pf080_k050_a040,clean_objective_stage2,0.8,0.5,0.4,8,0.9802010152,us,one_start_only,row,ROW,2025,293,350.8302398,44.99999999,3.127760245e-07,44.99999968,1.946677237e-06,0.999999993
eu-us-af-row-apac-ch/pf080_k050_a040,EU-pf080_k050_a040,eu-us-af-row-apac-ch,EU-first,pf080_k050_a040,clean_objective_stage2,0.8,0.5,0.4,8,0.9802010152,us,one_start_only,ch,China,2030,396.8346908,107.7909239,350,349.9999999,1.248892025e-07,14.32148722,3.56826293e-10
eu-us-af-row-apac-ch/pf080_k050_a040,EU-pf080_k050_a040,eu-us-af-row-apac-ch,EU-first,pf080_k050_a040,clean_objective_stage2,0.8,0.5,0.4,8,0.9802010152,us,one_start_only,af,Africa,2030,5.812942582,358.1309745,14,5.812942408,8.187057588,1.610337244e-07,0.5847898279
eu-us-af-row-apac-ch/pf080_k050_a040,EU-pf080_k050_a040,eu-us-af-row-apac-ch,EU-first,pf080_k050_a040,clean_objective_stage2,0.8,0.5,0.4,8,0.9802010152,us,one_start_only,eu,EU,2030,34.45421567,262.9222279,90,3.03438739e-06,89.99999696,34.45421259,0.9999999663
eu-us-af-row-apac-ch/pf080_k050_a040,EU-pf080_k050_a040,eu-us-af-row-apac-ch,EU-first,pf080_k050_a040,clean_objective_stage2,0.8,0.5,0.4,8,0.9802010152,us,one_start_only,us,US,2030,64.86949911,375.9767604,64.99999998,64.86949899,0.130500994,1.030668258e-07,0.0020077076
eu-us-af-row-apac-ch/pf080_k050_a040,EU-pf080_k050_a040,eu-us-af-row-apac-ch,EU-first,pf080_k050_a040,clean_objective_stage2,0.8,0.5,0.4,8,0.9802010152,us,one_start_only,apac,APAC,2030,168.8655696,201.9104727,84.99999999,84.99999972,2.699895993e-07,83.86556983,3.176348228e-09
eu-us-af-row-apac-ch/pf080_k050_a040,EU-pf080_k050_a040,eu-us-af-row-apac-ch,EU-first,pf080_k050_a040,clean_objective_stage2,0.8,0.5,0.4,8,0.9802010152,us,one_start_only,row,ROW,2030,107.6331619,232.9648319,70,35.5457875,34.4542125,0.1304985306,0.4922030357
eu-us-af-row-apac-ch/pf080_k050_a040,EU-pf080_k050_a040,eu-us-af-row-apac-ch,EU-first,pf080_k050_a040,clean_objective_stage2,0.8,0.5,0.4,8,0.9802010152,us,one_start_only,ch,China,2035,381.7083155,95.90883308,333,332.9999997,3.148045784e-07,9.758081997e-07,9.453590943e-10
eu-us-af-row-apac-ch/pf080_k050_a040,EU-pf080_k050_a040,eu-us-af-row-apac-ch,EU-first,pf080_k050_a040,clean_objective_stage2,0.8,0.5,0.4,8,0.9802010152,us,one_start_only,af,Africa,2035,8.263950813,324.2149523,19.99999999,8.263950721,11.73604927,8.008232999e-08,0.5868024638
eu-us-af-row-apac-ch/pf080_k050_a040,EU-pf080_k050_a040,eu-us-af-row-apac-ch,EU-first,pf080_k050_a040,clean_objective_stage2,0.8,0.5,0.4,8,0.9802010152,us,one_start_only,eu,EU,2035,43.68422026,257.4643495,94.99999999,43.68422,51.31577999,2.025101383e-07,0.5401661052
eu-us-af-row-apac-ch/pf080_k050_a040,EU-pf080_k050_a040,eu-us-af-row-apac-ch,EU-first,pf080_k050_a040,clean_objective_stage2,0.8,0.5,0.4,8,0.9802010152,us,one_start_only,us,US,2035,75.88264979,236.3410167,69.99999998,69.99999978,2.006480766e-07,5.882649924,2.866401095e-09
eu-us-af-row-apac-ch/pf080_k050_a040,EU-pf080_k050_a040,eu-us-af-row-apac-ch,EU-first,pf080_k050_a040,clean_objective_stage2,0.8,0.5,0.4,8,0.9802010152,us,one_start_only,apac,APAC,2035,208.9322088,136.4243758,103,102.9999998,1.868788603e-07,105.9322088,1.814357867e-09
eu-us-af-row-apac-ch/pf080_k050_a040,EU-pf080_k050_a040,eu-us-af-row-apac-ch,EU-first,pf080_k050_a040,clean_objective_stage2,0.8,0.5,0.4,8,0.9802010152,us,one_start_only,row,ROW,2035,104.6495677,207.230444,78.99999999,24.38357083,54.61642917,5.853399137,0.6913472047
eu-us-af-row-apac-ch/pf080_k050_a040,EU-pf080_k050_a040,eu-us-af-row-apac-ch,EU-first,pf080_k050_a040,clean_objective_stage2,0.8,0.5,0.4,8,0.9802010152,us,one_start_only,ch,China,2040,381.5224999,86.65125741,316,315.9999994,5.949696901e-07,28.0000087,1.882815475e-09
eu-us-af-row-apac-ch/pf080_k050_a040,EU-pf080_k050_a040,eu-us-af-row-apac-ch,EU-first,pf080_k050_a040,clean_objective_stage2,0.8,0.5,0.4,8,0.9802010152,us,one_start_only,af,Africa,2040,10.7149619,239.7868441,27.99999999,2.874013196e-07,27.9999997,10.71496155,0.9999999897
eu-us-af-row-apac-ch/pf080_k050_a040,EU-pf080_k050_a040,eu-us-af-row-apac-ch,EU-first,pf080_k050_a040,clean_objective_stage2,0.8,0.5,0.4,8,0.9802010152,us,one_start_only,eu,EU,2040,48.28755312,239.8596318,98.99999999,1.593715097e-07,98.99999983,48.2875529,0.9999999984
eu-us-af-row-apac-ch/pf080_k050_a040,EU-pf080_k050_a040,eu-us-af-row-apac-ch,EU-first,pf080_k050_a040,clean_objective_stage2,0.8,0.5,0.4,8,0.9802010152,us,one_start_only,us,US,2040,77.81247538,251.9091827,74.99999997,2.706456244e-07,74.9999997,77.81247503,0.9999999964
eu-us-af-row-apac-ch/pf080_k050_a040,EU-pf080_k050_a040,eu-us-af-row-apac-ch,EU-first,pf080_k050_a040,clean_objective_stage2,0.8,0.5,0.4,8,0.9802010152,us,one_start_only,apac,APAC,2040,206.2908299,99.41154589,126,125.9999997,2.621573934e-07,21.53431752,2.080614234e-09
eu-us-af-row-apac-ch/pf080_k050_a040,EU-pf080_k050_a040,eu-us-af-row-apac-ch,EU-first,pf080_k050_a040,clean_objective_stage2,0.8,0.5,0.4,8,0.9802010152,us,one_start_only,row,ROW,2040,104.6506846,230.1689592,88.99999999,88.99999142,8.569467161e-06,15.65069296,9.628614789e-08
eu-us-af-row-apac-ch/pf100_k050_a030,EU-pf100_k050_a030,eu-us-af-row-apac-ch,EU-first,pf100_k050_a030,clean_objective_stage2,1,0.5,0.3,11,0.7338125163,apac,one_start_only,ch,China,2025,931,163.324,324,324,6.946808144e-09,10.00000001,2.144076588e-11
eu-us-af-row-apac-ch/pf100_k050_a030,EU-pf100_k050_a030,eu-us-af-row-apac-ch,EU-first,pf100_k050_a030,clean_objective_stage2,1,0.5,0.3,11,0.7338125163,apac,one_start_only,af,Africa,2025,3.4,357.2671875,10,5.06647499e-09,9.999999995,3.399999994,0.9999999995
eu-us-af-row-apac-ch/pf100_k050_a030,EU-pf100_k050_a030,eu-us-af-row-apac-ch,EU-first,pf100_k050_a030,clean_objective_stage2,1,0.5,0.3,11,0.7338125163,apac,one_start_only,eu,EU,2025,22,362.5351002,75,19.00000065,55.99999935,2.99999935,0.7466666581
eu-us-af-row-apac-ch/pf100_k050_a030,EU-pf100_k050_a030,eu-us-af-row-apac-ch,EU-first,pf100_k050_a030,clean_objective_stage2,1,0.5,0.3,11,0.7338125163,apac,one_start_only,us,US,2025,42,381.2799811,45,41.99999998,3.000000015,1.197880983e-08,0.066666667
eu-us-af-row-apac-ch/pf100_k050_a030,EU-pf100_k050_a030,eu-us-af-row-apac-ch,EU-first,pf100_k050_a030,clean_objective_stage2,1,0.5,0.3,11,0.7338125163,apac,one_start_only,apac,APAC,2025,110,243.3574981,50,49.99999999,1.100020746e-08,60.00000001,2.200041492e-10
eu-us-af-row-apac-ch/pf100_k050_a030,EU-pf100_k050_a030,eu-us-af-row-apac-ch,EU-first,pf100_k050_a030,clean_objective_stage2,1,0.5,0.3,11,0.7338125163,apac,one_start_only,row,ROW,2025,293,353.4176,45,37.59999928,7.400000722,7.282245237e-07,0.1644444605
eu-us-af-row-apac-ch/pf100_k050_a030,EU-pf100_k050_a030,eu-us-af-row-apac-ch,EU-first,pf100_k050_a030,clean_objective_stage2,1,0.5,0.3,11,0.7338125163,apac,one_start_only,ch,China,2030,373.2648656,107.7909238,350,350,1.902548867e-08,2.015094353e-08,5.435853907e-11
eu-us-af-row-apac-ch/pf100_k050_a030,EU-pf100_k050_a030,eu-us-af-row-apac-ch,EU-first,pf100_k050_a030,clean_objective_stage2,1,0.5,0.3,11,0.7338125163,apac,one_start_only,af,Africa,2030,5.825285103,271.2757502,14,1.995291876,12.00470812,3.829993224,0.8574791517
eu-us-af-row-apac-ch/pf100_k050_a030,EU-pf100_k050_a030,eu-us-af-row-apac-ch,EU-first,pf100_k050_a030,clean_objective_stage2,1,0.5,0.3,11,0.7338125163,apac,one_start_only,eu,EU,2030,32.61654283,234.0857147,90,32.61654277,57.38345723,4.135238732e-08,0.6375939692
eu-us-af-row-apac-ch/pf100_k050_a030,EU-pf100_k050_a030,eu-us-af-row-apac-ch,EU-first,pf100_k050_a030,clean_objective_stage2,1,0.5,0.3,11,0.7338125163,apac,one_start_only,us,US,2030,61.17000678,300.8554367,65,61.17000675,3.829993248,2.600048604e-08,0.05892297305
eu-us-af-row-apac-ch/pf100_k050_a030,EU-pf100_k050_a030,eu-us-af-row-apac-ch,EU-first,pf100_k050_a030,clean_objective_stage2,1,0.5,0.3,11,0.7338125163,apac,one_start_only,apac,APAC,2030,167.4542076,144.729913,85,84.99999998,1.496960149e-08,82.45420758,1.761129587e-10
eu-us-af-row-apac-ch/pf100_k050_a030,EU-pf100_k050_a030,eu-us-af-row-apac-ch,EU-first,pf100_k050_a030,clean_objective_stage2,1,0.5,0.3,11,0.7338125163,apac,one_start_only,row,ROW,2030,129.2748272,232.9742154,70,44.92924961,25.07075039,12.00470813,0.358153577
eu-us-af-row-apac-ch/pf100_k050_a030,EU-pf100_k050_a030,eu-us-af-row-apac-ch,EU-first,pf100_k050_a030,clean_objective_stage2,1,0.5,0.3,11,0.7338125163,apac,one_start_only,ch,China,2035,357.2155909,95.90883327,333,332.9999997,2.881783499e-07,4.031696495e-07,8.654004501e-10
eu-us-af-row-apac-ch/pf100_k050_a030,EU-pf100_k050_a030,eu-us-af-row-apac-ch,EU-first,pf100_k050_a030,clean_objective_stage2,1,0.5,0.3,11,0.7338125163,apac,one_start_only,af,Africa,2035,8.279382733,240.7516229,19.99999999,8.279382212,11.72061778,4.635720584e-07,0.5860308892
eu-us-af-row-apac-ch/pf100_k050_a030,EU-pf100_k050_a030,eu-us-af-row-apac-ch,EU-first,pf100_k050_a030,clean_objective_stage2,1,0.5,0.3,11,0.7338125163,apac,one_start_only,eu,EU,2035,43.52518041,234.6085183,94.99999999,43.52517798,51.47482201,2.323393004e-06,0.5418402318
eu-us-af-row-apac-ch/pf100_k050_a030,EU-pf100_k050_a030,eu-us-af-row-apac-ch,EU-first,pf100_k050_a030,clean_objective_stage2,1,0.5,0.3,11,0.7338125163,apac,one_start_only,us,US,2035,80.00746665,225.3741845,69.99999998,69.99999951,4.635152733e-07,10.0074669,6.621646764e-09
eu-us-af-row-apac-ch/pf100_k050_a030,EU-pf100_k050_a030,eu-us-af-row-apac-ch,EU-first,pf100_k050_a030,clean_objective_stage2,1,0.5,0.3,11,0.7338125163,apac,one_start_only,apac,APAC,2035,191.2865113,110.0152079,103,102.9999998,2.085175087e-07,7.151999433,2.024441833e-09
eu-us-af-row-apac-ch/pf100_k050_a030,EU-pf100_k050_a030,eu-us-af-row-apac-ch,EU-first,pf100_k050_a030,clean_objective_stage2,1,0.5,0.3,11,0.7338125163,apac,one_start_only,row,ROW,2035,125.0359722,212.6873611,78.99999999,78.99999911,8.772091373e-07,46.0359721,1.110391313e-08
eu-us-af-row-apac-ch/pf100_k050_a030,EU-pf100_k050_a030,eu-us-af-row-apac-ch,EU-first,pf100_k050_a030,clean_objective_stage2,1,0.5,0.3,11,0.7338125163,apac,one_start_only,ch,China,2040,356.7638493,86.65125739,316,315.9999997,3.132262894e-07,3.026189829e-06,9.912224349e-10
eu-us-af-row-apac-ch/pf100_k050_a030,EU-pf100_k050_a030,eu-us-af-row-apac-ch,EU-first,pf100_k050_a030,clean_objective_stage2,1,0.5,0.3,11,0.7338125163,apac,one_start_only,af,Africa,2040,10.73348491,268.5258157,27.99999999,5.238553375,22.76144661,5.494931505,0.812908808
eu-us-af-row-apac-ch/pf100_k050_a030,EU-pf100_k050_a030,eu-us-af-row-apac-ch,EU-first,pf100_k050_a030,clean_objective_stage2,1,0.5,0.3,11,0.7338125163,apac,one_start_only,eu,EU,2040,54.76342644,274.7276652,98.99999999,54.76342582,44.23657417,5.361622009e-07,0.4468340826
eu-us-af-row-apac-ch/pf100_k050_a030,EU-pf100_k050_a030,eu-us-af-row-apac-ch,EU-first,pf100_k050_a030,clean_objective_stage2,1,0.5,0.3,11,0.7338125163,apac,one_start_only,us,US,2040,87.62201992,217.8700746,74.99999997,74.99999941,5.660548131e-07,12.62202035,7.547397511e-09
eu-us-af-row-apac-ch/pf100_k050_a030,EU-pf100_k050_a030,eu-us-af-row-apac-ch,EU-first,pf100_k050_a030,clean_objective_stage2,1,0.5,0.3,11,0.7338125163,apac,one_start_only,apac,APAC,2040,209.8012902,99.41154582,126,125.9999997,2.866927553e-07,10.13942525,2.275339328e-09
eu-us-af-row-apac-ch/pf100_k050_a030,EU-pf100_k050_a030,eu-us-af-row-apac-ch,EU-first,pf100_k050_a030,clean_objective_stage2,1,0.5,0.3,11,0.7338125163,apac,one_start_only,row,ROW,2040,127.7416414,255.5752452,88.99999999,88.99999786,2.127158573e-06,38.74164341,2.390065813e-08
eu-us-af-row-apac-ch/pf100_k050_a040,EU-pf100_k050_a040,eu-us-af-row-apac-ch,EU-first,pf100_k050_a040,clean_objective_stage2,1,0.5,0.4,6,0.8074026701,apac,one_start_only,ch,China,2025,931,163.324,324,323.9999998,1.847323991e-07,89.59999655,5.701617257e-10
eu-us-af-row-apac-ch/pf100_k050_a040,EU-pf100_k050_a040,eu-us-af-row-apac-ch,EU-first,pf100_k050_a040,clean_objective_stage2,1,0.5,0.4,6,0.8074026701,apac,one_start_only,af,Africa,2025,3.4,320.9118482,9.999999992,3.399998743,6.60000125,1.218573521e-06,0.6600001255
eu-us-af-row-apac-ch/pf100_k050_a040,EU-pf100_k050_a040,eu-us-af-row-apac-ch,EU-first,pf100_k050_a040,clean_objective_stage2,1,0.5,0.4,6,0.8074026701,apac,one_start_only,eu,EU,2025,22,318.3266496,74.99999999,21.59999835,53.40000165,0.4000013637,0.712000022
eu-us-af-row-apac-ch/pf100_k050_a040,EU-pf100_k050_a040,eu-us-af-row-apac-ch,EU-first,pf100_k050_a040,clean_objective_stage2,1,0.5,0.4,6,0.8074026701,apac,one_start_only,us,US,2025,42,316.9860186,44.99999998,1.551128281e-06,44.99999842,1.75885953e-06,0.9999999655
eu-us-af-row-apac-ch/pf100_k050_a040,EU-pf100_k050_a040,eu-us-af-row-apac-ch,EU-first,pf100_k050_a040,clean_objective_stage2,1,0.5,0.4,6,0.8074026701,apac,one_start_only,apac,APAC,2025,110,284.004173,49.99999998,49.99999932,6.550842405e-07,60.0000006,1.310168482e-08
eu-us-af-row-apac-ch/pf100_k050_a040,EU-pf100_k050_a040,eu-us-af-row-apac-ch,EU-first,pf100_k050_a040,clean_objective_stage2,1,0.5,0.4,6,0.8074026701,apac,one_start_only,row,ROW,2025,293,326.727772,44.99999999,2.082339694e-07,44.99999978,4.499488587e-07,0.9999999954
eu-us-af-row-apac-ch/pf100_k050_a040,EU-pf100_k050_a040,eu-us-af-row-apac-ch,EU-first,pf100_k050_a040,clean_objective_stage2,1,0.5,0.4,6,0.8074026701,apac,one_start_only,ch,China,2030,380.9782442,107.7909238,350,350,2.081292389e-08,1.684484531e-07,5.946549682e-11
eu-us-af-row-apac-ch/pf100_k050_a040,EU-pf100_k050_a040,eu-us-af-row-apac-ch,EU-first,pf100_k050_a040,clean_objective_stage2,1,0.5,0.4,6,0.8074026701,apac,one_start_only,af,Africa,2030,5.659457333,288.3107729,14,2.214243148e-08,13.99999998,5.659457307,0.9999999984
eu-us-af-row-apac-ch/pf100_k050_a040,EU-pf100_k050_a040,eu-us-af-row-apac-ch,EU-first,pf100_k050_a040,clean_objective_stage2,1,0.5,0.4,6,0.8074026701,apac,one_start_only,eu,EU,2030,33.11608612,309.1437696,90,33.11608562,56.88391438,5.005692754e-07,0.6320434932
eu-us-af-row-apac-ch/pf100_k050_a040,EU-pf100_k050_a040,eu-us-af-row-apac-ch,EU-first,pf100_k050_a040,clean_objective_stage2,1,0.5,0.4,6,0.8074026701,apac,one_start_only,us,US,2030,64.29210756,323.8916618,65,64.2921075,0.7078924929,5.100735356e-08,0.01089065374
eu-us-af-row-apac-ch/pf100_k050_a040,EU-pf100_k050_a040,eu-us-af-row-apac-ch,EU-first,pf100_k050_a040,clean_objective_stage2,1,0.5,0.4,6,0.8074026701,apac,one_start_only,apac,APAC,2030,151.788833,237.1706058,85,84.99999996,3.773898599e-08,66.78883305,4.439880705e-10
eu-us-af-row-apac-ch/pf100_k050_a040,EU-pf100_k050_a040,eu-us-af-row-apac-ch,EU-first,pf100_k050_a040,clean_objective_stage2,1,0.5,0.4,6,0.8074026701,apac,one_start_only,row,ROW,2030,101.1645891,232.9977218,70,68.43562362,1.564376383,0.7078922162,0.02234823404
eu-us-af-row-apac-ch/pf100_k050_a040,EU-pf100_k050_a040,eu-us-af-row-apac-ch,EU-first,pf100_k050_a040,clean_objective_stage2,1,0.5,0.4,6,0.8074026701,apac,one_start_only,ch,China,2035,375.9027921,95.90883303,333,333,3.353656843e-08,6.878930179e-08,1.007104157e-10
eu-us-af-row-apac-ch/pf100_k050_a040,EU-pf100_k050_a040,eu-us-af-row-apac-ch,EU-first,pf100_k050_a040,clean_objective_stage2,1,0.5,0.4,6,0.8074026701,apac,one_start_only,af,Africa,2035,8.022956993,290.7125562,20,8.022956945,11.97704305,4.470325529e-08,0.5988521527
eu-us-af-row-apac-ch/pf100_k050_a040,EU-pf100_k050_a040,eu-us-af-row-apac-ch,EU-first,pf100_k050_a040,clean_objective_stage2,1,0.5,0.4,6,0.8074026701,apac,one_start_only,eu,EU,2035,45.42701085,241.9443631,95,45.42701074,49.57298926,9.392443164e-08,0.5218209396
eu-us-af-row-apac-ch/pf100_k050_a040,EU-pf100_k050_a040,eu-us-af-row-apac-ch,EU-first,pf100_k050_a040,clean_objective_stage2,1,0.5,0.4,6,0.8074026701,apac,one_start_only,us,US,2035,81.64828398,180.3337357,70,1.426945423e-07,69.99999985,15.49020466,0.999999998
eu-us-af-row-apac-ch/pf100_k050_a040,EU-pf100_k050_a040,eu-us-af-row-apac-ch,EU-first,pf100_k050_a040,clean_objective_stage2,1,0.5,0.4,6,0.8074026701,apac,one_start_only,apac,APAC,2035,207.0827846,119.0431516,103,103,3.992369162e-08,104.0827845,3.876086565e-10
eu-us-af-row-apac-ch/pf100_k050_a040,EU-pf100_k050_a040,eu-us-af-row-apac-ch,EU-first,pf100_k050_a040,clean_objective_stage2,1,0.5,0.4,6,0.8074026701,apac,one_start_only,row,ROW,2035,96.2739283,207.2850608,79,78.99999993,6.941692937e-08,11.97704294,8.786953085e-10
eu-us-af-row-apac-ch/pf100_k050_a040,EU-pf100_k050_a040,eu-us-af-row-apac-ch,EU-first,pf100_k050_a040,clean_objective_stage2,1,0.5,0.4,6,0.8074026701,apac,one_start_only,ch,China,2040,375.8746875,86.6512573,316,315.9999999,1.204667306e-07,27.99999951,3.81223831e-10
eu-us-af-row-apac-ch/pf100_k050_a040,EU-pf100_k050_a040,eu-us-af-row-apac-ch,EU-first,pf100_k050_a040,clean_objective_stage2,1,0.5,0.4,6,0.8074026701,apac,one_start_only,af,Africa,2040,10.38600547,197.4237128,28,1.897543991e-08,27.99999998,10.38600543,0.9999999993
eu-us-af-row-apac-ch/pf100_k050_a040,EU-pf100_k050_a040,eu-us-af-row-apac-ch,EU-first,pf100_k050_a040,clean_objective_stage2,1,0.5,0.4,6,0.8074026701,apac,one_start_only,eu,EU,2040,57.0461656,262.9028812,99,57.04616542,41.95383458,1.488771382e-07,0.4237761068
eu-us-af-row-apac-ch/pf100_k050_a040,EU-pf100_k050_a040,eu-us-af-row-apac-ch,EU-first,pf100_k050_a040,clean_objective_stage2,1,0.5,0.4,6,0.8074026701,apac,one_start_only,us,US,2040,99.20352324,223.589366,74.99999999,74.99999909,8.983129756e-07,24.20352409,1.197750634e-08
eu-us-af-row-apac-ch/pf100_k050_a040,EU-pf100_k050_a040,eu-us-af-row-apac-ch,EU-first,pf100_k050_a040,clean_objective_stage2,1,0.5,0.4,6,0.8074026701,apac,one_start_only,apac,APAC,2040,213.2857779,123.4182629,126,125.9999998,2.376799083e-07,87.28577801,1.886348479e-09
eu-us-af-row-apac-ch/pf100_k050_a040,EU-pf100_k050_a040,eu-us-af-row-apac-ch,EU-first,pf100_k050_a040,clean_objective_stage2,1,0.5,0.4,6,0.8074026701,apac,one_start_only,row,ROW,2040,96.27082149,187.1744323,89,1.714221952,87.28577804,7.364306655,0.9807390792
eu-us-af-row-apac-ch/pf100_k100_a030,EU-pf100_k100_a030,eu-us-af-row-apac-ch,EU-first,pf100_k100_a030,clean_objective_stage2,1,1,0.3,10,0.7834637819,apac,one_start_only,ch,China,2025,931,163.324,324,324,3.329675062e-08,47.5999982,1.027677488e-10
eu-us-af-row-apac-ch/pf100_k100_a030,EU-pf100_k100_a030,eu-us-af-row-apac-ch,EU-first,pf100_k100_a030,clean_objective_stage2,1,1,0.3,10,0.7834637819,apac,one_start_only,af,Africa,2025,3.4,357.5246344,9.999999998,3.399999519,6.60000048,4.749745601e-07,0.6600000481
eu-us-af-row-apac-ch/pf100_k100_a030,EU-pf100_k100_a030,eu-us-af-row-apac-ch,EU-first,pf100_k100_a030,clean_objective_stage2,1,1,0.3,10,0.7834637819,apac,one_start_only,eu,EU,2025,22,359.0538145,75,21.9999998,53.0000002,1.783105438e-07,0.7066666693
eu-us-af-row-apac-ch/pf100_k100_a030,EU-pf100_k100_a030,eu-us-af-row-apac-ch,EU-first,pf100_k100_a030,clean_objective_stage2,1,1,0.3,10,0.7834637819,apac,one_start_only,us,US,2025,42,346.1611783,44.99999999,2.64690381e-07,44.99999973,41.99999969,0.9999999941
eu-us-af-row-apac-ch/pf100_k100_a030,EU-pf100_k100_a030,eu-us-af-row-apac-ch,EU-first,pf100_k100_a030,clean_objective_stage2,1,1,0.3,10,0.7834637819,apac,one_start_only,apac,APAC,2025,110,312.8590187,49.99999999,49.99999991,8.521036197e-08,60.00000008,1.70420724e-09
eu-us-af-row-apac-ch/pf100_k100_a030,EU-pf100_k100_a030,eu-us-af-row-apac-ch,EU-first,pf100_k100_a030,clean_objective_stage2,1,1,0.3,10,0.7834637819,apac,one_start_only,row,ROW,2025,293,352.8181157,45,1.121255738e-06,44.99999888,7.82738331e-07,0.9999999751
eu-us-af-row-apac-ch/pf100_k100_a030,EU-pf100_k100_a030,eu-us-af-row-apac-ch,EU-first,pf100_k100_a030,clean_objective_stage2,1,1,0.3,10,0.7834637819,apac,one_start_only,ch,China,2030,375.9478212,107.7909238,350,350,1.249645763e-08,1.10055485e-08,3.570416467e-11
eu-us-af-row-apac-ch/pf100_k100_a030,EU-pf100_k100_a030,eu-us-af-row-apac-ch,EU-first,pf100_k100_a030,clean_objective_stage2,1,1,0.3,10,0.7834637819,apac,one_start_only,af,Africa,2030,5.828609285,347.5110778,14,5.82860924,8.171390759,4.238413228e-08,0.5836707686
eu-us-af-row-apac-ch/pf100_k100_a030,EU-pf100_k100_a030,eu-us-af-row-apac-ch,EU-first,pf100_k100_a030,clean_objective_stage2,1,1,0.3,10,0.7834637819,apac,one_start_only,eu,EU,2030,33.31218001,337.7289343,90,25.14078931,64.85921069,8.171390701,0.7206578965
eu-us-af-row-apac-ch/pf100_k100_a030,EU-pf100_k100_a030,eu-us-af-row-apac-ch,EU-first,pf100_k100_a030,clean_objective_stage2,1,1,0.3,10,0.7834637819,apac,one_start_only,us,US,2030,62.89001979,338.0925994,65,62.89001975,2.109980251,3.566476574e-08,0.03246123463
eu-us-af-row-apac-ch/pf100_k100_a030,EU-pf100_k100_a030,eu-us-af-row-apac-ch,EU-first,pf100_k100_a030,clean_objective_stage2,1,1,0.3,10,0.7834637819,apac,one_start_only,apac,APAC,2030,168.5540806,227.5096047,85,84.99999999,1.349906352e-08,83.55408063,1.58812512e-10
eu-us-af-row-apac-ch/pf100_k100_a030,EU-pf100_k100_a030,eu-us-af-row-apac-ch,EU-first,pf100_k100_a030,clean_objective_stage2,1,1,0.3,10,0.7834637819,apac,one_start_only,row,ROW,2030,100.8255659,232.9827013,70,53.41511022,16.58488978,8.273441602e-08,0.2369269968
eu-us-af-row-apac-ch/pf100_k100_a030,EU-pf100_k100_a030,eu-us-af-row-apac-ch,EU-first,pf100_k100_a030,clean_objective_stage2,1,1,0.3,10,0.7834637819,apac,one_start_only,ch,China,2035,367.9121135,95.90883309,333,332.9999998,1.712757812e-07,5.351135512e-07,5.143416853e-10
eu-us-af-row-apac-ch/pf100_k100_a030,EU-pf100_k100_a030,eu-us-af-row-apac-ch,EU-first,pf100_k100_a030,clean_objective_stage2,1,1,0.3,10,0.7834637819,apac,one_start_only,af,Africa,2035,8.298309971,276.9539298,20,8.298309748,11.70169025,2.03091831e-07,0.5850845125
eu-us-af-row-apac-ch/pf100_k100_a030,EU-pf100_k100_a030,eu-us-af-row-apac-ch,EU-first,pf100_k100_a030,clean_objective_stage2,1,1,0.3,10,0.7834637819,apac,one_start_only,eu,EU,2035,44.85107557,253.1100662,95,44.85107532,50.14892468,2.165292123e-07,0.5278834177
eu-us-af-row-apac-ch/pf100_k100_a030,EU-pf100_k100_a030,eu-us-af-row-apac-ch,EU-first,pf100_k100_a030,clean_objective_stage2,1,1,0.3,10,0.7834637819,apac,one_start_only,us,US,2035,69.15179316,231.2427007,69.99999999,69.15179283,0.8482071602,2.738456448e-07,0.01211724515
eu-us-af-row-apac-ch/pf100_k100_a030,EU-pf100_k100_a030,eu-us-af-row-apac-ch,EU-first,pf100_k100_a030,clean_objective_stage2,1,1,0.3,10,0.7834637819,apac,one_start_only,apac,APAC,2035,211.5686143,110.015208,103,102.9999999,1.064054648e-07,50.14892471,1.033062765e-09
eu-us-af-row-apac-ch/pf100_k100_a030,EU-pf100_k100_a030,eu-us-af-row-apac-ch,EU-first,pf100_k100_a030,clean_objective_stage2,1,1,0.3,10,0.7834637819,apac,one_start_only,row,ROW,2035,93.87728428,207.2850632,79,78.99999977,2.256832033e-07,12.54989665,2.856749409e-09
eu-us-af-row-apac-ch/pf100_k100_a030,EU-pf100_k100_a030,eu-us-af-row-apac-ch,EU-first,pf100_k100_a030,clean_objective_stage2,1,1,0.3,10,0.7834637819,apac,one_start_only,ch,China,2040,365.8735393,86.65125722,316,315.9999999,4.905859148e-08,17.23195605,1.552487072e-10
eu-us-af-row-apac-ch/pf100_k100_a030,EU-pf100_k100_a030,eu-us-af-row-apac-ch,EU-first,pf100_k100_a030,clean_objective_stage2,1,1,0.3,10,0.7834637819,apac,one_start_only,af,Africa,2040,10.76804304,189.2558587,28,10.76804295,17.23195705,7.717337214e-08,0.6154270375
eu-us-af-row-apac-ch/pf100_k100_a030,EU-pf100_k100_a030,eu-us-af-row-apac-ch,EU-first,pf100_k100_a030,clean_objective_stage2,1,1,0.3,10,0.7834637819,apac,one_start_only,eu,EU,2040,44.84906482,180.6561802,99,39.00957318,59.99042682,5.839491614,0.6059639073
eu-us-af-row-apac-ch/pf100_k100_a030,EU-pf100_k100_a030,eu-us-af-row-apac-ch,EU-first,pf100_k100_a030,clean_objective_stage2,1,1,0.3,10,0.7834637819,apac,one_start_only,us,US,2040,69.1605092,199.3898713,75,69.16050909,5.839490908,8.872390729e-08,0.07785987878
eu-us-af-row-apac-ch/pf100_k100_a030,EU-pf100_k100_a030,eu-us-af-row-apac-ch,EU-first,pf100_k100_a030,clean_objective_stage2,1,1,0.3,10,0.7834637819,apac,one_start_only,apac,APAC,2040,267.3240542,116.6437394,126,126,4.685918137e-08,141.3240542,3.718982649e-10
eu-us-af-row-apac-ch/pf100_k100_a030,EU-pf100_k100_a030,eu-us-af-row-apac-ch,EU-first,pf100_k100_a030,clean_objective_stage2,1,1,0.3,10,0.7834637819,apac,one_start_only,row,ROW,2040,94.01194831,187.1803853,89,7.666372187,81.33362781,6.316072666e-07,0.9138609867
eu-us-af-row-apac-ch/pf100_k100_a040,EU-pf100_k100_a040,eu-us-af-row-apac-ch,EU-first,pf100_k100_a040,clean_objective_stage2,1,1,0.4,11,0.4543591126,row,one_start_only,ch,China,2025,931,163.324,324,323.9999999,5.529068326e-08,47.59999861,1.70650257e-10
eu-us-af-row-apac-ch/pf100_k100_a040,EU-pf100_k100_a040,eu-us-af-row-apac-ch,EU-first,pf100_k100_a040,clean_objective_stage2,1,1,0.4,11,0.4543591126,row,one_start_only,af,Africa,2025,3.4,361.5095837,9.999999997,3.399999505,6.600000492,4.852979966e-07,0.6600000494
eu-us-af-row-apac-ch/pf100_k100_a040,EU-pf100_k100_a040,eu-us-af-row-apac-ch,EU-first,pf100_k100_a040,clean_objective_stage2,1,1,0.4,11,0.4543591126,row,one_start_only,eu,EU,2025,22,338.2625748,75,1.473570623e-06,74.99999852,21.99999849,0.9999999804
eu-us-af-row-apac-ch/pf100_k100_a040,EU-pf100_k100_a040,eu-us-af-row-apac-ch,EU-first,pf100_k100_a040,clean_objective_stage2,1,1,0.4,11,0.4543591126,row,one_start_only,us,US,2025,42,361.7980321,44.99999999,41.99999963,3.00000036,3.119925038e-07,0.06666667469
eu-us-af-row-apac-ch/pf100_k100_a040,EU-pf100_k100_a040,eu-us-af-row-apac-ch,EU-first,pf100_k100_a040,clean_objective_stage2,1,1,0.4,11,0.4543591126,row,one_start_only,apac,APAC,2025,110,347.9967741,49.99999999,35.00000087,14.99999912,74.99999911,0.2999999824
eu-us-af-row-apac-ch/pf100_k100_a040,EU-pf100_k100_a040,eu-us-af-row-apac-ch,EU-first,pf100_k100_a040,clean_objective_stage2,1,1,0.4,11,0.4543591126,row,one_start_only,row,ROW,2025,293,348.7566464,45,5.315348239e-07,44.99999946,1.009143505e-06,0.9999999882
eu-us-af-row-apac-ch/pf100_k100_a040,EU-pf100_k100_a040,eu-us-af-row-apac-ch,EU-first,pf100_k100_a040,clean_objective_stage2,1,1,0.4,11,0.4543591126,row,one_start_only,ch,China,2030,377.7094229,107.7909254,350,349.9999997,2.683846428e-07,13.9999963,7.668132653e-10
eu-us-af-row-apac-ch/pf100_k100_a040,EU-pf100_k100_a040,eu-us-af-row-apac-ch,EU-first,pf100_k100_a040,clean_objective_stage2,1,1,0.4,11,0.4543591126,row,one_start_only,af,Africa,2030,5.885737129,311.1914245,13.99999999,1.910303929e-06,13.99999808,5.885735168,0.9999998635
eu-us-af-row-apac-ch/pf100_k100_a040,EU-pf100_k100_a040,eu-us-af-row-apac-ch,EU-first,pf100_k100_a040,clean_objective_stage2,1,1,0.4,11,0.4543591126,row,one_start_only,eu,EU,2030,35.13625597,322.2861858,89.99999999,35.1362552,54.86374479,7.07336468e-07,0.6095971644
eu-us-af-row-apac-ch/pf100_k100_a040,EU-pf100_k100_a040,eu-us-af-row-apac-ch,EU-first,pf100_k100_a040,clean_objective_stage2,1,1,0.4,11,0.4543591126,row,one_start_only,us,US,2030,68.18779123,301.0331197,64.99999997,64.99999923,7.358546008e-07,3.187791912,1.132084002e-08
eu-us-af-row-apac-ch/pf100_k100_a040,EU-pf100_k100_a040,eu-us-af-row-apac-ch,EU-first,pf100_k100_a040,clean_objective_stage2,1,1,0.4,11,0.4543591126,row,one_start_only,apac,APAC,2030,171.2786514,192.6758051,84.99999997,84.99999968,2.907636897e-07,86.2786516,3.420749292e-09
eu-us-af-row-apac-ch/pf100_k100_a040,EU-pf100_k100_a040,eu-us-af-row-apac-ch,EU-first,pf100_k100_a040,clean_objective_stage2,1,1,0.4,11,0.4543591126,row,one_start_only,row,ROW,2030,99.02313012,232.9587974,69.99999999,29.51156541,40.48843458,3.040489747e-06,0.5784062083
eu-us-af-row-apac-ch/pf100_k100_a040,EU-pf100_k100_a040,eu-us-af-row-apac-ch,EU-first,pf100_k100_a040,clean_objective_stage2,1,1,0.4,11,0.4543591126,row,one_start_only,ch,China,2035,371.4344482,95.90883301,333,333,4.311413689e-08,3.138056135e-08,1.294718825e-10
eu-us-af-row-apac-ch/pf100_k100_a040,EU-pf100_k100_a040,eu-us-af-row-apac-ch,EU-first,pf100_k100_a040,clean_objective_stage2,1,1,0.4,11,0.4543591126,row,one_start_only,af,Africa,2035,8.379683669,254.6031663,20,8.379683591,11.62031641,7.544347633e-08,0.5810158204
eu-us-af-row-apac-ch/pf100_k100_a040,EU-pf100_k100_a040,eu-us-af-row-apac-ch,EU-first,pf100_k100_a040,clean_objective_stage2,1,1,0.4,11,0.4543591126,row,one_start_only,eu,EU,2035,48.40553362,258.4563296,95,48.40553355,46.59446645,6.797204953e-08,0.4904680679
eu-us-af-row-apac-ch/pf100_k100_a040,EU-pf100_k100_a040,eu-us-af-row-apac-ch,EU-first,pf100_k100_a040,clean_objective_stage2,1,1,0.4,11,0.4543591126,row,one_start_only,us,US,2035,91.97791964,206.9990787,70,69.99999994,6.028602139e-08,21.97791965,8.61228877e-10
eu-us-af-row-apac-ch/pf100_k100_a040,EU-pf100_k100_a040,eu-us-af-row-apac-ch,EU-first,pf100_k100_a040,clean_objective_stage2,1,1,0.4,11,0.4543591126,row,one_start_only,apac,APAC,2035,219.6676361,110.0152084,103,103,1.840476677e-08,115.2368631,1.786870561e-10
eu-us-af-row-apac-ch/pf100_k100_a040,EU-pf100_k100_a040,eu-us-af-row-apac-ch,EU-first,pf100_k100_a040,clean_objective_stage2,1,1,0.4,11,0.4543591126,row,one_start_only,row,ROW,2035,89.38266983,175.872701,79,1.832865379e-08,78.99999998,4.250773024e-08,0.9999999998
eu-us-af-row-apac-ch/pf100_k100_a040,EU-pf100_k100_a040,eu-us-af-row-apac-ch,EU-first,pf100_k100_a040,clean_objective_stage2,1,1,0.4,11,0.4543591126,row,one_start_only,ch,China,2040,370.6102912,86.6512573,316,315.9999999,7.634785873e-08,28.95738888,2.416071479e-10
eu-us-af-row-apac-ch/pf100_k100_a040,EU-pf100_k100_a040,eu-us-af-row-apac-ch,EU-first,pf100_k100_a040,clean_objective_stage2,1,1,0.4,11,0.4543591126,row,one_start_only,af,Africa,2040,10.87363672,248.6250537,28,7.297412787e-08,27.99999992,10.87363663,0.9999999974
eu-us-af-row-apac-ch/pf100_k100_a040,EU-pf100_k100_a040,eu-us-af-row-apac-ch,EU-first,pf100_k100_a040,clean_objective_stage2,1,1,0.4,11,0.4543591126,row,one_start_only,eu,EU,2040,58.92197987,291.4541994,99,58.92197968,40.07802032,1.669377939e-07,0.4048284881
eu-us-af-row-apac-ch/pf100_k100_a040,EU-pf100_k100_a040,eu-us-af-row-apac-ch,EU-first,pf100_k100_a040,clean_objective_stage2,1,1,0.4,11,0.4543591126,row,one_start_only,us,US,2040,102.9086844,250.3385329,74.99999999,74.04261111,0.9573888824,28.86607328,0.0127651851
eu-us-af-row-apac-ch/pf100_k100_a040,EU-pf100_k100_a040,eu-us-af-row-apac-ch,EU-first,pf100_k100_a040,clean_objective_stage2,1,1,0.4,11,0.4543591126,row,one_start_only,apac,APAC,2040,225.2181394,99.41154578,126,125.9999998,1.732333228e-07,2.260451764e-06,1.374867641e-09
eu-us-af-row-apac-ch/pf100_k100_a040,EU-pf100_k100_a040,eu-us-af-row-apac-ch,EU-first,pf100_k100_a040,clean_objective_stage2,1,1,0.4,11,0.4543591126,row,one_start_only,row,ROW,2040,89.33830819,261.5775777,89,88.99999962,3.778645648e-07,0.338308531,4.245669268e-09
eu-us-af-row-apac-ch/pf120_k050_a030,EU-pf120_k050_a030,eu-us-af-row-apac-ch,EU-first,pf120_k050_a030,clean_objective_stage2,1.2,0.5,0.3,9,0.4966557727,apac,one_start_only,ch,China,2025,931,163.324,324,324,5.568549529e-09,82.99998359,1.718688126e-11
eu-us-af-row-apac-ch/pf120_k050_a030,EU-pf120_k050_a030,eu-us-af-row-apac-ch,EU-first,pf120_k050_a030,clean_objective_stage2,1.2,0.5,0.3,9,0.4966557727,apac,one_start_only,af,Africa,2025,3.4,446.1124023,10,3.399999997,6.600000003,2.868685255e-09,0.6600000003
eu-us-af-row-apac-ch/pf120_k050_a030,EU-pf120_k050_a030,eu-us-af-row-apac-ch,EU-first,pf120_k050_a030,clean_objective_stage2,1.2,0.5,0.3,9,0.4966557727,apac,one_start_only,eu,EU,2025,22,349.8737234,75,21.99999999,53.00000001,1.069735153e-08,0.7066666669
eu-us-af-row-apac-ch/pf120_k050_a030,EU-pf120_k050_a030,eu-us-af-row-apac-ch,EU-first,pf120_k050_a030,clean_objective_stage2,1.2,0.5,0.3,9,0.4966557727,apac,one_start_only,us,US,2025,42,321.1478195,45,1.609784398e-05,44.9999839,4.600490535e-08,0.9999996423
eu-us-af-row-apac-ch/pf120_k050_a030,EU-pf120_k050_a030,eu-us-af-row-apac-ch,EU-first,pf120_k050_a030,clean_objective_stage2,1.2,0.5,0.3,9,0.4966557727,apac,one_start_only,apac,APAC,2025,110,294.1991591,50,49.99999998,1.833753197e-08,60.00000002,3.667506393e-10
eu-us-af-row-apac-ch/pf120_k050_a030,EU-pf120_k050_a030,eu-us-af-row-apac-ch,EU-first,pf120_k050_a030,clean_objective_stage2,1.2,0.5,0.3,9,0.4966557727,apac,one_start_only,row,ROW,2025,293,352.3452603,45,4.10632327e-07,44.99999959,6.599999865,0.9999999909
eu-us-af-row-apac-ch/pf120_k050_a030,EU-pf120_k050_a030,eu-us-af-row-apac-ch,EU-first,pf120_k050_a030,clean_objective_stage2,1.2,0.5,0.3,9,0.4966557727,apac,one_start_only,ch,China,2030,412.6153829,107.7909238,350,350,1.144481131e-08,2.46737212e-08,3.269946089e-11
eu-us-af-row-apac-ch/pf120_k050_a030,EU-pf120_k050_a030,eu-us-af-row-apac-ch,EU-first,pf120_k050_a030,clean_objective_stage2,1.2,0.5,0.3,9,0.4966557727,apac,one_start_only,af,Africa,2030,5.827939879,283.4940944,14,5.82793986,8.17206014,1.67455849e-08,0.5837185814
eu-us-af-row-apac-ch/pf120_k050_a030,EU-pf120_k050_a030,eu-us-af-row-apac-ch,EU-first,pf120_k050_a030,clean_objective_stage2,1.2,0.5,0.3,9,0.4966557727,apac,one_start_only,eu,EU,2030,32.95594457,197.2798728,90,30.20052841,59.79947159,1.932041471,0.6644385733
eu-us-af-row-apac-ch/pf120_k050_a030,EU-pf120_k050_a030,eu-us-af-row-apac-ch,EU-first,pf120_k050_a030,clean_objective_stage2,1.2,0.5,0.3,9,0.4966557727,apac,one_start_only,us,US,2030,56.658451,242.5190635,65,56.65845097,8.341549029,2.397635431e-08,0.1283315235
eu-us-af-row-apac-ch/pf120_k050_a030,EU-pf120_k050_a030,eu-us-af-row-apac-ch,EU-first,pf120_k050_a030,clean_objective_stage2,1.2,0.5,0.3,9,0.4966557727,apac,one_start_only,apac,APAC,2030,161.3130807,153.5241037,85,84.99999998,1.496621831e-08,76.31308073,1.760731566e-10
eu-us-af-row-apac-ch/pf120_k050_a030,EU-pf120_k050_a030,eu-us-af-row-apac-ch,EU-first,pf120_k050_a030,clean_objective_stage2,1.2,0.5,0.3,9,0.4966557727,apac,one_start_only,row,ROW,2030,68.06795854,252.080134,70,68.06795851,1.932041491,1.666411229e-08,0.02760059273
eu-us-af-row-apac-ch/pf120_k050_a030,EU-pf120_k050_a030,eu-us-af-row-apac-ch,EU-first,pf120_k050_a030,clean_objective_stage2,1.2,0.5,0.3,9,0.4966557727,apac,one_start_only,ch,China,2035,412.3758659,95.90883308,333,332.9999998,1.436923256e-07,31.44816744,4.315084852e-10
eu-us-af-row-apac-ch/pf120_k050_a030,EU-pf120_k050_a030,eu-us-af-row-apac-ch,EU-first,pf120_k050_a030,clean_objective_stage2,1.2,0.5,0.3,9,0.4966557727,apac,one_start_only,af,Africa,2035,8.255879514,258.0094742,19.99999999,8.255879138,11.74412086,3.460874984e-07,0.587206043
eu-us-af-row-apac-ch/pf120_k050_a030,EU-pf120_k050_a030,eu-us-af-row-apac-ch,EU-first,pf120_k050_a030,clean_objective_stage2,1.2,0.5,0.3,9,0.4966557727,apac,one_start_only,eu,EU,2035,45.20595239,211.7169282,94.99999999,45.20595002,49.79404997,2.228426906e-06,0.5241478944
eu-us-af-row-apac-ch/pf120_k050_a030,EU-pf120_k050_a030,eu-us-af-row-apac-ch,EU-first,pf120_k050_a030,clean_objective_stage2,1.2,0.5,0.3,9,0.4966557727,apac,one_start_only,us,US,2035,67.46933167,261.9636246,69.99999998,67.46933138,2.530668599,2.203651782e-07,0.03615240857
eu-us-af-row-apac-ch/pf120_k050_a030,EU-pf120_k050_a030,eu-us-af-row-apac-ch,EU-first,pf120_k050_a030,clean_objective_stage2,1.2,0.5,0.3,9,0.4966557727,apac,one_start_only,apac,APAC,2035,214.6206616,169.1634577,103,102.9999997,3.034676468e-07,111.6206618,2.946287833e-09
eu-us-af-row-apac-ch/pf120_k050_a030,EU-pf120_k050_a030,eu-us-af-row-apac-ch,EU-first,pf120_k050_a030,clean_objective_stage2,1.2,0.5,0.3,9,0.4966557727,apac,one_start_only,row,ROW,2035,67.98737736,205.6113899,78.99999999,2.683489344e-06,78.99999731,5.148397195e-06,0.999999966
eu-us-af-row-apac-ch/pf120_k050_a030,EU-pf120_k050_a030,eu-us-af-row-apac-ch,EU-first,pf120_k050_a030,clean_objective_stage2,1.2,0.5,0.3,9,0.4966557727,apac,one_start_only,ch,China,2040,410.9371027,86.65125724,316,315.9999999,1.30203887e-07,16.66386828,4.12037617e-10
eu-us-af-row-apac-ch/pf120_k050_a030,EU-pf120_k050_a030,eu-us-af-row-apac-ch,EU-first,pf120_k050_a030,clean_objective_stage2,1.2,0.5,0.3,9,0.4966557727,apac,one_start_only,af,Africa,2040,10.68381876,213.8263139,28,10.68381841,17.31618158,3.119786073e-07,0.6184350566
eu-us-af-row-apac-ch/pf120_k050_a030,EU-pf120_k050_a030,eu-us-af-row-apac-ch,EU-first,pf120_k050_a030,clean_objective_stage2,1.2,0.5,0.3,9,0.4966557727,apac,one_start_only,eu,EU,2040,57.43098536,211.3515015,98.99999999,57.43098501,41.56901498,2.682823076e-07,0.4198890403
eu-us-af-row-apac-ch/pf120_k050_a030,EU-pf120_k050_a030,eu-us-af-row-apac-ch,EU-first,pf120_k050_a030,clean_objective_stage2,1.2,0.5,0.3,9,0.4966557727,apac,one_start_only,us,US,2040,67.46371973,168.7670252,74.99999999,4.050113406e-08,74.99999995,9.069709686e-07,0.9999999995
eu-us-af-row-apac-ch/pf120_k050_a030,EU-pf120_k050_a030,eu-us-af-row-apac-ch,EU-first,pf120_k050_a030,clean_objective_stage2,1.2,0.5,0.3,9,0.4966557727,apac,one_start_only,apac,APAC,2040,264.2401053,121.0004344,126,125.9999998,1.959216507e-07,138.2401053,1.554933736e-09
eu-us-af-row-apac-ch/pf120_k050_a030,EU-pf120_k050_a030,eu-us-af-row-apac-ch,EU-first,pf120_k050_a030,clean_objective_stage2,1.2,0.5,0.3,9,0.4966557727,apac,one_start_only,row,ROW,2040,67.98122209,201.3538237,88.99999999,67.98122146,21.01877853,2.969171372e-07,0.236166051
eu-us-af-row-apac-ch/pf120_k050_a040,EU-pf120_k050_a040,eu-us-af-row-apac-ch,EU-first,pf120_k050_a040,clean_objective_stage2,1.2,0.5,0.4,12,0.6845648771,row,one_start_only,ch,China,2025,931,163.324,324,324,3.729382022e-08,7.606688593e-07,1.151043834e-10
eu-us-af-row-apac-ch/pf120_k050_a040,EU-pf120_k050_a040,eu-us-af-row-apac-ch,EU-first,pf120_k050_a040,clean_objective_stage2,1.2,0.5,0.4,12,0.6845648771,row,one_start_only,af,Africa,2025,3.4,486.8090684,9.999999997,3.399999962,6.600000035,3.301944193e-08,0.6600000037
eu-us-af-row-apac-ch/pf120_k050_a040,EU-pf120_k050_a040,eu-us-af-row-apac-ch,EU-first,pf120_k050_a040,clean_objective_stage2,1.2,0.5,0.4,12,0.6845648771,row,one_start_only,eu,EU,2025,22,299.265,75,14.99999976,60.00000023,9.373488318e-07,0.8000000032
eu-us-af-row-apac-ch/pf120_k050_a040,EU-pf120_k050_a040,eu-us-af-row-apac-ch,EU-first,pf120_k050_a040,clean_objective_stage2,1.2,0.5,0.4,12,0.6845648771,row,one_start_only,us,US,2025,42,459.504828,44.99999998,41.99999995,3.000000035,4.056878942e-08,0.06666666747
eu-us-af-row-apac-ch/pf120_k050_a040,EU-pf120_k050_a040,eu-us-af-row-apac-ch,EU-first,pf120_k050_a040,clean_objective_stage2,1.2,0.5,0.4,12,0.6845648771,row,one_start_only,apac,APAC,2025,110,256.2059669,49.99999999,49.99999992,7.471889268e-08,60.00000006,1.494377854e-09
eu-us-af-row-apac-ch/pf120_k050_a040,EU-pf120_k050_a040,eu-us-af-row-apac-ch,EU-first,pf120_k050_a040,clean_objective_stage2,1.2,0.5,0.4,12,0.6845648771,row,one_start_only,row,ROW,2025,293,353.425,45,44.9999998,1.965202162e-07,9.599998784,4.367115917e-09
eu-us-af-row-apac-ch/pf120_k050_a040,EU-pf120_k050_a040,eu-us-af-row-apac-ch,EU-first,pf120_k050_a040,clean_objective_stage2,1.2,0.5,0.4,12,0.6845648771,row,one_start_only,ch,China,2030,355.9352278,107.7909238,350,350,3.899750473e-09,6.760888047e-09,1.114214421e-11
eu-us-af-row-apac-ch/pf120_k050_a040,EU-pf120_k050_a040,eu-us-af-row-apac-ch,EU-first,pf120_k050_a040,clean_objective_stage2,1.2,0.5,0.4,12,0.6845648771,row,one_start_only,af,Africa,2030,5.895465041,565.5522701,14,5.895465038,8.104534962,2.637577794e-09,0.5788953544
eu-us-af-row-apac-ch/pf120_k050_a040,EU-pf120_k050_a040,eu-us-af-row-apac-ch,EU-first,pf120_k050_a040,clean_objective_stage2,1.2,0.5,0.4,12,0.6845648771,row,one_start_only,eu,EU,2030,34.97079185,537.075576,90,34.97079184,55.02920816,8.260250149e-09,0.6114356462
eu-us-af-row-apac-ch/pf120_k050_a040,EU-pf120_k050_a040,eu-us-af-row-apac-ch,EU-first,pf120_k050_a040,clean_objective_stage2,1.2,0.5,0.4,12,0.6845648771,row,one_start_only,us,US,2030,67.54271233,462.4682503,65,64.99999999,4.664988153e-09,2.542712331,7.176904851e-11
eu-us-af-row-apac-ch/pf120_k050_a040,EU-pf120_k050_a040,eu-us-af-row-apac-ch,EU-first,pf120_k050_a040,clean_objective_stage2,1.2,0.5,0.4,12,0.6845648771,row,one_start_only,apac,APAC,2030,112.77817,123.6420624,85,85,1.993145348e-09,9.016047239e-09,2.34487688e-11
eu-us-af-row-apac-ch/pf120_k050_a040,EU-pf120_k050_a040,eu-us-af-row-apac-ch,EU-first,pf120_k050_a040,clean_objective_stage2,1.2,0.5,0.4,12,0.6845648771,row,one_start_only,row,ROW,2030,139.6450986,232.9992862,70,70,2.443331735e-09,60.59103078,3.490473908e-11
eu-us-af-row-apac-ch/pf120_k050_a040,EU-pf120_k050_a040,eu-us-af-row-apac-ch,EU-first,pf120_k050_a040,clean_objective_stage2,1.2,0.5,0.4,12,0.6845648771,row,one_start_only,ch,China,2035,337.308979,95.90883336,333,333,1.039635142e-08,6.845471895e-08,3.122027452e-11
eu-us-af-row-apac-ch/pf120_k050_a040,EU-pf120_k050_a040,eu-us-af-row-apac-ch,EU-first,pf120_k050_a040,clean_objective_stage2,1.2,0.5,0.4,12,0.6845648771,row,one_start_only,af,Africa,2035,8.390930056,415.5366034,20,8.390930019,11.60906998,3.437152867e-08,0.580453499
eu-us-af-row-apac-ch/pf120_k050_a040,EU-pf120_k050_a040,eu-us-af-row-apac-ch,EU-first,pf120_k050_a040,clean_objective_stage2,1.2,0.5,0.4,12,0.6845648771,row,one_start_only,eu,EU,2035,48.09643424,439.1357758,95,48.09643422,46.90356578,1.691611607e-08,0.493721745
eu-us-af-row-apac-ch/pf120_k050_a040,EU-pf120_k050_a040,eu-us-af-row-apac-ch,EU-first,pf120_k050_a040,clean_objective_stage2,1.2,0.5,0.4,12,0.6845648771,row,one_start_only,us,US,2035,93.65677241,353.8253485,70,69.99999995,4.811803637e-08,23.65677246,6.874005196e-10
eu-us-af-row-apac-ch/pf120_k050_a040,EU-pf120_k050_a040,eu-us-af-row-apac-ch,EU-first,pf120_k050_a040,clean_objective_stage2,1.2,0.5,0.4,12,0.6845648771,row,one_start_only,apac,APAC,2035,120.2925913,110.0152081,103,103,1.365941133e-08,11.60906994,1.32615644e-10
eu-us-af-row-apac-ch/pf120_k050_a040,EU-pf120_k050_a040,eu-us-af-row-apac-ch,EU-first,pf120_k050_a040,clean_objective_stage2,1.2,0.5,0.4,12,0.6845648771,row,one_start_only,row,ROW,2035,137.6404488,207.2850605,79,78.99999999,1.353342427e-08,23.24679332,1.713091679e-10
eu-us-af-row-apac-ch/pf120_k050_a040,EU-pf120_k050_a040,eu-us-af-row-apac-ch,EU-first,pf120_k050_a040,clean_objective_stage2,1.2,0.5,0.4,12,0.6845648771,row,one_start_only,ch,China,2040,335.6834076,86.65125756,316,315.9999995,4.521583742e-07,2.341508127e-07,1.430880931e-09
eu-us-af-row-apac-ch/pf120_k050_a040,EU-pf120_k050_a040,eu-us-af-row-apac-ch,EU-first,pf120_k050_a040,clean_objective_stage2,1.2,0.5,0.4,12,0.6845648771,row,one_start_only,af,Africa,2040,10.88639504,514.9648438,27.99999999,2.350202661e-07,27.99999975,10.88639478,0.9999999916
eu-us-af-row-apac-ch/pf120_k050_a040,EU-pf120_k050_a040,eu-us-af-row-apac-ch,EU-first,pf120_k050_a040,clean_objective_stage2,1.2,0.5,0.4,12,0.6845648771,row,one_start_only,eu,EU,2040,61.22211424,570.9337942,98.99999998,61.22211401,37.77788597,2.026509643e-07,0.3815948079
eu-us-af-row-apac-ch/pf120_k050_a040,EU-pf120_k050_a040,eu-us-af-row-apac-ch,EU-first,pf120_k050_a040,clean_objective_stage2,1.2,0.5,0.4,12,0.6845648771,row,one_start_only,us,US,2040,97.00407622,170.2296105,74.99999998,74.99999985,1.314646218e-07,4.7295727,1.752861625e-09
eu-us-af-row-apac-ch/pf120_k050_a040,EU-pf120_k050_a040,eu-us-af-row-apac-ch,EU-first,pf120_k050_a040,clean_objective_stage2,1.2,0.5,0.4,12,0.6845648771,row,one_start_only,apac,APAC,2040,134.7185164,99.41154621,126,125.9999998,1.835489116e-07,6.438519242e-06,1.456737394e-09
eu-us-af-row-apac-ch/pf120_k050_a040,EU-pf120_k050_a040,eu-us-af-row-apac-ch,EU-first,pf120_k050_a040,clean_objective_stage2,1.2,0.5,0.4,12,0.6845648771,row,one_start_only,row,ROW,2040,139.1619122,397.6682262,88.99999999,84.27042764,4.729572342,54.89148448,0.05314126228
eu-us-af-row-apac-ch/pf120_k100_a040,EU-pf120_k100_a040,eu-us-af-row-apac-ch,EU-first,pf120_k100_a040,clean_objective_stage2,1.2,1,0.4,5,0.6446123018,apac,one_start_only,ch,China,2025,931,163.324,324,324,4.020512507e-09,89.59999997,1.240898922e-11
eu-us-af-row-apac-ch/pf120_k100_a040,EU-pf120_k100_a040,eu-us-af-row-apac-ch,EU-first,pf120_k100_a040,clean_objective_stage2,1.2,1,0.4,5,0.6446123018,apac,one_start_only,af,Africa,2025,3.4,384.609585,10,3.399999994,6.600000006,5.538910047e-09,0.6600000006
eu-us-af-row-apac-ch/pf120_k100_a040,EU-pf120_k100_a040,eu-us-af-row-apac-ch,EU-first,pf120_k100_a040,clean_objective_stage2,1.2,1,0.4,5,0.6446123018,apac,one_start_only,eu,EU,2025,22,364.6782915,75,21.99999999,53.00000001,6.83317413e-09,0.7066666668
eu-us-af-row-apac-ch/pf120_k100_a040,EU-pf120_k100_a040,eu-us-af-row-apac-ch,EU-first,pf120_k100_a040,clean_objective_stage2,1.2,1,0.4,5,0.6446123018,apac,one_start_only,us,US,2025,42,306.6810618,45,1.073197263e-08,44.99999999,1.698587927e-08,0.9999999998
eu-us-af-row-apac-ch/pf120_k100_a040,EU-pf120_k100_a040,eu-us-af-row-apac-ch,EU-first,pf120_k100_a040,clean_objective_stage2,1.2,1,0.4,5,0.6446123018,apac,one_start_only,apac,APAC,2025,110,208.5050271,50,49.99999999,5.959393791e-09,60,1.191878758e-10
eu-us-af-row-apac-ch/pf120_k100_a040,EU-pf120_k100_a040,eu-us-af-row-apac-ch,EU-first,pf120_k100_a040,clean_objective_stage2,1.2,1,0.4,5,0.6446123018,apac,one_start_only,row,ROW,2025,293,303.8019976,45,3.236768893e-09,45,7.775684247e-09,0.9999999999
eu-us-af-row-apac-ch/pf120_k100_a040,EU-pf120_k100_a040,eu-us-af-row-apac-ch,EU-first,pf120_k100_a040,clean_objective_stage2,1.2,1,0.4,5,0.6446123018,apac,one_start_only,ch,China,2030,527.1240268,107.7909239,350,349.9999998,1.904755685e-07,118.7674125,5.442159101e-10
eu-us-af-row-apac-ch/pf120_k100_a040,EU-pf120_k100_a040,eu-us-af-row-apac-ch,EU-first,pf120_k100_a040,clean_objective_stage2,1.2,1,0.4,5,0.6446123018,apac,one_start_only,af,Africa,2030,5.899978456,249.4947565,13.99999999,5.899978181,8.100021812,2.288120852e-07,0.5785729868
eu-us-af-row-apac-ch/pf120_k100_a040,EU-pf120_k100_a040,eu-us-af-row-apac-ch,EU-first,pf120_k100_a040,clean_objective_stage2,1.2,1,0.4,5,0.6446123018,apac,one_start_only,eu,EU,2030,29.61533541,252.0108828,89.99999999,29.61533497,60.38466503,2.860154032e-07,0.6709407226
eu-us-af-row-apac-ch/pf120_k100_a040,EU-pf120_k100_a040,eu-us-af-row-apac-ch,EU-first,pf120_k100_a040,clean_objective_stage2,1.2,1,0.4,5,0.6446123018,apac,one_start_only,us,US,2030,35.78555515,211.0194789,64.99999998,7.120519676e-06,64.99999286,8.759696357e-07,0.9999998905
eu-us-af-row-apac-ch/pf120_k100_a040,EU-pf120_k100_a040,eu-us-af-row-apac-ch,EU-first,pf120_k100_a040,clean_objective_stage2,1.2,1,0.4,5,0.6446123018,apac,one_start_only,apac,APAC,2030,169.7172655,155.7526674,84.99999999,84.99999968,3.085637158e-07,84.71726558,3.630161362e-09
eu-us-af-row-apac-ch/pf120_k100_a040,EU-pf120_k100_a040,eu-us-af-row-apac-ch,EU-first,pf120_k100_a040,clean_objective_stage2,1.2,1,0.4,5,0.6446123018,apac,one_start_only,row,ROW,2030,32.86222995,219.0367166,69.99999999,3.110989931e-07,69.99999968,3.939345763e-07,0.9999999956
eu-us-af-row-apac-ch/pf120_k100_a040,EU-pf120_k100_a040,eu-us-af-row-apac-ch,EU-first,pf120_k100_a040,clean_objective_stage2,1.2,1,0.4,5,0.6446123018,apac,one_start_only,ch,China,2035,487.7954866,95.908833,333,333,2.333648506e-08,53.71683236,7.007953472e-11
eu-us-af-row-apac-ch/pf120_k100_a040,EU-pf120_k100_a040,eu-us-af-row-apac-ch,EU-first,pf120_k100_a040,clean_objective_stage2,1.2,1,0.4,5,0.6446123018,apac,one_start_only,af,Africa,2035,8.399965295,245.2555815,20,8.399965261,11.60003474,2.911362565e-08,0.5800017369
eu-us-af-row-apac-ch/pf120_k100_a040,EU-pf120_k100_a040,eu-us-af-row-apac-ch,EU-first,pf120_k100_a040,clean_objective_stage2,1.2,1,0.4,5,0.6446123018,apac,one_start_only,eu,EU,2035,39.65804053,200.2372017,95,39.65804045,55.34195955,5.135166712e-08,0.5825469426
eu-us-af-row-apac-ch/pf120_k100_a040,EU-pf120_k100_a040,eu-us-af-row-apac-ch,EU-first,pf120_k100_a040,clean_objective_stage2,1.2,1,0.4,5,0.6446123018,apac,one_start_only,us,US,2035,35.78464292,193.6238185,70,35.78463011,34.21536989,1.274397925e-05,0.4887909984
eu-us-af-row-apac-ch/pf120_k100_a040,EU-pf120_k100_a040,eu-us-af-row-apac-ch,EU-first,pf120_k100_a040,clean_objective_stage2,1.2,1,0.4,5,0.6446123018,apac,one_start_only,apac,APAC,2035,229.4405189,158.4160409,103,102.9999999,8.716380941e-08,126.440519,8.462505768e-10
eu-us-af-row-apac-ch/pf120_k100_a040,EU-pf120_k100_a040,eu-us-af-row-apac-ch,EU-first,pf120_k100_a040,clean_objective_stage2,1.2,1,0.4,5,0.6446123018,apac,one_start_only,row,ROW,2035,32.84628534,200.2162838,79,8.093953142e-08,78.99999992,6.610550461e-08,0.999999999
eu-us-af-row-apac-ch/pf120_k100_a040,EU-pf120_k100_a040,eu-us-af-row-apac-ch,EU-first,pf120_k100_a040,clean_objective_stage2,1.2,1,0.4,5,0.6446123018,apac,one_start_only,ch,China,2040,487.732121,86.65125721,316,315.9999999,9.589322156e-08,31.03655302,3.034595619e-10
eu-us-af-row-apac-ch/pf120_k100_a040,EU-pf120_k100_a040,eu-us-af-row-apac-ch,EU-first,pf120_k100_a040,clean_objective_stage2,1.2,1,0.4,5,0.6446123018,apac,one_start_only,af,Africa,2040,10.89995191,224.698886,28,10.89995175,17.10004825,1.51361668e-07,0.610716009
eu-us-af-row-apac-ch/pf120_k100_a040,EU-pf120_k100_a040,eu-us-af-row-apac-ch,EU-first,pf120_k100_a040,clean_objective_stage2,1.2,1,0.4,5,0.6446123018,apac,one_start_only,eu,EU,2040,49.79204326,199.4390802,99,49.79204295,49.20795705,2.545423275e-07,0.4970500712
eu-us-af-row-apac-ch/pf120_k100_a040,EU-pf120_k100_a040,eu-us-af-row-apac-ch,EU-first,pf120_k100_a040,clean_objective_stage2,1.2,1,0.4,5,0.6446123018,apac,one_start_only,us,US,2040,35.88060034,202.7992771,74.99999999,35.88060008,39.11939992,1.95002456e-07,0.5215919989
eu-us-af-row-apac-ch/pf120_k100_a040,EU-pf120_k100_a040,eu-us-af-row-apac-ch,EU-first,pf120_k100_a040,clean_objective_stage2,1.2,1,0.4,5,0.6446123018,apac,one_start_only,apac,APAC,2040,289.3908026,148.3463701,126,125.9999999,1.342925091e-07,163.3908027,1.065813565e-09
eu-us-af-row-apac-ch/pf120_k100_a040,EU-pf120_k100_a040,eu-us-af-row-apac-ch,EU-first,pf120_k100_a040,clean_objective_stage2,1.2,1,0.4,5,0.6446123018,apac,one_start_only,row,ROW,2040,32.8397033,187.006245,89,4.880724761e-05,88.99995119,3.214916925e-07,0.9999994516
