candidate,importer,year,market_price,manufacturing,shipping,offer_markup,delivered_offer,flow_term,offer_capacity_dual,offer_to_price_gap
af-eu-us-apac-row-ch/pf080_k050_a030,af,2025,269.16518977038567,163.00001961638614,10.500000397736864,95.65517054813101,269.15519056225406,0.009999997460737306,-7.893291341515285e-07,0.009999208131603154
af-eu-us-apac-row-ch/pf080_k050_a030,af,2030,234.1509222079013,107.4409257656429,10.500000030727696,116.19599640399825,234.13692220036884,0.013999999552707715,7.979737409041787e-09,0.014000007532445125
af-eu-us-apac-row-ch/pf080_k050_a030,af,2035,229.79738801255576,190.78312080354212,10.469807516593054,8.438310034038498,209.69123835417366,0.014558534392572351,20.09159112398952,20.106149658382094
af-eu-us-apac-row-ch/pf080_k050_a030,af,2040,225.51528735892904,98.0010627505667,8.273100635637105,70.99481751565968,177.2689809018635,0.01491826228157891,48.23138819478397,48.24630645706554
af-eu-us-apac-row-ch/pf080_k050_a030,apac,2025,187.6279620932304,187.45000012706973,6.08872071901925e-08,-2.5833187341273254e-08,187.45000016212373,0.04999999956717905,0.12796193153948632,0.17796193110666536
af-eu-us-apac-row-ch/pf080_k050_a030,apac,2030,255.33291430424848,123.55706236382072,2.317686255360709e-09,1.9434152879523198e-10,123.55706236633274,0.08499999997265156,131.69085193794308,131.77585193791572
af-eu-us-apac-row-ch/pf080_k050_a030,apac,2035,110.01520795412748,109.91220795327847,9.880991895373951e-10,6.880108752193023e-10,109.91220795495458,0.1029999999857667,-8.128724360290107e-10,0.10299999917289426
af-eu-us-apac-row-ch/pf080_k050_a030,apac,2040,99.41154605220956,99.28554587901752,3.9399950743310176e-08,1.0365218859053029e-07,99.28554602206965,0.12599999933556463,3.080434138325039e-08,0.12600003013990602
af-eu-us-apac-row-ch/pf080_k050_a030,ch,2025,163.32399999705316,163.00000007582602,2.9000742594432284e-08,-7.786716931678766e-08,163.00000002695958,0.3239999985982447,-2.850466351844716e-08,0.32399997009358117
af-eu-us-apac-row-ch/pf080_k050_a030,ch,2030,107.79092378768428,107.44092378781946,1.7965819477437514e-10,-4.22661349179238e-10,107.44092378757645,0.3499999999909673,1.1685896694757503e-10,0.3500000001078263
af-eu-us-apac-row-ch/pf080_k050_a030,ch,2035,95.90883300246304,95.57583300212885,6.077600201589941e-10,-8.695028106069474e-10,95.5758330018671,0.33299999997064295,6.253018658419762e-10,0.3330000005959448
af-eu-us-apac-row-ch/pf080_k050_a030,ch,2040,86.65125723361481,86.33525729238464,2.4445202988153635e-08,-1.8797126823867377e-08,86.33525729803272,0.3159999989599314,-6.337783281518128e-08,0.3159999355820986
af-eu-us-apac-row-ch/pf080_k050_a030,eu,2025,244.56843086174143,163.0000009341124,16.11799997980467,65.37543004843623,244.49343096235327,0.0749999964059995,-9.701783906801431e-08,0.07499989938816043
af-eu-us-apac-row-ch/pf080_k050_a030,eu,2030,272.3155780290681,178.90034109238638,10.987269445710535,8.621176350587707,198.50878688868465,0.04800730971805595,73.75878383066538,73.80679114038344
af-eu-us-apac-row-ch/pf080_k050_a030,eu,2035,213.4530792963297,139.22620887371338,9.015092271260956,48.19635801551707,196.4376591604914,0.048030288630401846,16.967389847207897,17.015420135838298
af-eu-us-apac-row-ch/pf080_k050_a030,eu,2040,208.4019926872216,131.40754630947933,7.46133718653354,42.44409870246761,181.3129821984805,0.04985680361674577,27.039153685124337,27.08901048874108
af-eu-us-apac-row-ch/pf080_k050_a030,row,2025,323.17052279196685,241.6151554523944,12.915414855081464,18.830312302747732,273.3608826102236,0.01954933311574847,49.7900908486275,49.80964018174325
af-eu-us-apac-row-ch/pf080_k050_a030,row,2030,232.96668334993785,216.3113365705144,3.9292411736746624,-37.32286779559694,182.91770994859215,0.035164183290548996,50.01380921805516,50.048973401345705
af-eu-us-apac-row-ch/pf080_k050_a030,row,2035,206.9239589502861,95.57583378926127,14.596452207660827,96.67267293755378,206.84495893447593,0.07899999881005576,1.700012469685319e-08,0.07900001581018046
af-eu-us-apac-row-ch/pf080_k050_a030,row,2040,187.26171945050572,187.17271775530918,2.1689077056106363e-07,1.0775435851901175e-06,187.17271904974353,0.08899999739050617,4.0337168212556396e-07,0.08900040076218829
af-eu-us-apac-row-ch/pf080_k050_a030,us,2025,256.0161952787307,184.95065346405403,13.4466444324276,57.467275634346734,255.86457353082835,0.03674040425562033,0.11488134364674771,0.15162174790236804
af-eu-us-apac-row-ch/pf080_k050_a030,us,2030,291.3748121395647,123.52345821027446,13.669342042995703,22.05668382471251,159.24948407798266,0.06399144971921317,132.06133661186283,132.12532806158205
af-eu-us-apac-row-ch/pf080_k050_a030,us,2035,217.08123284512237,182.72456309927423,0.5828618117708615,-1.4549400894020794,181.852484821643,0.061058219382693776,35.167689804096675,35.22874802347937
af-eu-us-apac-row-ch/pf080_k050_a030,us,2040,202.0336295608516,162.3962814326752,1.500899062983851,9.746456880244331,173.6436373759034,0.060376568040870535,28.32961561690733,28.3899921849482
af-eu-us-apac-row-ch/pf080_k050_a040,af,2025,294.89962865736726,163.00000334348178,10.500000030136443,121.38962523476405,294.88962860838234,0.009999999632405705,4.9352515090264615e-08,0.010000048984920795
af-eu-us-apac-row-ch/pf080_k050_a040,af,2030,316.27623639578724,133.532652097872,6.8385019355020376,81.509593667648,221.88074770102205,0.005038680104026873,94.39045001466117,94.39548869476519
af-eu-us-apac-row-ch/pf080_k050_a040,af,2035,238.8604347758468,109.91220851464226,13.17261612525236,115.75560982844131,238.84043446833593,0.01999999971972433,3.07791159556009e-07,0.020000307510883886
af-eu-us-apac-row-ch/pf080_k050_a040,af,2040,248.5150759717353,99.28554579644351,13.172616133765024,136.02891404690754,248.4870759771161,0.02799999992250391,-5.303281931656745e-09,0.02799999461922198
af-eu-us-apac-row-ch/pf080_k050_a040,apac,2025,229.9174761855417,187.4500000140214,3.036589382630853e-09,1.4939817306601128e-09,187.45000001855198,0.04999999997986387,42.41747616700985,42.46747616698971
af-eu-us-apac-row-ch/pf080_k050_a040,apac,2030,126.48396374108214,123.55706250092759,4.3466929513208695e-08,8.426218490833458e-08,123.5570626286567,0.0849999995024437,2.8419011129229967,2.9269011124254405
af-eu-us-apac-row-ch/pf080_k050_a040,apac,2035,110.01520826981344,109.91220796243032,3.202046330773288e-09,-2.7942808821956415e-09,109.91220796283808,0.10299999995536682,3.070199936228146e-07,0.10300030697536044
af-eu-us-apac-row-ch/pf080_k050_a040,apac,2040,99.4115457823362,99.28554578165063,6.342478036936831e-10,-4.271203504731184e-10,99.28554578185776,0.12599999998959582,4.888457971752302e-10,0.12600000047844162
af-eu-us-apac-row-ch/pf080_k050_a040,ch,2025,163.3239999997584,163.00000000245606,4.732921612325462e-10,-1.7078294181721085e-09,163.00000000122154,0.32399999997749107,-1.4406283943557696e-09,0.3239999985368627
af-eu-us-apac-row-ch/pf080_k050_a040,ch,2030,107.7909251708447,107.44092385859386,1.1968894277158508e-08,-1.4476429247619657e-08,107.44092385608633,0.3499999994347233,1.315323649608846e-06,0.35000131475837293
af-eu-us-apac-row-ch/pf080_k050_a040,ch,2035,95.90883303832344,95.57583300519066,1.0321502437498885e-09,-5.273401804386685e-10,95.57583300569547,0.3329999999551327,3.267283182895042e-08,0.3330000326279645
af-eu-us-apac-row-ch/pf080_k050_a040,ch,2040,86.65125720080286,86.3352572003994,2.425403952338648e-10,-5.450288852920522e-11,86.33525720058744,0.3159999999904859,2.249389563502291e-10,0.31600000021542485
af-eu-us-apac-row-ch/pf080_k050_a040,eu,2025,355.8174230780975,292.3994952962384,7.176677264343791,-19.715630977387413,279.8605415831948,0.030897599785048007,75.92598389511764,75.95688149490269
af-eu-us-apac-row-ch/pf080_k050_a040,eu,2030,222.29440395797928,198.0842002815228,6.521695635081901,7.358667815042715,211.96456373164744,0.03275764127038106,10.297082585061458,10.32984022633184
af-eu-us-apac-row-ch/pf080_k050_a040,eu,2035,259.64925253801874,124.57889542457266,14.095116210624415,104.02053724989888,242.694548885096,0.05354875255906077,16.901154900363686,16.954703652922746
af-eu-us-apac-row-ch/pf080_k050_a040,eu,2040,275.17675075302424,150.38837104731704,3.7019863608542334,23.813788824378687,177.90414623254995,0.04317284523764893,97.22943167523664,97.27260452047429
af-eu-us-apac-row-ch/pf080_k050_a040,row,2025,301.5760903120445,171.15000025102847,16.025106446615535,100.2368247236597,287.4119314213037,0.02499999984264188,14.139158890898209,14.16415889074085
af-eu-us-apac-row-ch/pf080_k050_a040,row,2030,221.64267190754543,123.55706361326605,18.882414524317852,76.29129254966706,218.73077068725098,0.06999999803670612,2.841901222257747,2.911901220294453
af-eu-us-apac-row-ch/pf080_k050_a040,row,2035,207.23674353965225,187.79402227546746,5.159694990755623,-55.82944529923347,137.12427196698962,0.04146807607896182,70.07100349658367,70.11247157266263
af-eu-us-apac-row-ch/pf080_k050_a040,row,2040,209.46732294405865,187.17271894299967,1.9399204339250726e-09,1.0428643177713967e-08,187.17271895536825,0.08899999997625198,22.205603988714145,22.294603988690398
af-eu-us-apac-row-ch/pf080_k050_a040,us,2025,294.4897921036561,187.45000025294914,13.710080805360553,50.86723495759957,252.02731601590926,0.044999999777616956,42.41747608796922,42.462476087746836
af-eu-us-apac-row-ch/pf080_k050_a040,us,2030,269.2319729650758,211.7509001974067,5.92885644590921e-08,7.546121011720844e-07,211.75090101130738,0.0649999993904673,57.41607195437794,57.48107195376841
af-eu-us-apac-row-ch/pf080_k050_a040,us,2035,199.14813792839507,188.3664806731401,3.222859806184559e-09,3.2840930049575694e-08,188.3664807092039,0.06999999996411785,10.711657219227057,10.781657219191175
af-eu-us-apac-row-ch/pf080_k050_a040,us,2040,170.22960966916582,170.1546096622667,7.64236635668099e-10,6.534088288306381e-09,170.15460966956505,0.0749999999911368,-3.903594947285427e-10,0.0749999996007773
af-eu-us-apac-row-ch/pf100_k050_a030,af,2025,394.0988299530284,185.23322306350443,8.693926751367828,53.075332390255134,247.00248220512736,0.005511998015049108,147.09083574988603,147.09634774790106
af-eu-us-apac-row-ch/pf100_k050_a030,af,2030,313.7254201686178,123.55706245066816,13.172615985304429,112.53822169356019,249.26790012953282,0.013999999639443988,64.44352003944554,64.45752003908498
af-eu-us-apac-row-ch/pf100_k050_a030,af,2035,279.12564927338315,168.6161225998698,10.791343370109912,23.968028015843544,203.37549398582328,0.012703038255208195,75.73745224930465,75.75015528755986
af-eu-us-apac-row-ch/pf100_k050_a030,af,2040,313.6750511090471,187.1727182253457,12.49999992509522,11.660436026776356,211.33315417721727,0.02799999937471335,102.31389693245512,102.34189693182984
af-eu-us-apac-row-ch/pf100_k050_a030,apac,2025,300.55243329834724,187.45000018146126,5.208303590610898e-08,2.3065617993943446e-07,187.45000046420046,0.049999999636801226,113.05243283450999,113.10243283414678
af-eu-us-apac-row-ch/pf100_k050_a030,apac,2030,188.08558102171287,123.55706235957012,1.0698944500319913e-09,2.3195935905496048e-09,123.5570623629596,0.08499999998810662,64.44351865876516,64.52851865875327
af-eu-us-apac-row-ch/pf100_k050_a030,apac,2035,110.01520795374942,109.91220795173265,4.718755563640006e-10,2.6134185170135147e-09,109.91220795481794,0.10299999999275813,-1.06127787113941e-09,0.10299999893148026
af-eu-us-apac-row-ch/pf100_k050_a030,apac,2040,99.41154578980588,99.28554580723184,8.22977670010752e-09,1.6062334981938527e-08,99.28554583152395,0.1259999998595736,-4.1577636056278067e-08,0.12599995828193755
af-eu-us-apac-row-ch/pf100_k050_a030,ch,2025,163.3239999967558,163.00000001680655,2.423141558791263e-09,-3.267782997702471e-11,163.00000001919702,0.32399999988408557,-2.232531504109403e-08,0.3239999775587705
af-eu-us-apac-row-ch/pf100_k050_a030,ch,2030,107.79092380415264,107.44092378786465,1.9828029234873935e-10,2.4920960524024338e-11,107.44092378808786,0.3499999999898821,1.6074900799356584e-08,0.3500000160647829
af-eu-us-apac-row-ch/pf100_k050_a030,ch,2035,95.90883300684636,95.57583300135965,2.810614993715021e-10,1.1400518984095001e-10,95.57583300175473,0.33299999998653373,5.105100231439508e-09,0.33300000509163397
af-eu-us-apac-row-ch/pf100_k050_a030,ch,2040,86.65125725489888,86.33525721325955,4.200724089520203e-09,5.978158911753008e-09,86.33525722343843,0.3159999998345172,3.162593020800131e-08,0.3160000314604474
af-eu-us-apac-row-ch/pf100_k050_a030,eu,2025,369.6806838649666,220.2467740503601,11.523632060540598,37.324208361810584,269.09461447271127,0.04390532018428606,100.54216407207107,100.58606939225535
af-eu-us-apac-row-ch/pf100_k050_a030,eu,2030,322.1824598061354,154.08306551137625,9.165829722781229,62.045971528547334,225.2948667627048,0.038386892182419766,96.84920615124818,96.8875930434306
af-eu-us-apac-row-ch/pf100_k050_a030,eu,2035,285.306849228773,142.78340248121995,7.716089433454869,72.98984432437067,223.48933623904554,0.04423698772406734,61.77327600200338,61.81751298972745
af-eu-us-apac-row-ch/pf100_k050_a030,eu,2040,357.77203922578127,158.34635672777262,3.0013140457282192,24.755469475421023,186.10314024892187,0.04335602962611955,171.62554294723327,171.6688989768594
af-eu-us-apac-row-ch/pf100_k050_a030,row,2025,353.4249999588232,353.37999942352917,4.778893065289357e-08,4.2155575619447965e-07,353.37999989287385,0.044999999672365246,6.627698732886156e-08,0.045000065949352575
af-eu-us-apac-row-ch/pf100_k050_a030,row,2030,232.98073753004448,203.94774966897424,5.0034768648626375,6.910484789897912,215.8617113237348,0.04273276512437569,17.076293441185307,17.119026206309684
af-eu-us-apac-row-ch/pf100_k050_a030,row,2035,207.28506052676332,207.20606043802132,1.703837900705824e-08,7.262136894422487e-08,207.20606052768107,0.07899999985227708,-7.70034772057393e-10,0.07899999908224231
af-eu-us-apac-row-ch/pf100_k050_a030,row,2040,289.5756158321197,187.1727188937141,9.419854121406886e-09,8.711355618563994e-08,187.1727189902475,0.08899999983750054,102.31389684203471,102.4028968418722
af-eu-us-apac-row-ch/pf100_k050_a030,us,2025,386.3300348608648,310.9178501499964,0.7651621504107984,12.898196548103943,324.58120884851115,0.03935368363289361,61.70947232872078,61.748826012353675
af-eu-us-apac-row-ch/pf100_k050_a030,us,2030,292.2571836698902,211.75090040030844,2.0059247863362732e-09,1.740257835797928e-08,211.7509004197169,0.0649999999807557,80.44128325019253,80.50628325017328
af-eu-us-apac-row-ch/pf100_k050_a030,us,2035,233.44165235531992,188.36648068052347,6.705071003466876e-10,8.813954026871428e-09,188.3664806900079,0.06999999999243246,45.00517166531958,45.07517166531201
af-eu-us-apac-row-ch/pf100_k050_a030,us,2040,170.22961028633458,170.15460963067054,1.3915095026260903e-08,8.94686044551373e-08,170.15460973405422,0.07499999984505737,5.524353002550608e-07,0.07500055228035762
af-eu-us-apac-row-ch/pf100_k050_a040,af,2025,343.4205737629717,163.00000099261564,10.499999990142214,169.91057206868444,343.4105730514423,0.009999999778122656,7.117512352307342e-07,0.010000711529357886
af-eu-us-apac-row-ch/pf100_k050_a040,af,2030,285.8469648021525,186.98879336918208,7.448037574628381,24.07764725466169,218.51447819847215,0.0072572010835027755,67.32522940259686,67.33248660368037
af-eu-us-apac-row-ch/pf100_k050_a040,af,2035,277.72277431040243,155.364585336207,8.50429935272728,18.438006045794456,182.30689073472874,0.0103912031493562,95.40549237252434,95.41588357567369
af-eu-us-apac-row-ch/pf100_k050_a040,af,2040,185.16144299528256,99.28555077985027,13.172616168957044,66.15275866644976,178.61092561525712,0.027999995839440715,6.522517384185999,6.55051738002544
af-eu-us-apac-row-ch/pf100_k050_a040,apac,2025,329.9525855796888,187.45000007552233,3.0435495027712334e-08,1.7595436716560378e-07,187.45000028191217,0.04999999978150904,142.4525852979951,142.50258529777662
af-eu-us-apac-row-ch/pf100_k050_a040,apac,2030,228.49680095799812,123.55706247290128,3.4732597076552e-08,1.1269591652123965e-07,123.5570626203298,0.08499999959321212,104.85473833807511,104.93973833766832
af-eu-us-apac-row-ch/pf100_k050_a040,apac,2035,190.78704507570865,109.91220800959958,1.6263327025523124e-08,3.791558207142331e-08,109.91220806377848,0.10299999977647226,80.7718370121537,80.87483701193017
af-eu-us-apac-row-ch/pf100_k050_a040,apac,2040,105.93406441907103,99.28554586248464,3.0478516085974786e-08,4.5582775298510606e-08,99.28554593854594,0.12599999948330282,6.5225184810417955,6.648518480525098
af-eu-us-apac-row-ch/pf100_k050_a040,ch,2025,163.32399999910615,163.0000000051983,7.3987564617999e-10,6.632752224528944e-13,163.00000000593886,0.32399999996529505,-6.7980038265247344e-09,0.3239999931672912
af-eu-us-apac-row-ch/pf100_k050_a040,ch,2030,107.7909238882698,107.44092380582251,3.8577304650571735e-09,8.540766497693096e-10,107.44092381053431,0.34999999979644086,7.793904616137937e-08,0.350000077735487
af-eu-us-apac-row-ch/pf100_k050_a040,ch,2035,95.90883304962756,95.57583301329687,2.8651786903837915e-09,2.444467987467044e-09,95.57583301860652,0.3329999998637642,3.115727947866631e-08,0.3330000310210437
af-eu-us-apac-row-ch/pf100_k050_a040,ch,2040,86.65125738182662,86.33525723883923,9.887082803370742e-09,1.4632540387241601e-08,86.33525726335886,0.3159999995976489,1.1887012074662806e-07,0.31600011846776965
af-eu-us-apac-row-ch/pf100_k050_a040,eu,2025,372.70070216474943,292.3994950995895,7.176677284603964,19.606964289447582,319.18313667364106,0.03089759964961415,53.48666789145876,53.51756549110837
af-eu-us-apac-row-ch/pf100_k050_a040,eu,2030,282.1510455303047,150.671385765565,10.30714201194672,23.623428506266347,184.60195628377804,0.048139258389981725,97.5009499881367,97.54908924652668
af-eu-us-apac-row-ch/pf100_k050_a040,eu,2035,243.84816021957997,144.09075415427625,8.260081000440707,17.94224489794892,170.29308005266586,0.044258868301926615,73.51082129861219,73.55508016691411
af-eu-us-apac-row-ch/pf100_k050_a040,eu,2040,260.07887905231394,155.6429610069718,3.646829830282654,25.679072418823726,184.96886325607818,0.04402686198335289,75.0659889342524,75.11001579623576
af-eu-us-apac-row-ch/pf100_k050_a040,row,2025,353.4099999170392,298.0699983845879,6.294138412670537,1.5366667827071916,305.9008035799656,0.024999999607859043,47.48419633746575,47.509196337073604
af-eu-us-apac-row-ch/pf100_k050_a040,row,2030,232.9853368301605,211.1338954232619,3.762834766772754,-2.8542129269060683,212.04251726312856,0.04766078802404292,20.89515877900789,20.942819567031933
af-eu-us-apac-row-ch/pf100_k050_a040,row,2035,207.2255663914782,133.93506751045612,14.22015102168533,-1.807706898121107,146.34751163402035,0.04962059017231856,60.82843416728553,60.878054757457846
af-eu-us-apac-row-ch/pf100_k050_a040,row,2040,187.26171895117164,187.17271875545623,5.637525128564853e-08,3.051097869172741e-07,187.17271911694127,0.0889999992657256,-1.6503534722156488e-07,0.08899983423037838
af-eu-us-apac-row-ch/pf100_k050_a040,us,2025,358.9256506847747,187.45000045489908,13.710080771047014,15.267984550688471,216.42806577663464,0.04499999942763289,142.45258490871245,142.49758490814008
af-eu-us-apac-row-ch/pf100_k050_a040,us,2030,348.69462871083743,211.98161592461827,0.15020248777125447,1.110954759360459,213.24277317174997,0.06359918698255268,135.38825635210492,135.45185553908746
af-eu-us-apac-row-ch/pf100_k050_a040,us,2035,232.79405571157795,188.3664806496043,1.9117495886404945e-08,1.1209917376359813e-07,188.366480780821,0.06999999979781096,44.35757493095914,44.42757493075695
af-eu-us-apac-row-ch/pf100_k050_a040,us,2040,170.1843320334,127.3708123771775,8.27680355455252,30.559945503048233,166.20756143477826,0.03911311621598863,3.937657482405766,3.976770598621755
af-eu-us-apac-row-ch/pf100_k100_a030,af,2025,364.8503031718597,185.2332804380386,8.693927821904369,53.02586752430065,246.95307578424365,0.005511993845853898,117.8917153937702,117.89722738761606
af-eu-us-apac-row-ch/pf100_k100_a030,af,2030,273.6295282027241,121.76126651133693,7.668341136815566,57.813581986065685,187.24318963421817,0.0071889268202028084,86.37914964168571,86.38633856850592
af-eu-us-apac-row-ch/pf100_k100_a030,af,2035,280.3987046216002,154.10285299655035,8.286540568712335,37.99134355332431,200.38073711858706,0.01027928544327373,80.00768821756985,80.01796750301312
af-eu-us-apac-row-ch/pf100_k100_a030,af,2040,309.3135402051489,97.95257525780633,8.088160291770746,120.86124709206194,226.90198264163905,0.014727943753852038,82.396829619756,82.41155756350986
af-eu-us-apac-row-ch/pf100_k100_a030,apac,2025,271.3788243647596,187.45000029306803,6.117097370793663e-08,1.8102823117277118e-07,187.45000053526724,0.049999999563499646,83.87882382992889,83.92882382949239
af-eu-us-apac-row-ch/pf100_k100_a030,apac,2030,161.22204041651457,123.55706239305152,9.639715788284741e-09,1.946045631046573e-08,123.55706242215169,0.08499999988679588,37.57997799447609,37.664977994362886
af-eu-us-apac-row-ch/pf100_k100_a030,apac,2035,147.78036426946596,109.91220796629436,4.2223063870804444e-09,1.1957152532851197e-08,109.91220798247382,0.10299999993898935,37.76515628705316,37.868156286992146
af-eu-us-apac-row-ch/pf100_k100_a030,apac,2040,99.41154668927209,99.285545867138,2.8701627706765977e-08,5.40737569513775e-08,99.28554594991338,0.12599999951471294,7.398439887673636e-07,0.1260007393587017
af-eu-us-apac-row-ch/pf100_k100_a030,ch,2025,163.32399999348485,163.0000000350024,5.2052125282419736e-09,1.1152489351043283e-09,163.00000004132283,0.32399999974583704,-4.7583824991370705e-08,0.32399995216201205
af-eu-us-apac-row-ch/pf100_k100_a030,ch,2030,107.79092388000738,107.4409237952815,1.8557798107352215e-09,1.0100992854726827e-09,107.4409237981474,0.3499999999050535,8.195493517160202e-08,0.35000008185998865
af-eu-us-apac-row-ch/pf100_k100_a030,ch,2035,95.90883305202556,95.57583300592698,1.3529741699522412e-09,5.928446530193064e-10,95.5758330078728,0.3329999999371005,4.421565402701333e-08,0.3330000441527545
af-eu-us-apac-row-ch/pf100_k100_a030,ch,2040,86.65125740629061,86.33525724944165,1.5145625246448572e-08,1.016803901118036e-08,86.33525727475532,0.31599999930977185,1.322255182012455e-07,0.31600013153529005
af-eu-us-apac-row-ch/pf100_k100_a030,eu,2025,365.1700558381001,295.1726680148606,7.654038741274636,-16.357675268666963,286.46903148746827,0.03158666548913423,78.6694376851427,78.70102435063183
af-eu-us-apac-row-ch/pf100_k100_a030,eu,2030,274.26943189092793,152.02960389715045,10.106033249618498,59.54801682407643,221.6836539708454,0.04685286023920619,52.53892505984333,52.585777920082535
af-eu-us-apac-row-ch/pf100_k100_a030,eu,2035,261.14289987116814,143.22280952189533,8.191452951786978,48.70948573766979,200.12374821135208,0.04624114371486331,60.972910516101194,61.01915165981606
af-eu-us-apac-row-ch/pf100_k100_a030,eu,2040,243.63468109488727,153.70360413250165,4.764587421781239,19.260791505799663,177.72898306008256,0.04388958806471703,65.86180844674,65.90569803480471
af-eu-us-apac-row-ch/pf100_k100_a030,row,2025,353.42499989752565,353.3799865919654,1.202147294048985e-06,8.604024874358911e-06,353.3799963981376,0.044999992871045176,3.5065169856560163e-06,0.04500349938803083
af-eu-us-apac-row-ch/pf100_k100_a030,row,2030,232.98476017463489,210.23283749955104,3.9183966620876105,10.98811559293257,225.1393497545712,0.04697659278431508,7.798433827279357,7.845410420063672
af-eu-us-apac-row-ch/pf100_k100_a030,row,2035,207.21299963384837,118.45818597508561,17.22384434666111,37.016641658627684,172.6986719803744,0.0663408070429731,34.447986846431,34.51432765347397
af-eu-us-apac-row-ch/pf100_k100_a030,row,2040,181.15137128876427,99.28554688443978,18.882414484620288,62.894409117877565,181.06237048693765,0.08899999748376625,8.043428481596671e-07,0.0890008018266144
af-eu-us-apac-row-ch/pf100_k100_a030,us,2025,336.43362789715724,186.03733668929024,13.561183037952976,57.76250773167089,257.3610274589141,0.04010045157155049,79.03249998667157,79.07260043824311
af-eu-us-apac-row-ch/pf100_k100_a030,us,2030,262.8051289259126,211.75090031491354,3.006513408513357e-08,1.4670537658648924e-07,211.75090049168406,0.06499999971397835,50.989228434514544,51.05422843422852
af-eu-us-apac-row-ch/pf100_k100_a030,us,2035,201.15422366571545,188.3664806618403,6.926021552646103e-09,4.3849172161893916e-08,188.3664807126155,0.06999999992674666,12.717742953173204,12.78774295309995
af-eu-us-apac-row-ch/pf100_k100_a030,us,2040,226.94480552085912,170.15460751939494,5.011808456643113e-07,3.9185447639950804e-06,170.15461193912057,0.07499999450618565,56.71519358723236,56.79019358173855
af-eu-us-apac-row-ch/pf100_k100_a040,af,2025,371.817224288753,163.00000723643342,10.499997606488847,198.30717571606948,371.8071805589918,0.009999994920475786,4.3734840731701405e-05,0.010043729761207487
af-eu-us-apac-row-ch/pf100_k100_a040,af,2030,300.69158801322953,118.4760615989882,10.891429500412979,163.56001882818342,292.9275099275847,0.011351202912792544,7.752726882732033,7.764078085644826
af-eu-us-apac-row-ch/pf100_k100_a040,af,2035,268.9459847007185,108.32451363593977,7.702067107793093,79.68577744284084,195.7123581865737,0.010286983291732511,73.22333953085305,73.23362651414479
af-eu-us-apac-row-ch/pf100_k100_a040,af,2040,170.13312434523203,86.3352580026628,10.500000091448234,73.2698663568557,170.10512445096674,0.02799999777373722,-1.0350844485002009e-07,0.02799989426529237
af-eu-us-apac-row-ch/pf100_k100_a040,apac,2025,251.9530944218261,187.45000014645686,3.354752130738203e-08,1.0704970291882723e-07,187.4500002870541,0.04999999976104405,64.45309413501096,64.503094134772
af-eu-us-apac-row-ch/pf100_k100_a040,apac,2030,218.4864382994166,123.55706245092209,2.2928222515790767e-08,6.133559709550518e-08,123.5570625351859,0.0849999997479944,94.84437576448269,94.92937576423068
af-eu-us-apac-row-ch/pf100_k100_a040,apac,2035,119.58046094314572,109.91220795794872,2.1922312870658234e-09,6.635704709780601e-09,109.91220796677666,0.10299999996890165,9.56525297640016,9.668252976369061
af-eu-us-apac-row-ch/pf100_k100_a040,apac,2040,99.4115457916764,99.28554579120525,3.3996373492846655e-08,2.0393559972448985e-08,99.28554584559518,0.12599999938898548,-5.3307763037135913e-08,0.12599994608122245
af-eu-us-apac-row-ch/pf100_k100_a040,ch,2025,163.32399999682625,163.0000000200108,2.930867858809566e-09,2.3174731880234066e-09,163.00000002525914,0.323999999861825,-2.829472028897939e-08,0.3239999715671047
af-eu-us-apac-row-ch/pf100_k100_a040,ch,2030,107.79092384490492,107.4409238007966,2.9331274413941947e-09,3.5285157959510205e-11,107.440923803765,0.34999999985952085,4.128040048678727e-08,0.35000004113992134
af-eu-us-apac-row-ch/pf100_k100_a040,ch,2035,95.90883301189304,95.57583300383907,9.51094607582706e-10,7.812841912634642e-10,95.57583300557145,0.33299999995512747,6.366455973516594e-09,0.33300000632158344
af-eu-us-apac-row-ch/pf100_k100_a040,ch,2040,86.65125733901115,86.33525721899636,7.3262635194542195e-09,2.007066429959894e-09,86.3352572283297,0.31599999966899855,1.1101245905864587e-07,0.3160001106814576
af-eu-us-apac-row-ch/pf100_k100_a040,eu,2025,379.41428009525015,294.87709769669,7.195847061462253,11.272826252773767,313.34577101092606,0.030897599564347938,66.03761148475974,66.06850908432409
af-eu-us-apac-row-ch/pf100_k100_a040,eu,2030,329.7308838694682,151.41303296818057,9.426217288570188,52.18512659859989,213.02437685535062,0.04105861153216028,116.6654484025854,116.70650701411756
af-eu-us-apac-row-ch/pf100_k100_a040,eu,2035,261.09337699968984,181.93875023476934,4.714651744904903,3.217731828721015,189.87113380839526,0.047500561258748526,71.17474263003584,71.22224319129458
af-eu-us-apac-row-ch/pf100_k100_a040,eu,2040,222.38412924055797,128.58615619702928,7.034414968291794,37.457777530850265,173.07834869617136,0.041093946511021516,49.26468659787559,49.30578054438661
af-eu-us-apac-row-ch/pf100_k100_a040,row,2025,314.6308902307822,167.02071391404547,15.30126317268805,121.67720356312842,303.9991806498619,0.03263366205251738,10.599075918867785,10.631709580920301
af-eu-us-apac-row-ch/pf100_k100_a040,row,2030,232.96395831340485,177.73096237360932,9.529637466946596,-2.198007518293837,185.06259232226205,0.035003070410460614,47.866362920732335,47.9013659911428
af-eu-us-apac-row-ch/pf100_k100_a040,row,2035,207.2237962561084,131.75495591722958,14.643258647373044,53.35626334558996,199.75447791019258,0.0514919906629687,7.41782635525284,7.469318345915809
af-eu-us-apac-row-ch/pf100_k100_a040,row,2040,230.78315473954888,182.2080701065876,2.4219665696920587,-0.009612305924504556,184.62042437035515,0.056962919741317494,46.10576744945241,46.162730369193724
af-eu-us-apac-row-ch/pf100_k100_a040,us,2025,319.8872030494165,187.44995354837695,13.71007584953271,54.22920317893657,255.3892325768462,0.04499982710372269,64.45297064546655,64.49797047257027
af-eu-us-apac-row-ch/pf100_k100_a040,us,2030,285.098774463717,211.75090036516082,1.0543774334097357e-08,1.0118120785369766e-07,211.75090047688582,0.06499999989236267,73.28287398693882,73.34787398683119
af-eu-us-apac-row-ch/pf100_k100_a040,us,2035,245.2710194646872,149.9488535419203,6.713576662547425,54.868450657481596,211.5308808619493,0.03501490509998511,33.70512369763793,33.740138602737915
af-eu-us-apac-row-ch/pf100_k100_a040,us,2040,216.49627322104777,170.15460949779882,5.307007729447223e-08,3.1698392698895816e-07,170.15460986785283,0.0749999994225974,46.26666335377235,46.341663353194946
af-eu-us-apac-row-ch/pf120_k050_a030,af,2025,371.09017043972096,169.09620046132486,6.9300000130597015,130.40515630038303,306.43135677476755,0.005511999960893956,64.65330166499253,64.65881366495341
af-eu-us-apac-row-ch/pf120_k050_a030,af,2030,279.172226254236,119.7562746792065,7.382964863875739,67.72893704441286,194.86817658749513,0.005589562257000344,84.2984601044839,84.3040496667409
af-eu-us-apac-row-ch/pf120_k050_a030,af,2035,257.79953759369687,99.88321000518172,6.1980903177625635,89.55466995787407,195.63597028081836,0.01032612224256266,62.15324119063595,62.16356731287851
af-eu-us-apac-row-ch/pf120_k050_a030,af,2040,227.5382206049759,97.97927276274248,8.189993976455934,39.49278716770348,145.66205390690192,0.014830008293498089,81.86133668978047,81.87616669807397
af-eu-us-apac-row-ch/pf120_k050_a030,apac,2025,256.4266964668727,187.449999989976,1.696013551185934e-08,9.921800955334141e-08,187.4500001061541,0.04999999987751344,68.9266963608411,68.97669636071862
af-eu-us-apac-row-ch/pf120_k050_a030,apac,2030,162.91379138889408,123.5570624795124,5.650444362361926e-08,2.289144655862983e-07,123.5570627649313,0.08499999932231316,39.27172862464047,39.35672862396278
af-eu-us-apac-row-ch/pf120_k050_a030,apac,2035,161.7348014612698,109.91220796059547,4.973163433090537e-09,2.0155563436785233e-08,109.9122079857242,0.10299999992818692,51.719593475617415,51.8225934755456
af-eu-us-apac-row-ch/pf120_k050_a030,apac,2040,150.95481771567975,99.28554579717034,6.74243727509531e-09,2.5540708215030467e-08,99.28554582945348,0.12599999988050403,51.543271886345764,51.66927188622627
af-eu-us-apac-row-ch/pf120_k050_a030,ch,2025,163.32399999970033,163.00000000205296,3.174828378910161e-10,1.0636886951439035e-09,163.00000000343414,0.32399999998503903,-3.718843566424823e-09,0.32399999626619547
af-eu-us-apac-row-ch/pf120_k050_a030,ch,2030,107.79092383534524,107.44092382236099,7.738690583802812e-09,2.4149609841281222e-08,107.44092385424928,0.34999999961247497,-1.851651276751909e-08,0.3499999810959622
af-eu-us-apac-row-ch/pf120_k050_a030,ch,2035,95.90883300438604,95.57583300365707,8.081728387828523e-10,2.019808143605776e-09,95.57583300648504,0.3329999999606759,-2.0596775951453594e-09,0.3329999979009983
af-eu-us-apac-row-ch/pf120_k050_a030,ch,2040,86.65125720693706,86.33525720699178,2.3339281615579286e-09,2.7396447552917243e-09,86.33525721206536,0.3159999998888968,-5.0171938825727125e-09,0.31599999487170294
af-eu-us-apac-row-ch/pf120_k050_a030,eu,2025,312.8044206332911,220.2446661433013,11.523735955660836,28.31440425160809,260.0828063505702,0.04390666470766464,52.677707618013244,52.72161428272091
af-eu-us-apac-row-ch/pf120_k050_a030,eu,2030,240.9437105273196,149.80012366396522,10.499940477099143,39.75975299898717,200.0598171400515,0.04872650704453935,40.83516688022356,40.8838933872681
af-eu-us-apac-row-ch/pf120_k050_a030,eu,2035,226.32567846967152,139.9938300631168,8.824140644615076,26.155204737229358,174.97317544496124,0.04782126488263822,51.30468175982764,51.35250302471027
af-eu-us-apac-row-ch/pf120_k050_a030,eu,2040,218.8821947502913,132.09528190368746,7.271947040931447,23.055780544642534,162.42300948926146,0.05007874858838999,56.40910651244144,56.45918526102983
af-eu-us-apac-row-ch/pf120_k050_a030,row,2025,315.5620537604944,163.00000021230736,14.596452333057329,137.92060081311982,315.5170533584844,0.04499999940045732,4.0260951814086177e-07,0.04500040200997546
af-eu-us-apac-row-ch/pf120_k050_a030,row,2030,227.4439171993411,107.44092611366167,14.59645206435634,105.33653920106268,227.3739173790807,0.06999999703469637,-1.7677430416696005e-07,0.0699998202603922
af-eu-us-apac-row-ch/pf120_k050_a030,row,2035,207.21503751884535,120.96805410096275,16.736738841927863,23.60464618522367,161.3094391281143,0.06308608689384024,45.84251230383722,45.90559839073106
af-eu-us-apac-row-ch/pf120_k050_a030,row,2040,187.18893852347665,115.30228964202055,15.4412436181619,14.233015324408393,144.9765485845909,0.06247267356404231,42.14991726532172,42.212389938885764
af-eu-us-apac-row-ch/pf120_k050_a030,us,2025,319.40523291399336,166.80333474184212,11.533879248368125,130.31290887690173,308.650122867112,0.03317777582935509,10.72193227105203,10.755110046881384
af-eu-us-apac-row-ch/pf120_k050_a030,us,2030,235.85527327163825,186.24300289946908,3.9653035138572776,17.150372800237836,207.35867921356416,0.038275370903018274,28.458318687171076,28.496594058074095
af-eu-us-apac-row-ch/pf120_k050_a030,us,2035,245.4855488102841,186.20703507651805,0.2590897879706616,3.2296061772858238,189.69573104177454,0.06681771077358507,55.723000057735966,55.78981776850955
af-eu-us-apac-row-ch/pf120_k050_a030,us,2040,211.00620941526344,167.66483518315695,0.4816630570756046,1.632398780836213,169.7788970210688,0.06991533349024202,41.15739706070441,41.227312394194655
af-eu-us-apac-row-ch/pf120_k100_a030,af,2025,321.9459739491483,185.23319988206194,8.693926634001311,31.515012917809194,225.44213943387246,0.0055119998491417466,96.49832251542671,96.50383451527586
af-eu-us-apac-row-ch/pf120_k100_a030,af,2030,236.82023991865995,107.44092626999397,10.499998561206022,118.86529850774036,236.80622333894036,0.013999995690470494,1.6584029124307176e-05,0.014016579719594802
af-eu-us-apac-row-ch/pf120_k100_a030,af,2035,241.10632440422032,99.99142929015677,6.090017325416959,78.31113827477199,184.39258489034572,0.01025600116005297,56.70348351271455,56.7137395138746
af-eu-us-apac-row-ch/pf120_k100_a030,af,2040,166.95449068820275,99.28554582075674,13.172616114549136,27.839413759412302,140.2975756947182,0.02799999964678566,26.628914993837764,26.65691499348455
af-eu-us-apac-row-ch/pf120_k100_a030,apac,2025,261.066740065876,187.45000000249277,7.978271756097526e-09,4.927292563978818e-08,187.45000005974393,0.04999999994189247,73.56674000619017,73.61674000613206
af-eu-us-apac-row-ch/pf120_k100_a030,apac,2030,218.36784007398003,123.5570623862746,5.1267573142237563e-08,3.104524325596438e-07,123.5570627479946,0.08499999936223644,94.72577732662319,94.81077732598543
af-eu-us-apac-row-ch/pf120_k100_a030,apac,2035,170.62514088021817,109.91220807076338,9.907550276516216e-08,4.2062929153288897e-07,109.9122085904682,0.10299999854523388,60.609932291204736,60.71293228974997
af-eu-us-apac-row-ch/pf120_k100_a030,apac,2040,126.04046103238892,99.2855457890637,7.691713529698221e-09,2.1838214542543604e-08,99.28554581859362,0.12599999985846774,26.628915213936832,26.7549152137953
af-eu-us-apac-row-ch/pf120_k100_a030,ch,2025,163.32399999988144,163.00000000165662,2.569160946889849e-10,9.143793208588314e-10,163.00000000282793,0.32399999998768253,-2.9341772900259855e-09,0.32399999705350524
af-eu-us-apac-row-ch/pf120_k100_a030,ch,2030,107.79092379626243,107.4409237977898,2.3545166461586882e-09,5.779066483743622e-09,107.44092380592338,0.3499999998758415,-9.536784140173893e-09,0.3499999903390574
af-eu-us-apac-row-ch/pf120_k100_a030,ch,2035,95.90883301759112,95.57583304902366,1.2588471969361688e-08,2.384214392277637e-08,95.57583308545426,0.33299999938952607,-6.725266854523682e-08,0.3329999321368575
af-eu-us-apac-row-ch/pf120_k100_a030,ch,2040,86.65125720179591,86.33525720510204,1.7546463095641865e-09,3.3191429028680865e-09,86.33525721017583,0.3159999999175206,-8.297431741688399e-09,0.31599999162008885
af-eu-us-apac-row-ch/pf120_k100_a030,eu,2025,286.27146709086134,163.00000004714147,16.117999995327175,107.07846705108939,286.196467093558,0.07499999992721575,-2.6238789058163903e-09,0.07499999730333684
af-eu-us-apac-row-ch/pf120_k100_a030,eu,2030,268.0139468022063,141.1361058040249,11.422876501950082,32.10186710612187,184.66084941209687,0.03974856049797989,83.31334882961146,83.35309739010944
af-eu-us-apac-row-ch/pf120_k100_a030,eu,2035,228.30429256831695,131.99088790904273,10.814933559455024,27.46446287350447,170.27028434200224,0.052560565205525385,57.981447661109186,58.03400822631471
af-eu-us-apac-row-ch/pf120_k100_a030,eu,2040,202.55261893171703,115.81170806033633,8.710457760445632,51.48728867807024,176.0094544988522,0.039883498075135713,26.503280934789707,26.54316443286484
af-eu-us-apac-row-ch/pf120_k100_a030,row,2025,319.97931656524,167.56400032092898,15.396498668513573,123.2550226618112,306.2155216512537,0.03133599936258922,13.732458914623727,13.763794913986317
af-eu-us-apac-row-ch/pf120_k100_a030,row,2030,225.25171303456747,107.4409243648775,14.596452249602276,103.14433639759102,225.18171301207084,0.06999999915687541,2.3339753435491772e-08,0.07000002249662884
af-eu-us-apac-row-ch/pf120_k100_a030,row,2035,207.26125878093583,177.8920099434605,5.689157525458001,5.372946489565673,188.95411395848416,0.04573848525481856,18.261406337196856,18.307144822451676
af-eu-us-apac-row-ch/pf120_k100_a030,row,2040,180.22833832203327,99.28554590496634,18.882414686606324,35.342462554465136,153.51042314603785,0.08899999960569599,26.628915176389718,26.717915175995415
af-eu-us-apac-row-ch/pf120_k100_a030,us,2025,307.136614546247,187.44999987643902,13.71008078255223,32.36479443004631,233.52487508903758,0.04499999926995811,73.56673945793948,73.61173945720944
af-eu-us-apac-row-ch/pf120_k100_a030,us,2030,262.99696822525607,173.0523888861559,6.015836402565839,13.591733724657983,192.65995901337973,0.03298707500655024,70.30402213686979,70.33700921187634
af-eu-us-apac-row-ch/pf120_k100_a030,us,2035,217.66885085554705,150.79598611518003,6.565537962938819,15.996216007553695,173.35774008567253,0.03506242116814269,44.276048348706375,44.31111076987452
af-eu-us-apac-row-ch/pf120_k100_a030,us,2040,177.393514556331,133.75346237249806,7.042038416814769,19.379847707254346,160.17534849656718,0.03752790501370068,17.18063815475013,17.21816605976383
af-eu-us-apac-row-ch/pf120_k100_a040,af,2025,392.1901376031869,169.09620097841298,6.9300000247826015,144.3311339893151,320.35733499251074,0.005511999915358454,71.82729061076078,71.83280261067614
af-eu-us-apac-row-ch/pf120_k100_a040,af,2030,322.92768375710966,121.74592517646202,7.621316092110366,43.679603630128305,173.0468448987007,0.0071728616835641,149.8736659967254,149.88083885840896
af-eu-us-apac-row-ch/pf120_k100_a040,af,2035,247.9314404854057,108.30654025747022,7.640137582438235,48.18017559587396,164.1268534357824,0.01025600968458367,83.7943310399387,83.80458704962328
af-eu-us-apac-row-ch/pf120_k100_a040,af,2040,195.94990412107725,95.32884387244395,7.505597538161754,46.45773044081253,149.29217185141823,0.01006628995207789,46.64766597970694,46.65773226965902
af-eu-us-apac-row-ch/pf120_k100_a040,apac,2025,252.6385865742409,187.45000000945694,3.4446291277975265e-09,2.0736760124244595e-08,187.45000003363833,0.04999999997534258,65.13858654062722,65.18858654060256
af-eu-us-apac-row-ch/pf120_k100_a040,apac,2030,234.32706499529075,121.76338475750768,1.533719503266172,12.587273586774302,135.88437784754814,0.0681853044805354,98.37450184326208,98.44268714774262
af-eu-us-apac-row-ch/pf120_k100_a040,apac,2035,151.7811759251868,109.91220796402251,3.916505995470926e-09,1.6863298157889085e-08,109.91220798480232,0.10299999994304915,41.76596794044143,41.86896794038448
af-eu-us-apac-row-ch/pf120_k100_a040,apac,2040,118.18344681040348,99.28554579410826,8.458846694259453e-09,2.5840468365313943e-08,99.28554582840758,0.12599999984746527,18.771900982148438,18.897900981995903
af-eu-us-apac-row-ch/pf120_k100_a040,ch,2025,163.32399999975215,163.0000000017208,2.655650452365869e-10,9.373349483271528e-10,163.00000000292368,0.32399999998756523,-3.1591030902333728e-09,0.32399999682846214
af-eu-us-apac-row-ch/pf120_k100_a040,ch,2030,107.79092393609515,107.4409238098053,4.995088820768092e-09,1.3720875302569689e-08,107.44092382852126,0.34999999974787505,1.0782601572723038e-07,0.3500001075738908
af-eu-us-apac-row-ch/pf120_k100_a040,ch,2035,95.90883302354376,95.57583300499256,1.1598527158276733e-09,3.1133093507249217e-09,95.57583300926572,0.3329999999423376,1.4335704456858167e-08,0.33300001427804204
af-eu-us-apac-row-ch/pf120_k100_a040,ch,2040,86.65125721547763,86.33525720751379,2.478009260155577e-09,4.895635583589268e-09,86.33525721488743,0.31599999988409944,7.060940721004272e-10,0.3160000005901935
af-eu-us-apac-row-ch/pf120_k100_a040,eu,2025,342.5430519097836,207.85666670697756,11.427888040835931,97.50923113404853,316.793785881862,0.028706666540455793,25.72055936138118,25.749266027921635
af-eu-us-apac-row-ch/pf120_k100_a040,eu,2030,323.5541753971977,150.81147053981093,10.27615004651413,45.96318837526258,207.05080896158762,0.0480495026026664,116.45531693300741,116.50336643561008
af-eu-us-apac-row-ch/pf120_k100_a040,eu,2035,244.7977656601876,141.3765311790945,8.480183210245485,39.91889951800317,189.77561390734314,0.04757621098406856,54.97457554186038,55.02215175284445
af-eu-us-apac-row-ch/pf120_k100_a040,eu,2040,189.13440449433637,126.72914911519474,8.74968597860639,29.35846850077624,164.83730359457738,0.049764572410887505,24.2473363273481,24.297100899758988
af-eu-us-apac-row-ch/pf120_k100_a040,row,2025,348.4999234180348,163.0000002387104,14.59645229782886,170.85847085101503,348.4549233875543,0.044999999816559035,3.0663978099754186e-08,0.045000030480537134
af-eu-us-apac-row-ch/pf120_k100_a040,row,2030,290.9627812153157,184.75581058327475,8.31684235257341,16.648299639238623,209.72095257508676,0.03549639472773155,81.20633224550123,81.24182864022896
af-eu-us-apac-row-ch/pf120_k100_a040,row,2035,206.7604252862015,105.82393701071952,17.66019514924915,53.37384828750981,176.8579804474785,0.046792142795539976,29.85565269592746,29.902444838723
af-eu-us-apac-row-ch/pf120_k100_a040,row,2040,186.88576462161777,99.28555161077159,18.882413453895083,49.85689984146628,168.02486490613296,0.0889999878423574,18.77189972764245,18.860899715484805
af-eu-us-apac-row-ch/pf120_k100_a040,us,2025,318.62030961312223,187.450000334047,13.71008076179716,52.27664230835043,253.43672340419457,0.04499999951456454,65.1385862094131,65.18358620892766
af-eu-us-apac-row-ch/pf120_k100_a040,us,2030,270.8150560251407,205.93766500573517,0.620446435096764,8.484255510522033,215.04236695135396,0.058158813244694144,55.71453026054203,55.77268907378672
af-eu-us-apac-row-ch/pf120_k100_a040,us,2035,253.35269227833987,182.1452489148486,1.0871758697895146,6.974924330834685,190.2073491154728,0.05977867672052935,63.08556448614655,63.14534316286708
af-eu-us-apac-row-ch/pf120_k100_a040,us,2040,211.94956430347307,162.31477932257957,1.5166661107389836,8.869152320063058,172.70059775338163,0.06024203206517627,39.18872451802626,39.24896655009144
ch-af-apac-eu-row-us/pf080_k050_a040,af,2025,316.23822836567723,163.00000203521728,10.500000091518142,142.72822673214108,316.2282288588765,0.009999999218994455,-4.924182556553108e-07,0.0099995068007388
ch-af-apac-eu-row-us/pf080_k050_a040,af,2030,261.5250698352833,123.55706257879284,13.172616107637069,108.2763903910802,245.00606907751012,0.01399999986041055,16.50500075791279,16.5190007577732
ch-af-apac-eu-row-us/pf080_k050_a040,af,2035,241.83637116366103,99.98857735328076,6.092860339254175,78.77135230584355,184.85278999837848,0.01025774383528825,56.973323421447255,56.983581165282544
ch-af-apac-eu-row-us/pf080_k050_a040,af,2040,307.64736368894205,155.3373617831166,13.9851953778046,45.74590926772191,215.0684664286431,0.018739554675568468,92.5601577056234,92.57889726029896
ch-af-apac-eu-row-us/pf080_k050_a040,apac,2025,187.4579996676488,299.8419996464712,12.379631134684733,-191.92450947556858,120.29712130558731,0.03655999978554192,67.12431836227596,67.1608783620615
ch-af-apac-eu-row-us/pf080_k050_a040,apac,2030,140.14706274911487,123.55706236274894,1.8732833813002176e-09,8.856751521725262e-10,123.55706236550789,0.08499999997796086,16.505000383629017,16.590000383606977
ch-af-apac-eu-row-us/pf080_k050_a040,apac,2035,110.01520870078564,109.91220811430043,5.6543737236867654e-08,-3.499230178523947e-09,109.91220816734493,0.10299999918754321,5.342531632646086e-07,0.10300053344070648
ch-af-apac-eu-row-us/pf080_k050_a040,apac,2040,99.41154579136575,99.2855457948314,5.992087863180444e-09,-1.0263690879054132e-09,99.28554579979712,0.12599999990204433,-8.333410711491851e-09,0.12599999156863362
ch-af-apac-eu-row-us/pf080_k050_a040,ch,2025,163.32399999847505,163.00000001388528,2.5922205169826612e-09,-4.653847896334991e-09,163.00000001182366,0.323999999876927,-1.322554005200871e-08,0.32399998665138696
ch-af-apac-eu-row-us/pf080_k050_a040,ch,2030,107.7909238185762,107.44092378936604,4.622572293033342e-10,-3.3564098812565584e-10,107.44092378949266,0.34999999997650116,2.9107044718923447e-08,0.3500000290835459
ch-af-apac-eu-row-us/pf080_k050_a040,ch,2035,95.90883461387698,95.57583307980822,2.3410517236530306e-08,-2.782841164618959e-08,95.57583307539032,0.3329999988436778,1.5396429777769782e-06,0.3330015384866556
ch-af-apac-eu-row-us/pf080_k050_a040,ch,2040,86.65125722071389,86.33525720719929,1.6252828679005173e-09,-5.895226480021287e-10,86.33525720823505,0.3159999999286804,1.2550157857393884e-08,0.31600001247883824
ch-af-apac-eu-row-us/pf080_k050_a040,eu,2025,290.6387115934885,163.00000985104174,16.11799959249321,111.44570219284799,290.56371163638295,0.07499999135981598,-3.42542691295078e-08,0.07499995710554686
ch-af-apac-eu-row-us/pf080_k050_a040,eu,2030,261.6210509230561,185.82102487165307,10.74432045759203,-11.997081229465012,184.56826409978007,0.05021913514467838,77.00256768813135,77.05278682327602
ch-af-apac-eu-row-us/pf080_k050_a040,eu,2035,224.9651732617697,183.13692780076158,9.775785845115465,-30.88221758516373,162.03049606071332,0.08489535187327006,62.84978184918312,62.93467720105639
ch-af-apac-eu-row-us/pf080_k050_a040,eu,2040,352.63100344050315,159.3649073512362,2.8802194369749436,40.44150491685812,202.68663170506926,0.04642852081506855,149.89794321461883,149.9443717354339
ch-af-apac-eu-row-us/pf080_k050_a040,row,2025,351.93627443634364,187.45000316559822,18.882414356124077,145.55885694066708,351.8912744623894,0.04499999822182891,-2.426758120149808e-08,0.04499997395424771
ch-af-apac-eu-row-us/pf080_k050_a040,row,2030,232.97593868783696,196.44975490132867,6.297957692226697,24.68434128892173,227.43205388247708,0.03887945507638239,5.505005350283498,5.54388480535988
ch-af-apac-eu-row-us/pf080_k050_a040,row,2035,207.23682711989176,187.82769431506546,5.150744913350731,-55.689115346374166,137.28932388204203,0.04143083708307779,69.90607240076665,69.94750323784973
ch-af-apac-eu-row-us/pf080_k050_a040,row,2040,187.2617191025024,187.17271893250768,4.0096134758402505e-09,3.519494345810316e-08,187.17271897171224,0.08899999994237354,1.3084779490468712e-07,0.08900013079016844
ch-af-apac-eu-row-us/pf080_k050_a040,us,2025,397.4871594540524,241.61515576917674,15.785279613885693,11.069276177139576,268.469711560202,0.01954933325507812,128.99789856059536,129.01744789385043
ch-af-apac-eu-row-us/pf080_k050_a040,us,2030,259.42258772799363,163.25776290803995,16.430643036997708,9.660715051640786,189.3491209966784,0.032695040005218785,70.04077169131,70.07346673131522
ch-af-apac-eu-row-us/pf080_k050_a040,us,2035,220.83979154160912,109.91222479933884,13.71008073028094,97.14748414086418,220.769789670484,0.0699999740022571,1.8971228717967747e-06,0.0700018711251289
ch-af-apac-eu-row-us/pf080_k050_a040,us,2040,287.257963044852,170.15460963037108,1.0755966897450083e-08,9.72289017918859e-08,170.15460973835596,0.07499999987324057,117.02835330662278,117.10335330649602
ch-af-apac-eu-row-us/pf080_k100_a030,af,2025,337.97860697397795,169.09620189802916,6.930000209523171,108.55152597188294,284.5777280794353,0.005511999930890093,53.395366894611755,53.40087889454264
ch-af-apac-eu-row-us/pf080_k100_a030,af,2030,369.3991979816169,232.92928602389864,12.499999998865626,61.89793390477521,307.3272199275395,0.013999999953265008,62.057978054124156,62.07197805407742
ch-af-apac-eu-row-us/pf080_k100_a030,af,2035,304.4402778869703,207.20605775687557,12.499999919495252,-5.7396605678484445,213.9663971085224,0.01999999843118721,90.45388078001673,90.47388077844792
ch-af-apac-eu-row-us/pf080_k100_a030,af,2040,186.8889147800785,99.28554595470686,13.172616052428113,74.40275221347339,186.8609142206084,0.02799999875809609,5.607119906367308e-07,0.028000559470086728
ch-af-apac-eu-row-us/pf080_k100_a030,apac,2025,198.380290371924,236.64199963833417,7.978801633450558,-66.23593042649328,178.38487084529146,0.025360000002643195,19.97005952662989,19.99541952663253
ch-af-apac-eu-row-us/pf080_k100_a030,apac,2030,136.0845674235821,123.5570623607801,1.3580670124354532e-09,3.8194093694580805e-09,123.55706236595756,0.08499999998412913,12.442505057640394,12.527505057624523
ch-af-apac-eu-row-us/pf080_k100_a030,apac,2035,110.01520797517256,109.91220799591338,1.6209263812806574e-08,3.647300714139219e-08,109.91220804859564,0.10299999975851887,-7.318160538671847e-08,0.10299992657691348
ch-af-apac-eu-row-us/pf080_k100_a030,apac,2040,99.41154603776202,99.2855457968442,7.89031834413607e-09,2.3985275682793383e-09,99.28554580713303,0.12599999985915147,2.3076983765579762e-07,0.12600023062898913
ch-af-apac-eu-row-us/pf080_k100_a030,ch,2025,163.3239999983336,163.0000000186176,4.513867233360876e-09,-1.3090296936577868e-08,163.0000000100412,0.3239999997842605,-1.1491860851808866e-08,0.3239999882923996
ch-af-apac-eu-row-us/pf080_k100_a030,ch,2030,107.7531168298854,109.18178720769069,1.4294155618706523,-4.484677782143555,106.1265249874178,0.2825538879197547,1.3440379545478498,1.6265918424676045
ch-af-apac-eu-row-us/pf080_k100_a030,ch,2035,95.90883302935896,95.57583302294013,5.073772669089384e-09,3.0194130914514802e-09,95.57583303103331,0.33299999975383376,-1.4281866800303078e-09,0.3329999983256471
ch-af-apac-eu-row-us/pf080_k100_a030,ch,2040,86.65125729243223,86.33525721270553,6.376918260723963e-09,-7.085674851451403e-09,86.33525721199678,0.31599999969647846,8.073897966864862e-08,0.31600008043545813
ch-af-apac-eu-row-us/pf080_k100_a030,eu,2025,283.2465316234694,187.4500005185398,16.307173479850018,68.51206726825528,272.2692412666451,0.07499999944238325,10.90229035738193,10.977290356824312
ch-af-apac-eu-row-us/pf080_k100_a030,eu,2030,398.002400019484,200.94847733636703,5.728141307645,-28.53595051709519,178.14066812691684,0.039040304258893405,219.8226915883083,219.86173189256718
ch-af-apac-eu-row-us/pf080_k100_a030,eu,2035,305.7872902142485,174.26272275548058,10.675189878610071,-1.7087460945836894,183.22916653950696,0.05188903133526406,122.50623464340629,122.55812367474155
ch-af-apac-eu-row-us/pf080_k100_a030,eu,2040,166.23306487879043,86.33525750353445,16.117999972685265,63.68080733153522,166.13406480775492,0.09899999910543769,7.193006709704797e-08,0.09900007103550479
ch-af-apac-eu-row-us/pf080_k100_a030,row,2025,324.43474895943945,310.7000000535325,14.459600099174972,-98.29426057457223,226.86533957813526,0.03939999989255197,97.53000938141163,97.56940938130418
ch-af-apac-eu-row-us/pf080_k100_a030,row,2030,295.05726437741845,232.92928613965105,7.34873731079435e-09,5.5911640492173373e-08,232.9292862029114,0.06999999993601884,62.05797817457102,62.127978174507035
ch-af-apac-eu-row-us/pf080_k100_a030,row,2035,297.73894188910174,207.20606018424598,5.7107761344140266e-08,1.1715839578567782e-07,207.20606035851213,0.07899999908512081,90.45388153150448,90.5328815305896
ch-af-apac-eu-row-us/pf080_k100_a030,row,2040,181.49781368020916,140.80254986685108,14.865204674694484,-35.28955285798266,120.37820168356292,0.03977089773168951,61.07984109891455,61.11961199664624
ch-af-apac-eu-row-us/pf080_k100_a030,us,2025,288.8809197058529,166.80333413925055,11.533879241142364,108.8146166267051,287.151830007098,0.0331777774545777,1.6959119213002987,1.7290896987548763
ch-af-apac-eu-row-us/pf080_k100_a030,us,2030,306.667105193999,181.6530780054804,13.751174192726197,72.43312072044245,267.83737291864907,0.03262636111962287,38.79710591423033,38.829732275349954
ch-af-apac-eu-row-us/pf080_k100_a030,us,2035,328.13734512148613,175.27927758982696,16.25384844798946,-20.141576336516827,171.39154970129957,0.03283137725400041,156.71296404293255,156.74579542018657
ch-af-apac-eu-row-us/pf080_k100_a030,us,2040,175.26325081275988,127.32135302614005,16.10094609314076,5.496928445453109,148.91922756473392,0.037605765125397414,26.306417482900564,26.344023248025962
ch-af-apac-eu-row-us/pf080_k100_a040,af,2025,358.8068252702912,163.00000292430255,10.49999833584731,185.29679579790147,358.79679705805137,0.009999996810931982,2.8215428899209388e-05,0.010028212239831191
ch-af-apac-eu-row-us/pf080_k100_a040,af,2030,348.45052917119943,112.42157811783437,6.075000013931731,127.45463679219355,245.95121492395964,0.0071728571233805735,102.49214139011642,102.4993142472398
ch-af-apac-eu-row-us/pf080_k100_a040,af,2035,369.04252356215886,164.7369685963416,7.250000117590508,86.60842083922697,258.59538955315907,0.010255999465177421,110.43687800953462,110.4471340089998
ch-af-apac-eu-row-us/pf080_k100_a040,af,2040,542.9205286613095,136.53786161107124,8.465376044314338,120.02644653419746,265.029684189583,0.012950114980897057,277.87789435674557,277.8908444717265
ch-af-apac-eu-row-us/pf080_k100_a040,apac,2025,271.59531640367084,187.4500005012191,5.691998869428776e-08,-2.3122379423603079e-07,187.45000032691533,0.0499999996140063,84.0953160771415,84.1453160767555
ch-af-apac-eu-row-us/pf080_k100_a040,apac,2030,123.64206235755933,123.55706235888636,9.7779552209374e-10,-3.8752280245181233e-10,123.55706235947663,0.08499999998903832,-1.9063446654588034e-09,0.08499999808269365
ch-af-apac-eu-row-us/pf080_k100_a040,apac,2035,110.01520804149172,109.91220801955464,1.8548335011515528e-08,4.086729208780893e-08,109.91220807897027,0.10299999975290104,-3.723144954836943e-08,0.1029999625214515
ch-af-apac-eu-row-us/pf080_k100_a040,apac,2040,99.41154578486878,99.28554578037956,3.3037289672222203e-10,5.518254333873877e-10,99.28554578126177,0.12599999999435232,3.612651594542271e-09,0.12600000360700392
ch-af-apac-eu-row-us/pf080_k100_a040,ch,2025,163.3239999998965,163.0000000012359,1.917174538525628e-10,-6.719307855156662e-10,163.00000000075568,0.32399999999138634,-8.505623427801368e-10,0.323999999140824
ch-af-apac-eu-row-us/pf080_k100_a040,ch,2030,118.0004645941576,107.44092378815124,2.307369321621054e-10,-1.943354472070422e-10,107.44092378818763,0.3499999999898413,10.209540805980133,10.559540805969974
ch-af-apac-eu-row-us/pf080_k100_a040,ch,2035,95.9088331358815,95.57583303533987,7.18514737454375e-09,-4.920881527730938e-09,95.57583303760413,0.3329999996723553,9.860501160030566e-08,0.3330000982773669
ch-af-apac-eu-row-us/pf080_k100_a040,ch,2040,86.65125720299432,86.33525719996636,1.668296970877564e-10,1.3888461130639555e-10,86.33525720027208,0.3159999999925844,2.7296494509165825e-09,0.31600000272223383
ch-af-apac-eu-row-us/pf080_k100_a040,eu,2025,278.79674479643205,182.56000001582822,16.26933880863987,12.640152879196133,211.4694917036642,0.05099999996371461,67.27625309280413,67.32725309276785
ch-af-apac-eu-row-us/pf080_k100_a040,eu,2030,227.93469835565375,107.44092382386008,16.117999997346185,94.07623373272985,217.63515755393607,0.089999999935744,10.20954080178194,10.299540801717683
ch-af-apac-eu-row-us/pf080_k100_a040,eu,2035,309.1418342682287,189.76647613001597,9.302374941443095,-57.760833846178464,141.3080172252806,0.08193004666753356,167.75188699628058,167.8338170429481
ch-af-apac-eu-row-us/pf080_k100_a040,eu,2040,479.3122539686869,169.5206913888902,3.1220671185525415,60.23777578965943,232.8805342971022,0.052149669852515054,246.37957000173216,246.4317196715847
ch-af-apac-eu-row-us/pf080_k100_a040,row,2025,330.21861105858505,230.96582169848088,11.04864038004709,34.47318048690349,276.4876425654315,0.019549334294503024,53.711419158859066,53.73096849315357
ch-af-apac-eu-row-us/pf080_k100_a040,row,2030,232.93671538905423,120.75923593198647,13.047303812844413,89.9474738041001,223.75401354893097,0.056718496654939964,9.125983343468318,9.182701840123258
ch-af-apac-eu-row-us/pf080_k100_a040,row,2035,207.2850609488596,207.20606043494638,1.8681150516485055e-08,1.6590392806046762e-07,207.20606061953146,0.07899999977888934,3.29549263586304e-07,0.07900032932815293
ch-af-apac-eu-row-us/pf080_k100_a040,row,2040,314.50042848231817,187.17271894802585,8.451189780937087e-10,8.833840216455243e-09,187.1727189577048,0.08899999998849811,127.23870952462487,127.32770952461337
ch-af-apac-eu-row-us/pf080_k100_a040,us,2025,296.37810463310853,163.0000012532067,11.133000016645273,122.20010335298043,296.3331046228324,0.04499999939144671,1.088466562715329e-08,0.045000010276112334
ch-af-apac-eu-row-us/pf080_k100_a040,us,2030,211.78116314506016,204.00116172565993,10.025708705726155,-56.169715692789886,157.8571547385962,0.03265401072074559,53.89135439574322,53.92400840646397
ch-af-apac-eu-row-us/pf080_k100_a040,us,2035,298.6300820021368,185.43894448051716,17.19766120755689,-37.90460111644458,164.7320045716295,0.03983343135310435,133.8582439991542,133.89807743050733
ch-af-apac-eu-row-us/pf080_k100_a040,us,2040,357.3726143765716,171.87458323956534,1.3934590790703028,2.9477439494447704,176.21578626808042,0.06137210031965079,181.09545600817154,181.1568281084912
ch-af-apac-eu-row-us/pf100_k050_a040,af,2025,470.506125613717,259.0212056015446,6.468000307261148,18.765034879878634,284.25424078868434,0.005511998620053414,186.24637282641262,186.25188482503268
ch-af-apac-eu-row-us/pf100_k050_a040,af,2030,306.1296631986603,164.40761472692103,5.6731746101175045,37.57057697374439,207.65136631078292,0.007174284579896488,98.47112260329749,98.47829688787738
ch-af-apac-eu-row-us/pf100_k050_a040,af,2035,316.81511452788226,164.78282459996635,7.2556687134369735,56.36055155464955,228.39904486805287,0.010258910573853199,88.40581074925554,88.41606965982939
ch-af-apac-eu-row-us/pf100_k050_a040,af,2040,351.0903264959261,134.1359665902556,5.9897617229103455,1.6075291351784233,141.73325744834438,0.014692466735153151,209.34237658084658,209.35706904758172
ch-af-apac-eu-row-us/pf100_k050_a040,apac,2025,187.4999999806151,187.45000002475956,6.244338907188775e-09,1.6057846080170998e-08,187.45000004706174,0.04999999995517809,-6.640182645401005e-08,0.04999993355335164
ch-af-apac-eu-row-us/pf100_k050_a040,apac,2030,165.03144166829185,123.55706241287042,2.0049376562855336e-08,4.070189469425845e-08,123.5570624736217,0.08499999976979686,41.38937919490035,41.47437919467015
ch-af-apac-eu-row-us/pf100_k050_a040,apac,2035,110.0152079503711,109.91220795698565,2.3984825107789423e-09,3.798484321939705e-09,109.91220796318262,0.1029999999662982,-1.277781562503133e-08,0.10299998718848258
ch-af-apac-eu-row-us/pf100_k050_a040,apac,2040,99.4115457802138,99.28554578167193,7.672011827441079e-10,2.145870751884795e-09,99.285545784585,0.12599999998666803,-4.3578653186049365e-09,0.1259999956288027
ch-af-apac-eu-row-us/pf100_k050_a040,ch,2025,163.32399999936524,163.00000000594338,9.689687152884956e-10,1.4831656373958518e-09,163.00000000839552,0.32399999995288364,-8.983158994446683e-09,0.32399999096972465
ch-af-apac-eu-row-us/pf100_k050_a040,ch,2030,107.7909238177376,107.44092379916657,2.5577103231079777e-09,2.2800991031386034e-09,107.44092380400437,0.34999999988016894,1.385306747092585e-08,0.3500000137332364
ch-af-apac-eu-row-us/pf100_k050_a040,ch,2035,95.90883302017824,95.57583300319672,5.974116967275597e-10,1.606781878756474e-09,95.57583300540091,0.33299999997246243,1.4804863779360744e-08,0.3330000147773262
ch-af-apac-eu-row-us/pf100_k050_a040,ch,2040,86.6512572036969,86.33525720090874,5.79450957936399e-10,2.860748317784956e-10,86.33525720177427,0.3159999999732837,1.9493479608279074e-09,0.31600000192263167
ch-af-apac-eu-row-us/pf100_k050_a040,eu,2025,432.2830678681722,279.59666878295224,9.044677111130541,12.300882926299318,300.94222882038207,0.030812266346484325,131.31002678144367,131.34083904779015
ch-af-apac-eu-row-us/pf100_k050_a040,eu,2030,231.44805808853425,146.76160575468614,11.334383322364888,34.53050305640642,192.62649213345753,0.050644988696412145,38.77092096638031,38.82156595507672
ch-af-apac-eu-row-us/pf100_k050_a040,eu,2035,302.22765410762315,155.07555821777584,6.558402702058766,63.816843510630186,225.45080443046479,0.03636027596409817,76.74048940119427,76.77684967715837
ch-af-apac-eu-row-us/pf100_k050_a040,eu,2040,338.6869828352339,165.19892670824083,5.279198587964783,41.2713205082561,211.74944580446174,0.034143110650551846,126.9033939201216,126.93753703077215
ch-af-apac-eu-row-us/pf100_k050_a040,row,2025,329.5622043352002,163.00000026699485,14.596452310809383,151.92075180513714,329.5172043829413,0.04499999959513236,-4.733625548480891e-08,0.044999952258876874
ch-af-apac-eu-row-us/pf100_k050_a040,row,2030,219.84952841139653,113.45994954221656,16.197165493033403,74.69714436841181,204.35425940366179,0.037241089339649924,15.458027918395098,15.495269007734748
ch-af-apac-eu-row-us/pf100_k050_a040,row,2035,207.28506054978388,207.20606051092162,3.4393368457572517e-09,1.4157416682487588e-08,207.20606052851835,0.07899999995478417,2.1310744460767417e-08,0.07900002126552863
ch-af-apac-eu-row-us/pf100_k050_a040,row,2040,243.38031885802897,187.17271894293881,2.0019480525097076e-09,1.5156565490432442e-08,187.1727189600973,0.08899999997230391,56.118599897959356,56.20759989793166
ch-af-apac-eu-row-us/pf100_k050_a040,us,2025,306.812855649632,163.00000084675392,11.133000080127418,132.634854782597,306.7678557094783,0.044999997162272376,-5.700854260881627e-08,0.04499994015372977
ch-af-apac-eu-row-us/pf100_k050_a040,us,2030,217.6804304537107,211.7509002792869,2.986463425437321e-08,1.6518945745526e-07,211.750900474341,0.06499999970495329,5.86452997966475,5.929529979369704
ch-af-apac-eu-row-us/pf100_k050_a040,us,2035,249.0648063843107,188.36648067277113,8.229934750564127e-09,4.7277893502140564e-08,188.36648072827896,0.06999999991117642,60.62832565612058,60.698325656031756
ch-af-apac-eu-row-us/pf100_k050_a040,us,2040,279.45236778919536,170.15460964613754,4.9754493543600955e-09,5.121532674151306e-08,170.15460970232832,0.07499999994424546,109.22275808692281,109.29775808686705
ch-af-apac-eu-row-us/pf100_k100_a030,af,2025,310.8978171310511,163.00000166391888,10.499999974207054,137.38781514008483,310.8878167782107,0.009999999681692903,3.5315870023158724e-07,0.010000352840393134
ch-af-apac-eu-row-us/pf100_k100_a030,af,2030,246.9195624889192,178.66017932634904,7.74309518933214,0.38351186958838096,186.78678638526958,0.004833201976377788,60.12794290167326,60.13277610364963
ch-af-apac-eu-row-us/pf100_k100_a030,af,2035,221.3258296410945,160.23295852605648,7.656421842479559,0.5497580938322664,168.43913846236828,0.006995747676886601,52.87969543104932,52.88669117872621
ch-af-apac-eu-row-us/pf100_k100_a030,af,2040,194.69235322954427,90.03225793544838,6.412500198411135,59.752282826610035,156.19704096046956,0.01468642803480765,38.480625841039895,38.4953122690747
ch-af-apac-eu-row-us/pf100_k100_a030,apac,2025,309.026458154971,187.4500002035661,3.7254143476839103e-08,8.068716884266489e-08,187.45000032150742,0.04999999974784408,121.52645783371575,121.57645783346359
ch-af-apac-eu-row-us/pf100_k100_a030,apac,2030,195.499072697322,107.44092380182812,13.780421575506793,74.19272730351297,195.41407268084788,0.08499999993412306,1.653998875361662e-08,0.08500001647411182
ch-af-apac-eu-row-us/pf100_k100_a030,apac,2035,163.81178858370887,109.05848503274171,0.8206163102667012,3.2424309533823967,113.12153229639082,0.09146332036036944,50.59879296695768,50.69025628731805
ch-af-apac-eu-row-us/pf100_k100_a030,apac,2040,159.46702958254858,99.28554583073706,2.088917424116121e-08,3.4995887813659066e-08,99.28554588662213,0.1259999996288621,60.055483696297586,60.181483695926445
ch-af-apac-eu-row-us/pf100_k100_a030,ch,2025,163.32399999893548,163.00000000842687,1.2067865857473543e-09,7.12138642551204e-12,163.0000000096408,0.32399999994293377,-1.0648242565469701e-08,0.3239999892946912
ch-af-apac-eu-row-us/pf100_k100_a030,ch,2030,107.79092378772656,107.4409237880626,2.333785605858272e-10,-6.555262136000832e-12,107.44092378828942,0.3499999999883017,-5.51170942220125e-10,0.3499999994371308
ch-af-apac-eu-row-us/pf100_k100_a030,ch,2035,95.90883300751864,95.57583301679844,4.068049615868762e-09,6.360263816663252e-10,95.57583302150252,0.3329999998058288,-1.3789709318867693e-08,0.33299998601611946
ch-af-apac-eu-row-us/pf100_k100_a030,ch,2040,86.65125720650978,86.33525721211845,3.4376650922837373e-09,4.209303916160763e-11,86.3352572155982,0.31599999984255595,-8.930977679622032e-09,0.31599999091157827
ch-af-apac-eu-row-us/pf100_k100_a030,eu,2025,310.9214420221916,182.56000038097648,16.269338774736756,14.819936329726442,213.6492754854397,0.05099999992144944,97.2211665368305,97.27216653675194
ch-af-apac-eu-row-us/pf100_k100_a030,eu,2030,220.9139429775651,138.67140793133316,12.962574114718324,1.1450915983839092,152.77907364443539,0.06065389398581518,68.07421543914391,68.13486933312973
ch-af-apac-eu-row-us/pf100_k100_a030,eu,2035,205.1761059469238,116.82468583250329,11.831037962282453,68.56727314038814,197.22299693517388,0.057905989545721126,7.895203022204195,7.953109011749916
ch-af-apac-eu-row-us/pf100_k100_a030,eu,2040,194.6514641050261,120.21983457120298,11.151034552920429,12.391891600391082,143.7627607245145,0.05148960735022054,50.83721377316138,50.8887033805116
ch-af-apac-eu-row-us/pf100_k100_a030,row,2025,325.7521036460154,230.96582180604167,11.048640158624892,64.5214184732456,306.53588043791217,0.019549333217329556,19.196673874885928,19.21622320810326
ch-af-apac-eu-row-us/pf100_k100_a030,row,2030,221.40981724888533,115.9124791057588,16.849396908319537,46.80337173346385,179.56524774754223,0.03509215681826343,41.809477344524836,41.8445695013431
ch-af-apac-eu-row-us/pf100_k100_a030,row,2035,201.9339442312265,109.91220848337113,18.88241456652689,19.257607726525176,148.05223077642322,0.0789999975617388,53.80271345724154,53.881713454803275
ch-af-apac-eu-row-us/pf100_k100_a030,row,2040,186.82453707805595,86.3352624416997,14.596451682778424,85.8038217476297,186.73553587210785,0.08899998751350656,1.2184346014493252e-06,0.08900120594810801
ch-af-apac-eu-row-us/pf100_k100_a030,us,2025,288.8477404356905,163.0000002411628,11.13299999815723,114.66974014725245,288.8027403865725,0.044999999760347076,4.9357669174021623e-08,0.04500004911801625
ch-af-apac-eu-row-us/pf100_k100_a030,us,2030,219.72009256143517,123.55706236655807,13.71008080588363,2.850331034290769,140.11747420673248,0.06499999991449142,79.5376183547882,79.60261835470268
ch-af-apac-eu-row-us/pf100_k100_a030,us,2035,178.100653927962,107.7030072285547,13.312958842011355,11.52109190352578,132.53705797409182,0.051750786016805245,45.51184516785336,45.56359595387016
ch-af-apac-eu-row-us/pf100_k100_a030,us,2040,184.53371099398083,98.38281314313511,13.530438805000712,16.6860232042037,128.59927515233952,0.06527273856777804,55.86916310307354,55.93443584164132
ch-af-apac-eu-row-us/pf120_k050_a030,af,2025,304.61204108635883,169.09620037134522,6.930000069231133,86.52959047453699,262.55579091511333,0.005511999845680711,42.050738171399814,42.056250171245495
ch-af-apac-eu-row-us/pf120_k050_a030,af,2030,199.364280626967,123.5570625398278,13.172616057691839,62.62060188176325,199.3502804792829,0.01399999973865703,1.4794544370838603e-07,0.014000147684100739
ch-af-apac-eu-row-us/pf120_k050_a030,af,2035,262.6883350552934,150.00503253160042,8.313676132847707,29.80330837849525,188.12201704294338,0.009116724744095792,74.55720128760593,74.56631801235002
ch-af-apac-eu-row-us/pf120_k050_a030,af,2040,195.64556353601813,89.81848972241964,6.648848767258365,62.55779457586206,159.02513306554007,0.014993915956179365,36.60543655452187,36.620430470478055
ch-af-apac-eu-row-us/pf120_k050_a030,apac,2025,248.22713424255107,187.45000001000687,3.496109665975159e-09,1.975733901087974e-08,187.45000003326032,0.04999999997269676,60.72713420931805,60.77713420929075
ch-af-apac-eu-row-us/pf120_k050_a030,apac,2030,123.6420623743372,123.55706237458452,5.900755823593318e-09,2.5013811758786366e-08,123.55706240549908,0.08499999992755226,-3.10894333749312e-08,0.08499996883811889
ch-af-apac-eu-row-us/pf120_k050_a030,apac,2035,163.3325121768166,109.91220800355633,1.572800669732879e-08,6.406429600554285e-08,109.91220808334863,0.1029999997824217,53.31730409368556,53.420304093467976
ch-af-apac-eu-row-us/pf120_k050_a030,apac,2040,132.6209005207737,99.28554584644053,7.823592712210077e-08,2.2302322709651226e-07,99.28554614769968,0.12599999858484456,33.209354374489166,33.33535437307401
ch-af-apac-eu-row-us/pf120_k050_a030,ch,2025,163.32400000005447,163.00000000178062,2.787842560610169e-10,1.069294828240371e-09,163.0000000031287,0.3239999999862038,-3.060425746159723e-09,0.3239999969257781
ch-af-apac-eu-row-us/pf120_k050_a030,ch,2030,107.79092379883556,107.44092379487692,2.0995128771834925e-09,5.509796757631203e-09,107.44092380248622,0.34999999989214675,-3.5428073252852244e-09,0.3499999963493394
ch-af-apac-eu-row-us/pf120_k050_a030,ch,2035,95.90883301570554,95.57583301435626,3.5110674207817982e-09,7.210348834328969e-09,95.57583302507767,0.33299999983760414,-9.209735474247083e-09,0.33299999062786867
ch-af-apac-eu-row-us/pf120_k050_a030,ch,2040,86.65125722760432,86.3352572477201,1.4127828330220143e-08,2.551391582918157e-08,86.33525728736184,0.3159999993406315,-5.9098154148173876e-08,0.31599994024247735
ch-af-apac-eu-row-us/pf120_k050_a030,eu,2025,288.040131549343,163.00000005658336,16.117999994013942,108.84713149999843,287.9651315505957,0.07499999991153898,-1.1642087710539428e-09,0.07499999874733021
ch-af-apac-eu-row-us/pf120_k050_a030,eu,2030,242.16940963050908,145.67369257080216,10.713951548765548,66.22818980607326,222.6158339256409,0.044725395676922804,19.508850309191242,19.553575704868166
ch-af-apac-eu-row-us/pf120_k050_a030,eu,2035,209.1028007402407,129.09143883488247,11.536193590328129,20.868431447714787,161.4960638729254,0.05567521575876896,47.55106165155654,47.606736867315306
ch-af-apac-eu-row-us/pf120_k050_a030,eu,2040,177.17735732530028,115.90028140543801,11.731766386768482,20.36261147809699,147.99465927030352,0.05903305217715402,29.12366500281961,29.182698054996763
ch-af-apac-eu-row-us/pf120_k050_a030,row,2025,346.0497741210419,187.45000018020434,18.88241469309398,78.9452250784251,285.2776399517235,0.044999999856262664,60.72713416946214,60.772134169318406
ch-af-apac-eu-row-us/pf120_k050_a030,row,2030,225.45878146063868,107.44092412771812,14.596452282837951,103.3514050824874,225.38878149304352,0.06999999933804797,-3.1742896269837395e-08,0.0699999675951517
ch-af-apac-eu-row-us/pf120_k050_a030,row,2035,194.0684429423264,95.57583334061766,14.5964522744064,83.81715738743772,193.9894430024618,0.07899999936925477,-5.950463881354562e-08,0.07899993986461595
ch-af-apac-eu-row-us/pf120_k050_a030,row,2040,176.4155083990938,95.34421314045244,17.578010580006705,40.3396610627713,153.26188478323044,0.05131411336173145,23.102309502501623,23.153623615863353
ch-af-apac-eu-row-us/pf120_k050_a030,us,2025,291.84016090077137,171.15000001231908,11.992026930733697,88.43075598051732,271.57278292357006,0.02500000001489278,20.242377977186415,20.267377977201306
ch-af-apac-eu-row-us/pf120_k050_a030,us,2030,217.64062914447183,156.31504494022715,5.916666855265505,52.63094423330811,214.86265602880079,0.03262860797679838,2.745344507694247,2.7779731156710454
ch-af-apac-eu-row-us/pf120_k050_a030,us,2035,210.69703768082056,131.64797431286152,9.911701120887937,24.3683550864817,165.92803052023115,0.0419589290488144,44.72704823154059,44.76900716058941
ch-af-apac-eu-row-us/pf120_k050_a030,us,2040,185.44659457900977,120.10886383383298,6.647143864956213,52.50220079487288,179.2582084936621,0.038913291575623336,6.14947279377205,6.188386085347673
ch-af-apac-eu-row-us/pf120_k050_a040,af,2025,310.05915820707435,185.23319896492083,8.693926534937473,22.070722759108623,215.99784825896694,0.0055119993105788335,94.05579794879682,94.06130994810741
ch-af-apac-eu-row-us/pf120_k050_a040,af,2030,275.6215619960915,165.28481198250014,5.7834000164634585,26.919437945623596,197.9876499445872,0.007227520525420388,77.62668453097888,77.6339120515043
ch-af-apac-eu-row-us/pf120_k050_a040,af,2035,249.58293929452424,147.45204039619077,5.842760019480152,28.79256055232171,182.08736096799262,0.010370177487010772,67.48520814904461,67.49557832653161
ch-af-apac-eu-row-us/pf120_k050_a040,af,2040,211.22852086754943,98.00112383933671,8.273343836590238,26.93203725949118,133.20650493541814,0.014918528161639992,78.00709740396965,78.0220159321313
ch-af-apac-eu-row-us/pf120_k050_a040,apac,2025,263.4894614552298,187.45000002865814,6.076026679422165e-09,3.877264884090926e-08,187.4500000735068,0.049999999956304254,75.98946138176669,76.03946138172299
ch-af-apac-eu-row-us/pf120_k050_a040,apac,2030,185.8287318033501,123.55706235716816,2.4097998761348116e-09,1.1395232616140794e-08,123.5570623709732,0.08499999997073665,62.18666943240618,62.27166943237691
ch-af-apac-eu-row-us/pf120_k050_a040,apac,2035,123.52392457972468,109.91220796028168,3.827063412421548e-09,1.2044757201781803e-08,109.91220797615351,0.10299999994583696,13.50871660362533,13.611716603571168
ch-af-apac-eu-row-us/pf120_k050_a040,apac,2040,155.28378672491158,99.2855457799089,4.053128102286152e-09,1.5702769489074555e-08,99.2855457996648,0.1259999999266542,55.87224092532012,55.998240925246776
ch-af-apac-eu-row-us/pf120_k050_a040,ch,2025,163.3239999993712,163.00000000389048,5.951118245814949e-10,2.0769516590924653e-09,163.00000000656254,0.3239999999707608,-7.162094695090104e-09,0.3239999928086661
ch-af-apac-eu-row-us/pf120_k050_a040,ch,2030,107.79092378801457,107.44092378776755,1.7160480179344235e-10,4.1733384257169707e-10,107.44092378835649,0.3499999999912664,-3.33185257161972e-10,0.34999999965808115
ch-af-apac-eu-row-us/pf120_k050_a040,ch,2035,95.9088330065625,95.57583300492688,1.2977796567606343e-09,2.5053150729405183e-09,95.57583300872997,0.3329999999396531,-2.1071226985469593e-09,0.3329999978325304
ch-af-apac-eu-row-us/pf120_k050_a040,ch,2040,86.65125720052637,86.33525720053466,3.0272471232901357e-10,6.686748148869345e-10,86.33525720150605,0.3159999999858959,-9.655755084381212e-10,0.3159999990203204
ch-af-apac-eu-row-us/pf120_k050_a040,eu,2025,291.071097905525,180.40840028026375,16.25269152853219,40.261267480421274,236.9223592892172,0.044241600364088834,54.10449701594369,54.14873861630778
ch-af-apac-eu-row-us/pf120_k050_a040,eu,2030,220.21903573243665,140.63469641751414,12.528125038342575,13.904701163745603,167.0675226196023,0.05795327429089414,53.093559838543456,53.15151311283435
ch-af-apac-eu-row-us/pf120_k050_a040,eu,2035,191.49765892554905,123.78406721994904,12.856442752822092,40.75565167256844,177.39616164533956,0.0633022735917243,14.038195006617762,14.101497280209486
ch-af-apac-eu-row-us/pf120_k050_a040,eu,2040,186.33226693546263,118.43990937137917,11.032397366789903,10.012962652996627,139.4852693911657,0.05567069352320888,46.791326850773714,46.846997544296926
ch-af-apac-eu-row-us/pf120_k050_a040,row,2025,305.7498298043427,163.00000011372035,14.59645230730876,128.10837738187524,305.7048298029043,0.04499999987771158,1.5606702041814913e-09,0.04500000143838179
ch-af-apac-eu-row-us/pf120_k050_a040,row,2030,224.11866578587657,107.44092382033914,14.59645230735639,102.01128964917845,224.048665776874,0.06999999993079885,9.071770792901113e-09,0.07000000900256964
ch-af-apac-eu-row-us/pf120_k050_a040,row,2035,196.8970316119224,95.5758332112638,14.596452325300884,86.64574602454202,196.81803156110672,0.0789999987768066,5.203885859728086e-08,0.07900005081566519
ch-af-apac-eu-row-us/pf120_k050_a040,row,2040,180.6646335394842,88.73711923559408,15.391360477341287,66.11154058687187,170.24002029980724,0.06210962576571411,10.362503613911258,10.424613239676972
ch-af-apac-eu-row-us/pf120_k050_a040,us,2025,365.7254794464012,310.70000006657915,0.7422000183778835,12.772631923710817,324.2148320086678,0.03939999992556133,41.47124743780782,41.51064743773338
ch-af-apac-eu-row-us/pf120_k050_a040,us,2030,246.38785834137195,193.97966838663356,2.443553750352219,13.994937587690226,210.41815972467603,0.043952029824203785,35.92574658687172,35.96969861669592
ch-af-apac-eu-row-us/pf120_k050_a040,us,2035,188.39960180808063,147.03358285831547,7.2230274972076485,26.990949970403946,181.24756032592708,0.03510085859244414,7.1169406235611055,7.15204148215355
ch-af-apac-eu-row-us/pf120_k050_a040,us,2040,226.1334343139295,154.5517021866256,3.0184838210591587,12.604254254599066,170.1744402622838,0.04924612030670555,55.909747931339,55.9589940516457
ch-af-apac-eu-row-us/pf120_k100_a030,af,2025,338.02652589172,169.09620017692467,6.930000007449513,108.583151096066,284.6093512804402,0.005511999986619799,53.411662611293174,53.41717461127979
ch-af-apac-eu-row-us/pf120_k100_a030,af,2030,215.35408682911188,112.4215787401606,6.075000909644692,56.35579401789183,174.85237366769712,0.007172857121222979,40.49454030429353,40.501713161414756
ch-af-apac-eu-row-us/pf120_k100_a030,af,2035,185.83852434168728,99.99143685073402,6.090000094181053,46.255633329250976,152.33707027416605,0.010255999838140921,33.49119806768308,33.50145406752122
ch-af-apac-eu-row-us/pf120_k100_a030,af,2040,224.8235635729553,90.03225748002026,6.412500089196325,78.153843190002,174.5986007592186,0.014686428050957621,50.210276385685724,50.22496281373668
ch-af-apac-eu-row-us/pf120_k100_a030,apac,2025,229.27296174328453,187.45000000607882,2.615705763025779e-09,1.3815370573326526e-08,187.45000002250987,0.049999999981031704,41.772961720793624,41.82296172077466
ch-af-apac-eu-row-us/pf120_k100_a030,apac,2030,166.66042880680618,123.55706244286486,5.6212230986117e-08,2.2333481076526182e-07,123.55706272241191,0.08499999931383528,43.01836608508043,43.10336608439427
ch-af-apac-eu-row-us/pf120_k100_a030,apac,2035,134.52077760026555,109.91220796846694,1.828288661041241e-08,4.952267926396219e-08,109.9122080362725,0.10299999972813347,24.50556956426491,24.608569563993044
ch-af-apac-eu-row-us/pf120_k100_a030,apac,2040,152.13242140029627,99.28554581959953,1.587271070972301e-08,5.850871546976129e-08,99.28554589398097,0.1259999997250038,52.720875506590296,52.8468755063153
ch-af-apac-eu-row-us/pf120_k100_a030,ch,2025,163.32399999985338,163.00000000132826,2.1317790100745699e-10,7.526278749282834e-10,163.0000000022941,0.3239999999897968,-2.4304988022194607e-09,0.323999997559298
ch-af-apac-eu-row-us/pf120_k100_a030,ch,2030,107.79092383034784,107.4409238176147,7.111123799646732e-09,1.627825077205292e-08,107.44092384100408,0.3499999996363153,-1.029255775053528e-08,0.34999998934375753
ch-af-apac-eu-row-us/pf120_k100_a030,ch,2035,95.90883300923,95.57583300988796,2.5493693090030615e-09,5.713846466006559e-09,95.57583301815117,0.33299999987538054,-8.796558814694322e-09,0.3329999910788217
ch-af-apac-eu-row-us/pf120_k100_a030,ch,2040,86.65125720665445,86.33525721357945,3.914208143469975e-09,7.5136978690304e-09,86.33525722500737,0.31599999982070803,-1.8173626492590245e-08,0.31599998164708154
ch-af-apac-eu-row-us/pf120_k100_a030,eu,2025,283.5349011381488,167.8900001348953,16.155834700233566,91.0834737897358,275.1293086248647,0.05099999958608653,8.354592513698062,8.405592513284148
ch-af-apac-eu-row-us/pf120_k100_a030,eu,2030,207.90961646726237,128.33432699088982,12.996446629715884,55.68312963510225,197.01390325570796,0.03960866783586322,10.856104543718546,10.895713211554408
ch-af-apac-eu-row-us/pf120_k100_a030,eu,2035,174.93184536322426,105.18406865321315,16.244783475142942,37.026366065148544,158.45521819350463,0.053003900521013274,16.423623269198607,16.47662716971962
ch-af-apac-eu-row-us/pf120_k100_a030,eu,2040,196.49857060346483,115.72005227759377,11.610198844562843,23.03985830407961,150.37010942623624,0.0524210672859257,46.07604010994266,46.12846117722859
ch-af-apac-eu-row-us/pf120_k100_a030,row,2025,312.9354774997439,163.00000003907667,14.596452308317094,135.29402516410673,312.8904775115006,0.04499999996445871,-1.1721139746290188e-08,0.04499998824331897
ch-af-apac-eu-row-us/pf120_k100_a030,row,2030,232.90703216195064,123.56542390902084,18.88097104659657,47.3755717424754,189.82196669809284,0.06998929613587676,43.01507616772192,43.0850654638578
ch-af-apac-eu-row-us/pf120_k100_a030,row,2035,187.72518975179628,95.5758332007919,14.596452296110128,77.473904282295,187.64618977919707,0.07899999942983447,-2.6830628371832255e-08,0.0789999725992061
ch-af-apac-eu-row-us/pf120_k100_a030,row,2040,170.58495031911806,86.33525740784442,14.596452288452044,69.56424065015749,170.49595034645395,0.08899999942072634,-2.675661414652808e-08,0.08899997266411219
ch-af-apac-eu-row-us/pf120_k100_a030,us,2025,284.57270566172105,187.44999985162272,13.710080787205651,41.59466359342682,242.7547442322552,0.04499999934692243,41.77296143011892,41.81796142946584
ch-af-apac-eu-row-us/pf120_k100_a030,us,2030,222.8194590279564,141.93969205053682,7.450947791531848,69.73896482161308,219.12960466368176,0.03622466313444688,3.653629701140205,3.6898543642746517
ch-af-apac-eu-row-us/pf120_k100_a030,us,2035,187.2772214354995,109.9122091790144,13.710080464026472,39.079363393100046,162.70165303614093,0.06999999326071342,24.505568406097876,24.575568399358588
ch-af-apac-eu-row-us/pf120_k100_a030,us,2040,201.28892164728936,120.04838807958758,9.693374005519328,25.113110663070852,154.85487274817777,0.043928919238539595,46.39011997987305,46.43404889911159
ch-af-apac-eu-row-us/pf120_k100_a040,af,2025,367.753161975695,169.0962066320838,6.929999979008169,128.2027245213442,304.2289311324362,0.00551199936092866,63.51871884389788,63.524230843258806
ch-af-apac-eu-row-us/pf120_k100_a040,af,2030,244.46891403028224,121.34531000121957,7.5548650481629345,48.58837528990488,177.4885503392874,0.00678746790387719,66.97357622309096,66.98036369099484
ch-af-apac-eu-row-us/pf120_k100_a040,af,2035,213.9871084931357,101.70488082970498,6.409423786089707,56.374999355034774,164.48930397082947,0.00805457452125819,49.48974994778498,49.49780452230624
ch-af-apac-eu-row-us/pf120_k100_a040,af,2040,190.0736144157045,97.94118252012275,8.044704878131475,21.87670771735715,127.8625951156114,0.014686428569014882,62.196332871524085,62.2110193000931
ch-af-apac-eu-row-us/pf120_k100_a040,apac,2025,272.4603984940353,187.4499999996764,1.0345175501717641e-08,7.024316030697766e-08,187.45000008026474,0.04999999992563032,84.96039841384493,85.01039841377056
ch-af-apac-eu-row-us/pf120_k100_a040,apac,2030,149.30369830777792,123.55706236248761,5.6530251896489985e-09,1.990181217548346e-08,123.55706238804245,0.08499999993067059,25.661635919804798,25.746635919735468
ch-af-apac-eu-row-us/pf120_k100_a040,apac,2035,144.95698789314494,109.91220795226769,1.7367081044025312e-09,5.6772207321691105e-09,109.91220795968162,0.10299999997402663,34.94177993348929,35.04477993346332
ch-af-apac-eu-row-us/pf120_k100_a040,apac,2040,141.18838872050023,99.28554578207923,9.707558428674823e-10,3.486542657681853e-09,99.28554578653653,0.12599999998212372,41.77684293398158,41.9028429339637
ch-af-apac-eu-row-us/pf120_k100_a040,ch,2025,163.32399999974643,163.000000001605,2.3900781028389443e-10,8.548607131187157e-10,163.00000000269887,0.3239999999887216,-2.9411564850256866e-09,0.3239999970475651
ch-af-apac-eu-row-us/pf120_k100_a040,ch,2030,107.79092380173964,107.44092378976413,6.288347168935095e-10,1.960754507583561e-09,107.44092379235371,0.34999999996710435,9.41881844740422e-09,0.3500000093859228
ch-af-apac-eu-row-us/pf120_k100_a040,ch,2035,95.90883300254626,95.57583300141316,2.990311005859523e-10,4.280861418298609e-10,95.57583300214027,0.33299999998483293,4.21155388341532e-10,0.3330000004059883
ch-af-apac-eu-row-us/pf120_k100_a040,ch,2040,86.65125720039293,86.33525720041857,2.5121753644534e-10,9.077749039626095e-10,86.33525720157755,0.3159999999884372,-1.1730515447894163e-09,0.31599999881538565
ch-af-apac-eu-row-us/pf120_k100_a040,eu,2025,299.2650000286884,209.81000010305374,13.04573879561075,8.389942415480387,231.24568131414486,0.05099999991249055,67.96831871463105,68.01931871454354
ch-af-apac-eu-row-us/pf120_k100_a040,eu,2030,229.27604540180727,150.66731171995224,10.308043527500029,40.261614613828456,201.23696986128073,0.04814188768513973,27.9909336528414,28.03907554052654
ch-af-apac-eu-row-us/pf120_k100_a040,eu,2035,205.10062808150727,139.3775114004933,8.97745461343741,24.160842527205187,172.5158085411359,0.047984965980997725,32.536834574390376,32.58481954037137
ch-af-apac-eu-row-us/pf120_k100_a040,eu,2040,201.0079968989845,127.72228831900335,8.476192843502139,22.65577263215769,158.85425379466318,0.04957749126358576,42.104165613057724,42.15374310432131
ch-af-apac-eu-row-us/pf120_k100_a040,row,2025,326.1381968420828,163.00000009934632,14.596452312056028,148.49674432801532,326.09319673941764,0.04499999983162403,1.0283351806195107e-07,0.045000102665142094
ch-af-apac-eu-row-us/pf120_k100_a040,row,2030,231.58686069882387,107.44092513123427,14.59645215457829,109.47948341744782,231.5168607032604,0.06999999846853139,-2.905053364532506e-09,0.06999999556347802
ch-af-apac-eu-row-us/pf120_k100_a040,row,2035,203.37632073946375,109.91220799328204,18.882414704403324,39.5609181394083,168.35554083709366,0.07899999982562628,34.94177990254447,35.020779902370094
ch-af-apac-eu-row-us/pf120_k100_a040,row,2040,204.17385358332285,175.8803806912836,2.426140315423993,5.681378141373425,183.98789914808103,0.06906793135044119,20.116886503891383,20.185954435241825
ch-af-apac-eu-row-us/pf120_k100_a040,us,2025,317.9923607561448,163.0000002537889,11.132999987654573,143.81436046858713,317.9473607100306,0.04499999979086041,4.632337905624562e-08,0.04500004611423947
ch-af-apac-eu-row-us/pf120_k100_a040,us,2030,247.42186505490545,179.58394819420477,5.00047988075095,30.808529639173134,215.3929577141289,0.03487873081926569,31.99402860995729,32.028907340776556
ch-af-apac-eu-row-us/pf120_k100_a040,us,2035,228.2403968500441,150.31133932639798,4.565846880524088,49.83054280622813,204.70772901315019,0.036131021090610685,23.49653681580331,23.53266783689392
ch-af-apac-eu-row-us/pf120_k100_a040,us,2040,170.15743949042843,101.95958666160429,13.192770226751058,14.735015292944961,129.88737218130032,0.06955373723407515,40.200513571894035,40.27006730912811
eu-us-af-row-apac-ch/pf080_k050_a030,af,2025,294.72727880976146,163.0000484101882,10.500000506586039,121.21723009492419,294.71727901169845,0.00999999487237635,-1.9680936991228748e-07,0.009999798063006438
eu-us-af-row-apac-ch/pf080_k050_a030,af,2030,235.04786511949703,121.8414375222159,7.914083094417417,55.369764790548764,185.1252854071821,0.00728448677120223,49.91529522554372,49.92257971231493
eu-us-af-row-apac-ch/pf080_k050_a030,af,2035,257.2666028362956,192.93738251973687,11.28620189847739,18.374273194066085,222.59785761228036,0.010101642403515597,34.65864358161171,34.668745224015225
eu-us-af-row-apac-ch/pf080_k050_a030,af,2040,207.91635774542152,99.28554593745642,13.172616122776759,42.437443386978856,154.89560544721203,0.027999999807910673,52.99275229840158,53.02075229820949
eu-us-af-row-apac-ch/pf080_k050_a030,apac,2025,242.40798481082217,187.45000005998347,5.9427765278439704e-08,1.4775779149347788e-07,187.45000026716903,0.04999999957996744,54.90798454407317,54.95798454365314
eu-us-af-row-apac-ch/pf080_k050_a030,apac,2030,129.77369107472506,142.02602341436227,3.0862609442020132,-23.861193973737823,121.25109038482647,0.05685490890149958,8.465745780997096,8.522600689898596
eu-us-af-row-apac-ch/pf080_k050_a030,apac,2035,172.36721980339715,109.91220817470338,5.981388915619588e-08,7.062699836043992e-09,109.91220824157996,0.10299999919406388,62.352011562623126,62.45501156181719
eu-us-af-row-apac-ch/pf080_k050_a030,apac,2040,152.40429823703465,99.28554579956118,6.7835549651507106e-09,1.1666851705930169e-08,99.28554581801157,0.12599999987895957,52.992752419144125,53.11875241902308
eu-us-af-row-apac-ch/pf080_k050_a030,ch,2025,163.32399999935828,163.0000000103137,1.7882420445169339e-09,-6.464183815205633e-09,163.00000000563776,0.32399999991943257,-6.198912771981924e-09,0.3239999937205198
eu-us-af-row-apac-ch/pf080_k050_a030,ch,2030,107.7909237986793,107.44092379676715,3.389951604188842e-09,-6.678386819601846e-09,107.44092379347872,0.34999999982598407,5.374600431373722e-09,0.3500000052005845
eu-us-af-row-apac-ch/pf080_k050_a030,ch,2035,95.90883305365476,95.57583304988079,1.126205998770422e-08,-2.148325423009663e-08,95.5758330396596,0.3329999994556837,1.4539477066755069e-08,0.33300001399516077
eu-us-af-row-apac-ch/pf080_k050_a030,ch,2040,86.65125720858032,86.33525721025207,2.8548952616248943e-09,-5.223054257582604e-09,86.33525720788391,0.3159999998703332,8.260722106356866e-10,0.31600000069640544
eu-us-af-row-apac-ch/pf080_k050_a030,eu,2025,255.7051833073653,163.0000002570006,16.117999988226405,76.51218307179909,255.63018331702608,0.0749999996818742,-9.342651971500082e-09,0.07499999033922222
eu-us-af-row-apac-ch/pf080_k050_a030,eu,2030,190.9942148331993,107.44092570128078,16.117999874623358,67.34528901230394,190.90421458820805,0.08999999675028832,2.482409566101351e-07,0.09000024499124493
eu-us-af-row-apac-ch/pf080_k050_a030,eu,2035,242.42674585299835,140.00506605390916,12.78839801659319,10.348534786527445,163.1419988570298,0.04153993148040383,79.24320706448816,79.28474699596856
eu-us-af-row-apac-ch/pf080_k050_a030,eu,2040,231.99287417942284,158.01373059456074,4.871952008696029,-19.69206019307495,143.1936224101818,0.04159382946984017,88.75765793977119,88.79925176924104
eu-us-af-row-apac-ch/pf080_k050_a030,row,2025,346.5246697058547,239.1158230400867,12.477294288779316,13.697034137069611,265.2901514659356,0.016482666929783625,81.21803557298932,81.23451823991911
eu-us-af-row-apac-ch/pf080_k050_a030,row,2030,211.66094660081816,141.84461545894013,13.071069908213458,24.30582985058028,179.2215152177339,0.02731547777167865,32.41211590531259,32.43943138308427
eu-us-af-row-apac-ch/pf080_k050_a030,row,2035,207.2850605834436,207.20605960493378,1.6951694733524557e-07,1.621597064960574e-07,207.20605993661044,0.07899999814185783,6.486912933895139e-07,0.07900064683315122
eu-us-af-row-apac-ch/pf080_k050_a030,row,2040,187.2499219326997,175.52320208142802,2.50287955180216,2.13107416497089,180.15715579820107,0.06853336413793004,7.024232770360688,7.092766134498618
eu-us-af-row-apac-ch/pf080_k050_a030,us,2025,296.2474408545411,187.450002078504,13.710080798065766,40.13437389576401,241.29445677233383,0.044999998807739014,54.90798408339951,54.95298408220725
eu-us-af-row-apac-ch/pf080_k050_a030,us,2030,191.5874647459053,123.55706252482197,13.710080798661796,48.10589261181705,185.37303593530083,0.0649999995362911,6.1494288110681685,6.21442881060446
eu-us-af-row-apac-ch/pf080_k050_a030,us,2035,236.2706041266549,134.86299792925462,15.63213849641543,17.77505771779595,168.270194143466,0.0369955019734774,67.96341448121541,68.00040998318889
eu-us-af-row-apac-ch/pf080_k050_a030,us,2040,214.6467258712936,99.2386415197168,13.639317341399382,47.611516872954404,160.4894757340706,0.07299036642936595,54.084259770793636,54.157250137223
eu-us-af-row-apac-ch/pf080_k050_a040,af,2025,319.6987224668909,163.00001023115215,10.500000073252403,146.18871245516914,319.68872275957364,0.009999998781394213,-2.914641311392574e-07,0.009999707317263073
eu-us-af-row-apac-ch/pf080_k050_a040,af,2030,358.13097453929845,112.34808811419931,6.1402932372914405,140.45590833521172,258.94428968670246,0.0072013004269416096,99.17948355216905,99.18668485259599
eu-us-af-row-apac-ch/pf080_k050_a040,af,2035,324.21495233430966,159.8834760261571,7.835055953316507,52.273663621990636,219.99219560146423,0.006858036352080709,104.21589869649334,104.22275673284543
eu-us-af-row-apac-ch/pf080_k050_a040,af,2040,239.78684410296347,86.33525856949292,10.499999925680887,142.92358469579855,239.75884319097239,0.02799999848616691,9.135049188757627e-07,0.028000911991085786
eu-us-af-row-apac-ch/pf080_k050_a040,apac,2025,189.0615247636592,187.45000014633516,3.3015623214697956e-08,-3.889064805683561e-09,187.4500001754617,0.049999999766964696,1.5615245884305466,1.6115245881975113
eu-us-af-row-apac-ch/pf080_k050_a040,apac,2030,201.91047271851096,123.55706244788348,4.823596022559407e-08,1.536114582741203e-07,123.55706264973091,0.08499999945010639,78.26841006932995,78.35341006878005
eu-us-af-row-apac-ch/pf080_k050_a040,apac,2035,136.42437576867323,109.9122080603147,2.984140427576387e-08,3.049142402076337e-08,109.91220812064753,0.10299999961372383,26.409167648411973,26.512167648025695
eu-us-af-row-apac-ch/pf080_k050_a040,apac,2040,99.41154588936062,99.28554586562349,2.9976203912334646e-08,5.088949621735439e-08,99.2855459464892,0.12599999945309662,-5.658166571387291e-08,0.1259999428714309
eu-us-af-row-apac-ch/pf080_k050_a040,ch,2025,163.3165999949502,163.55842568919644,0.3022326001155575,-0.8892607316342224,162.97139755767776,0.30953803123841317,0.03566440603402066,0.3452024372724338
eu-us-af-row-apac-ch/pf080_k050_a040,ch,2030,107.79092387918828,107.44092381167128,5.1240369779424476e-09,-1.1864958359302493e-08,107.44092380493035,0.3499999997422161,7.451571848449134e-08,0.35000007425793456
eu-us-af-row-apac-ch/pf080_k050_a040,ch,2035,95.90883307798076,95.57583304561663,1.3798796944435785e-08,-2.569207256790075e-08,95.57583303372336,0.3329999993583342,4.489906907378938e-08,0.33300004425740326
eu-us-af-row-apac-ch/pf080_k050_a040,ch,2040,86.65125740685889,86.33525726593746,2.5740283276277102e-08,-2.2116074974512277e-08,86.33525726956167,0.3159999987867388,1.3851048441537728e-07,0.3160001372972232
eu-us-af-row-apac-ch/pf080_k050_a040,eu,2025,355.99228317752187,262.0824270777085,11.979284550665732,-2.801417408909638,271.2602942194645,0.03535626676980429,84.69663269128753,84.73198895805734
eu-us-af-row-apac-ch/pf080_k050_a040,eu,2030,262.92222791677204,122.4585836650374,16.294278816181833,51.15718903921194,189.91005152043115,0.07856738393901094,72.93360901240187,73.01217639634089
eu-us-af-row-apac-ch/pf080_k050_a040,eu,2035,257.4643495145352,140.05637403406863,8.80858238354786,56.6010269262768,205.4659833438933,0.04780652953467344,51.9505596411072,51.99836617064187
eu-us-af-row-apac-ch/pf080_k050_a040,eu,2040,239.8596317723113,154.98753796845892,10.875883474763244,-21.1397368764848,144.72368456673735,0.06569386185896775,95.070253343715,95.13594720557396
eu-us-af-row-apac-ch/pf080_k050_a040,row,2025,350.8302397744465,242.10777814164948,13.7754191919793,21.27878884939742,277.16198618302616,0.022511109391032645,73.64574248202932,73.66825359142035
eu-us-af-row-apac-ch/pf080_k050_a040,row,2030,232.9648319181143,215.36767136087036,4.152366659467624,-19.41042479424848,200.10961322608952,0.03500851083416292,32.82021018119062,32.85521869202478
eu-us-af-row-apac-ch/pf080_k050_a040,row,2035,207.2304440314587,139.94222759049433,13.05430462126351,35.93072267324412,188.92725488500196,0.045284972758140404,18.25790417369859,18.30318914645673
eu-us-af-row-apac-ch/pf080_k050_a040,row,2040,230.1689591682015,187.17270960476063,1.3819756077278099e-06,1.1652419968708165e-05,187.1727226391562,0.08899998284754555,42.907236546197744,42.99623652904529
eu-us-af-row-apac-ch/pf080_k050_a040,us,2025,293.9342815286641,163.00000514075245,11.13300007447929,119.75627640823488,293.88928162346656,0.044999997207262624,-9.200973434542181e-08,0.04499990519752828
eu-us-af-row-apac-ch/pf080_k050_a040,us,2030,375.9767603906702,211.7934157368134,0.02768115084155187,0.2595175467937552,212.08061443444873,0.06473952199917261,163.83140643422232,163.8961459562215
eu-us-af-row-apac-ch/pf080_k050_a040,us,2035,236.34101669998103,188.36648057379892,3.9786822668268596e-08,4.29817405283259e-07,188.36648104340316,0.06999999958251935,47.90453565699535,47.97453565657787
eu-us-af-row-apac-ch/pf080_k050_a040,us,2040,251.90918270681885,155.25767319508137,16.233190260254347,-35.07306628123682,136.4177971740989,0.0358875007423326,115.45549803197763,115.49138553271996
eu-us-af-row-apac-ch/pf100_k050_a030,af,2025,357.2671874880048,163.00000038776653,10.500000000097355,183.75718709117118,357.25718747903505,0.009999999938809515,9.030959199213262e-09,0.010000008969768714
eu-us-af-row-apac-ch/pf100_k050_a030,af,2030,271.2757502212328,216.72896102945978,10.718489396430607,22.152510522693767,249.59996094858414,0.010578157576162794,21.66521111507248,21.675789272648643
eu-us-af-row-apac-ch/pf100_k050_a030,af,2035,240.7516229038074,165.34678811695056,7.325385844948179,9.160567648054348,181.83274160995308,0.010296049586947336,58.90858524426738,58.91888129385433
eu-us-af-row-apac-ch/pf100_k050_a030,af,2040,268.52581567471725,130.58625722027196,11.171266126783935,72.97378834940072,214.73131169645663,0.010341633253827521,53.78416234500679,53.79450397826062
eu-us-af-row-apac-ch/pf100_k050_a030,apac,2025,243.3574980750548,187.4500000125299,3.2601107752578062e-09,1.0667481355928562e-08,187.45000002645747,0.04999999997713618,55.85749804862018,55.90749804859732
eu-us-af-row-apac-ch/pf100_k050_a030,apac,2030,144.72991300387935,123.55706236547618,2.7381471201808466e-09,5.675410350940861e-09,123.55706237388975,0.08499999996887148,21.087850630020725,21.172850629989597
eu-us-af-row-apac-ch/pf100_k050_a030,apac,2035,110.0152079293602,109.91220804762756,3.007993107099083e-08,4.9445730982940454e-08,109.91220812715322,0.10299999956635883,-1.973593783677341e-07,0.10299980220698046
eu-us-af-row-apac-ch/pf100_k050_a030,apac,2040,99.41154581529584,99.28554585855822,3.400339066546636e-08,6.196623001171317e-08,99.28554595452785,0.12599999940546205,-1.3863747164166718e-07,0.1259998607679904
eu-us-af-row-apac-ch/pf100_k050_a030,ch,2025,163.32399999972242,163.0000000019197,3.1026593301919194e-10,6.895701123490782e-12,163.00000000223685,0.3239999999853774,-2.4998053071989546e-09,0.32399999748557207
eu-us-af-row-apac-ch/pf100_k050_a030,ch,2030,107.79092380674962,107.44092378989562,7.685250887508682e-10,-1.1847571210359793e-10,107.44092379054567,0.34999999996064657,1.6243303258001163e-08,0.3500000162039498
eu-us-af-row-apac-ch/pf100_k050_a030,ch,2035,95.90883326512704,95.57583304754702,1.240147075318427e-08,1.6385230575222978e-08,95.57583307633372,0.3329999994034854,1.893898353144685e-07,0.3330001887933207
eu-us-af-row-apac-ch/pf100_k050_a030,ch,2040,86.65125739371206,86.3352572470373,1.4889894842708573e-08,1.8746322883625195e-08,86.33525728067353,0.3159999993514092,1.1368711760884054e-07,0.3160001130385268
eu-us-af-row-apac-ch/pf100_k050_a030,eu,2025,362.5351002112554,215.47709447162032,11.71783087853362,69.70381912497206,296.898744475126,0.041857599304723506,65.59449813682464,65.63635573612936
eu-us-af-row-apac-ch/pf100_k050_a030,eu,2030,234.08571466211103,150.2637083292768,10.397355484350335,46.59297289893268,207.25403671255984,0.0484077780352158,26.783270171515976,26.831677949551192
eu-us-af-row-apac-ch/pf100_k050_a030,eu,2035,234.60851831460988,183.35506667521233,5.151944310175724,13.14863579665527,201.6556467820433,0.033929318775829005,32.91894221379075,32.952871532566576
eu-us-af-row-apac-ch/pf100_k050_a030,eu,2040,274.7276651968085,166.24325226290972,3.5231495676720814,4.335646716170081,174.1020485467519,0.04575900898616731,100.57985764107046,100.62561665005663
eu-us-af-row-apac-ch/pf100_k050_a030,row,2025,353.4175999926536,326.093730671851,3.1051084994872435,15.000670932090603,344.19951010342885,0.03263377680496631,9.185456112419791,9.218089889224757
eu-us-af-row-apac-ch/pf100_k050_a030,row,2030,232.9742154291364,193.75723303027416,6.7628043682848755,24.863672041783644,225.3837094403427,0.03781685705104139,7.552689131742653,7.590505988793694
eu-us-af-row-apac-ch/pf100_k050_a030,row,2035,212.6873611026416,207.20605983934252,1.4579814075686039e-07,5.282365784305362e-07,207.20606051337725,0.0789999982351097,5.402300591029241,5.48130058926435
eu-us-af-row-apac-ch/pf100_k050_a030,row,2040,255.57524520932915,187.1727175483135,3.1320663869077757e-07,1.7442930904325119e-06,187.17271960581326,0.08899999573261046,68.31352560778329,68.4025256035159
eu-us-af-row-apac-ch/pf100_k050_a030,us,2025,381.2799810604128,319.7833339854633,1.250666596126794,5.898492175842672e-05,321.0340595665119,0.039399999883480495,60.2065214940174,60.24592149390088
eu-us-af-row-apac-ch/pf100_k050_a030,us,2030,300.85543674807525,206.3010277514477,0.5008452734243025,1.241969705242992,208.043842730115,0.05779136267654454,92.75380265528372,92.81159401796026
eu-us-af-row-apac-ch/pf100_k050_a030,us,2035,225.37418449387212,188.36648049774607,8.80010771871359e-08,6.566347684444987e-07,188.36648124238192,0.06999999905071601,36.93770325243948,37.0077032514902
eu-us-af-row-apac-ch/pf100_k050_a030,us,2040,217.8700745658885,170.15460931266426,1.0069739151723728e-07,8.176007114215739e-07,170.15461023096236,0.07499999884129534,47.64046433608485,47.71546433492614
eu-us-af-row-apac-ch/pf100_k050_a040,af,2025,320.9118481518799,185.23321495423036,8.693927941567539,15.693790108511338,209.62093300430922,0.005511998516219468,111.28540314905445,111.29091514757067
eu-us-af-row-apac-ch/pf100_k050_a040,af,2030,288.3107728517997,123.55706373822828,13.172616083011878,38.03855205386208,174.76823187510223,0.013999999332534773,113.52854097736493,113.54254097669747
eu-us-af-row-apac-ch/pf100_k050_a040,af,2035,290.71255620292413,166.64323903056413,7.485651909059029,42.51522061991253,216.6441115595357,0.010390869703340112,74.05805377368509,74.06844464338843
eu-us-af-row-apac-ch/pf100_k050_a040,af,2040,197.4237127936906,86.33526228725759,10.500000096291087,100.56045050614479,197.39571288969344,0.027999997076284113,-9.307911421826964e-08,0.027999903997169895
eu-us-af-row-apac-ch/pf100_k050_a040,apac,2025,284.0041729833125,187.45000054070448,1.791291739398399e-07,6.621251519641995e-07,187.4500013819588,0.049999998666898526,96.50417160268681,96.55417160135372
eu-us-af-row-apac-ch/pf100_k050_a040,apac,2030,237.1706057554513,123.55706237758069,6.6830089125057025e-09,2.679681880412396e-08,123.55706241106051,0.08499999992199939,113.52854334446879,113.61354334439079
eu-us-af-row-apac-ch/pf100_k050_a040,apac,2035,119.0431515973539,109.91220797317536,6.040555150940457e-09,1.3069355236406047e-08,109.91220799228526,0.10299999991736945,9.027943605151268,9.130943605068637
eu-us-af-row-apac-ch/pf100_k050_a040,apac,2040,123.41826286197453,99.28554581420869,2.7608041184526132e-08,5.003297927273148e-08,99.28554589184971,0.12599999951742955,24.00671697060739,24.132716970124818
eu-us-af-row-apac-ch/pf100_k050_a040,ch,2025,163.32399999460475,163.00000005357475,8.137255956863923e-09,-8.813718370948813e-10,163.00000006083062,0.323999999613607,-6.58394745944868e-08,0.3239999337741324
eu-us-af-row-apac-ch/pf100_k050_a040,ch,2030,107.79092380636584,107.44092379109587,8.483802961294111e-10,-1.6297078018202778e-10,107.44092379178129,0.3499999999564177,1.4628134203942267e-08,0.3500000145845519
eu-us-af-row-apac-ch/pf100_k050_a040,ch,2035,95.90883302502486,95.57583300819984,1.6700462426560592e-09,3.0289134707924014e-09,95.5758330128988,0.33299999993016827,1.2195895626732067e-08,0.3330000121260639
eu-us-af-row-apac-ch/pf100_k050_a040,ch,2040,86.65125730413422,86.33525721841019,5.558979155362206e-09,1.2670118911508217e-09,86.33525722523618,0.31599999975227466,7.914576793943695e-08,0.3160000788980426
eu-us-af-row-apac-ch/pf100_k050_a040,eu,2025,318.3266495727938,219.64839878133887,11.610707797956891,12.824475435927907,244.08358201522367,0.044241599846673446,74.19882595772349,74.24306755757016
eu-us-af-row-apac-ch/pf100_k050_a040,eu,2030,309.14376959267344,150.40248975049568,9.671274942840387,30.850867392710445,190.92463208604653,0.041696106445913504,118.177441400181,118.21913750662691
eu-us-af-row-apac-ch/pf100_k050_a040,eu,2035,241.94436310108205,154.0513259838425,7.382687745314123,45.46843682302955,206.9024505521862,0.03647574685043974,35.00543680204541,35.04191254889585
eu-us-af-row-apac-ch/pf100_k050_a040,eu,2040,262.90288120475464,156.90891377688433,3.5521083576107926,12.360459408794526,172.82148154328965,0.040426036915323246,90.04097362454966,90.08139966146499
eu-us-af-row-apac-ch/pf100_k050_a040,row,2025,326.72777200837567,164.21111530022432,14.541695195486035,147.76137500025735,326.5141854959677,0.0442071075581815,0.16937940484978994,0.21358651240797144
eu-us-af-row-apac-ch/pf100_k050_a040,row,2030,232.9977218240899,230.48501014072104,0.42198861989094905,-0.5133805165657529,230.39361824404622,0.06694116933056951,2.537162410713101,2.6041035800436703
eu-us-af-row-apac-ch/pf100_k050_a040,row,2035,207.2850608243035,207.2060604613894,1.1269182181990303e-08,7.920179301596371e-08,207.20606055186036,0.07899999985963042,2.725835226841111e-07,0.07900027244315311
eu-us-af-row-apac-ch/pf100_k050_a040,row,2040,187.17443227112904,100.97833373063324,18.518722009982707,44.04741340444661,163.54446914506258,0.08563759078495016,23.544325535281505,23.629963126066457
eu-us-af-row-apac-ch/pf100_k050_a040,us,2025,316.98601857367714,163.0000070447555,11.13299964689496,142.80801094140955,316.94101763305997,0.044999994992066854,9.456251047826325e-07,0.045000940617171636
eu-us-af-row-apac-ch/pf100_k050_a040,us,2030,323.89166181480346,211.98154653511435,0.15015430772185806,0.8404772163632197,212.97217805919942,0.06359963382371314,110.85588412178032,110.91948375560403
eu-us-af-row-apac-ch/pf100_k050_a040,us,2035,180.3337356782256,109.91220814144008,13.710080779205922,47.61350318606968,171.2357921067157,0.06999999963550164,9.027943571874385,9.097943571509887
eu-us-af-row-apac-ch/pf100_k050_a040,us,2040,223.58936598566203,170.1546091024786,1.484963174770547e-07,1.0851487003495318e-06,170.1546103361236,0.07499999819483813,53.35975565134359,53.43475564953843
eu-us-af-row-apac-ch/pf100_k100_a030,af,2025,357.52463439917733,169.09620272443334,6.93000055481473,121.451907205639,297.47811048488705,0.0055119999406164685,60.04101191434966,60.046523914290276
eu-us-af-row-apac-ch/pf100_k100_a030,af,2030,347.51107778565466,164.7800519868708,5.719973551530951,-0.0005170221689355008,170.49950851623282,0.0071960222301635,177.00437324719167,177.01156926942184
eu-us-af-row-apac-ch/pf100_k100_a030,af,2035,276.9539297655456,165.25109661461883,7.3135564068788055,33.48799583068855,206.05264885218622,0.010289574426442129,70.89099133893292,70.90128091335936
eu-us-af-row-apac-ch/pf100_k100_a030,af,2040,189.25585872988384,89.98750254780616,6.4619838880151725,56.867528626156556,153.31701506197794,0.014746109123285842,35.92409755878261,35.9388436679059
eu-us-af-row-apac-ch/pf100_k100_a030,apac,2025,312.8590186570596,187.4500001793401,2.6388797750660427e-08,3.874021525436831e-08,187.4500002444691,0.049999999823621744,125.35901841276689,125.40901841259051
eu-us-af-row-apac-ch/pf100_k100_a030,apac,2030,227.50960470945253,123.55706236410518,2.334765446709272e-09,9.539194788341144e-09,123.55706237597913,0.08499999997163782,103.86754233350176,103.9525423334734
eu-us-af-row-apac-ch/pf100_k100_a030,apac,2035,110.01520797250932,109.91220800147829,1.5627648921953944e-08,3.116003721599657e-08,109.91220804826597,0.1029999997794428,-7.55360937687577e-08,0.10299992424334903
eu-us-af-row-apac-ch/pf100_k100_a030,apac,2040,116.64373941476713,99.28554579155868,5.402366190975009e-09,7.686247019797146e-09,99.28554580464728,0.12599999990441266,17.23219361021543,17.35819361011984
eu-us-af-row-apac-ch/pf100_k100_a030,ch,2025,163.32399999825336,163.00000001057057,1.5086027493208218e-09,4.241430997504238e-11,163.0000000121216,0.3239999999296552,-1.3797902376211368e-08,0.32399998613175285
eu-us-af-row-apac-ch/pf100_k100_a030,ch,2030,107.7909238026468,107.4409237892039,4.893082975664265e-10,-2.8688743334220916e-10,107.44092378940631,0.34999999997378295,1.3266706289094543e-08,0.35000001324048924
eu-us-af-row-apac-ch/pf100_k100_a030,ch,2035,95.9088330864378,95.57583302319881,7.226601116560509e-09,2.5711860399780138e-09,95.5758330329966,0.33299999964941884,5.379177769881949e-08,0.33300005344119654
eu-us-af-row-apac-ch/pf100_k100_a030,ch,2040,86.65125722142713,86.3352572055856,2.143827761809914e-09,-9.731871723158812e-10,86.33525720675624,0.31599999990005145,1.4770839551481174e-08,0.316000014670891
eu-us-af-row-apac-ch/pf100_k100_a030,eu,2025,359.0538145391256,291.5866671063945,7.626293301010549,26.395807987837276,325.60876839524235,0.03158666599243144,33.41345947789082,33.445046143883246
eu-us-af-row-apac-ch/pf100_k100_a030,eu,2030,337.7289342663515,144.14251081775436,11.75189335838325,67.69305143176693,223.58745560790453,0.05376418325036228,114.08771447519658,114.14147865844694
eu-us-af-row-apac-ch/pf100_k100_a030,eu,2035,253.110066246638,140.8615591295581,8.608286454193673,66.95701528024529,216.42686086399704,0.04764772144961889,36.635557661191356,36.68320538264098
eu-us-af-row-apac-ch/pf100_k100_a030,eu,2040,180.6561801626576,122.61896538257021,9.88155857140137,28.947669537679815,161.4481934916514,0.05172321306839668,19.156263457937786,19.207986671006182
eu-us-af-row-apac-ch/pf100_k100_a030,row,2025,352.8181157405349,171.150005513112,16.025106164584617,123.83166131428817,311.00677299198475,0.024999997614188616,41.78634275093596,41.811342748550146
eu-us-af-row-apac-ch/pf100_k100_a030,row,2030,232.9827012964817,207.01605366305031,4.473753810084694,-3.1608200723824558,208.32898740075257,0.04468903669528043,24.60902485903386,24.65371389572914
eu-us-af-row-apac-ch/pf100_k100_a030,row,2035,207.28506315320584,207.20606029630284,3.926610835150669e-08,2.4353277160933073e-07,207.20606057910172,0.07899999954428073,2.5745598426357708e-06,0.07900257410412337
eu-us-af-row-apac-ch/pf100_k100_a030,row,2040,187.18038531915155,106.85606048303778,17.255902085785436,47.24560526219131,171.35756783101456,0.07498800216753407,15.747829485969456,15.822817488136991
eu-us-af-row-apac-ch/pf100_k100_a030,us,2025,346.1611782711747,187.45000070304172,13.71008068632095,19.597081105954196,220.75716249531686,0.044999997775122924,125.35901577808274,125.40401577585786
eu-us-af-row-apac-ch/pf100_k100_a030,us,2030,338.09259940170773,208.88801963365185,0.4450461492914297,3.147305059029195,212.48037084197244,0.060917024618325114,125.55131153511697,125.61222855973529
eu-us-af-row-apac-ch/pf100_k100_a030,us,2035,231.2427006929579,188.5947638385491,0.16706583028517535,0.12418238129266167,188.88601205012696,0.06832414152563562,42.288364501305296,42.35668864283093
eu-us-af-row-apac-ch/pf100_k100_a030,us,2040,199.3898712672882,169.24733880746544,1.4606512801954716,0.0005343933263074061,170.70852448098722,0.06423034218620281,28.61711644411479,28.681346786300992
eu-us-af-row-apac-ch/pf100_k100_a040,af,2025,361.5095837446436,169.0962053256879,6.930000611526698,124.0819721129932,300.1081780502078,0.005511999781560674,61.395893694654205,61.401405694435766
eu-us-af-row-apac-ch/pf100_k100_a040,af,2030,311.19142450149764,107.44093869994884,10.499998994920317,193.23644816559386,311.17738586046306,0.01399999139573823,3.864963883585398e-05,0.014038641034574084
eu-us-af-row-apac-ch/pf100_k100_a040,af,2035,254.6031662885061,108.3104177034174,7.653498362195506,76.4074854028286,192.37140146844152,0.010262542437203422,62.221502277627366,62.23176482006457
eu-us-af-row-apac-ch/pf100_k100_a040,af,2040,248.62505374334464,86.33525779545072,10.499999992379458,151.7617953116776,248.5970530995078,0.02799999938484496,6.44451988246475e-07,0.028000643836833206
eu-us-af-row-apac-ch/pf100_k100_a040,apac,2025,347.99677413029974,180.11500105050737,4.134126232807266,51.36040196132076,235.60952924463538,0.02900000054668511,112.35824488511767,112.38724488566436
eu-us-af-row-apac-ch/pf100_k100_a040,apac,2030,192.6758050532378,123.55706251793733,4.8957437648220606e-08,2.0607009145559782e-07,123.55706277296484,0.08499999939315164,69.03374228087982,69.11874228027297
eu-us-af-row-apac-ch/pf100_k100_a040,apac,2035,110.0152083872149,109.9122079600569,2.7063744970170174e-09,8.43412652489319e-09,109.9122079711974,0.10299999996164834,4.1605584565063136e-07,0.10300041601749399
eu-us-af-row-apac-ch/pf100_k100_a040,apac,2040,99.4115457834777,99.2855457910737,1.948551565119528e-08,1.9363869370597023e-08,99.2855458299231,0.125999999647599,-4.609298753788238e-08,0.12599995355461147
eu-us-af-row-apac-ch/pf100_k100_a040,ch,2025,163.3239999977189,163.00000001810793,2.5190343497181356e-09,1.3343861830093862e-11,163.0000000206403,0.32399999988270967,-2.2804123922526287e-08,0.32399997707858574
eu-us-af-row-apac-ch/pf100_k100_a040,ch,2030,107.79092539201706,107.44092383611708,1.0766501883352907e-08,-6.391900344258665e-11,107.44092384681966,0.3499999994398874,1.545757513377044e-06,0.3500015451974008
eu-us-af-row-apac-ch/pf100_k100_a040,ch,2035,95.90883301377956,95.57583300535886,1.871991346226221e-09,2.685018462383656e-10,95.57583300749936,0.3329999999121843,6.3680171136226704e-09,0.33300000628020143
eu-us-af-row-apac-ch/pf100_k100_a040,ch,2040,86.65125730273166,86.33525721148008,3.5100144620806574e-09,6.177998287849888e-09,86.33525722116809,0.3159999998413431,8.172222953906072e-08,0.3160000815635726
eu-us-af-row-apac-ch/pf100_k100_a040,eu,2025,338.26257478840125,187.4500024866272,16.30717316924261,-26.081372169296195,177.67580348657359,0.07499999654071016,160.51177130528697,160.58677130182767
eu-us-af-row-apac-ch/pf100_k100_a040,eu,2030,322.2861857839445,155.16963279574875,9.035069512035584,58.08881086478182,222.29351317256612,0.03751226926598696,99.9551603421124,99.9926726113784
eu-us-af-row-apac-ch/pf100_k100_a040,eu,2035,258.45632964763206,161.4644253683894,6.399503268774186,44.00066608554994,211.86459472271355,0.036127357929890976,46.55560756698862,46.59173492491851
eu-us-af-row-apac-ch/pf100_k100_a040,eu,2040,291.4541994175297,155.11427331676495,3.448680500486618,9.337835142761937,167.9007889600135,0.04468081098733072,123.50872964652888,123.55341045751621
eu-us-af-row-apac-ch/pf100_k100_a040,row,2025,348.7566463885617,229.61110924627542,11.584816601702567,87.47055336382252,328.6664792118005,0.02251110977747222,20.06765606698374,20.090167176761213
eu-us-af-row-apac-ch/pf100_k100_a040,row,2030,232.95879739290163,169.6677130651575,10.921705859834354,12.4039729725678,192.99339189755966,0.0358606542141753,39.92954484112779,39.96540549534197
eu-us-af-row-apac-ch/pf100_k100_a040,row,2035,175.87270103165332,109.9122079906032,18.882414709414007,46.99907791400534,175.79370061402255,0.07899999989881147,4.177319546799785e-07,0.07900041763076615
eu-us-af-row-apac-ch/pf100_k100_a040,row,2040,261.57757770847445,187.17271864676545,5.291166712214665e-08,3.856371273043296e-07,187.17271908531424,0.0889999992406341,74.31585862391958,74.40485862316021
eu-us-af-row-apac-ch/pf100_k100_a040,us,2025,361.7980320928961,310.70000146051865,0.742200116561405,12.510799785631077,323.9530013627111,0.039399999235756634,37.80563073094923,37.84503073018499
eu-us-af-row-apac-ch/pf100_k100_a040,us,2030,301.03311966929806,211.75089970452157,1.4550584420072092e-07,7.780790480059892e-07,211.75090062810645,0.0649999984950497,89.21721904269656,89.28221904119161
eu-us-af-row-apac-ch/pf100_k100_a040,us,2035,206.9990786588742,188.3664806421897,1.1412701122996435e-08,5.2899669200913146e-08,188.36648070650207,0.06999999987763796,18.562597952494485,18.632597952372123
eu-us-af-row-apac-ch/pf100_k100_a040,us,2040,250.33853290311856,169.0846402427718,0.14211480962809392,1.951404950679243,171.17816000307914,0.0731096647152579,79.08726323532416,79.16037290003942
eu-us-af-row-apac-ch/pf120_k050_a030,af,2025,446.1124022952883,294.74699778289136,8.249999986537953,52.94903197604445,355.94602974547377,0.005511999807396463,90.16086055000713,90.16637254981453
eu-us-af-row-apac-ch/pf120_k050_a030,af,2030,283.4940944076927,121.76803604557499,7.689100804967229,68.22164376137518,197.67878061191738,0.007196246404500374,85.80811754937085,85.81531379577535
eu-us-af-row-apac-ch/pf120_k050_a030,af,2035,258.00947421280307,108.33409204351898,7.735039592046432,44.48946161362051,160.55859324918592,0.010304192915635555,97.44057677070151,97.45088096361715
eu-us-af-row-apac-ch/pf120_k050_a030,af,2040,213.82631388270352,97.96784681732811,8.146407594097411,49.32758383121126,155.4418382426368,0.014785503500049505,58.36969013656666,58.38447564006671
eu-us-af-row-apac-ch/pf120_k050_a030,apac,2025,294.1991591007443,187.4500000121349,5.448777566264581e-09,4.021229324329986e-08,187.45000005779596,0.04999999996211495,106.69915904298621,106.74915904294832
eu-us-af-row-apac-ch/pf120_k050_a030,apac,2030,153.52410365381095,123.55706236242072,2.613888292013498e-09,1.1290815920688011e-08,123.55706237632543,0.08499999996911176,29.88204127751641,29.96704127748552
eu-us-af-row-apac-ch/pf120_k050_a030,apac,2035,169.16345772369715,109.91220803030545,4.3132439242384516e-08,1.7978921492676628e-07,109.91220825322709,0.10299999938015017,59.148249471089905,59.25124947047006
eu-us-af-row-apac-ch/pf120_k050_a030,apac,2040,121.00043440162688,99.28554582587697,2.231419394764477e-08,7.132962337902897e-08,99.28554591952079,0.1259999995985813,21.58888848250751,21.71488848210609
eu-us-af-row-apac-ch/pf120_k050_a030,ch,2025,163.3239999998162,163.00000000184764,2.704787832005205e-10,9.547504300200152e-10,163.00000000307287,0.323999999988006,-3.244666868518209e-09,0.3239999967433391
eu-us-af-row-apac-ch/pf120_k050_a030,ch,2030,107.79092379176488,107.44092378892138,4.703722774994519e-10,1.0192246078848311e-09,107.44092379041098,0.3499999999762467,1.3776583762670214e-09,0.3500000013539051
eu-us-af-row-apac-ch/pf120_k050_a030,ch,2035,95.90883308365366,95.57583302485956,6.08293121905498e-09,1.3641410893932643e-08,95.5758330445839,0.3329999997014949,3.9368264259653785e-08,0.33300003906975917
eu-us-af-row-apac-ch/pf120_k050_a030,ch,2040,86.65125723885176,86.33525722175533,6.0142098197406264e-09,1.83989812035553e-08,86.33525724616851,0.3159999997302991,-7.047053551811899e-09,0.3159999926832455
eu-us-af-row-apac-ch/pf120_k050_a030,eu,2025,349.8737233789412,207.85666680666947,11.427888039132,94.3774572440307,313.66201208983216,0.028706666388776166,36.18300462272024,36.21171128910902
eu-us-af-row-apac-ch/pf120_k050_a030,eu,2030,197.2798728097594,148.285459402775,10.835115101863703,18.254649939756863,177.37522444439554,0.04986720796838416,19.854781157395486,19.90464836536387
eu-us-af-row-apac-ch/pf120_k050_a030,eu,2035,211.7169282004851,136.74251756917462,8.48978715952517,36.22347874690136,181.45578347560115,0.03490137417036336,30.2262433507136,30.261144724883962
eu-us-af-row-apac-ch/pf120_k050_a030,eu,2040,211.3515015159776,133.6376591275852,6.847203394741323,31.12567096483681,171.61053348716334,0.05077071701248457,39.69019731180177,39.74096802881425
eu-us-af-row-apac-ch/pf120_k050_a030,row,2025,352.34526034463306,187.45000152644016,18.882414540923577,39.26868623490257,245.6011023022663,0.044999999120241364,106.69915804324653,106.74415804236676
eu-us-af-row-apac-ch/pf120_k050_a030,row,2030,252.08013398422443,231.94450762027586,0.23284655959925143,1.2804534005434554,233.45780758041857,0.06624256799560524,18.556083835810252,18.622326403805857
eu-us-af-row-apac-ch/pf120_k050_a030,row,2035,205.61138993482265,109.91221132075836,18.882414036172865,17.589517296281983,146.38414265321325,0.07899999364822707,59.14824728796118,59.22724728160941
eu-us-af-row-apac-ch/pf120_k050_a030,row,2040,201.35382365645,163.99201213885004,3.656905391391627,21.813185546155456,189.4621030763971,0.05525950790700068,11.83646107214589,11.89172058005289
eu-us-af-row-apac-ch/pf120_k050_a030,us,2025,321.1478195070201,163.00005663256363,11.132996018273856,146.9697669106526,321.1028195614901,0.04499996777961506,-2.224963473879127e-08,0.04499994552998032
eu-us-af-row-apac-ch/pf120_k050_a030,us,2030,242.51906354137367,200.43285084004947,1.7594355589624053,9.67126092173856,211.86354732075043,0.050457869322179535,30.60505835130106,30.65551622062324
eu-us-af-row-apac-ch/pf120_k050_a030,us,2035,261.9636245520134,185.01188816770045,0.40248604082785105,5.612705211611409,191.0270794201397,0.06512163997092718,70.87142349190279,70.93654513187371
eu-us-af-row-apac-ch/pf120_k050_a030,us,2040,168.7670251898681,99.28554587646674,13.710080793823405,34.107510093651875,147.10313676394205,0.07499999934497256,21.588888426581075,21.663888425926046
eu-us-af-row-apac-ch/pf120_k050_a040,af,2025,486.80906837048536,294.7469887993011,8.249999872903897,79.80883936065706,382.80582803286205,0.005511998397353275,103.99772833922596,104.00324033762331
eu-us-af-row-apac-ch/pf120_k050_a040,af,2030,565.5522700600433,181.215912368334,7.544949853474864,143.32868774439888,332.08954996620776,0.005153983208617695,233.45756611062689,233.46272009383551
eu-us-af-row-apac-ch/pf120_k050_a040,af,2035,415.5366034153639,108.30826776229299,7.646091122097182,169.74791986377232,285.7022787481625,0.010258910547179255,129.82406575665425,129.83432466720143
eu-us-af-row-apac-ch/pf120_k050_a040,af,2040,514.9648437886309,187.17271769460913,12.499999901702177,104.85289054203626,304.5256081383476,0.0279999985687448,210.41123565171458,210.4392356502833
eu-us-af-row-apac-ch/pf120_k050_a040,apac,2025,256.20596689081776,187.4500000639326,2.246979063980455e-08,1.3701049977032174e-07,187.4500002234129,0.049999999844087234,68.70596666756077,68.75596666740486
eu-us-af-row-apac-ch/pf120_k050_a040,apac,2030,123.64206235822958,123.55706235639877,3.682979610106578e-10,2.303528301101796e-09,123.55706235907061,0.0849999999956936,-8.367266601805312e-10,0.08499999915896694
eu-us-af-row-apac-ch/pf120_k050_a040,apac,2035,110.01520813418914,109.91220795643092,2.0430415749988586e-09,1.2354816284823017e-08,109.91220797082877,0.10299999997095764,1.6338940557469872e-07,0.10300016336036322
eu-us-af-row-apac-ch/pf120_k050_a040,apac,2040,99.41154621456567,99.2855458482027,2.171121313951569e-08,1.1821537897367373e-07,99.28554598812929,0.12599999961153419,2.2682485489866622e-07,0.12600022643638908
eu-us-af-row-apac-ch/pf120_k050_a040,ch,2025,163.32399999749066,163.00000001108805,1.6687945897155973e-09,5.983819644476985e-09,163.00000001874065,0.32399999992000217,-2.116999253676255e-08,0.32399997875000963
eu-us-af-row-apac-ch/pf120_k050_a040,ch,2030,107.79092380651372,107.4409237874889,1.5442414123149327e-10,3.74740582624671e-10,107.44092378801805,0.3499999999918681,1.850379521828316e-08,0.3500000184956633
eu-us-af-row-apac-ch/pf120_k050_a040,ch,2035,95.9088333570973,95.57583300242699,4.630944627858826e-10,2.304049343675962e-09,95.57583300519413,0.33299999997754814,3.5192561820274193e-07,0.33300035190316635
eu-us-af-row-apac-ch/pf120_k050_a040,ch,2040,86.65125756419116,86.33525724407673,2.097236717591624e-08,1.144621774239027e-08,86.33525727649531,0.315999999074603,2.886212399633159e-07,0.316000287695843
eu-us-af-row-apac-ch/pf120_k050_a040,eu,2025,299.2650000200959,209.80999947537558,13.045738856923638,21.393488646341822,244.24922697864108,0.05099999918470917,54.96477304227011,55.01577304145482
eu-us-af-row-apac-ch/pf120_k050_a040,eu,2030,537.075575958431,219.06545972587742,4.9670840753150545,180.9651523194143,404.99769612060675,0.04723522256798808,132.0306446152563,132.0778798378243
eu-us-af-row-apac-ch/pf120_k050_a040,eu,2035,439.1357757833563,186.4456928879901,4.3279085167485984,73.67574878343885,264.44935018817756,0.035929718584640224,174.65049587659408,174.68642559517872
eu-us-af-row-apac-ch/pf120_k050_a040,eu,2040,570.933794224349,159.39845313579698,2.8884094535878617,46.981038813572475,209.26790140295736,0.04636174549761786,361.619531075894,361.6658928213916
eu-us-af-row-apac-ch/pf120_k050_a040,row,2025,353.4249999578132,353.37999966677074,4.492148656376904e-08,3.6201973759882064e-07,353.380000073712,0.04499999960397328,-1.1550274304356067e-07,0.044999884101230236
eu-us-af-row-apac-ch/pf120_k050_a040,row,2030,232.9992861956481,232.9292861801259,4.986836563252946e-10,5.814550962918232e-09,232.92928618643913,0.06999999999493475,9.214033341864436e-09,0.0700000092089681
eu-us-af-row-apac-ch/pf120_k050_a040,row,2035,207.2850605355088,207.20606051351476,2.2753084983500282e-09,2.7933913349269036e-08,207.206060543724,0.07899999997196334,-8.18716545947229e-09,0.07899999178479788
eu-us-af-row-apac-ch/pf120_k050_a040,row,2040,397.6682261739325,186.2683550526407,0.7678819345556219,11.322227554680875,198.3584645418772,0.08004352617647227,199.22971810587885,199.3097616320553
eu-us-af-row-apac-ch/pf120_k050_a040,us,2025,459.5048279596384,323.3919997106603,0.9191629205116902,6.155626061712697,330.4667886928847,0.03939999991133336,128.99863926684242,129.03803926675374
eu-us-af-row-apac-ch/pf120_k050_a040,us,2030,462.4682502944869,211.75090040407537,9.442551374339206e-10,2.065915863786485e-08,211.7509004256788,0.06499999998940924,250.6523498688187,250.7173498688081
eu-us-af-row-apac-ch/pf120_k050_a040,us,2035,353.8253484923834,188.36648064839878,8.551987192977513e-09,1.3619790281186724e-07,188.36648079314867,0.06999999990037874,165.38886769933436,165.45886769923473
eu-us-af-row-apac-ch/pf120_k050_a040,us,2040,170.22961046876586,170.1546095949008,2.3133254261788927e-08,3.367704791030829e-07,170.15460995480453,0.07499999971372043,5.142476074693203e-07,0.0750005139613279
eu-us-af-row-apac-ch/pf120_k100_a040,af,2025,384.6095849803227,169.0962002303249,6.930000010647219,139.32797002650847,315.35417026748064,0.005511999981673113,69.2499027128604,69.25541471284208
eu-us-af-row-apac-ch/pf120_k100_a040,af,2030,249.49475652574563,112.42156644247615,6.075016954230726,76.10879561218512,194.605379008892,0.007172860362017575,54.88220465649162,54.88937751685364
eu-us-af-row-apac-ch/pf120_k100_a040,af,2035,245.25558146863,99.99147744413304,6.0900205917312435,80.7177031090389,186.79920114490318,0.010255996312700561,58.44612432741412,58.45638032372682
eu-us-af-row-apac-ch/pf120_k100_a040,af,2040,224.69888596976816,97.94118940672044,8.044727533240067,38.651483067811576,144.6374000077721,0.014686449420351619,80.0467995125757,80.06148596199606
eu-us-af-row-apac-ch/pf120_k100_a040,apac,2025,208.5050271368169,187.4500000043603,1.7054808992991423e-09,8.381152654493977e-09,187.4500000144469,0.0499999999875911,21.005027122382387,21.055027122369978
eu-us-af-row-apac-ch/pf120_k100_a040,apac,2030,155.75266738784194,123.55706245187942,5.1879226300995993e-08,1.8460171401368056e-07,123.55706268836036,0.08499999936788984,32.11060470011369,32.19560469948158
eu-us-af-row-apac-ch/pf120_k100_a040,apac,2035,158.4160409441095,109.9122079566591,1.2015327434338015e-08,4.3429728409056706e-08,109.91220801210414,0.10299999982389395,48.40083293218147,48.503832932005366
eu-us-af-row-apac-ch/pf120_k100_a040,apac,2040,148.3463700684181,99.285545811752,1.560004185418883e-08,5.6993367397126475e-08,99.28554588434542,0.12599999972557113,48.934824184347114,49.060824184072686
eu-us-af-row-apac-ch/pf120_k100_a040,ch,2025,163.3239999998332,163.0000000010495,1.7802829528343867e-10,6.153974913731189e-10,163.00000000184292,0.3239999999915075,-2.0012227430754592e-09,0.3239999979902848
eu-us-af-row-apac-ch/pf120_k100_a040,ch,2030,107.7909239191618,107.44092381926873,7.771303772458368e-09,1.7895849274155202e-08,107.44092384493588,0.3499999996041215,7.462179602013563e-08,0.3500000742259175
eu-us-af-row-apac-ch/pf120_k100_a040,ch,2035,95.90883300455452,95.5758330044464,1.0281971655039996e-09,2.1534112123349966e-09,95.57583300762799,0.33299999995169,-3.02515840155948e-09,0.3329999969265316
eu-us-af-row-apac-ch/pf120_k100_a040,ch,2040,86.6512572118774,86.3352572127237,4.2964237181218425e-09,2.807522991121984e-09,86.33525721982764,0.315999999802986,-7.753231945351047e-09,0.31599999204975404
eu-us-af-row-apac-ch/pf120_k100_a040,eu,2025,364.6782915171564,220.24466606806178,11.523735945304823,98.83658534416729,330.60498735753384,0.043906664063626345,34.02939749555895,34.07330415962258
eu-us-af-row-apac-ch/pf120_k100_a040,eu,2030,252.01088283022884,136.99332633547527,10.814222521916552,86.14313439401089,233.95068325140272,0.0502597287694609,18.009939850056654,18.060199578826115
eu-us-af-row-apac-ch/pf120_k100_a040,eu,2035,200.2372016867053,136.08572083829432,9.483959934500609,20.13252804799884,165.70220882079377,0.04090311519259191,34.49408975071894,34.53499286591153
eu-us-af-row-apac-ch/pf120_k100_a040,eu,2040,199.43908023968768,129.0684563842665,8.10548174215963,17.328323183234183,154.50226130966033,0.04950172253056786,44.88731720749679,44.93681893002736
eu-us-af-row-apac-ch/pf120_k100_a040,row,2025,303.8019976143091,166.80333431224312,15.26315773892258,118.43487832260386,300.50137037376953,0.03317777534334347,3.267449465196197,3.3006272405395407
eu-us-af-row-apac-ch/pf120_k100_a040,row,2030,219.036716618082,123.55706203244203,18.882414337963155,44.41663767706486,186.85611404747004,0.06999999015898037,32.11060258045298,32.18060257061197
eu-us-af-row-apac-ch/pf120_k100_a040,row,2035,200.21628384712872,109.91220766016626,18.88241456990826,22.94183012012544,151.73645235019998,0.07899999520828563,48.400831501720454,48.47983149692874
eu-us-af-row-apac-ch/pf120_k100_a040,row,2040,187.0062450174648,94.76950075630646,17.387780823624293,42.93040416210905,155.08768574203984,0.04857329447657123,31.869985980948396,31.91855927542497
eu-us-af-row-apac-ch/pf120_k100_a040,us,2025,306.6810617923924,163.0000000880851,11.133000001887646,132.50306168134296,306.6360617713157,0.04499999981941703,2.1257285945375237e-08,0.04500002107670298
eu-us-af-row-apac-ch/pf120_k100_a040,us,2030,211.01947885583328,111.08994317966666,11.716500089553213,80.90033912184367,203.70678239106357,0.042230007649475196,7.27046645712024,7.312696464769715
eu-us-af-row-apac-ch/pf120_k100_a040,us,2035,193.62381847691248,143.0112474340083,5.441710195827307,42.46653814814053,190.91949577797615,0.03501758957411583,2.6693051093622073,2.7043226989363234
eu-us-af-row-apac-ch/pf120_k100_a040,us,2040,202.79927714720503,133.18987292499762,7.151068423793285,21.296449180689965,161.63739052948088,0.03756993109953457,41.12431668662462,41.16188661772415
