candidate,year,region,capacity_gw,output_gw,unused_capacity_gw,domestic_gw,exports_gw,demand_gw,price_usd_per_kw,utilization
ch-af-apac-eu-row-us/pf080_k050_a040,2025,ch,931.0,408.99999526036055,522.0000047396395,323.99999993649124,84.99999532386931,323.9999999960554,163.32399999847505,0.4393125620412036
ch-af-apac-eu-row-us/pf080_k050_a040,2025,eu,22.0,21.999999994347483,5.652516676946107e-09,5.15031246159814e-09,21.99999998919717,74.99999999794885,290.63871159348855,0.9999999997430674
ch-af-apac-eu-row-us/pf080_k050_a040,2025,us,42.0,41.99999998377593,1.6224070975567884e-08,8.610060569145889e-08,41.99999989767532,44.99999999210213,397.48715945405235,0.9999999996137126
ch-af-apac-eu-row-us/pf080_k050_a040,2025,apac,110.0,72.60000001812455,37.39999998187545,8.000000122469727,64.59999989565482,49.99999999605717,187.45799966764878,0.6600000001647686
ch-af-apac-eu-row-us/pf080_k050_a040,2025,af,3.4,3.399999995249839,4.750160709221518e-09,5.9927866366858085e-09,3.3999999892570525,9.99999999840681,316.23822836567723,0.9999999986028939
ch-af-apac-eu-row-us/pf080_k050_a040,2025,row,293.0,4.726509767588585e-06,292.99999527349024,8.443624854464945e-07,3.8821472821420905e-06,44.99999999779776,351.93627443634364,1.6131432653885956e-08
ch-af-apac-eu-row-us/pf080_k050_a040,2030,ch,360.54939528399814,349.9999999941959,10.549395289802248,349.9999999878046,6.391303486452671e-09,349.999999999108,107.79092381857619,0.9707407766375736
ch-af-apac-eu-row-us/pf080_k050_a040,2030,eu,35.01769805240774,35.01769805019292,2.214818550783093e-09,4.4873848135157864e-09,35.01769804570554,89.99999999951089,261.6210509230561,0.9999999999367515
ch-af-apac-eu-row-us/pf080_k050_a040,2030,us,63.82646584949353,63.82646584583627,3.657262936940242e-09,7.105179841047953e-09,63.82646583873109,64.99999999889783,259.42258772799363,0.9999999999427
ch-af-apac-eu-row-us/pf080_k050_a040,2030,apac,172.60604968814067,172.60604966380524,2.4335435000466532e-08,84.99999998856619,87.60604967523905,84.99999999917152,140.14706274911487,0.9999999998590117
ch-af-apac-eu-row-us/pf080_k050_a040,2030,af,5.897279022067162,5.897279020002157,2.0650041676617548e-09,2.872148756227035e-08,5.89727899128067,13.999999999596195,261.5250698352833,0.9999999996498378
ch-af-apac-eu-row-us/pf080_k050_a040,2030,row,126.7520717963373,46.65250742179131,80.09956437454599,46.65250736507224,5.671907388205e-08,69.99999999953936,232.97593868783696,0.368061103543551
ch-af-apac-eu-row-us/pf080_k050_a040,2035,ch,360.3410657890922,349.95951050213284,10.381555286959383,332.99999941071565,16.9595110914172,332.9999999777535,95.90883461387698,0.9711896415019328
ch-af-apac-eu-row-us/pf080_k050_a040,2035,eu,48.23316081072346,48.23316074312896,6.759449888704694e-08,1.2173101068208083e-07,48.23316062139795,94.99999998741745,224.96517326176973,0.9999999985985887
ch-af-apac-eu-row-us/pf080_k050_a040,2035,us,89.64592902562379,89.64592889997051,1.2565327267566317e-07,2.394692437323559e-07,89.64592866050127,69.999999973701,220.83979154160912,0.9999999985983382
ch-af-apac-eu-row-us/pf080_k050_a040,2035,apac,179.64998290779718,172.99998844842895,6.64999445936823,102.99999958300812,69.99998886542083,102.99999997847303,110.01520870078565,0.9629836065011971
ch-af-apac-eu-row-us/pf080_k050_a040,2035,af,8.394558044142192,8.394557969929949,7.421224346160216e-08,8.394552237309652,5.732620296683422e-06,19.99999998985495,241.83637116366103,0.9999999911594818
ch-af-apac-eu-row-us/pf080_k050_a040,2035,row,126.57351808214337,30.766853331427928,95.80666475071544,30.76683893422931,1.4397198619064966e-05,78.99999998781936,207.23682711989176,0.24307496384402408
ch-af-apac-eu-row-us/pf080_k050_a040,2040,ch,360.0132364621108,316.0000000440288,44.01323641808199,315.999999963085,8.094383474599454e-08,315.9999999974896,86.65125722071389,0.8777455049969695
ch-af-apac-eu-row-us/pf080_k050_a040,2040,eu,61.32062805461521,61.320628049065476,5.549736670218408e-09,61.3206280011194,4.7946073777893616e-08,98.99999999822153,352.63100344050315,0.9999999999094964
ch-af-apac-eu-row-us/pf080_k050_a040,2040,us,97.1457820711997,97.145782061907,9.292705271946033e-09,74.99999993468714,22.14578212721986,74.99999999613371,287.257963044852,0.9999999999043426
ch-af-apac-eu-row-us/pf080_k050_a040,2040,apac,184.0629523038032,131.8542177945394,52.20873450926379,125.99999994976812,5.854217844771284,125.99999999749194,99.41154579136577,0.7163539220913332
ch-af-apac-eu-row-us/pf080_k050_a040,2040,af,10.891837066217228,10.891837062462374,3.7548542053400524e-09,1.603763845906627e-08,10.891837046424735,27.99999999868414,307.64736368894205,0.9999999996552598
ch-af-apac-eu-row-us/pf080_k050_a040,2040,row,125.99930136813947,115.78753497462189,10.211766393517578,88.99999997048877,26.78753500413312,88.99999999860401,187.26171910250238,0.918953785595356
ch-af-apac-eu-row-us/pf080_k100_a030,2025,ch,931.0,371.5999996624915,559.4000003375086,323.9999998903355,47.59999977215597,323.99999999641057,163.3239999983336,0.39914070855262246
ch-af-apac-eu-row-us/pf080_k100_a030,2025,eu,22.0,21.999999957912323,4.208767734326102e-08,2.7343832637540652e-08,21.99999993056849,74.99999999814361,283.2465316234694,0.9999999980869237
ch-af-apac-eu-row-us/pf080_k100_a030,2025,us,42.0,41.99999998803897,1.196102772382801e-08,9.027670334037709e-09,41.9999999790113,44.999999995496715,288.8809197058529,0.9999999997152136
ch-af-apac-eu-row-us/pf080_k100_a030,2025,apac,110.0,109.99999988328359,1.167164072057858e-07,28.000000145915667,81.99999973736793,49.99999999632404,198.380290371924,0.9999999989389418
ch-af-apac-eu-row-us/pf080_k100_a030,2025,af,3.4,3.399999995150652,4.84934803424153e-09,3.3999998125787636,1.8257188827419668e-07,9.999999998466869,337.97860697397795,0.9999999985737211
ch-af-apac-eu-row-us/pf080_k100_a030,2025,row,293.0,4.960359307533546e-07,292.9999995039641,3.7884443886740445e-08,4.581514868666141e-07,44.999999998071154,324.43474895943945,1.6929553950626436e-09
ch-af-apac-eu-row-us/pf080_k100_a030,2030,ch,439.0824665195753,312.193040619313,126.88942590026227,312.1930405891984,3.011462013091659e-08,349.999999998856,107.75311682988541,0.7110123141421197
ch-af-apac-eu-row-us/pf080_k100_a030,2030,eu,32.81557206051744,32.81557205904211,1.4753283039681264e-09,32.81557204555716,1.348495004549477e-08,89.99999999916227,398.00240001948396,0.9999999999550419
ch-af-apac-eu-row-us/pf080_k100_a030,2030,us,48.95432821478309,48.95432821332128,1.4618066757066117e-09,1.8803836088405296e-09,48.9543282114409,64.99999999836002,306.667105193999,0.9999999999701393
ch-af-apac-eu-row-us/pf080_k100_a030,2030,apac,153.28045093956092,153.28045090799256,3.1568362146572326e-08,84.99999999148842,68.28045091650414,84.99999999884771,136.0845674235821,0.9999999997940483
ch-af-apac-eu-row-us/pf080_k100_a030,2030,af,5.899999994220499,5.899999992842719,1.3777796681324617e-09,1.8485938309128262e-10,5.89999999265786,13.999999999419789,369.3991979816169,0.999999999766478
ch-af-apac-eu-row-us/pf080_k100_a030,2030,row,120.85660820865843,120.85660820146764,7.19079196187522e-09,69.99999996767613,50.856608233791505,69.99999999933343,295.05726437741845,0.9999999999405015
ch-af-apac-eu-row-us/pf080_k100_a030,2035,ch,437.0743947762798,333.00000027432816,104.07439450195164,332.999999871044,4.032841616208316e-07,332.9999999882542,95.90883302935895,0.7618840276488331
ch-af-apac-eu-row-us/pf080_k100_a030,2035,eu,43.65216810415502,43.65216807547905,2.8675970042968402e-08,1.2450748724061542e-07,43.65216795097156,94.99999999275146,305.7872902142485,0.9999999993430803
ch-af-apac-eu-row-us/pf080_k100_a030,2035,us,66.95121739625279,66.95121736512017,3.113261470844009e-08,1.935054837736876e-07,66.95121717161469,69.99999998061814,328.13734512148613,0.9999999995349955
ch-af-apac-eu-row-us/pf080_k100_a030,2035,apac,195.06149050492675,122.20249065485129,72.85899985007546,102.99999987352798,19.202490781323306,102.99999998853708,110.01520797517256,0.6264818870117511
ch-af-apac-eu-row-us/pf080_k100_a030,2035,af,8.399999991983213,8.399999970223794,2.175941915538715e-08,9.18599942734756e-08,8.3999998783638,19.99999999424595,304.4402778869703,0.999999997409593
ch-af-apac-eu-row-us/pf080_k100_a030,2035,row,125.79412365904973,125.7941235972968,6.175292810439714e-08,78.9999995390066,46.79412405829021,78.99999999289238,297.73894188910174,0.9999999995090952
ch-af-apac-eu-row-us/pf080_k100_a030,2040,ch,435.54201025998077,414.99999992169955,20.542010338281216,315.99999984666624,99.00000007503331,315.999999996854,86.65125729243223,0.952835754406287
ch-af-apac-eu-row-us/pf080_k100_a030,2040,eu,35.50846879551476,35.50846876970643,2.5808326142851e-08,2.7140537902663324e-08,35.508468742565896,98.99999999831314,166.23306487879043,0.9999999992731783
ch-af-apac-eu-row-us/pf080_k100_a030,2040,us,52.66974500905144,52.66974499417134,1.4880100707159727e-08,1.612197460758685e-08,52.669744978049366,74.99999999652759,175.26325081275988,0.999999999717483
ch-af-apac-eu-row-us/pf080_k100_a030,2040,apac,227.97905281764915,218.92178583107398,9.057266986575172,125.99999992801573,92.92178590305825,125.99999999687998,99.41154603776202,0.9602714947946569
ch-af-apac-eu-row-us/pf080_k100_a030,2040,af,10.899999989748704,10.899999977445715,1.2302988849910435e-08,7.013620983941603e-08,10.899999907309505,27.99999999856123,186.88891478007847,0.9999999988712854
ch-af-apac-eu-row-us/pf080_k100_a030,2040,row,123.79231904637977,4.913290331793606e-07,123.79231855505074,1.750012449088513e-07,3.1632778827050934e-07,88.99999999829,181.49781368020913,3.96897834182491e-09
ch-af-apac-eu-row-us/pf080_k100_a040,2025,ch,931.0,413.59999950241394,517.400000497586,323.99999999555087,89.59999950686307,323.9999999997154,163.3239999998965,0.44425349033556816
ch-af-apac-eu-row-us/pf080_k100_a040,2025,eu,22.0,21.999999998859654,1.140346483907706e-09,9.567434356125831e-10,21.99999999790291,74.99999999985255,278.79674479643205,0.999999999948166
ch-af-apac-eu-row-us/pf080_k100_a040,2025,us,42.0,1.908333958423617e-07,41.9999998091666,3.984638398739629e-09,1.8684875744362207e-07,44.99999999961369,296.37810463310853,4.5436522819609925e-09
ch-af-apac-eu-row-us/pf080_k100_a040,2025,apac,110.0,109.9999999986394,1.3606040738523006e-09,49.999999806808994,60.0000001918304,49.999999999611696,271.59531640367084,0.9999999999876309
ch-af-apac-eu-row-us/pf080_k100_a040,2025,af,3.4,3.399999999459883,5.401168401419909e-10,1.5867892156668071e-06,3.3999984126706675,9.999999999867597,358.8068252702912,0.9999999998411421
ch-af-apac-eu-row-us/pf080_k100_a040,2025,row,293.0,3.082947844076947e-07,292.9999996917052,4.349346380187958e-09,3.0394543802750675e-07,44.9999999998401,330.21861105858505,1.0522006293777977e-09
ch-af-apac-eu-row-us/pf080_k100_a040,2030,ch,510.67077042468446,510.67077040645427,1.8230196019430878e-08,349.9999999947742,160.67077041168005,349.99999999970714,118.0004645941576,0.9999999999643014
ch-af-apac-eu-row-us/pf080_k100_a040,2030,eu,34.737263653118,34.737263651960774,1.1572254265956872e-09,1.5849508498548993e-09,34.73726365037582,89.9999999998399,227.93469835565378,0.9999999999666863
ch-af-apac-eu-row-us/pf080_k100_a040,2030,us,62.16138050014056,30.262736389437237,31.898644110703323,30.262736358744043,3.069319376436397e-08,64.99999999965787,211.78116314506016,0.4868414463441462
ch-af-apac-eu-row-us/pf080_k100_a040,2030,apac,114.946695217698,85.00000000645049,29.9466952112475,84.99999999437392,1.207656907808996e-08,84.99999999970953,123.64206235755931,0.7394731953404025
ch-af-apac-eu-row-us/pf080_k100_a040,2030,af,5.899999988612017,5.899999988100603,5.114140222417518e-10,5.899999983800919,4.299684164266182e-09,13.999999999850395,348.45052917119943,0.9999999999133197
ch-af-apac-eu-row-us/pf080_k100_a040,2030,row,133.76862971387465,7.429229556200666,126.33940015767398,7.429229544936793,1.126387338956647e-08,69.99999999983925,232.93671538905423,0.055537905801169296
ch-af-apac-eu-row-us/pf080_k100_a040,2035,ch,360.2158387660277,333.000000039051,27.2158387269767,332.999999829444,2.096069806611922e-07,332.9999999865327,95.9088331358815,0.9244457466939584
ch-af-apac-eu-row-us/pf080_k100_a040,2035,eu,48.00654130596168,48.00654128574165,2.022003542379025e-08,8.506988480164692e-08,48.00654120067176,94.99999999153916,309.1418342682287,0.9999999995788067
ch-af-apac-eu-row-us/pf080_k100_a040,2035,us,87.9404157913378,87.94041576785061,2.3487189082516124e-08,2.1879004147730608e-08,87.9404157459716,69.99999998169288,298.6300820021368,0.9999999997329193
ch-af-apac-eu-row-us/pf080_k100_a040,2035,apac,129.28280621020926,103.00000014833716,26.282806061872094,102.99999986981706,2.7852010475726274e-07,102.99999998673309,110.01520804149172,0.7967030045810022
ch-af-apac-eu-row-us/pf080_k100_a040,2035,af,8.39999998420365,8.399999981143495,3.060154796230563e-09,8.39999971309088,2.6805261477136355e-07,19.9999999937661,369.04252356215886,0.9999999996356959
ch-af-apac-eu-row-us/pf080_k100_a040,2035,row,133.633443398561,119.65304271112633,13.980400687434681,78.99999988593784,40.65304282518849,78.99999999298635,207.2850609488596,0.8953824706459279
ch-af-apac-eu-row-us/pf080_k100_a040,2040,ch,354.97225680339693,317.564721932725,37.40753487067195,315.9999999961181,1.5647219366068725,315.99999999965183,86.65125720299432,0.8946184267820392
ch-af-apac-eu-row-us/pf080_k100_a040,2040,eu,60.95245205623027,60.952452055741084,4.891873572887562e-10,60.95245205262021,3.1208742257149424e-09,98.99999999969552,479.3122539686869,0.9999999999919743
ch-af-apac-eu-row-us/pf080_k100_a040,2040,us,82.95523401226161,82.95523401146056,8.010516694412217e-10,67.41995591595902,15.535278095501539,74.99999999924391,357.3726143765716,0.9999999999903436
ch-af-apac-eu-row-us/pf080_k100_a040,2040,apac,147.65501460565486,126.00000000207714,21.655014603577712,125.99999999700628,5.070859288025531e-09,125.99999999966026,99.41154578486878,0.853340472984191
ch-af-apac-eu-row-us/pf080_k100_a040,2040,af,10.899999979800754,10.899999979534,2.667537302158962e-10,10.899999971887924,7.646075772527183e-09,27.999999999732257,542.9205286613095,0.9999999999755271
ch-af-apac-eu-row-us/pf080_k100_a040,2040,row,134.62759201743532,134.62759201622012,1.2151986084063537e-09,88.99999999413608,45.627592022084045,88.99999999977403,314.50042848231817,0.9999999999909737
ch-af-apac-eu-row-us/pf100_k050_a040,2025,ch,931.0,431.5999968709349,499.4000031290651,323.9999999751501,107.59999689578478,323.9999999974166,163.32399999936524,0.4635875369182974
ch-af-apac-eu-row-us/pf100_k050_a040,2025,eu,22.0,21.999999993418893,6.5811072147425875e-09,15.400001007284152,6.599998986134741,74.99999999833663,432.2830678681722,0.9999999997008587
ch-af-apac-eu-row-us/pf100_k050_a040,2025,us,42.0,41.99999999532996,4.6700421307832585e-09,3.798967538176834e-09,41.99999999153099,44.99999999669223,306.812855649632,0.9999999998888085
ch-af-apac-eu-row-us/pf100_k050_a040,2025,apac,110.0,50.000001968151324,59.999998031848676,49.99999997635879,1.9917925371260026e-06,49.99999999753948,187.4999999806151,0.4545454724377393
ch-af-apac-eu-row-us/pf100_k050_a040,2025,af,3.4,3.3999999975824355,2.4175643709156702e-09,3.399999974871134,2.2711301728151057e-08,9.999999998645226,470.506125613717,0.9999999992889517
ch-af-apac-eu-row-us/pf100_k050_a040,2025,row,293.0,1.1618487748126361e-06,292.9999988381512,3.51834206648834e-08,1.1266653541477527e-06,44.99999999863621,329.5622043352002,3.9653541802479046e-09
ch-af-apac-eu-row-us/pf100_k050_a040,2030,ch,443.3162314828704,393.85653115796674,49.45970032490368,349.99999993797815,43.8565312199886,349.99999999578733,107.7909238177376,0.8884324623994401
ch-af-apac-eu-row-us/pf100_k050_a040,2030,eu,35.05928864131752,35.059288594068455,4.7249066881249746e-08,26.954754084613363,8.104534509455092,89.99999999765184,231.44805808853425,0.9999999986523096
ch-af-apac-eu-row-us/pf100_k050_a040,2030,us,66.15702814807368,66.15702790655716,2.415165170077671e-07,64.99999984994638,1.157028056610784,64.99999999493947,217.6804304537107,0.9999999963493446
ch-af-apac-eu-row-us/pf100_k050_a040,2030,apac,173.0316867559445,173.0316867104417,4.550278731585422e-08,84.99999988257393,88.03168682786777,84.99999999535102,165.03144166829185,0.9999999997370262
ch-af-apac-eu-row-us/pf100_k050_a040,2030,af,5.895465036778604,5.895465029446106,7.332498164203116e-09,5.8954649472043,8.2241805365868e-08,13.999999997969203,306.1296631986603,0.9999999987562477
ch-af-apac-eu-row-us/pf100_k050_a040,2030,row,107.79377327578646,5.8091560293538e-07,107.79377269487087,1.2806090777984413e-07,4.528546951555359e-07,69.99999999769697,219.84952841139653,5.389138771950477e-09
ch-af-apac-eu-row-us/pf100_k050_a040,2035,ch,381.73052467258634,360.37241606381394,21.358108608772397,332.99999998552744,27.372416078286506,332.99999999859244,95.90883302017825,0.944049251426536
ch-af-apac-eu-row-us/pf100_k050_a040,2035,eu,48.27463572266241,48.27463571919073,3.471683385214419e-09,48.274635689644676,2.9546050939188717e-08,94.99999999917401,302.22765410762315,0.9999999999280847
ch-af-apac-eu-row-us/pf100_k050_a040,2035,us,89.3529482050438,89.35294819700229,8.041510568546073e-09,69.99999995475868,19.352948242243613,69.99999999834094,249.0648063843107,0.9999999999100029
ch-af-apac-eu-row-us/pf100_k050_a040,2035,apac,183.33635276072778,102.99999999138369,80.33635276934409,102.99999998253651,8.847180765769735e-09,102.99999999877484,110.0152079503711,0.5618089290006165
ch-af-apac-eu-row-us/pf100_k050_a040,2035,af,8.39093007357032,8.39093007127023,2.3000907845016627e-09,8.390930054457778,1.681245187512559e-08,19.999999999380094,316.81511452788226,0.9999999997258837
ch-af-apac-eu-row-us/pf100_k050_a040,2035,row,107.10951755564696,90.60906995089596,16.500447604751002,78.99999997703934,11.60906997385662,78.9999999992945,207.28506054978388,0.8459478860393664
ch-af-apac-eu-row-us/pf100_k050_a040,2040,ch,368.95474966507385,316.00000001612136,52.954749648952486,315.9999999862976,2.982375235660584e-08,315.9999999993115,86.6512572036969,0.8564735927724925
ch-af-apac-eu-row-us/pf100_k050_a040,2040,eu,61.00185066974589,61.001850667960355,1.785537051546271e-09,43.888245825410976,17.11360484254938,98.99999999953188,338.6869828352339,0.9999999999707297
ch-af-apac-eu-row-us/pf100_k050_a040,2040,us,108.6116097358881,108.61160973316531,2.7227855525779887e-09,74.9999999715992,33.611609761566115,74.99999999895293,279.45236778919536,0.9999999999749309
ch-af-apac-eu-row-us/pf100_k050_a040,2040,apac,209.97493086423552,129.92653142162368,80.04839944261184,125.99999999300735,3.926531428616329,125.9999999993467,99.41154578021379,0.6187716356750744
ch-af-apac-eu-row-us/pf100_k050_a040,2040,af,10.886395110362049,10.886395109222502,1.1395471233299759e-09,10.886395095286968,1.393553361594968e-08,27.999999999591417,351.09032649592615,0.9999999998953237
ch-af-apac-eu-row-us/pf100_k050_a040,2040,row,106.5736130523885,106.57361304823878,4.149711685386137e-09,88.99999998595077,17.57361306228802,88.99999999959762,243.38031885802897,0.9999999999610625
ch-af-apac-eu-row-us/pf100_k100_a030,2025,ch,931.0,413.5999997096861,517.400000290314,323.9999999701287,89.59999973955735,323.99999999732375,163.32399999893548,0.444253490558202
ch-af-apac-eu-row-us/pf100_k100_a030,2025,eu,22.0,21.999999948987636,5.101236411064747e-08,1.2769852038476375e-07,21.999999821289116,74.9999999985481,310.9214420221916,0.9999999976812561
ch-af-apac-eu-row-us/pf100_k100_a030,2025,us,42.0,2.399547288773883e-07,41.99999976004527,2.8643948139934367e-08,2.1131078073745394e-07,44.99999999648846,288.8477404356905,5.713207830414007e-09
ch-af-apac-eu-row-us/pf100_k100_a030,2025,apac,110.0,109.99999999199711,8.002885465430154e-09,49.99999987180666,60.00000012019046,49.99999999576924,309.026458154971,0.9999999999272465
ch-af-apac-eu-row-us/pf100_k100_a030,2025,af,3.4,3.3999999934676994,6.532300478312436e-09,4.079081099880354e-08,3.3999999526768883,9.999999998840943,310.8978171310511,0.9999999980787352
ch-af-apac-eu-row-us/pf100_k100_a030,2025,row,293.0,1.0139051385604291e-07,292.9999998986095,3.4447939022694854e-08,6.694257483334805e-08,44.99999999851326,325.7521036460154,3.4604270940628977e-10
ch-af-apac-eu-row-us/pf100_k100_a030,2030,ch,590.312681724797,468.20403513462975,122.10864659016727,349.99999999395584,118.20403514067391,349.99999999960994,107.79092378772657,0.7931458185289434
ch-af-apac-eu-row-us/pf100_k100_a030,2030,eu,18.45898969957631,18.458989694133628,5.442682748935113e-09,18.458989563293514,1.3084011385444683e-07,89.99999999979035,220.9139429775651,0.9999999997051473
ch-af-apac-eu-row-us/pf100_k100_a030,2030,us,4.207842712352516,4.207842711188684,1.1638316976814167e-09,8.939630138041411e-10,4.207842710294721,64.99999999954655,219.72009256143514,0.9999999997234137
ch-af-apac-eu-row-us/pf100_k100_a030,2030,apac,173.3369752265155,173.33697522465843,1.8570744941825978e-09,2.2033543868005682e-08,173.3369752026249,84.99999999954154,195.49907269732202,0.9999999999892863
ch-af-apac-eu-row-us/pf100_k100_a030,2030,af,5.899999988205071,5.899999987073483,1.131588156511043e-09,5.899999972225801,1.4847681306662253e-08,13.99999999982523,246.91956248891918,0.9999999998082054
ch-af-apac-eu-row-us/pf100_k100_a030,2030,row,62.74618297483315,3.8921572464210046,58.85402572841214,1.2199657765778503e-08,3.892157234221347,69.99999999979138,221.40981724888533,0.06203018354091928
ch-af-apac-eu-row-us/pf100_k100_a030,2035,ch,579.1933589005532,419.652934052983,159.5404248475702,332.999999900244,86.65293415273902,332.9999999946593,95.90883300751864,0.7245472131268634
ch-af-apac-eu-row-us/pf100_k100_a030,2035,eu,25.2674895444923,25.267489473412052,7.108024746571573e-08,25.267489171597955,3.018140972699257e-07,94.99999999702617,205.1761059469238,0.9999999971868893
ch-af-apac-eu-row-us/pf100_k100_a030,2035,us,4.781431514044877,4.781431452346617,6.16982607226646e-08,5.7995763170078875e-08,4.781431394350854,69.99999999412078,178.10065392796201,0.9999999870962785
ch-af-apac-eu-row-us/pf100_k100_a030,2035,apac,235.07957608372155,235.07957603903083,4.469072223400872e-08,96.8664082682134,138.21316777081742,102.99999999391537,163.81178858370887,0.9999999998098911
ch-af-apac-eu-row-us/pf100_k100_a030,2035,af,8.39999998363917,8.399999965030752,1.860841791767598e-08,8.39999971695087,2.4807988197039776e-07,19.99999999752775,221.3258296410945,0.9999999977847122
ch-af-apac-eu-row-us/pf100_k100_a030,2035,row,62.73077457744494,6.818568991501509,55.91220558594343,3.4879197402065776e-07,6.818568642709535,78.99999999705545,201.93394423122646,0.10869575638801611
ch-af-apac-eu-row-us/pf100_k100_a030,2040,ch,563.763005219233,427.3280597345941,136.43494548463894,315.99999991924295,111.32805981535114,315.99999999592984,86.65125720650978,0.7579923758360433
ch-af-apac-eu-row-us/pf100_k100_a030,2040,eu,29.27663197659343,29.276631939243337,3.735009102001641e-08,29.276631668650616,2.7059272156293446e-07,98.99999999782607,194.6514641050261,0.9999999987242354
ch-af-apac-eu-row-us/pf100_k100_a030,2040,us,4.781156021374897,4.781155912939698,1.0843519859804474e-07,8.735729014656144e-08,4.781155825582408,74.99999999548471,184.53371099398083,0.999999977320297
ch-af-apac-eu-row-us/pf100_k100_a030,2040,apac,260.714144257537,260.7141442267764,3.0760588742850814e-08,125.99999981217879,134.71414441459763,125.99999999549547,159.46702958254858,0.9999999998820142
ch-af-apac-eu-row-us/pf100_k100_a030,2040,af,10.899999979078936,10.899999961078423,1.8000513080096425e-08,10.899999587766922,3.733115008230925e-07,27.999999998065597,194.69235322954427,0.9999999983485768
ch-af-apac-eu-row-us/pf100_k100_a030,2040,row,62.722920357282014,8.206016653767714e-06,62.72291215126536,4.246983307151604e-06,3.95903334661611e-06,88.99999999784698,186.82453707805593,1.3082963304362488e-07
ch-af-apac-eu-row-us/pf120_k050_a030,2025,ch,931.0,435.5999998936402,495.4000001063598,323.9999999927106,111.59999990092956,323.99999999921744,163.32400000005447,0.46788399558930205
ch-af-apac-eu-row-us/pf120_k050_a030,2025,eu,22.0,4.454678896284172e-08,21.999999955453212,2.302360899661686e-08,2.152317996622486e-08,74.99999999960629,288.040131549343,2.024854043765533e-09
ch-af-apac-eu-row-us/pf120_k050_a030,2025,us,42.0,1.898210576748532e-08,41.99999998101789,7.411396349643952e-09,1.157070941784137e-08,44.999999999040256,291.84016090077137,4.51954899225841e-10
ch-af-apac-eu-row-us/pf120_k050_a030,2025,apac,110.0,109.99999999476638,5.2336162070787395e-09,49.9999999858895,60.00000000887688,49.99999999908224,248.22713424255107,0.9999999999524217
ch-af-apac-eu-row-us/pf120_k050_a030,2025,af,3.4,3.3999999983333837,1.666616178397362e-09,3.39999996666313,3.1670253530791115e-08,9.999999999662151,304.61204108635883,0.9999999995098188
ch-af-apac-eu-row-us/pf120_k050_a030,2025,row,293.0,4.59056716457144e-08,292.99999995409433,3.821116695565812e-08,7.69450469005628e-09,44.99999999956617,346.0497741210419,1.5667464725499795e-10
ch-af-apac-eu-row-us/pf120_k050_a030,2030,ch,561.5012674702652,454.54444791877904,106.9568195514862,349.9999999444384,104.54444797434064,349.9999999967301,107.79092379883555,0.8095163346053351
ch-af-apac-eu-row-us/pf120_k050_a030,2030,eu,27.342632121999895,27.342632101289315,2.0710579917704308e-08,27.34263204471442,5.6574894102823237e-08,89.99999999820834,242.16940963050908,0.9999999992425536
ch-af-apac-eu-row-us/pf120_k050_a030,2030,us,30.455551647682103,30.45555159894977,4.873233194757631e-08,30.45555152414696,7.4802812832786e-08,64.99999999610975,217.64062914447186,0.9999999983998867
ch-af-apac-eu-row-us/pf120_k050_a030,2030,apac,164.33924283860824,155.96745567744395,8.371787161164292,84.99999996221972,70.96745571522423,84.99999999688717,123.6420623743372,0.9490578938021156
ch-af-apac-eu-row-us/pf120_k050_a030,2030,af,5.689912499008809,5.689912489554401,9.454407923215058e-09,7.833485879154645e-08,5.6899124112195425,13.999999998569526,199.364280626967,0.9999999983383914
ch-af-apac-eu-row-us/pf120_k050_a030,2030,row,46.60777393914981,1.9869741808103774e-07,46.60777374045239,1.4059012686912671e-07,5.810729121191102e-08,69.99999999820898,225.45878146063868,4.263181896231585e-09
ch-af-apac-eu-row-us/pf120_k050_a030,2035,ch,518.5371243572162,413.19269025896443,105.34443409825172,332.9999999157677,80.19269034319672,332.9999999939313,95.90883301570554,0.796843024057655
ch-af-apac-eu-row-us/pf120_k050_a030,2035,eu,27.794095699947366,27.794095634049636,6.589772993947918e-08,27.794092652977508,2.981072128704909e-06,94.99999999664205,209.1028007402407,0.9999999976290745
ch-af-apac-eu-row-us/pf120_k050_a030,2035,us,30.220991946216778,30.22099185246436,9.375241916131927e-08,19.393509049636528,10.82748280282783,69.99999999279659,210.69703768082056,0.9999999968977716
ch-af-apac-eu-row-us/pf120_k050_a030,2035,apac,220.81239691444816,220.812396869019,4.5429146666720044e-08,102.99999988777336,117.81239698124566,102.99999999312499,163.3325121768166,0.9999999997942636
ch-af-apac-eu-row-us/pf120_k050_a030,2035,af,7.979824998625111,7.979824987502696,1.112241498901767e-08,7.979824893486839,9.401585732149442e-08,19.999999997113203,262.6883350552934,0.999999998606183
ch-af-apac-eu-row-us/pf120_k050_a030,2035,row,46.596035924032805,3.6834373128015235e-07,46.59603555568907,1.763170318649413e-07,1.9202669941521105e-07,78.99999999673562,194.0684429423264,7.905044366449463e-09
ch-af-apac-eu-row-us/pf120_k050_a030,2040,ch,524.067169628952,405.59681974584214,118.47034988310986,315.999999659938,89.59682008590414,315.99999997924454,86.65125722760432,0.7739405237557835
ch-af-apac-eu-row-us/pf120_k050_a030,2040,eu,27.77705879977069,27.777058533220902,2.6654978668716467e-07,27.77705788731867,6.459022330318476e-07,98.99999998950763,177.17735732530028,0.9999999904039593
ch-af-apac-eu-row-us/pf120_k050_a030,2040,us,30.2199966190877,30.21999617613483,4.429528672744709e-07,30.219995694879582,4.812552489852351e-07,74.99999997911306,185.44659457900977,0.9999999853423919
ch-af-apac-eu-row-us/pf120_k050_a030,2040,apac,259.13638705320614,259.1363867595536,2.936525334007456e-07,125.99999928228458,133.136387477269,125.99999997972459,132.6209005207737,0.9999999988668031
ch-af-apac-eu-row-us/pf120_k050_a030,2040,af,10.26973749824189,10.26973741728531,8.095658010631723e-08,10.26973708474191,3.3254339903976415e-07,27.999999990787924,195.64556353601813,0.9999999921169767
ch-af-apac-eu-row-us/pf120_k050_a030,2040,row,46.57977075623695,1.2759483699420092e-06,46.579769480288576,7.671630292419359e-07,5.087853407000733e-07,88.99999998960732,176.4155083990938,2.739275761186871e-08
ch-af-apac-eu-row-us/pf120_k050_a040,2025,ch,931.0,393.5999998570488,537.4000001429513,323.999999984542,69.59999987250677,323.99999999832323,163.3239999993712,0.42277121359511144
ch-af-apac-eu-row-us/pf120_k050_a040,2025,eu,22.0,1.3238176921803818e-07,21.999999867618232,5.754913410260391e-08,7.483263511543426e-08,74.99999999912968,291.071097905525,6.017353146274462e-09
ch-af-apac-eu-row-us/pf120_k050_a040,2025,us,42.0,41.99999997942333,2.057667103372296e-08,41.9999999615471,1.7876232050184626e-08,44.99999999712057,365.7254794464012,0.9999999995100792
ch-af-apac-eu-row-us/pf120_k050_a040,2025,apac,110.0,109.99999999168607,8.313932653436495e-09,49.999999977056156,60.00000001462991,49.99999999780808,263.4894614552298,0.9999999999244188
ch-af-apac-eu-row-us/pf120_k050_a040,2025,af,3.4,3.39999999631737,3.6826297566960875e-09,3.3999999808980528,1.5419317378473352e-08,9.999999999278469,310.05915820707435,0.9999999989168736
ch-af-apac-eu-row-us/pf120_k050_a040,2025,row,293.0,3.3902528372151785e-08,292.99999996609745,1.2619574901073636e-08,2.128295347107815e-08,44.99999999909981,305.7498298043427,1.1570828795956241e-10
ch-af-apac-eu-row-us/pf120_k050_a040,2030,ch,519.5658415747025,424.0804642386497,95.4853773360528,349.9999999954485,74.08046424320122,349.9999999996306,107.79092378801455,0.8162208334430622
ch-af-apac-eu-row-us/pf120_k050_a040,2030,eu,29.11873290046185,29.11873289580126,4.660591912397649e-09,20.85673291997549,8.26199997582577,89.99999999979727,220.21903573243665,0.9999999998399453
ch-af-apac-eu-row-us/pf120_k050_a040,2030,us,52.64801739245746,52.648017389440994,3.0164670761223533e-09,52.64801737945568,9.985313909055549e-09,64.99999999952911,246.38785834137195,0.999999999942705
ch-af-apac-eu-row-us/pf120_k050_a040,2030,apac,162.4147854455617,162.4147854432657,2.295990952916327e-09,84.99999998515497,77.41478545811074,84.9999999995733,185.8287318033501,0.9999999999858634
ch-af-apac-eu-row-us/pf120_k050_a040,2030,af,5.7379999992356865,5.737999998212239,1.0234471048420346e-09,5.737999990267232,7.945007318710395e-09,13.99999999981743,275.6215619960915,0.999999999821637
ch-af-apac-eu-row-us/pf120_k050_a040,2030,row,35.938716706358605,3.277700748538378e-08,35.938716673581595,1.345095128101606e-08,1.9326056204367724e-08,69.99999999979931,224.11866578587657,9.120249827836667e-10
ch-af-apac-eu-row-us/pf120_k050_a040,2035,ch,506.54029553130835,411.99999943050875,94.5402961007996,332.9999999688578,78.99999946165093,332.9999999980625,95.9088330065625,0.813360759381173
ch-af-apac-eu-row-us/pf120_k050_a040,2035,eu,32.026773895600705,32.02677384455313,5.104757860863174e-08,20.102773896661247,11.923999947891879,94.99999999905411,191.49765892554905,0.9999999984060968
ch-af-apac-eu-row-us/pf120_k050_a040,2035,us,52.6749646745596,33.12115650731425,19.55380816724535,33.121156468027394,3.92868528820145e-08,69.99999999814952,188.39960180808066,0.6287836491575429
ch-af-apac-eu-row-us/pf120_k050_a040,2035,apac,214.77607013221262,214.77607006339917,6.88134491610981e-08,102.99999997208553,111.77607009131364,102.99999999833408,123.52392457972468,0.9999999996796037
ch-af-apac-eu-row-us/pf120_k050_a040,2035,af,8.075999998939814,8.075999997343098,1.5967156485885425e-09,8.075999987091846,1.025125229148216e-08,19.999999999111306,249.58293929452424,0.9999999998022888
ch-af-apac-eu-row-us/pf120_k050_a040,2035,row,35.923112113925384,1.486534099651033e-07,35.92311196527197,6.096987564010787e-08,8.768353432499543e-08,78.99999999906032,196.8970316119224,4.138099435641009e-09
ch-af-apac-eu-row-us/pf120_k050_a040,2040,ch,505.43883876171947,388.4933628515826,116.94547591013685,315.99999999270136,72.49336285888126,315.9999999995068,86.65125720052637,0.7686258614461783
ch-af-apac-eu-row-us/pf120_k050_a040,2040,eu,32.022890942060585,32.0228909362607,5.799883240342751e-09,32.022890901875655,3.438504592168101e-08,98.99999999973663,186.33226693546263,0.9999999998188832
ch-af-apac-eu-row-us/pf120_k050_a040,2040,us,58.487603788087355,58.487603784730894,3.3564617751835613e-09,58.48760377478907,9.941821588199673e-09,74.99999999940871,226.1334343139295,0.9999999999426125
ch-af-apac-eu-row-us/pf120_k050_a040,2040,apac,243.58214237487442,243.58214237125185,3.622574240580434e-09,125.99999996305544,117.5821424081964,125.9999999994567,155.28378672491158,0.9999999999851279
ch-af-apac-eu-row-us/pf120_k050_a040,2040,af,10.41399999864431,10.413999996941905,1.7024053278191786e-09,10.41399997622325,2.0718655235896222e-08,27.999999999774946,211.22852086754946,0.9999999998365272
ch-af-apac-eu-row-us/pf120_k050_a040,2040,row,35.91590402481305,5.685568936479078e-08,35.91590396795736,2.8093979691880493e-08,2.8761709672910286e-08,88.99999999973981,180.6646335394842,1.5830226443837013e-09
ch-af-apac-eu-row-us/pf120_k100_a030,2025,ch,931.0,435.59999995200764,495.40000004799236,323.9999999946122,111.59999995739543,323.99999999942764,163.32399999985338,0.4678839956519953
ch-af-apac-eu-row-us/pf120_k100_a030,2025,eu,22.0,2.5750769480090253e-08,21.99999997424923,1.2368073404388219e-08,1.3382696075702035e-08,74.99999999970605,283.5349011381488,1.1704895218222842e-09
ch-af-apac-eu-row-us/pf120_k100_a030,2025,us,42.0,1.4118293094371182e-08,41.99999998588171,5.071485897705067e-09,9.046807196666114e-09,44.99999999929078,284.57270566172105,3.3614983558026623e-10
ch-af-apac-eu-row-us/pf120_k100_a030,2025,apac,110.0,109.99999999556168,4.438319933797175e-09,49.99999999018946,60.00000000537222,49.99999999934722,229.27296174328455,0.9999999999596516
ch-af-apac-eu-row-us/pf120_k100_a030,2025,af,3.4,3.399999999019295,9.807048506615956e-10,3.3999999939739856,5.045309503515227e-09,9.999999999758145,338.02652589172,0.9999999997115574
ch-af-apac-eu-row-us/pf120_k100_a030,2025,row,293.0,1.0764237422704162e-08,292.9999999892358,4.6762854703070954e-09,6.087951952397066e-09,44.99999999969208,312.9354774997439,3.673801168158417e-11
ch-af-apac-eu-row-us/pf120_k100_a030,2030,ch,594.3832766786452,455.60976080645094,138.77351587219425,349.99999981168185,105.60976099476909,349.9999999870484,107.79092383034784,0.7665252013016804
ch-af-apac-eu-row-us/pf120_k100_a030,2030,eu,17.64552596135377,17.645525846647278,1.1470649141642753e-07,17.645525420363402,4.2628387575405213e-07,89.9999999932203,207.90961646726234,0.9999999934994008
ch-af-apac-eu-row-us/pf120_k100_a030,2030,us,21.497655780471813,21.497655457449554,3.2302225960734177e-07,21.497655178720798,2.787287556316187e-07,64.99999998425876,222.8194590279564,0.9999999849740705
ch-af-apac-eu-row-us/pf120_k100_a030,2030,apac,173.34170642171458,173.34170626290964,1.5880493720032973e-07,84.99999964994711,88.34170661296253,84.99999998605894,166.66042880680618,0.999999999083862
ch-af-apac-eu-row-us/pf120_k100_a030,2030,af,5.899999988205071,5.899999942823642,4.5381429281121655e-08,5.899998843111883,1.0997117589894856e-06,13.999999994043662,215.35408682911188,0.9999999923082323
ch-af-apac-eu-row-us/pf120_k100_a030,2030,row,62.8203532226554,0.005351621263422536,62.81500160139198,0.005351378484091992,2.4277933054466655e-07,69.99999999291437,232.90703216195064,8.518928959941822e-05
ch-af-apac-eu-row-us/pf120_k100_a030,2035,ch,587.9342597907887,454.93103503215616,133.00322475863254,332.99999993590944,121.93103509624672,332.9999999964383,95.90883300923,0.7737787472940247
ch-af-apac-eu-row-us/pf120_k100_a030,2035,eu,21.654233789891315,3.285085283056881e-06,21.65423050480603,3.149023570769897e-06,1.3606171228698395e-07,94.99999999811628,174.93184536322426,1.5170637367877837e-07
ch-af-apac-eu-row-us/pf120_k100_a030,2035,us,21.49672076586018,1.4911758402869356e-06,21.496719274684338,1.3945352291065806e-06,9.664061118035501e-08,69.9999999960434,187.2772214354995,6.936759594770999e-08
ch-af-apac-eu-row-us/pf120_k100_a030,2035,apac,236.66896013096905,236.66896005852968,7.243937716339133e-08,102.9999998622099,133.66896019631977,102.99999999628635,134.52077760026557,0.9999999996939211
ch-af-apac-eu-row-us/pf120_k100_a030,2035,af,8.39999998363917,8.399999968920795,1.471837407507337e-08,8.399999854639406,1.1428138968483381e-07,19.99999999843115,185.83852434168728,0.9999999982478126
ch-af-apac-eu-row-us/pf120_k100_a030,2035,row,62.79804483990297,1.475318679401098e-07,62.7980446923711,7.240374828240353e-08,7.512811965770626e-08,78.99999999808401,187.72518975179628,2.3493067071789705e-09
ch-af-apac-eu-row-us/pf120_k100_a030,2040,ch,590.2813298341215,426.61310207226546,163.66822776185603,315.99999990720556,110.6131021650599,315.9999999937032,86.65125720665445,0.722728435595533
ch-af-apac-eu-row-us/pf120_k100_a030,2040,eu,28.46273363609162,28.462733585836872,5.025474791864326e-08,28.462733370096693,2.1574017949888002e-07,98.99999999659371,196.49857060346483,0.9999999982343668
ch-af-apac-eu-row-us/pf120_k100_a030,2040,us,21.973102401728646,21.97310236211367,3.961497441196116e-08,21.97310217920108,1.8291258996327997e-07,74.99999999262698,201.28892164728936,0.9999999981971152
ch-af-apac-eu-row-us/pf120_k100_a030,2040,apac,245.0510615111766,245.05106145859963,5.257697921479121e-08,125.99999985905708,119.05106159954255,125.99999999311038,152.13242140029627,0.9999999997854448
ch-af-apac-eu-row-us/pf120_k100_a030,2040,af,10.899999979078936,10.899999962305822,1.677311445291707e-08,10.89999984590195,1.1640387143074804e-07,27.99999999696071,224.82356357295532,0.9999999984611821
ch-af-apac-eu-row-us/pf120_k100_a030,2040,row,62.777054978714425,5.286140919901492e-07,62.77705445010033,1.282754443105609e-07,4.003386476795883e-07,88.99999999674048,170.58495031911806,8.420498415693192e-09
ch-af-apac-eu-row-us/pf120_k100_a040,2025,ch,931.0,420.5999993554887,510.4000006445113,323.9999999940282,96.5999993614605,323.9999999993348,163.32399999974643,0.45177228717023493
ch-af-apac-eu-row-us/pf120_k100_a040,2025,eu,22.0,15.000000551508872,6.999999448491128,15.000000063691015,4.878178572198522e-07,74.99999999964409,299.2650000286884,0.681818206886767
ch-af-apac-eu-row-us/pf120_k100_a040,2025,us,42.0,7.565994288670369e-08,41.99999992434006,6.085089955754809e-08,1.4809043329155595e-08,44.99999999903018,317.99236075614476,1.801427211588183e-09
ch-af-apac-eu-row-us/pf120_k100_a040,2025,apac,110.0,109.99999999721761,2.782385877253546e-09,49.99999996236169,60.00000003485592,49.99999999909306,272.4603984940353,0.9999999999747056
ch-af-apac-eu-row-us/pf120_k100_a040,2025,af,3.4,3.399999998812732,1.187268061642044e-09,3.3999999917834205,7.029311355211121e-09,9.999999999694037,367.753161975695,0.9999999996508036
ch-af-apac-eu-row-us/pf120_k100_a040,2025,row,293.0,1.773890446787521e-08,292.9999999822611,8.509032185910494e-09,9.229872281964714e-09,44.999999999630546,326.1381968420828,6.054233606783347e-11
ch-af-apac-eu-row-us/pf120_k100_a040,2030,ch,453.6610007732316,420.34800352433143,33.31299724890016,349.99999998287365,70.34800354145779,349.999999998643,107.79092380173964,0.9265685232097962
ch-af-apac-eu-row-us/pf120_k100_a040,2030,eu,33.1094593971636,33.10945938502409,1.213950895362359e-08,33.109459341818564,4.320552449144088e-08,89.99999999924223,229.27604540180732,0.9999999996333523
ch-af-apac-eu-row-us/pf120_k100_a040,2030,us,41.292539992540036,41.29253998158535,1.095468604717098e-08,41.292539954271106,2.73142433115936e-08,64.9999999982389,247.42186505490545,0.9999999997347054
ch-af-apac-eu-row-us/pf120_k100_a040,2030,apac,173.34999635590873,173.34999634212977,1.3778958418697584e-08,84.99999996461268,88.34999637751709,84.99999999855478,149.30369830777792,0.9999999999205137
ch-af-apac-eu-row-us/pf120_k100_a040,2030,af,5.899999988205115,5.899999983954923,4.250192198185232e-09,5.89999994523268,3.872224318968165e-08,13.999999999376348,244.46891403028226,0.9999999992796285
ch-af-apac-eu-row-us/pf120_k100_a040,2030,row,77.58740563592485,7.762838946472169e-07,77.58740485964096,7.364813637453031e-07,3.980253090191379e-08,69.99999999925424,231.58686069882387,1.0005282278542622e-08
ch-af-apac-eu-row-us/pf120_k100_a040,2035,ch,434.6342809962856,370.9179347756071,63.71634622067853,332.9999999921639,37.91793478344317,332.9999999994949,95.90883300254626,0.8534023913745933
ch-af-apac-eu-row-us/pf120_k100_a040,2035,eu,42.70042844260525,42.700428436740516,5.864734475835576e-09,42.700428422137605,1.4602910880512354e-08,94.99999999974807,205.10062808150727,0.999999999862654
ch-af-apac-eu-row-us/pf120_k100_a040,2035,us,41.29171999230847,41.29171998972256,2.5859137053885206e-09,41.291719981467,8.255561567693803e-09,69.99999999946051,228.24039685004414,0.9999999999373745
ch-af-apac-eu-row-us/pf120_k100_a040,2035,apac,236.68991677022763,236.68991676385502,6.372602001647465e-09,102.9999999867748,133.6899167770802,102.99999999952297,144.95698789314494,0.9999999999730762
ch-af-apac-eu-row-us/pf120_k100_a040,2035,af,8.399999983639232,8.399999981554595,2.0846364634508063e-09,8.399999968340481,1.3214114247261932e-08,19.999999999787395,213.98710849313574,0.999999999751829
ch-af-apac-eu-row-us/pf120_k100_a040,2035,row,77.5778193612754,5.028694323167208e-08,77.57781931098846,3.750244163367329e-08,1.278450159799879e-08,78.99999999975299,203.37632073946378,6.482128995852371e-10
ch-af-apac-eu-row-us/pf120_k100_a040,2040,ch,434.5291951126645,316.00000002764426,118.52919508502026,315.9999999940071,3.3637149954302004e-08,315.999999999577,86.65125720039293,0.7272238633947529
ch-af-apac-eu-row-us/pf120_k100_a040,2040,eu,47.541475272112294,47.54147526797174,4.1405527895221894e-09,47.541475255582085,1.2389655523747933e-08,98.99999999976696,201.00799689898452,0.9999999999129066
ch-af-apac-eu-row-us/pf120_k100_a040,2040,us,41.27201176171891,2.829909935045238,38.44210182667367,2.829909906176721,2.8868516910307562e-08,74.99999999954915,170.15743949042843,0.06856728844194769
ch-af-apac-eu-row-us/pf120_k100_a040,2040,apac,278.1639365688624,278.1639365636797,5.182698714634171e-09,125.99999999083776,152.16393657284198,125.99999999955182,141.18838872050023,0.9999999999813682
ch-af-apac-eu-row-us/pf120_k100_a040,2040,af,10.899999979079016,10.899999977004775,2.074241223226636e-09,10.899999948453711,2.8551063735449134e-08,27.99999999980586,190.0736144157045,0.9999999998097027
ch-af-apac-eu-row-us/pf120_k100_a040,2040,row,77.5646782411058,77.56467822667216,1.4433638284572226e-08,77.56467821580942,1.0862734711736266e-08,88.99999999976718,204.17385358332285,0.9999999998139149
af-eu-us-apac-row-ch/pf080_k050_a030,2025,ch,931.0,413.60002166279963,517.3999783372003,323.9999992956216,89.60002236717804,323.9999999929985,163.32399999705316,0.44425351413834546
af-eu-us-apac-row-ch/pf080_k050_a030,2025,eu,22.0,21.99999996716037,3.283962968225751e-08,1.9124735318844697e-08,21.999999948035637,74.99999999652853,244.56843086174146,0.9999999985072896
af-eu-us-apac-row-ch/pf080_k050_a030,2025,us,42.0,1.3165481491213011e-06,41.99999868345185,3.82990455239407e-08,1.2782491035973605e-06,44.99999999174473,256.0161952787307,3.1346384502888124e-08
af-eu-us-apac-row-ch/pf080_k050_a030,2025,apac,110.0,109.99997669996237,2.330003762551769e-05,49.99999977995387,59.99997692000851,49.99999999272869,187.62796209323042,0.9999997881814762
af-eu-us-apac-row-ch/pf080_k050_a030,2025,af,3.4,3.3999999856422107,1.4357789179797464e-08,2.8822890420786497e-08,3.3999999568193204,9.999999997088786,269.16518977038567,0.9999999957771208
af-eu-us-apac-row-ch/pf080_k050_a030,2025,row,293.0,3.3507772441247435e-07,292.99999966492226,8.332194763845617e-08,2.517557767740182e-07,44.99999999610123,323.17052279196685,1.1436099809299465e-09
af-eu-us-apac-row-ch/pf080_k050_a030,2030,ch,498.5655784378971,387.7561794172753,110.80939902062181,349.99999999534293,37.75617942193236,349.99999999971857,107.79092378768429,0.7777435831655102
af-eu-us-apac-row-ch/pf080_k050_a030,2030,eu,32.6028315074159,32.60283150648342,9.324807592747675e-10,3.2105044321146266e-09,32.60283150327292,89.99999999983704,272.31557802906815,0.9999999999713988
af-eu-us-apac-row-ch/pf080_k050_a030,2030,us,61.06989704293183,61.0698970417344,1.1974279345849936e-09,5.856845505547241e-09,61.06989703587755,64.99999999960703,291.3748121395647,0.9999999999803925
af-eu-us-apac-row-ch/pf080_k050_a030,2030,apac,149.49175073989528,149.4917507382474,1.6478907127748244e-09,84.99999998613285,64.49175075211454,84.99999999961415,255.33291430424848,0.9999999999889767
af-eu-us-apac-row-ch/pf080_k050_a030,2030,af,5.68217257057951,5.682172570040703,5.388072210621431e-10,1.1866847117257142e-09,5.682172568854019,13.999999999875817,234.15092220790126,0.9999999999051759
af-eu-us-apac-row-ch/pf080_k050_a030,2030,row,102.41440167531107,37.397168724718,65.01723295059307,37.3971684603871,2.6433090027921935e-07,69.99999999984658,232.96668334993782,0.36515536987932523
af-eu-us-apac-row-ch/pf080_k050_a030,2035,ch,474.49063028663113,411.9999994803842,62.49063080624694,332.99999998514494,78.99999949523925,332.99999999964695,95.90883300246304,0.8682995473092957
af-eu-us-apac-row-ch/pf080_k050_a030,2035,eu,42.48116434223091,42.4811643386531,3.5778100482275477e-09,42.481164327735364,1.0917737824911455e-08,94.99999999980187,213.45307929632966,0.9999999999157789
af-eu-us-apac-row-ch/pf080_k050_a030,2035,us,65.1999615822927,65.19996157725559,5.037108508076926e-09,65.19996156441357,1.2842022556469601e-08,69.99999999957019,217.08123284512234,0.9999999999227437
af-eu-us-apac-row-ch/pf080_k050_a030,2035,apac,182.4093027460821,155.51883568197735,26.89046706410474,102.99999999270679,52.51883568927056,102.99999999964693,110.01520795412749,0.8525817123398751
af-eu-us-apac-row-ch/pf080_k050_a030,2035,af,8.048346409185926,8.04834640797885,1.2070771049366158e-09,3.2483079615719985,4.800038446406851,19.999999999836245,229.79738801255576,0.9999999998500217
af-eu-us-apac-row-ch/pf080_k050_a030,2035,row,102.40308137857038,16.751692512057627,85.65138886651275,5.51164159858816e-07,16.751691960893467,78.99999999980443,206.9239589502861,0.16358582463089055
af-eu-us-apac-row-ch/pf080_k050_a030,2040,ch,474.34311298049806,316.00000071622554,158.34311226427252,315.9999994670749,1.2491506709011446e-06,315.9999999742183,86.65125723361481,0.6661844392146101
af-eu-us-apac-row-ch/pf080_k050_a030,2040,eu,53.70261029085077,53.70261011387204,1.7697873033739597e-07,53.70260925566031,8.582117274613665e-07,98.99999998655521,208.40199268722156,0.9999999967044669
af-eu-us-apac-row-ch/pf080_k050_a030,2040,us,66.78944109722417,66.78944078893049,3.082936785858692e-07,66.78944042679133,3.621391613251035e-07,74.999999972479,202.03362956085158,0.9999999953840956
af-eu-us-apac-row-ch/pf080_k050_a030,2040,apac,231.70304155269991,197.09342724900793,34.609614303691984,125.99999965631943,71.0934275926885,125.99999997707425,99.41154605220956,0.8506294346774029
af-eu-us-apac-row-ch/pf080_k050_a030,2040,af,10.414520494348565,10.414520456252397,3.809616799799187e-08,10.414516847526139,3.608726258264028e-06,27.99999998840492,225.51528735892904,0.9999999963420142
af-eu-us-apac-row-ch/pf080_k050_a030,2040,row,102.40003842461391,89.00000056139646,13.400037863217449,88.99999868872966,1.8726668002955194e-06,88.99999998695316,187.26171945050575,0.8691403043458578
af-eu-us-apac-row-ch/pf080_k050_a040,2025,ch,931.0,371.59999892842256,559.4000010715774,323.9999999884606,47.59999893996195,323.9999999994302,163.3239999997584,0.39914070776414884
af-eu-us-apac-row-ch/pf080_k050_a040,2025,eu,22.0,21.99999999664088,3.359119205015304e-09,21.999999911534143,8.510673765727006e-08,74.99999999966847,355.8174230780975,0.9999999998473128
af-eu-us-apac-row-ch/pf080_k050_a040,2025,us,42.0,41.99999999775163,2.248370378765685e-09,1.639144928615171e-09,41.999999996112486,44.999999999253085,294.4897921036561,0.9999999999464674
af-eu-us-apac-row-ch/pf080_k050_a040,2025,apac,110.0,109.99999999470916,5.290843319016858e-09,49.99999998960282,60.00000000510634,49.999999999341775,229.91747618554166,0.9999999999519015
af-eu-us-apac-row-ch/pf080_k050_a040,2025,af,3.4,3.39999999911622,8.837797160765604e-10,1.7942785686432368e-09,3.3999999973219417,9.999999999759105,294.89962865736726,0.9999999997400648
af-eu-us-apac-row-ch/pf080_k050_a040,2025,row,293.0,1.080510002721193e-06,292.99999891949,3.6961024374397343e-09,1.0768139002837533e-06,44.999999999697785,301.5760903120445,3.6877474495603856e-09
af-eu-us-apac-row-ch/pf080_k050_a040,2030,ch,362.4544101340365,355.2832445562054,7.171165577831118,349.9999997085838,5.2832448476215745,349.99999998244425,107.7909251708447,0.9802149860028487
af-eu-us-apac-row-ch/pf080_k050_a040,2030,eu,35.09807328266269,35.09807304317923,2.394834623942188e-07,35.098072713061676,3.3011755107281715e-07,89.9999999904557,222.29440395797928,0.9999999931767348
af-eu-us-apac-row-ch/pf080_k050_a040,2030,us,67.8355594315207,67.83555930132907,1.3019162281580066e-07,64.99999968302347,2.835559618305595,64.99999997557966,269.2319729650758,0.9999999980807761
af-eu-us-apac-row-ch/pf080_k050_a040,2030,apac,172.22349651826647,172.22349430847856,2.2097879082139116e-06,84.9999997425336,87.22349456594496,84.9999999826235,126.48396374108214,0.9999999871690683
af-eu-us-apac-row-ch/pf080_k050_a040,2030,af,5.8811950069431855,5.88119497507864,3.1864545668724986e-08,5.881194731993626,2.4308501345160494e-07,13.999999991206437,316.27623639578724,0.9999999945819606
af-eu-us-apac-row-ch/pf080_k050_a040,2030,row,112.56376351877722,37.678433728525114,74.88532979025211,5.869902164104265e-07,37.678433141534896,69.99999999048644,221.64267190754543,0.3347296905388191
af-eu-us-apac-row-ch/pf080_k050_a040,2035,ch,342.0093261351145,333.00000002077,9.009326114344503,332.9999999769134,4.385663032735465e-08,332.9999999986941,95.90883303832344,0.9736576595259707
af-eu-us-apac-row-ch/pf080_k050_a040,2035,eu,48.316972621420966,48.316972616901,4.519968399563368e-09,1.284313610236552e-08,48.31697260405786,94.99999999924367,259.64925253801874,0.9999999999064517
af-eu-us-apac-row-ch/pf080_k050_a040,2035,us,88.16773513590982,88.16773506349847,7.241135335789295e-08,69.9999999813331,18.167735082165365,69.99999999854836,199.14813792839507,0.9999999991787092
af-eu-us-apac-row-ch/pf080_k050_a040,2035,apac,197.3212794745353,191.46165135742228,5.8596281171130045,102.99999997706489,88.4616513803574,102.99999999876292,110.01520826981343,0.9703041246604668
af-eu-us-apac-row-ch/pf080_k050_a040,2035,af,8.370613397912228,8.370613394696303,3.2159253038344104e-09,9.605619359140531e-09,8.370613385090683,19.999999999370996,238.86043477584676,0.9999999996158077
af-eu-us-apac-row-ch/pf080_k050_a040,2035,row,105.90088761930815,30.683027540640584,75.21786007866757,30.68302739210435,1.485362339792573e-07,78.99999999930857,207.23674353965225,0.2897334312337375
af-eu-us-apac-row-ch/pf080_k050_a040,2040,ch,342.0018269709188,316.0000000425438,26.00182692837501,315.999999995095,4.744879333884455e-08,315.9999999997041,86.65125720080286,0.9239716724361651
af-eu-us-apac-row-ch/pf080_k050_a040,2040,eu,61.4804586802459,61.48045867918721,1.058694465427834e-09,61.48045867409533,5.091877142149315e-09,98.99999999982191,275.17675075302424,0.99999999998278
af-eu-us-apac-row-ch/pf080_k050_a040,2040,us,88.63809911833353,75.00000001350246,13.63809910483107,74.9999999954026,1.8099854059983045e-08,74.99999999966842,170.22960966916582,0.846137279110375
af-eu-us-apac-row-ch/pf080_k050_a040,2040,apac,212.65609467422354,164.09248228340445,48.56361239081909,125.9999999946567,38.092482288747746,125.99999999971759,99.4115457823362,0.771633103367126
af-eu-us-apac-row-ch/pf080_k050_a040,2040,af,10.860031800574104,10.860031800191242,3.828617423096148e-10,1.6458883094835613e-09,10.860031798545354,27.999999999862343,248.51507597173534,0.9999999999647458
af-eu-us-apac-row-ch/pf080_k050_a040,2040,row,105.56702718370222,105.56702717978207,3.920149538316764e-09,88.99999998804444,16.567027191737637,88.99999999983689,209.46732294405862,0.9999999999628658
af-eu-us-apac-row-ch/pf100_k050_a030,2025,ch,931.0,326.5990465062228,604.4009534937773,323.9999999388958,2.5990465673269796,323.99999999370607,163.3239999967558,0.3508045612311738
af-eu-us-apac-row-ch/pf100_k050_a030,2025,eu,22.0,21.99999996831171,3.1688291102227595e-08,21.99999959988356,3.684281502103204e-07,74.99999999623347,369.6806838649666,0.9999999985596232
af-eu-us-apac-row-ch/pf100_k050_a030,2025,us,42.0,41.999999965442704,3.4557295691683976e-08,41.99999948605402,4.793886816401027e-07,44.99999998708849,386.3300348608648,0.9999999991772073
af-eu-us-apac-row-ch/pf100_k050_a030,2025,apac,110.0,109.9999999799981,2.0001905909339257e-08,49.99999981357315,60.00000016642495,49.99999999034507,300.55243329834724,0.9999999998181645
af-eu-us-apac-row-ch/pf100_k050_a030,2025,af,3.4,3.3999999894981423,1.0501857605760279e-08,3.3999998180810285,1.7141711383672487e-07,9.999999996956204,394.09882995302837,0.9999999969112183
af-eu-us-apac-row-ch/pf100_k050_a030,2025,row,293.0,45.00095355119929,247.9990464488007,44.99999983435435,0.0009537168449398337,44.999999996343455,353.4249999588232,0.15358687218839348
af-eu-us-apac-row-ch/pf100_k050_a030,2030,ch,358.153366372018,349.9999999986633,8.153366373354686,349.9999999947351,3.928221303794999e-09,349.99999999958806,107.79092380415264,0.9772349860732966
af-eu-us-apac-row-ch/pf100_k050_a030,2030,eu,34.75767582051469,34.75767581962979,8.849028176882712e-10,34.757675812528184,7.1016046376826125e-09,89.99999999975617,322.1824598061354,0.9999999999745408
af-eu-us-apac-row-ch/pf100_k050_a030,2030,us,67.39475223995953,67.39475223799533,1.9641959170257905e-09,64.99999999010706,2.3947522478882775,64.99999999945842,292.2571836698902,0.9999999999708553
af-eu-us-apac-row-ch/pf100_k050_a030,2030,apac,164.52184994761984,164.5218499453172,2.3026416329230415e-09,84.99999999383951,79.52184995147769,84.99999999957241,188.08558102171287,0.9999999999860041
af-eu-us-apac-row-ch/pf100_k050_a030,2030,af,5.874376047847393,5.87437604707394,7.734533014058798e-10,1.596115889536668e-07,5.874375887462351,13.999999999814928,313.7254201686178,0.9999999998683344
af-eu-us-apac-row-ch/pf100_k050_a030,2030,row,137.1520003749929,51.451345949299586,85.7006544256933,51.45134582438918,1.2491040735085335e-07,69.99999999978917,232.98073753004448,0.3751410537843003
af-eu-us-apac-row-ch/pf100_k050_a030,2035,ch,347.81425029089166,332.9999999988248,14.814250292066845,332.9999999930845,5.740332653658697e-09,332.9999999996353,95.90883300684636,0.9574075809726684
af-eu-us-apac-row-ch/pf100_k050_a030,2035,eu,47.84364588688575,47.84364588576491,1.12084563852477e-09,47.84364588067773,5.0871804546659405e-09,94.99999999978097,285.306849228773,0.9999999999765727
af-eu-us-apac-row-ch/pf100_k050_a030,2035,us,85.19907517390452,85.19907517200596,1.8985559790962725e-09,69.9999999959949,15.199075176011064,69.99999999955735,233.44165235531992,0.9999999999777163
af-eu-us-apac-row-ch/pf100_k050_a030,2035,apac,183.23975816165682,146.5986481000785,36.64111006157833,102.99999999620154,43.598648103876954,102.99999999964497,110.01520795374942,0.800037336715687
af-eu-us-apac-row-ch/pf100_k050_a030,2035,af,8.358630899878536,8.35863089908791,7.906262311507817e-10,4.8009248298179275,3.5577060692699822,19.99999999984539,279.12564927338315,0.999999999905412
af-eu-us-apac-row-ch/pf100_k050_a030,2035,row,137.05584374027194,78.99999994250659,58.05584379776535,78.9999999260409,1.6465691032863106e-08,78.99999999980473,207.28506052676335,0.5764073810104424
af-eu-us-apac-row-ch/pf100_k050_a030,2040,ch,347.919559126564,315.99999998506416,31.91955914149986,315.99999991444815,7.061601081659319e-08,315.999999994379,86.65125725489888,0.9082559220825859
af-eu-us-apac-row-ch/pf100_k050_a030,2040,eu,60.92967088535741,60.929670868617194,1.6740216324251378e-08,60.92967078392694,8.469025658541796e-08,98.99999999647396,357.77203922578127,0.9999999997252534
af-eu-us-apac-row-ch/pf100_k050_a030,2040,us,88.21637263785446,81.84662594737355,6.369746690480909,74.99999991969469,6.846626027678866,74.999999994332,170.22961028633458,0.9277940534164789
af-eu-us-apac-row-ch/pf100_k050_a030,2040,apac,186.88028456347854,126.00000000272148,60.88028456075706,125.99999992715328,7.556819525689207e-08,125.99999999473296,99.41154578980587,0.6742284254170345
af-eu-us-apac-row-ch/pf100_k050_a030,2040,af,10.84288757000208,10.84288756543433,4.567750622186395e-09,1.7415891087740608e-07,10.842887391275418,27.999999997077776,313.6750511090471,0.999999999578733
af-eu-us-apac-row-ch/pf100_k050_a030,2040,row,137.3808156386691,137.38081560461603,3.4053073250106536e-08,88.99999991716581,48.38081568745022,88.99999999683108,289.57561583211975,0.9999999997521264
af-eu-us-apac-row-ch/pf100_k050_a040,2025,ch,931.0,341.59999950231884,589.4000004976812,323.9999999816839,17.599999520634924,323.99999999807284,163.32399999910615,0.3669172926985165
af-eu-us-apac-row-ch/pf100_k050_a040,2025,eu,22.0,21.99999999112858,8.871420931200191e-09,21.999999926930588,6.419799092327594e-08,74.99999999885351,372.70070216474943,0.9999999995967536
af-eu-us-apac-row-ch/pf100_k050_a040,2025,us,42.0,41.99999998313179,1.6868213492671202e-08,9.308193527420482e-08,41.99999989004985,44.99999999676037,358.9256506847747,0.9999999995983758
af-eu-us-apac-row-ch/pf100_k050_a040,2025,apac,110.0,109.99999999360028,6.39971631244407e-09,49.999999889144846,60.00000010445544,49.99999999678065,329.9525855796888,0.9999999999418208
af-eu-us-apac-row-ch/pf100_k050_a040,2025,af,3.4,3.3999999969362316,3.063768350131113e-09,2.643291321222428e-08,3.3999999705033184,9.999999999164803,343.4205737629717,0.9999999990988917
af-eu-us-apac-row-ch/pf100_k050_a040,2025,row,293.0,30.00000052141778,262.9999994785822,29.999999537394213,9.84023564853942e-07,44.99999999890133,353.40999991703916,0.10238908027787638
af-eu-us-apac-row-ch/pf100_k050_a040,2030,ch,378.9640016754149,350.00000282928806,28.963998846126856,349.99999989387027,2.935417796834372e-06,349.9999999912997,107.79092388826979,0.9235705800073994
af-eu-us-apac-row-ch/pf100_k050_a040,2030,eu,33.114434865229356,33.11443482934733,3.588202446280775e-08,33.114434515475565,3.1387176591124444e-07,89.99999999488821,282.1510455303047,0.9999999989164234
af-eu-us-apac-row-ch/pf100_k050_a040,2030,us,64.29187931026595,64.29187928455275,2.5713205786814797e-08,64.29187913049795,1.540548026923716e-07,64.99999998380368,348.69462871083743,0.9999999996000551
af-eu-us-apac-row-ch/pf100_k050_a040,2030,apac,155.83496909354253,155.83496905980516,3.373736490175361e-08,84.99999979099569,70.83496926880947,84.99999998877925,228.49680095799815,0.9999999997835058
af-eu-us-apac-row-ch/pf100_k050_a040,2030,af,5.658200774347428,5.658200753820477,2.0526950805788147e-08,5.658197483288866,3.270531610866101e-06,13.99999999586184,285.8469648021525,0.9999999963721771
af-eu-us-apac-row-ch/pf100_k050_a040,2030,row,98.96918749709482,65.10051319308307,33.86867430401175,56.05059579711851,9.049917395964563,69.99999999526413,232.98533683016052,0.6577856688476306
af-eu-us-apac-row-ch/pf100_k050_a040,2035,ch,368.2824999937504,333.00000017810424,35.28249981564613,332.9999999291513,2.48952972015104e-07,332.9999999945383,95.90883304962756,0.9041971860833874
af-eu-us-apac-row-ch/pf100_k050_a040,2035,eu,45.426324575591096,45.42632455550785,2.0083248841729073e-08,45.42632442485226,1.3065558590596993e-07,94.99999999702456,243.84816021957994,0.9999999995578941
af-eu-us-apac-row-ch/pf100_k050_a040,2035,us,85.40744287663662,85.40744282796646,4.8670159458197304e-08,69.9999998959482,15.407442932018256,69.99999999408546,232.79405571157793,0.9999999994301415
af-eu-us-apac-row-ch/pf100_k050_a040,2035,apac,208.63820050883885,208.63820047489057,3.3948282407436636e-08,102.99999988529852,105.63820058959205,102.99999999412478,190.78704507570862,0.9999999998372864
af-eu-us-apac-row-ch/pf100_k050_a040,2035,af,8.022113627916388,8.02211361378986,1.4126527503321995e-08,8.02211352099088,9.279898094405326e-08,19.999999997261874,277.72277431040243,0.9999999982390517
af-eu-us-apac-row-ch/pf100_k050_a040,2035,row,98.62830160354976,19.505918323982755,79.122383279567,19.505917887567293,4.3641546199069126e-07,78.99999999720674,207.2255663914782,0.19777201885103446
af-eu-us-apac-row-ch/pf100_k050_a040,2040,ch,366.44651131369324,316.00000022432306,50.446511089370176,315.99999979136976,4.32953299878136e-07,315.9999999850906,86.65125738182662,0.8623359493626455
af-eu-us-apac-row-ch/pf100_k050_a040,2040,eu,57.04614898739044,57.04614893248948,5.4900958446069126e-08,57.04614869519611,2.3729337073064016e-07,98.99999999089992,260.07887905231394,0.9999999990376045
af-eu-us-apac-row-ch/pf100_k050_a040,2040,us,90.18906294734114,61.29015512533075,28.898907822010393,29.722348066831557,31.56780705849919,74.99999998417985,170.1843320334,0.6795741426110209
af-eu-us-apac-row-ch/pf100_k050_a040,2040,apac,199.277650332395,199.27764943263057,8.997644442843011e-07,125.99999973439198,73.27764969823859,125.99999998548115,105.93406441907103,0.9999999954848703
af-eu-us-apac-row-ch/pf100_k050_a040,2040,af,10.386045776686293,10.386045762864052,1.3822241129446411e-08,4.0179061584640426e-08,10.38604572268499,27.999999993111008,185.16144299528256,0.9999999986691527
af-eu-us-apac-row-ch/pf100_k050_a040,2040,row,98.62637962855162,89.00000045297453,9.626379175577085,88.99999962878772,8.241868130198782e-07,88.99999999184983,187.26171895117164,0.9023954928505729
af-eu-us-apac-row-ch/pf100_k100_a030,2025,ch,931.0,326.59999753383227,604.4000024661677,323.99999986642985,2.5999976674024197,323.9999999870227,163.32399999348485,0.35080558274310664
af-eu-us-apac-row-ch/pf100_k100_a030,2025,eu,22.0,21.99999992589425,7.410574909272327e-08,21.99999905127299,8.746212607491088e-07,74.99999999235217,365.1700558381001,0.9999999966315568
af-eu-us-apac-row-ch/pf100_k100_a030,2025,us,42.0,41.99999994310417,5.689582849299768e-08,6.710266569072222e-08,41.9999998760015,44.999999979678314,336.43362789715724,0.9999999986453374
af-eu-us-apac-row-ch/pf100_k100_a030,2025,apac,110.0,109.99999994139714,5.8602864783097175e-08,49.99999977303318,60.000000168363954,49.99999998256672,271.37882436475957,0.9999999994672467
af-eu-us-apac-row-ch/pf100_k100_a030,2025,af,3.4,3.3999999751225585,2.4877441440196435e-08,3.3999987044909448,1.2706316137034435e-06,9.999999994006926,364.85030317185965,0.9999999926831055
af-eu-us-apac-row-ch/pf100_k100_a030,2025,row,293.0,45.00000260874646,247.99999739125354,44.999996431757424,6.176989039374803e-06,44.99999999247005,353.42499989752565,0.15358362665101183
af-eu-us-apac-row-ch/pf100_k100_a030,2030,ch,364.57518985502554,349.9999999865286,14.57518986849692,349.9999999508672,3.566140094335424e-08,349.9999999966809,107.79092388000738,0.9600214433837564
af-eu-us-apac-row-ch/pf100_k100_a030,2030,eu,33.9235007791097,33.923500761232695,1.7877006541766605e-08,33.923500615828615,1.4540407988761217e-07,89.99999999802765,274.26943189092793,0.99999999947302
af-eu-us-apac-row-ch/pf100_k100_a030,2030,us,65.70999822516322,65.7099981955635,2.9599718232020678e-08,64.99999985478803,0.7099983407754706,64.9999999955977,262.8051289259126,0.9999999995495401
af-eu-us-apac-row-ch/pf100_k100_a030,2030,apac,163.0425928413202,163.04259280677852,3.454167085692461e-08,84.99999994156303,78.04259286521548,84.99999999633019,161.22204041651455,0.9999999997881432
af-eu-us-apac-row-ch/pf100_k100_a030,2030,af,5.850003715774827,5.850003706207223,9.56760359827058e-09,5.850003447600476,2.5860674757183233e-07,13.999999998386771,273.6295282027241,0.9999999983645133
af-eu-us-apac-row-ch/pf100_k100_a030,2030,row,68.3021535351416,55.47390452686858,12.82824900827302,55.473904093026675,4.338419046234776e-07,69.999999998156,232.98476017463486,0.8121838281179106
af-eu-us-apac-row-ch/pf100_k100_a030,2035,ch,347.5330260914096,332.99999999111475,14.533026100294876,332.9999999675969,2.35178276852821e-08,332.9999999980933,95.90883305202557,0.9581823164729318
af-eu-us-apac-row-ch/pf100_k100_a030,2035,eu,46.73477708018901,46.73477706951259,1.067642330099261e-08,46.73477701628657,5.3226017371343914e-08,94.99999999884108,261.14289987116814,0.999999999771553
af-eu-us-apac-row-ch/pf100_k100_a030,2035,us,82.95643874593542,82.95643863465402,1.1128139476568322e-07,69.99999996230619,12.95643867234783,69.99999999786573,201.15422366571542,0.9999999986585563
af-eu-us-apac-row-ch/pf100_k100_a030,2035,apac,222.04086294778585,222.04086292332684,2.445901259306993e-08,102.99999996849046,119.04086295483638,102.99999999799155,147.78036426946596,0.9999999998898446
af-eu-us-apac-row-ch/pf100_k100_a030,2035,af,8.328816125158962,8.328816119621187,5.537774683261887e-09,8.32881608326793,3.635325818152069e-08,19.9999999988548,280.3987046216002,0.9999999993351066
af-eu-us-apac-row-ch/pf100_k100_a030,2035,row,52.67436002163992,6.939105252372759,45.73525476926716,6.939105028437183,2.2393557586042334e-07,78.9999999989556,207.21299963384834,0.13173591951609862
af-eu-us-apac-row-ch/pf100_k100_a030,2040,ch,344.4830104666896,316.00000042501057,28.48301004167905,315.99999964578404,7.792265250827768e-07,315.99999998179624,86.65125740629061,0.9173166479151131
af-eu-us-apac-row-ch/pf100_k100_a030,2040,eu,58.61582166924386,58.61582161280564,5.64382176548861e-08,58.61582136042807,2.523775677332196e-07,98.99999998903635,243.63468109488727,0.9999999990371504
af-eu-us-apac-row-ch/pf100_k100_a030,2040,us,102.0409470081353,102.04094689678504,1.1135026056763309e-07,74.99999724179631,27.040949654988736,74.99999997740713,226.94480552085912,0.9999999989087689
af-eu-us-apac-row-ch/pf100_k100_a030,2040,apac,260.04476871470933,245.53559908865864,14.509169626050692,125.99999974867656,119.53559933998208,125.99999998264018,99.41154668927209,0.944205108613554
af-eu-us-apac-row-ch/pf100_k100_a030,2040,af,10.807630301220192,10.807630255837463,4.5382728686149676e-08,10.807630049685809,2.06151653969755e-07,27.99999998861417,309.3135402051489,0.9999999958008622
af-eu-us-apac-row-ch/pf100_k100_a030,2040,row,52.596479048214775,1.6304059933943016e-06,52.59647741780878,1.0008239756836139e-06,6.295820177106877e-07,88.99999999000933,181.15137128876427,3.0998386639145963e-08
af-eu-us-apac-row-ch/pf100_k100_a040,2025,ch,931.0,371.59999767093626,559.4000023290637,323.9999999271297,47.59999774380657,323.99999999243437,163.32399999682625,0.3991407064134654
af-eu-us-apac-row-ch/pf100_k100_a040,2025,eu,22.0,21.999999970159095,2.9840904858247086e-08,21.99999985737971,1.1277938583020841e-07,74.99999999544724,379.41428009525015,0.9999999986435952
af-eu-us-apac-row-ch/pf100_k100_a040,2025,us,42.0,41.99999994181666,5.818333903562234e-08,4.887972060662096e-08,41.99999989293694,44.99999998908768,319.8872030494165,0.9999999986146824
af-eu-us-apac-row-ch/pf100_k100_a040,2025,apac,110.0,109.999999958636,4.1364003777744074e-08,49.99999987579904,60.000000082836955,49.99999999055404,251.95309442182614,0.9999999996239636
af-eu-us-apac-row-ch/pf100_k100_a040,2025,af,3.4,3.3999999884695615,1.153043838186818e-08,2.3225723195659748e-06,3.399997665897242,9.999999996505617,371.817224288753,0.9999999966086945
af-eu-us-apac-row-ch/pf100_k100_a040,2025,row,293.0,2.429920408523305e-06,292.9999975700796,6.711715174080821e-08,2.362803256782497e-06,44.99999999590901,314.6308902307822,8.293243715096604e-09
af-eu-us-apac-row-ch/pf100_k100_a040,2030,ch,401.78290991404845,362.51891533481927,39.26399457922918,349.99999992673884,12.518915408080431,349.9999999939568,107.79092384490492,0.9022755980645649
af-eu-us-apac-row-ch/pf100_k100_a040,2030,eu,34.360426785641096,34.36042676960525,1.6035848204865033e-08,34.360426669427376,1.0017787133165257e-07,89.9999999962342,329.7308838694682,0.9999999995333048
af-eu-us-apac-row-ch/pf100_k100_a040,2030,us,66.4810847887195,66.48108474605154,4.266796338470158e-08,64.99999994249657,1.481084803554964,64.99999999263048,285.098774463717,0.999999999358194
af-eu-us-apac-row-ch/pf100_k100_a040,2030,apac,170.1334591329964,170.13345910685314,2.614325467220624e-08,84.99999987027961,85.13345923657353,84.99999999256482,218.4864382994166,0.9999999998463368
af-eu-us-apac-row-ch/pf100_k100_a040,2030,af,5.833937691690158,5.833937685151669,6.538488861451697e-09,1.0582031453111727e-07,5.833937579331355,13.999999997288235,300.69158801322953,0.9999999988792323
af-eu-us-apac-row-ch/pf100_k100_a040,2030,row,79.14998709804678,34.67217632694024,44.47781077110654,34.67217602000657,3.0693367136791494e-07,69.99999999674662,232.96395831340485,0.43805662638946735
af-eu-us-apac-row-ch/pf100_k100_a040,2035,ch,373.90695923210467,333.00000001230137,40.9069592198033,332.9999999769118,3.5389575714361854e-08,332.9999999986961,95.90883301189304,0.8905958869986956
af-eu-us-apac-row-ch/pf100_k100_a040,2035,eu,47.336712225579106,47.336712219945625,5.6334812370550935e-09,47.33671218872192,3.122370628716453e-08,94.99999999924495,261.09337699968984,0.9999999998809913
af-eu-us-apac-row-ch/pf100_k100_a040,2035,us,83.38556374272878,83.38556373237451,1.0354270330026338e-08,35.72227596671627,47.66328776565824,69.99999999838901,245.27101946468716,0.9999999998758266
af-eu-us-apac-row-ch/pf100_k100_a040,2035,apac,210.2360565202572,210.23605645398698,6.62702177578467e-08,102.99999998380801,107.23605647017897,102.99999999871436,119.58046094314571,0.9999999996847818
af-eu-us-apac-row-ch/pf100_k100_a040,2035,af,8.305941641942717,8.305941639409484,2.5332322906024274e-09,8.305941609625492,2.978399216146954e-08,19.99999999942067,268.94598470071855,0.9999999996950096
af-eu-us-apac-row-ch/pf100_k100_a040,2035,row,69.96963478402269,17.735725935751436,52.233908848271255,17.735725769595444,1.6615599207625564e-07,78.99999999930431,207.22379625610836,0.25347746905492385
af-eu-us-apac-row-ch/pf100_k100_a040,2040,ch,373.36381716763475,343.99999911178384,29.363818055850913,315.9999998309578,27.999999280826046,315.999999992917,86.65125733901115,0.921353337667782
af-eu-us-apac-row-ch/pf100_k100_a040,2040,eu,59.648245732364785,59.64824569009258,4.227220529173792e-08,49.61426948412823,10.03397620596435,98.99999999591007,222.38412924055794,0.9999999992913085
af-eu-us-apac-row-ch/pf100_k100_a040,2040,us,84.05931525669577,84.05931518670076,6.999501067639358e-08,74.99999970702538,9.059315479675377,74.99999999145336,216.49627322104777,0.9999999991673141
af-eu-us-apac-row-ch/pf100_k100_a040,2040,apac,239.56017159676122,164.6077826744069,74.95238892235432,125.99999969098909,38.60778298341782,125.9999999929927,99.4115457916764,0.6871249990231363
af-eu-us-apac-row-ch/pf100_k100_a040,2040,af,10.777947811367312,10.777947798476546,1.2890765788142744e-08,2.2997766196385386e-08,10.777947775478781,27.99999999691798,170.13312434523203,0.9999999988039684
af-eu-us-apac-row-ch/pf100_k100_a040,2040,row,69.90670956272952,69.90670950460967,5.8119852042182174e-08,69.90670928419155,2.2041811575945758e-07,88.99999999587921,230.78315473954888,0.9999999991686084
af-eu-us-apac-row-ch/pf120_k050_a030,2025,ch,931.0,413.59999976484596,517.400000235154,323.99999999208615,89.59999977275982,323.9999999991333,163.32399999970033,0.44425349061745
af-eu-us-apac-row-ch/pf120_k050_a030,2025,eu,22.0,21.999999979821666,2.017833367062849e-08,21.999999948527496,3.129417081026986e-08,74.9999999995305,312.8044206332911,0.999999999082803
af-eu-us-apac-row-ch/pf120_k050_a030,2025,us,42.0,2.3681317868440665e-07,41.99999976318682,2.1828505016252635e-07,1.85281285218803e-08,44.99999999873203,319.40523291399336,5.638409016295396e-09
af-eu-us-apac-row-ch/pf120_k050_a030,2025,apac,110.0,109.99999999534135,4.6586450253016665e-09,49.99999993820082,60.00000005714053,49.99999999888821,256.4266964668727,0.9999999999576487
af-eu-us-apac-row-ch/pf120_k050_a030,2025,af,3.4,3.3999999985526976,1.4473022780236988e-09,3.399999990362497,8.190200517788071e-09,9.999999999595621,371.09017043972096,0.9999999995743228
af-eu-us-apac-row-ch/pf120_k050_a030,2025,row,293.0,2.0031797107371705e-08,292.9999999799682,7.781456683061449e-09,1.2250340424310256e-08,44.99999999952702,315.5620537604944,6.836790821628568e-11
af-eu-us-apac-row-ch/pf120_k050_a030,2030,ch,518.4262558869343,421.7558493597817,96.67040652715264,349.9999997982795,71.7558495615022,349.99999998408396,107.79092383534524,0.8135310366143264
af-eu-us-apac-row-ch/pf120_k050_a030,2030,eu,32.05037258070267,32.050372437389,1.433136702644333e-07,32.05037156093275,8.764562480223503e-07,89.99999999097419,240.94371052731958,0.9999999955284866
af-eu-us-apac-row-ch/pf120_k050_a030,2030,us,46.200350423896886,46.200350134757116,2.8913976990452284e-07,46.200349312156916,8.226001995126353e-07,64.99999997988274,235.85527327163825,0.9999999937416109
af-eu-us-apac-row-ch/pf120_k050_a030,2030,apac,168.19636920177152,168.19636902303216,1.787393557606265e-07,84.99999965237731,83.19636937065485,84.99999998244148,162.91379138889408,0.9999999989373174
af-eu-us-apac-row-ch/pf120_k050_a030,2030,af,5.797057136214903,5.797057097720627,3.849427621105406e-08,5.797056805290152,2.924304745022255e-07,13.999999992233677,279.17222625423597,0.9999999933596866
af-eu-us-apac-row-ch/pf120_k050_a030,2030,row,43.4201626869301,1.868100454961083e-06,43.42016081882964,1.1234940149022928e-06,7.446064400587903e-07,69.99999999116505,227.4439171993411,4.302380137150891e-08
af-eu-us-apac-row-ch/pf120_k050_a030,2035,ch,449.65907456827216,346.43494250430234,103.22413206396982,332.99999997959395,13.43494252470839,332.999999998512,95.90883300438605,0.7704391217655784
af-eu-us-apac-row-ch/pf120_k050_a030,2035,eu,43.59358310096947,43.59358308752873,1.3440740076475777e-08,43.59358300451857,8.301015697043113e-08,94.99999999914655,226.32567846967152,0.9999999996916807
af-eu-us-apac-row-ch/pf120_k050_a030,2035,us,68.37094365834132,68.37094364668498,1.1656339893306722e-08,68.37094360712568,3.9559296283186995e-08,69.99999999803798,245.48554881028406,0.9999999998295133
af-eu-us-apac-row-ch/pf120_k050_a030,2035,apac,224.4293661251994,224.42936611254794,1.2651469205593457e-08,102.99999996324345,121.42936614930449,102.99999999829994,161.7348014612698,0.9999999999436283
af-eu-us-apac-row-ch/pf120_k050_a030,2035,af,8.194113758808975,8.194113754731946,4.077028492588397e-09,8.194113717003036,3.772890977415955e-08,19.999999999274852,257.79953759369687,0.9999999995024442
af-eu-us-apac-row-ch/pf120_k050_a030,2035,row,43.403475156610824,8.977050886645298,34.42642426996552,8.977050675575578,2.110697199242395e-07,78.99999999916986,207.21503751884538,0.20682792919815304
af-eu-us-apac-row-ch/pf120_k050_a030,2040,ch,446.7223935187503,316.0000002411996,130.72239327755074,315.99999994237,2.9882960461691255e-07,315.9999999958431,86.65125720693706,0.7073744339345193
af-eu-us-apac-row-ch/pf120_k050_a030,2040,eu,54.85238877183721,54.85238875386503,1.797218374122167e-08,54.85238866819044,8.567458564812114e-08,98.99999999793881,218.8821947502913,0.9999999996723536
af-eu-us-apac-row-ch/pf120_k050_a030,2040,us,72.36509735574687,72.36509732935833,2.6388534024590626e-08,72.36509725041356,7.894477960235236e-08,74.99999999594023,211.00620941526344,0.9999999996353417
af-eu-us-apac-row-ch/pf120_k050_a030,2040,apac,262.97179533781156,262.9717953027131,3.5098480566375656e-08,125.99999993833222,136.97179536438085,125.9999999961604,150.95481771567975,0.9999999998665314
af-eu-us-apac-row-ch/pf120_k050_a030,2040,af,10.591170332591838,10.591170319987672,1.2604166599317068e-08,10.591170247645627,7.234204524309007e-08,27.999999998292882,227.5382206049759,0.9999999988099364
af-eu-us-apac-row-ch/pf120_k050_a030,2040,row,43.38984418311835,16.219548035110492,27.170296148007857,16.219547755672316,2.794381757098563e-07,88.9999999980588,187.18893852347665,0.37380977831261764
af-eu-us-apac-row-ch/pf120_k100_a030,2025,ch,931.0,435.59999992471245,495.40000007528755,323.99999999348944,111.59999993122301,323.99999999929634,163.32399999988144,0.4678839956226772
af-eu-us-apac-row-ch/pf120_k100_a030,2025,eu,22.0,3.5734884987404946e-08,21.999999964265115,1.869074987232576e-08,1.7044135115079187e-08,74.99999999963946,286.27146709086134,1.624312953972952e-09
af-eu-us-apac-row-ch/pf120_k100_a030,2025,us,42.0,2.681804661666135e-08,41.99999997318195,1.59157943715846e-08,1.0902252245076749e-08,44.99999999905961,307.136614546247,6.385249194443178e-10
af-eu-us-apac-row-ch/pf120_k100_a030,2025,apac,110.0,109.99999999544346,4.55654003417294e-09,49.99999997050497,60.00000002493849,49.999999999117485,261.066740065876,0.9999999999585769
af-eu-us-apac-row-ch/pf120_k100_a030,2025,af,3.4,3.3999999986510154,1.3489844796765738e-09,3.3999999889937755,9.657239896654346e-09,9.999999999696467,321.9459739491483,0.9999999996032398
af-eu-us-apac-row-ch/pf120_k100_a030,2025,row,293.0,1.5069296770707327e-08,292.9999999849307,7.266885712393529e-09,7.8024110583138e-09,44.99999999961986,319.97931656523997,5.1431046999001115e-11
af-eu-us-apac-row-ch/pf120_k100_a030,2030,ch,579.7974756618628,440.4555030065382,139.34197265532458,349.999999935218,90.45550307132021,349.9999999945944,107.79092379626243,0.759671301610515
af-eu-us-apac-row-ch/pf120_k100_a030,2030,eu,23.224956685652483,23.224956654961478,3.069100529273783e-08,23.224956541119926,1.1384155129690043e-07,89.99999999685191,268.0139468022063,0.9999999986785334
af-eu-us-apac-row-ch/pf120_k100_a030,2030,us,36.47869675577848,36.47869671450977,4.126870578602393e-08,36.47869659013247,1.2437730134706726e-07,64.99999999265533,262.99696822525607,0.9999999988686903
af-eu-us-apac-row-ch/pf120_k100_a030,2030,apac,167.94086059560982,167.94086057295124,2.2658582565782126e-08,84.99999967764772,82.94086089530352,84.999999993059,218.36784007398003,0.99999999986508
af-eu-us-apac-row-ch/pf120_k100_a030,2030,af,5.8999825085270565,5.89998249176436,1.6762696120053988e-08,1.9593442254573125e-06,5.899980532420135,13.999999997550445,236.82023991865995,0.9999999971588567
af-eu-us-apac-row-ch/pf120_k100_a030,2030,row,60.05267654143097,5.310303528053475e-07,60.05267601040062,2.754707731684541e-07,2.5555957963689334e-07,69.99999999704421,225.25171303456747,8.842742461928138e-09
af-eu-us-apac-row-ch/pf120_k100_a030,2035,ch,544.9695650795468,344.60002785389605,200.36953722565073,332.99999968244884,11.600028171447207,332.99999997537157,95.90883301759112,0.6323289407979991
af-eu-us-apac-row-ch/pf120_k100_a030,2035,eu,31.995906684885448,31.99590657217337,1.1271207611684986e-07,31.995906002166613,5.700067582381507e-07,94.99999998741205,228.30429256831698,0.999999996477297
af-eu-us-apac-row-ch/pf120_k100_a030,2035,us,36.47812237582151,36.478122117708914,2.5811259973806955e-07,36.47812140008552,7.176233935979326e-07,69.9999999737879,217.66885085554705,0.9999999929241807
af-eu-us-apac-row-ch/pf120_k100_a030,2035,apac,223.32819654244403,223.32819637762316,1.6482087517033506e-07,102.9999992601622,120.32819711746096,102.99999997509053,170.62514088021817,0.9999999992619791
af-eu-us-apac-row-ch/pf120_k100_a030,2035,af,8.399969344430536,8.399969274817574,6.961296250551641e-08,8.399968852030357,4.2278721679167575e-07,19.999999989153558,241.10632440422032,0.9999999917127124
af-eu-us-apac-row-ch/pf120_k100_a030,2035,row,59.98366167014025,55.19777769244852,4.785883977691732,55.19777673442486,9.58023655073248e-07,78.99999998785196,207.26125878093586,0.9202135407469775
af-eu-us-apac-row-ch/pf120_k100_a030,2040,ch,544.3868018271477,364.19400977956406,180.19279204758362,315.99999995761954,48.19400982194452,315.9999999977185,86.65125720179591,0.6689986027530513
af-eu-us-apac-row-ch/pf120_k100_a030,2040,eu,38.80439235982988,38.80439234098363,1.88462507821896e-08,38.80439229375863,4.722500079878955e-08,98.99999999873025,202.55261893171706,0.9999999995143268
af-eu-us-apac-row-ch/pf120_k100_a030,2040,us,36.47704128314681,36.47704104511108,2.380357315701076e-07,36.47704093533423,1.0977684894442064e-07,74.99999999752184,177.393514556331,0.9999999934743684
af-eu-us-apac-row-ch/pf120_k100_a030,2040,apac,282.62458833757006,282.6245882940408,4.352926907813526e-08,125.99999992805259,156.6245883659882,125.99999999763743,126.04046103238892,0.999999999845982
af-eu-us-apac-row-ch/pf120_k100_a030,2040,af,10.899968364489157,10.899968353118656,1.137050098520831e-08,2.1568281851900196e-08,10.899968331550374,27.999999999013564,166.95449068820275,0.9999999989568318
af-eu-us-apac-row-ch/pf120_k100_a030,2040,row,59.974729119025355,1.765749397882877e-07,59.97472894245041,1.0796395860524533e-07,6.861098118304235e-08,88.99999999877156,180.22833832203332,2.9441556866035777e-09
af-eu-us-apac-row-ch/pf120_k100_a040,2025,ch,931.0,413.599999762839,517.4000002371611,323.99999999339985,89.59999976943914,323.9999999992345,163.32399999975217,0.4442534906152943
af-eu-us-apac-row-ch/pf120_k100_a040,2025,eu,22.0,21.999999995000053,4.999947122996673e-09,21.999999975078865,1.992118825455691e-08,74.99999999956846,342.5430519097836,0.9999999997727297
af-eu-us-apac-row-ch/pf120_k100_a040,2025,us,42.0,1.8571326116797363e-07,41.99999981428674,1.2776488273231287e-07,5.794837843566076e-08,44.999999998930946,318.62030961312223,4.4217443135231815e-09
af-eu-us-apac-row-ch/pf120_k100_a040,2025,apac,110.0,109.999999995961,4.038994916299998e-09,49.999999987201186,60.00000000875982,49.9999999990598,252.63858657424086,0.9999999999632818
af-eu-us-apac-row-ch/pf120_k100_a040,2025,af,3.4,3.399999998981937,1.0180629672618124e-09,3.399999993706736,5.275201164778309e-09,9.999999999651878,392.1901376031869,0.9999999997005697
af-eu-us-apac-row-ch/pf120_k100_a040,2025,row,293.0,5.75188175941033e-08,292.99999994248117,4.5429613299028785e-08,1.2089204295074517e-08,44.999999999568445,348.4999234180348,1.9630995765905565e-10
af-eu-us-apac-row-ch/pf120_k100_a040,2030,ch,396.43202266182914,363.08272009437707,33.34930256745207,349.9999998666788,13.082720227698246,349.99999998548265,107.79092393609515,0.915876365527867
af-eu-us-apac-row-ch/pf120_k100_a040,2030,eu,33.28546011395996,33.28546007075105,4.32089066748631e-08,33.285459788347744,2.8240330607332e-07,89.99999999093085,323.5541753971977,0.9999999987018684
af-eu-us-apac-row-ch/pf120_k100_a040,2030,us,61.37757458921459,61.37757449636744,9.284715218882411e-08,61.377524666302016,4.98300654214745e-05,64.99999998023969,270.8150560251407,0.9999999984872789
af-eu-us-apac-row-ch/pf120_k100_a040,2030,apac,171.18606934036424,171.1860692900565,5.030773309044889e-08,75.53975547259597,95.64631381746054,84.99999998066333,234.32706499529073,0.9999999997061225
af-eu-us-apac-row-ch/pf120_k100_a040,2030,af,5.899982508632913,5.899982483474593,2.5158319871820822e-08,5.89998213190471,3.515698834277714e-07,13.999999992936967,322.92768375710966,0.9999999957358654
af-eu-us-apac-row-ch/pf120_k100_a040,2030,row,39.16819357381297,39.16819348668547,8.712750343420339e-08,39.16819290369399,5.829914755395293e-07,69.99999999145865,290.9627812153157,0.9999999977755547
af-eu-us-apac-row-ch/pf120_k100_a040,2035,ch,396.2145434054375,355.52826524602204,40.68627815941545,332.99999997003016,22.528265275991885,332.99999999772274,95.90883302354375,0.8973125069824051
af-eu-us-apac-row-ch/pf120_k100_a040,2035,eu,45.59736108251526,45.59736107069103,1.1824234036339476e-08,45.597361019949936,5.074109310498898e-08,94.99999999871696,244.79776566018762,0.9999999997406817
af-eu-us-apac-row-ch/pf120_k100_a040,2035,us,64.44917128727859,64.44917127261674,1.4661850400443655e-08,64.4491712277983,4.481843518533424e-08,69.99999999704882,253.35269227833987,0.9999999997725052
af-eu-us-apac-row-ch/pf120_k100_a040,2035,apac,226.02523026436398,226.02523023922316,2.514082098059589e-08,102.99999997037749,123.02523026884568,102.9999999977058,151.7811759251868,0.9999999998887699
af-eu-us-apac-row-ch/pf120_k100_a040,2035,af,8.399969344616062,8.399969337394896,7.221165887472125e-09,8.399969282774816,5.462008090262316e-08,19.99999999891013,247.93144048540566,0.9999999991403342
af-eu-us-apac-row-ch/pf120_k100_a040,2035,row,22.813066532395116,2.8229541606205965e-06,22.813063709440954,2.5649147472608057e-06,2.5803941335979084e-07,78.99999999879763,206.7604252862015,1.237428627410494e-07
af-eu-us-apac-row-ch/pf120_k100_a040,2040,ch,396.82049437948785,321.64818327057037,75.17231110891748,315.99999994043594,5.6481833301344295,315.9999999967725,86.65125721547763,0.8105634356752033
af-eu-us-apac-row-ch/pf120_k100_a040,2040,eu,45.88111284147692,45.88111279564386,4.583306179029023e-08,45.881112660738644,1.3490521411085865e-07,98.99999999820847,189.13440449433634,0.9999999990010473
af-eu-us-apac-row-ch/pf120_k100_a040,2040,us,66.70318839982399,66.70318835907041,4.075357651345257e-08,66.70318827909942,7.997098805390124e-08,74.99999999605954,211.94956430347307,0.9999999993890311
af-eu-us-apac-row-ch/pf120_k100_a040,2040,apac,287.8675413385475,287.86754124424436,9.430311820324278e-08,125.99999992205764,161.86754132218672,125.99999999665002,118.18344681040347,0.9999999996724079
af-eu-us-apac-row-ch/pf120_k100_a040,2040,af,10.899968310081485,10.899968298092274,1.1989211401441935e-08,10.899968124459894,1.7363237958534228e-07,27.999999998524377,195.94990412107725,0.9999999989000692
af-eu-us-apac-row-ch/pf120_k100_a040,2040,row,21.161182052207764,6.0168133176228424e-06,21.161176035394448,5.886109178637373e-06,1.3070413898546931e-07,88.99999999821975,186.88576462161777,2.8433257191297135e-07
eu-us-af-row-apac-ch/pf080_k050_a030,2025,ch,931.0,413.59999661239084,517.4000033876091,323.9999999585239,89.59999665386692,323.9999999976153,163.32399999935828,0.44425348723135427
eu-us-af-row-apac-ch/pf080_k050_a030,2025,eu,22.0,21.999999991422015,8.577984544899664e-09,6.096399214155054e-09,21.999999985325616,74.9999999987838,255.7051833073653,0.9999999996100916
eu-us-af-row-apac-ch/pf080_k050_a030,2025,us,42.0,2.0283020413754406e-07,41.9999997971698,3.1812410089304754e-08,1.7101779404823932e-07,44.99999999674552,296.2474408545411,4.82929057470343e-09
eu-us-af-row-apac-ch/pf080_k050_a030,2025,apac,110.0,109.99999998415943,1.5840569744796085e-08,49.999999788483386,60.000000195676044,49.99999999699934,242.40798481082217,0.9999999998559949
eu-us-af-row-apac-ch/pf080_k050_a030,2025,af,3.4,3.3999999963037077,3.6962921612371247e-09,5.403614614024883e-09,3.3999999909000933,9.99999999891683,294.72727880976146,0.9999999989128553
eu-us-af-row-apac-ch/pf080_k050_a030,2025,row,293.0,3.2005343667362174e-06,292.99999679946563,1.1903543275396932e-07,3.081498933982248e-06,44.99999999857979,346.5246697058547,1.0923325483741356e-08
eu-us-af-row-apac-ch/pf080_k050_a030,2030,ch,528.1459308868148,474.2947262437236,53.851204643091194,349.99999991195136,124.29472633177221,349.9999999979186,107.7909237986793,0.8980372630104919
eu-us-af-row-apac-ch/pf080_k050_a030,2030,eu,24.871249894360908,24.871249885594995,8.765912440367174e-09,8.49992793229703e-09,24.871249877095067,89.99999999889988,190.9942148331993,0.9999999996475484
eu-us-af-row-apac-ch/pf080_k050_a030,2030,us,17.800130395258442,17.800130353657686,4.160075661729934e-08,1.9696006589886356e-08,17.80013033396168,64.99999999770502,191.58746474590532,0.9999999976628959
eu-us-af-row-apac-ch/pf080_k050_a030,2030,apac,151.44506704724003,151.44506692014096,1.270990708235331e-07,67.19987103001955,84.24519589012141,84.99999999788844,129.77369107472506,0.9999999991607579
eu-us-af-row-apac-ch/pf080_k050_a030,2030,af,5.588826193081614,5.588826186344835,6.736779134541848e-09,5.5888261330295235,5.3315311276946886e-08,13.999999999074962,235.04786511949706,0.9999999987945986
eu-us-af-row-apac-ch/pf080_k050_a030,2030,row,132.63367867956714,4.0089939217565887e-07,132.63367827866776,3.783700352129887e-08,3.6306238865436e-07,69.99999999887457,211.66094660081816,3.022606295526201e-09
eu-us-af-row-apac-ch/pf080_k050_a030,2035,ch,418.37006149445847,333.00000002934223,85.37006146511624,332.99999972047686,3.0886536706020706e-07,332.99999998527,95.90883305365476,0.7959460551260144
eu-us-af-row-apac-ch/pf080_k050_a030,2035,eu,35.63371025236603,35.63371017301568,7.935035029049686e-08,5.769347184109423e-07,35.63370959608096,94.999999991526,242.42674585299835,0.9999999977731662
eu-us-af-row-apac-ch/pf080_k050_a030,2035,us,36.82429006657565,36.824289997321756,6.925389328671372e-08,1.4441942136816825e-07,36.82428985290233,69.99999998096705,236.27060412665486,0.999999998119342
eu-us-af-row-apac-ch/pf080_k050_a030,2035,apac,196.6354302308127,196.63543013385512,9.695756375549536e-08,102.99999958864422,93.63543054521091,102.99999998322457,172.36721980339715,0.9999999995069171
eu-us-af-row-apac-ch/pf080_k050_a030,2035,af,7.897637340919749,7.8976372993217625,4.1597986388808295e-08,5.804192270816131e-05,7.897579257399054,19.99999999280107,257.2666028362956,0.9999999947328568
eu-us-af-row-apac-ch/pf080_k050_a030,2035,row,132.14686525659022,90.00893229292132,42.1379329636689,78.99999906692345,11.008933225997865,78.99999999198909,207.2850605834436,0.6811280170600379
eu-us-af-row-apac-ch/pf080_k050_a030,2040,ch,418.6051209759138,315.9999999923467,102.60512098356708,315.9999999335776,5.876910336155561e-08,315.999999996822,86.65125720858032,0.7548880416360915
eu-us-af-row-apac-ch/pf080_k050_a030,2040,eu,44.54680640126253,44.54680638560007,1.56624579972231e-08,44.54680630398927,8.161079989577047e-08,98.99999999811965,231.99287417942284,0.9999999996484045
eu-us-af-row-apac-ch/pf080_k050_a030,2040,us,45.26538867683293,45.26538866364548,1.3187445802032016e-08,2.066554466513495e-08,45.265388642979936,74.99999999605691,214.6467258712936,0.9999999997086638
eu-us-af-row-apac-ch/pf080_k050_a030,2040,apac,239.7783707008144,239.77837067599512,2.481928618180973e-08,125.99999993767575,113.77837073831937,125.99999999639192,152.40429823703465,0.9999999998964907
eu-us-af-row-apac-ch/pf080_k050_a030,2040,af,10.206457173965239,10.206457167019785,6.9454539897151335e-09,2.3576438215537727e-08,10.206457143443346,27.999999998538435,207.91635774542152,0.9999999993195039
eu-us-af-row-apac-ch/pf080_k050_a030,2040,row,134.17103874166813,77.2029770995677,56.96806164210042,77.20297700172443,9.784326948647504e-08,88.99999999824598,187.24992193269966,0.5754071655375175
eu-us-af-row-apac-ch/pf080_k050_a040,2025,ch,931.0,371.60000236487843,559.3999976351215,316.6000034273289,54.99999893754955,323.9999999905708,163.3165999949502,0.3991407114552937
eu-us-af-row-apac-ch/pf080_k050_a040,2025,eu,22.0,21.99999997866696,2.1333040223225908e-08,3.3512576999975335e-08,21.999999945154382,74.99999999452122,355.99228317752187,0.9999999990303163
eu-us-af-row-apac-ch/pf080_k050_a040,2025,us,42.0,41.999999974494266,2.5505734413400205e-08,1.9973928114987036e-08,41.99999995452034,44.99999998771806,293.9342815286641,0.9999999993927207
eu-us-af-row-apac-ch/pf080_k050_a040,2025,apac,110.0,109.99999539015496,4.609845035474791e-06,49.99999987862997,59.99999551152499,49.99999999029525,189.0615247636592,0.9999999580923179
eu-us-af-row-apac-ch/pf080_k050_a040,2025,af,3.4,3.399999986129805,1.387019477050444e-08,3.662926715982512e-08,3.399999949500538,9.999999996061826,319.6987224668909,0.9999999959205309
eu-us-af-row-apac-ch/pf080_k050_a040,2025,row,293.0,2.259453261431702e-06,292.99999774054675,3.1277602454232333e-07,1.9466772368893786e-06,44.99999999461053,350.8302397744465,7.711444578265196e-09
eu-us-af-row-apac-ch/pf080_k050_a040,2030,ch,396.8346908210684,364.32148709181354,32.51320372925488,349.9999998671054,14.321487224708164,349.9999999919946,107.79092387918827,0.9180686455058059
eu-us-af-row-apac-ch/pf080_k050_a040,2030,eu,34.4542156696485,34.45421562020531,4.944318732214015e-08,3.0343873904976216e-06,34.45421258581792,89.99999999531893,262.92222791677204,0.9999999985649597
eu-us-af-row-apac-ch/pf080_k050_a040,2030,us,64.8694991133358,64.86949909181453,2.1521273652069794e-08,64.86949898874771,1.0306682440841541e-07,64.99999998271421,375.9767603906702,0.9999999996682374
eu-us-af-row-apac-ch/pf080_k050_a040,2030,apac,168.86556959458616,168.8655695524556,4.2130551491936785e-08,84.99999972009601,83.8655698323596,84.99999999008564,201.91047271851096,0.9999999997505084
eu-us-af-row-apac-ch/pf080_k050_a040,2030,af,5.812942582280826,5.812942569308322,1.2972503959929327e-08,5.812942408274598,1.6103372413311945e-07,13.999999995778015,358.13097453929845,0.9999999977683413
eu-us-af-row-apac-ch/pf080_k050_a040,2030,row,107.63316190992754,35.67628602582614,71.95687588410141,35.54578749525657,0.13049853056956806,69.99999999553219,232.9648319181143,0.331461841246304
eu-us-af-row-apac-ch/pf080_k050_a040,2035,ch,381.7083154619636,333.0000006489469,48.70831481301667,332.99999967313875,9.75808177372528e-07,332.9999999879433,95.90883307798077,0.8723938860119741
eu-us-af-row-apac-ch/pf080_k050_a040,2035,eu,43.68422026228187,43.68422020533328,5.694858629112787e-08,43.684220002823146,2.025101366598392e-07,94.99999999294617,257.4643495145352,0.9999999986963579
eu-us-af-row-apac-ch/pf080_k050_a040,2035,us,75.88264978644979,75.88264970689588,7.955391367886477e-08,69.99999978316741,5.882649923728465,69.99999998381548,236.34101669998105,0.9999999989516192
eu-us-af-row-apac-ch/pf080_k050_a040,2035,apac,208.9322088155325,208.9322086143273,2.0120521071476105e-07,102.9999998006027,105.9322088137246,102.99999998748157,136.42437576867323,0.9999999990369833
eu-us-af-row-apac-ch/pf080_k050_a040,2035,af,8.263950812545195,8.263950801559938,1.0985257148377059e-08,8.263950721477608,8.008233010059485e-08,19.99999999401431,324.21495233430966,0.9999999986707016
eu-us-af-row-apac-ch/pf080_k050_a040,2035,row,104.64956766535917,30.23696996256162,74.41259770279756,24.383570825530306,5.853399137031314,78.99999999342411,207.2304440314587,0.28893545035227686
eu-us-af-row-apac-ch/pf080_k050_a040,2040,ch,381.52249988908693,344.0000080815472,37.52249180753972,315.9999993817084,28.000008699838816,315.99999997667805,86.65125740685889,0.9016506449332662
eu-us-af-row-apac-ch/pf080_k050_a040,2040,eu,48.28755312360084,48.28755305495516,6.864567581033043e-08,1.5937150972498042e-07,48.28755289558365,98.99999998629707,239.8596317723113,0.9999999985783982
eu-us-af-row-apac-ch/pf080_k050_a040,2040,us,77.81247537720664,77.8124752958346,8.1372036220273e-08,2.706456243724549e-07,77.81247502518897,74.99999996783836,251.90918270681883,0.9999999989542546
eu-us-af-row-apac-ch/pf080_k050_a040,2040,apac,206.29082994849318,147.53431723340555,58.75651271508764,125.99999971525399,21.534317518151553,125.99999997741139,99.41154588936062,0.7151763230107805
eu-us-af-row-apac-ch/pf080_k050_a040,2040,af,10.71496190200816,10.71496183903659,6.297156929235825e-08,2.8740131957338605e-07,10.714961551635271,27.99999998860226,239.78684410296347,0.9999999941230244
eu-us-af-row-apac-ch/pf080_k050_a040,2040,row,104.65068457049817,104.65068437852645,1.9197172207441326e-07,88.99999141701124,15.650692961515205,88.99999998647844,230.1689591682015,0.9999999981655951
eu-us-af-row-apac-ch/pf100_k050_a030,2025,ch,931.0,334.00000000312065,596.9999999968793,323.99999999232415,10.000000010796498,323.99999999927087,163.32399999972242,0.3587540279303122
eu-us-af-row-apac-ch/pf100_k050_a030,2025,eu,22.0,21.999999996545256,3.4547440463938983e-09,19.000000646116106,2.9999993504291496,74.99999999958534,362.5351002112554,0.9999999998429662
eu-us-af-row-apac-ch/pf100_k050_a030,2025,us,42.0,41.999999995680696,4.319304025557358e-09,41.99999998370188,1.1978812608504086e-08,44.999999998630976,381.2799810604128,0.9999999998971594
eu-us-af-row-apac-ch/pf100_k050_a030,2025,apac,110.0,109.99999999605376,3.946240667573875e-09,49.99999998813637,60.000000007917386,49.99999999913658,243.3574980750548,0.999999999964125
eu-us-af-row-apac-ch/pf100_k050_a030,2025,af,3.4,3.3999999991223784,8.776215310035695e-10,5.066474989787059e-09,3.3999999940559036,9.999999999661012,357.2671874880048,0.999999999741876
eu-us-af-row-apac-ch/pf100_k050_a030,2025,row,293.0,37.60000000535003,255.39999999464996,37.59999927712551,7.282245206852167e-07,44.9999999995879,353.4175999926536,0.12832764506945404
eu-us-af-row-apac-ch/pf100_k050_a030,2030,ch,373.26486561877334,349.99999999982293,23.26486561895041,349.999999979672,2.015093514273758e-08,349.9999999986975,107.79092380674962,0.937671964972156
eu-us-af-row-apac-ch/pf100_k050_a030,2030,eu,32.616542827293515,32.61654281485439,1.2439123509011552e-08,32.616542773502005,4.1352386404014396e-08,89.99999999932471,234.08571466211106,0.9999999996186253
eu-us-af-row-apac-ch/pf100_k050_a030,2030,us,61.17000678155851,61.170006776344856,5.213657061631238e-09,61.17000675034437,2.6000485320309963e-08,64.9999999982786,300.85543674807525,0.9999999999147677
eu-us-af-row-apac-ch/pf100_k050_a030,2030,apac,167.45420758977508,167.45420756678,2.299506718372868e-08,84.99999998384106,82.45420758293895,84.99999999881065,144.72991300387937,0.9999999998626785
eu-us-af-row-apac-ch/pf100_k050_a030,2030,af,5.825285102520295,5.825285100161921,2.3583748287592243e-09,1.9952918757179754,3.829993224443945,13.999999999441602,271.2757502212328,0.9999999995951486
eu-us-af-row-apac-ch/pf100_k050_a030,2030,row,129.27482716981663,56.933957735933205,72.34086943388343,44.929249608358155,12.00470812757505,69.99999999934427,232.97421542913642,0.44041024058879014
eu-us-af-row-apac-ch/pf100_k050_a030,2035,ch,357.2155908858759,333.00000009483335,24.21559079104253,332.99999969166373,4.0316962213182705e-07,332.9999999798421,95.90883326512704,0.9322101514914589
eu-us-af-row-apac-ch/pf100_k050_a030,2035,eu,43.52518040956017,43.5251802996742,1.0988597409777867e-07,43.52517797628119,2.3233930050992058e-06,94.99999998901808,234.60851831460988,0.9999999974753471
eu-us-af-row-apac-ch/pf100_k050_a030,2035,us,80.00746664783284,80.00746641541414,2.3241869939738535e-07,69.99999951423128,10.007466901182866,69.99999997774655,225.37418449387215,0.9999999970950374
eu-us-af-row-apac-ch/pf100_k050_a030,2035,apac,191.28651134970448,110.15199920752461,81.13451214217987,102.99999977487631,7.151999432648296,102.9999999833938,110.01520792936019,0.5758482311706125
eu-us-af-row-apac-ch/pf100_k050_a030,2035,af,8.279382732546706,8.279382676071256,5.647545009423993e-08,8.279382212499197,4.635720589618586e-07,19.999999989883786,240.7516229038074,0.999999993178785
eu-us-af-row-apac-ch/pf100_k050_a030,2035,row,125.035972175493,125.03597121589469,9.59598310146248e-07,78.99999911231882,46.03597210357587,78.99999998952796,212.6873611026416,0.9999999923254221
eu-us-af-row-apac-ch/pf100_k050_a030,2040,ch,356.76384926896316,316.0000026908254,40.76384657813776,315.9999996646356,3.0261898018579814e-06,315.999999977862,86.65125739371206,0.885739974322886
eu-us-af-row-apac-ch/pf100_k050_a030,2040,eu,54.76342643666173,54.7634263542719,8.238983184583049e-08,54.763425818109695,5.36162204411994e-07,98.9999999863908,274.7276651968085,0.9999999984955318
eu-us-af-row-apac-ch/pf100_k050_a030,2040,us,87.62201991731908,87.62201975619728,1.611218038988227e-07,74.99999940735015,12.62202034884713,74.99999997340497,217.8700745658885,0.9999999981611722
eu-us-af-row-apac-ch/pf100_k050_a030,2040,apac,209.80129019607892,136.13942494605166,73.66186525002726,125.99999969215486,10.139425253896803,125.99999997884764,99.41154581529585,0.6488969863760925
eu-us-af-row-apac-ch/pf100_k050_a030,2040,af,10.73348490607464,10.73348487948267,2.65919695152661e-08,5.238553374964299,5.494931504518371,27.999999988929602,268.52581567471725,0.9999999975225223
eu-us-af-row-apac-ch/pf100_k050_a030,2040,row,127.7416414060067,127.7416412655335,1.4047320462395874e-07,88.99999785976894,38.74164340576456,88.9999999869275,255.57524520932913,0.9999999989003335
eu-us-af-row-apac-ch/pf100_k050_a040,2025,ch,931.0,413.599996353246,517.4000036467539,323.9999997983394,89.59999655490662,323.9999999830718,163.32399999460475,0.44425348695300326
eu-us-af-row-apac-ch/pf100_k050_a040,2025,eu,22.0,21.999999709421,2.9057899908480067e-07,21.59999834571469,0.4000013637063127,74.99999999108935,318.3266495727938,0.9999999867918636
eu-us-af-row-apac-ch/pf100_k050_a040,2025,us,42.0,3.309987810590559e-06,41.99999669001219,1.5511282807779781e-06,1.758859529812581e-06,44.99999997561516,316.98601857367714,7.88092335854895e-08
eu-us-af-row-apac-ch/pf100_k050_a040,2025,apac,110.0,109.9999999179529,8.204709445180924e-08,49.99999932198275,60.00000059597016,49.99999997706698,284.0041729833125,0.9999999992541173
eu-us-af-row-apac-ch/pf100_k050_a040,2025,af,3.4,3.3999999611491387,3.8850861194816844e-08,3.3999987425756184,1.2185735203118497e-06,9.999999992488176,320.9118481518799,0.9999999885732761
eu-us-af-row-apac-ch/pf100_k050_a040,2025,row,293.0,6.58182828073244e-07,292.99999934181716,2.0823396940699094e-07,4.4994885866625305e-07,44.99999999060823,326.72777200837567,2.246357774994007e-09
eu-us-af-row-apac-ch/pf100_k050_a040,2030,ch,380.9782441568681,350.00000014567905,30.97824401118902,349.9999999772306,1.6844848005348467e-07,349.9999999980435,107.79092380636583,0.9186876298415778
eu-us-af-row-apac-ch/pf100_k050_a040,2030,eu,33.11608612236761,33.11608611576776,6.599854884825618e-09,33.11608561519848,5.00569278472085e-07,89.99999999881895,309.14376959267344,0.9999999998007054
eu-us-af-row-apac-ch/pf100_k050_a040,2030,us,64.29210756109174,64.29210755474556,6.346184022731904e-09,64.29210750373821,5.1007347678933e-08,64.99999999668165,323.89166181480346,0.9999999999012914
eu-us-af-row-apac-ch/pf100_k050_a040,2030,apac,151.78883301838545,151.78883301145882,6.92662638357433e-09,84.99999995973837,66.78883305172045,84.99999999747737,237.1706057554513,0.9999999999543667
eu-us-af-row-apac-ch/pf100_k050_a040,2030,af,5.65945733268801,5.659457329182754,3.505256529479084e-09,2.2142431475479214e-08,5.659457307040322,13.999999999094069,288.31077285179975,0.9999999993806373
eu-us-af-row-apac-ch/pf100_k050_a040,2030,row,101.16458911812418,69.1435158322323,32.02107328589189,68.43562361598876,0.7078922162435362,69.99999999895066,232.9977218240899,0.6834754772887706
eu-us-af-row-apac-ch/pf100_k050_a040,2035,ch,375.90279205870416,333.00000003249414,42.90279202621002,332.99999996370485,6.878929070808226e-08,332.99999999724145,95.90883302502486,0.8858673227957563
eu-us-af-row-apac-ch/pf100_k050_a040,2035,eu,45.42701084806869,45.42701083264726,1.542142769039856e-08,45.42701073872283,9.392443445221943e-08,94.99999999839392,241.94436310108205,0.999999999660523
eu-us-af-row-apac-ch/pf100_k050_a040,2035,us,81.64828397549972,15.490204803537024,66.1580791719627,1.4269454232703942e-07,15.490204660842481,69.99999999696837,180.33373567822562,0.1897186817568044
eu-us-af-row-apac-ch/pf100_k050_a040,2035,apac,207.08278456260211,207.08278446232978,1.0027233088294452e-07,102.99999995729317,104.08278450503661,102.99999999721686,119.0431515973539,0.9999999995157862
eu-us-af-row-apac-ch/pf100_k050_a040,2035,af,8.022956993462607,8.022956990150478,3.3121292375426492e-09,8.022956945447223,4.4703254431510686e-08,19.999999998656882,290.71255620292413,0.9999999995871686
eu-us-af-row-apac-ch/pf100_k050_a040,2035,row,96.27392829506792,90.97704286578306,5.296885429284856,78.99999992904738,11.977042936735685,78.99999999846432,207.2850608243035,0.9449811021209134
eu-us-af-row-apac-ch/pf100_k050_a040,2040,ch,375.8746875163089,343.9999993850871,31.874688131221774,315.9999998727414,27.99999951234571,315.9999999932082,86.65125730413422,0.915198630847312
eu-us-af-row-apac-ch/pf100_k050_a040,2040,eu,57.04616559687814,57.046165569243975,2.7634165178369585e-08,57.04616542036684,1.488771346203066e-07,98.99999999586554,262.90288120475464,0.9999999995155824
eu-us-af-row-apac-ch/pf100_k050_a040,2040,us,99.20352323742735,99.20352318453317,5.289417970288923e-08,74.99999909315112,24.20352409138205,74.99999999146412,223.58936598566203,0.9999999994668115
eu-us-af-row-apac-ch/pf100_k050_a040,2040,apac,213.28577790289432,213.28577776708514,1.3580918789557472e-07,125.99999975510944,87.2857780119757,125.99999999278936,123.41826286197453,0.9999999993632525
eu-us-af-row-apac-ch/pf100_k050_a040,2040,af,10.386005465577037,10.386005452850155,1.2726882658853356e-08,1.8975439914505064e-08,10.386005433874715,27.999999996921275,197.4237127936906,0.9999999987746123
eu-us-af-row-apac-ch/pf100_k050_a040,2040,row,96.27082149008055,9.078528607678171,87.19229288240238,1.7142219522715576,7.3643066554066134,88.99999999622935,187.17443227112904,0.09430197506534828
eu-us-af-row-apac-ch/pf100_k100_a030,2025,ch,931.0,371.5999981604329,559.400001839567,323.9999999629519,47.599998197481,323.9999999962486,163.32399999825336,0.3991407069392405
eu-us-af-row-apac-ch/pf100_k100_a030,2025,eu,22.0,21.99999997825259,2.1747410983152804e-08,21.999999799942046,1.7831054321959527e-07,74.99999999780151,359.0538145391256,0.9999999990114813
eu-us-af-row-apac-ch/pf100_k100_a030,2025,us,42.0,41.99999995332929,4.6670713516050455e-08,2.646903809628558e-07,41.99999968863891,44.999999993858935,346.1611782711747,0.9999999988887925
eu-us-af-row-apac-ch/pf100_k100_a030,2025,apac,110.0,109.99999998832172,1.1678281452986994e-08,49.999999908832095,60.000000079489624,49.999999994042454,312.8590186570596,0.9999999998938338
eu-us-af-row-apac-ch/pf100_k100_a030,2025,af,3.4,3.399999993757009,6.242991013039045e-09,3.3999995187824488,4.749745601273503e-07,9.99999999829996,357.52463439917733,0.9999999981638261
eu-us-af-row-apac-ch/pf100_k100_a030,2025,row,293.0,1.903994069194188e-06,292.9999980960059,1.1212557381934955e-06,7.827383310006924e-07,44.99999999783604,352.81811574053495,6.4982732737003e-09
eu-us-af-row-apac-ch/pf100_k100_a030,2030,ch,375.947821227026,349.999999997285,25.94782122974101,349.9999999862794,1.1005568012478761e-08,349.9999999987759,107.79092380264679,0.9309802590554934
eu-us-af-row-apac-ch/pf100_k100_a030,2030,eu,33.312180014014814,33.31218001123761,2.7772060207098548e-09,25.140789310683157,8.17139070055445,89.99999999928525,337.7289342663515,0.9999999999166309
eu-us-af-row-apac-ch/pf100_k100_a030,2030,us,62.89001978573747,62.89001978278862,2.948851829387422e-09,62.89001974712385,3.566476891592174e-08,64.99999999788302,338.09259940170773,0.999999999953111
eu-us-af-row-apac-ch/pf100_k100_a030,2030,apac,168.55408061895469,168.5540806143431,4.611592885339633e-09,84.99999998513687,83.55408062920623,84.99999999863593,227.50960470945253,0.9999999999726403
eu-us-af-row-apac-ch/pf100_k100_a030,2030,af,5.828609285037729,5.828609282335796,2.701932899640269e-09,5.828609239951663,4.238413264801011e-08,13.99999999937782,347.51107778565466,0.9999999995364361
eu-us-af-row-apac-ch/pf100_k100_a030,2030,row,100.82556587856129,53.41511030536576,47.410455573195534,53.41511022263134,8.27344166509647e-08,69.99999999939791,232.9827012964817,0.5297774412662484
eu-us-af-row-apac-ch/pf100_k100_a030,2035,ch,367.9121134943137,333.0000003558082,34.912113138505504,332.99999982069465,5.351135428099951e-07,332.99999999197047,95.90883308643781,0.9051074649135055
eu-us-af-row-apac-ch/pf100_k100_a030,2035,eu,44.85107557024253,44.85107553266954,3.757298827622435e-08,44.85107531614033,2.1652920878523219e-07,94.9999999953285,253.11006624663798,0.9999999991622723
eu-us-af-row-apac-ch/pf100_k100_a030,2035,us,69.15179315995076,69.15179310352187,5.642888822876557e-08,69.15179282967622,2.7384564305066306e-07,69.99999998990035,231.2427006929579,0.9999999991839852
eu-us-af-row-apac-ch/pf100_k100_a030,2035,apac,211.56861430791386,153.1489245998271,58.419689708086764,102.99999988584823,50.14892471397887,102.99999999225368,110.01520797250933,0.7238735532716417
eu-us-af-row-apac-ch/pf100_k100_a030,2035,af,8.298309971478774,8.298309951515405,1.9963369624065308e-08,8.298309748423573,2.030918313522534e-07,19.999999996177408,276.9539297655456,0.9999999975942849
eu-us-af-row-apac-ch/pf100_k100_a030,2035,row,93.87728427893312,91.5498964179354,2.3273878609977174,78.99999976996394,12.549896647971465,78.99999999564713,207.28506315320584,0.9752081892986757
eu-us-af-row-apac-ch/pf100_k100_a030,2040,ch,365.8735393288266,333.2319559980455,32.64158333078109,315.99999994911,17.2319560489355,315.9999999981686,86.65125722142713,0.9107845202726053
eu-us-af-row-apac-ch/pf100_k100_a030,2040,eu,44.84906482255988,44.849064789454914,3.3104967656072404e-08,39.00957317507559,5.839491614379327,98.99999999900005,180.65618016265756,0.9999999992618582
eu-us-af-row-apac-ch/pf100_k100_a030,2040,us,69.16050919890009,69.16050917816516,2.0734930217258807e-08,69.16050908944125,8.872390822034504e-08,74.99999999788871,199.3898712672882,0.9999999997001912
eu-us-af-row-apac-ch/pf100_k100_a030,2040,apac,267.32405422078574,267.32405417984563,4.0940108192444313e-08,125.99999995127187,141.32405422857374,125.99999999813109,116.64373941476711,0.9999999998468522
eu-us-af-row-apac-ch/pf100_k100_a030,2040,af,10.768043035116555,10.768043027022495,8.09406053292605e-09,10.768042949849123,7.717337169310667e-08,27.999999999177373,189.25585872988384,0.9999999992483257
eu-us-af-row-apac-ch/pf100_k100_a030,2040,row,94.01194831257962,7.66637281883222,86.3455754937474,7.666372187224953,6.316072669321215e-07,88.99999999900015,187.18038531915153,0.08154679225817504
eu-us-af-row-apac-ch/pf100_k100_a040,2025,ch,931.0,371.59999854363974,559.4000014563603,323.9999999380004,47.599998605639314,323.99999999329117,163.3239999977189,0.3991407073508483
eu-us-af-row-apac-ch/pf100_k100_a040,2025,eu,22.0,21.99999995874287,4.12571310448584e-08,1.4735706233016886e-06,21.999998485172245,74.99999999638466,338.26257478840125,0.9999999981246759
eu-us-af-row-apac-ch/pf100_k100_a040,2025,us,42.0,41.99999993975855,6.024144738603354e-08,41.99999962776605,3.1199250116742405e-07,44.99999998815032,361.79803209289605,0.9999999985656798
eu-us-af-row-apac-ch/pf100_k100_a040,2025,apac,110.0,109.9999999856738,1.4326204222925298e-08,35.000000872370066,74.99999911330373,49.999999987695595,347.99677413029974,0.9999999998697617
eu-us-af-row-apac-ch/pf100_k100_a040,2025,af,3.4,3.3999999900803175,9.919682408821018e-09,3.399999504782321,4.852979964553583e-07,9.99999999683207,361.5095837446436,0.9999999970824464
eu-us-af-row-apac-ch/pf100_k100_a040,2025,row,293.0,1.5406783285607984e-06,292.99999845932166,5.315348239434369e-07,1.0091435046173615e-06,44.999999996219856,348.7566463885617,5.258287810787708e-09
eu-us-af-row-apac-ch/pf100_k100_a040,2030,ch,377.70942291885797,363.99999601239386,13.709426906464103,349.9999997082721,13.999996304121737,349.9999999766568,107.79092539201706,0.9637037731266523
eu-us-af-row-apac-ch/pf100_k100_a040,2030,eu,35.13625596610337,35.1362559074041,5.8699271221485105e-08,35.13625520006763,7.073364685084016e-07,89.9999999858633,322.2861857839445,0.9999999983293817
eu-us-af-row-apac-ch/pf100_k100_a040,2030,us,68.18779123483831,68.18779114338236,9.145595925019734e-08,64.99999923090428,3.187791912478076,64.99999996675888,301.03311966929806,0.9999999986587634
eu-us-af-row-apac-ch/pf100_k100_a040,2030,apac,171.27865141603507,171.27865128845445,1.2758061984641245e-07,84.99999968391533,86.27865160453912,84.99999997467903,192.6758050532378,0.9999999992551283
eu-us-af-row-apac-ch/pf100_k100_a040,2030,af,5.8857371293135845,5.885737078152976,5.1160608194322776e-08,1.9103039289380615e-06,5.885735167849047,13.999999988989167,311.19142450149764,0.9999999913076973
eu-us-af-row-apac-ch/pf100_k100_a040,2030,row,99.02313012489432,29.51156845089966,69.51156167399466,29.51156541040991,3.0404897479741066e-06,69.99999998774028,232.95879739290163,0.2980270206938296
eu-us-af-row-apac-ch/pf100_k100_a040,2035,ch,371.43444819193866,332.99999998667903,38.43444820525963,332.99999995529845,3.138057991236565e-08,332.9999999984126,95.90883301377957,0.8965242766459867
eu-us-af-row-apac-ch/pf100_k100_a040,2035,eu,48.40553362102463,48.40553361440941,6.615223924200109e-09,48.405533546437354,6.797205287512043e-08,94.99999999907537,258.45632964763206,0.9999999998633374
eu-us-af-row-apac-ch/pf100_k100_a040,2035,us,91.97791964182233,91.97791959282742,4.89949059101491e-08,69.99999993792397,21.977919654903445,69.99999999820999,206.9990786588742,0.9999999994673189
eu-us-af-row-apac-ch/pf100_k100_a040,2035,apac,219.66763607796122,218.2368630709607,1.4307730070005107,102.99999998005312,115.23686309090759,102.99999999845788,110.0152083872149,0.99348664631465
eu-us-af-row-apac-ch/pf100_k100_a040,2035,af,8.379683669062441,8.379683666912895,2.149546318719331e-09,8.37968359146942,7.544347546684094e-08,19.99999999929491,254.6031662885061,0.9999999997434812
eu-us-af-row-apac-ch/pf100_k100_a040,2035,row,89.38266983268342,6.083638402300052e-08,89.38266977184703,1.8328653786665693e-08,4.250773023633483e-08,78.99999999917506,175.87270103165332,6.806284052253187e-10
eu-us-af-row-apac-ch/pf100_k100_a040,2040,ch,370.6102912128905,344.9573888018248,25.652902411065725,315.9999999176909,28.957388884133877,315.9999999940387,86.65125730273166,0.9307820019592228
eu-us-af-row-apac-ch/pf100_k100_a040,2040,eu,58.921979866211714,58.92197984653587,1.9675844953326305e-08,58.921979679598074,1.6693779514298512e-07,98.99999999618515,291.4541994175297,0.9999999996660696
eu-us-af-row-apac-ch/pf100_k100_a040,2040,us,102.90868441983595,102.90868438718402,3.2651925607751764e-08,74.0426111093356,28.86607327784843,74.99999999174968,250.33853290311856,0.9999999996827097
eu-us-af-row-apac-ch/pf100_k100_a040,2040,apac,225.21813944537053,126.00000208128407,99.21813736408646,125.9999998208323,2.2604517653235234e-06,125.99999999406562,99.4115457834777,0.5594576102598829
eu-us-af-row-apac-ch/pf100_k100_a040,2040,af,10.873636715577295,10.873636703168366,1.2408928995455426e-08,7.297412787269954e-08,10.873636630194238,27.999999997097447,248.62505374334464,0.999999998858806
eu-us-af-row-apac-ch/pf100_k100_a040,2040,row,89.33830818508889,89.33830814950275,3.558614025678253e-08,88.99999961849866,0.3383085310040883,88.99999999636321,261.57757770847445,0.9999999996016699
eu-us-af-row-apac-ch/pf120_k050_a030,2025,ch,931.0,406.99998358423227,524.0000164157677,323.9999999935746,82.99998359065768,323.99999999914314,163.3239999998162,0.4371643217875749
eu-us-af-row-apac-ch/pf120_k050_a030,2025,eu,22.0,21.999999996133244,3.866755804438071e-09,21.999999985435892,1.0697352337274424e-08,74.99999999952082,349.8737233789412,0.9999999998242384
eu-us-af-row-apac-ch/pf120_k050_a030,2025,us,42.0,1.614384888183186e-05,41.99998385615112,1.6097843976482907e-05,4.60049053489534e-08,44.9999999987666,321.1478195070201,3.8437735432933e-07
eu-us-af-row-apac-ch/pf120_k050_a030,2025,apac,110.0,109.99999999629969,3.700307615872589e-09,49.99999998045249,60.0000000158472,49.99999999879004,294.1991591007443,0.9999999999663608
eu-us-af-row-apac-ch/pf120_k050_a030,2025,af,3.4,3.399999999375584,6.24416074401779e-10,3.3999999965068985,2.8686852893144987e-09,9.999999999585796,446.1124022952883,0.9999999998163482
eu-us-af-row-apac-ch/pf120_k050_a030,2025,row,293.0,6.600000275431154,286.39999972456883,4.1063232702407245e-07,6.599999864798827,44.999999999514415,352.34526034463306,0.022525598209662642
eu-us-af-row-apac-ch/pf120_k050_a030,2030,ch,412.6153829498427,350.0000000123652,62.61538293747748,349.99999998769147,2.467373860781663e-08,349.99999999913626,107.79092379176487,0.8482475798894561
eu-us-af-row-apac-ch/pf120_k050_a030,2030,eu,32.95594456767469,32.13256987665804,0.8233746910166531,30.200528405544627,1.9320414711134113,89.99999999953238,197.2798728097594,0.9750158976834706
eu-us-af-row-apac-ch/pf120_k050_a030,2030,us,56.658451001701,56.65845099401244,7.688562675411958e-09,56.658450970036085,2.3976355123522808e-08,64.99999999885986,242.51906354137367,0.9999999998642998
eu-us-af-row-apac-ch/pf120_k050_a030,2030,apac,161.31308071854195,161.3130807108054,7.736559837212553e-09,84.99999998407799,76.3130807267274,84.99999999904422,153.52410365381095,0.9999999999520401
eu-us-af-row-apac-ch/pf120_k050_a030,2030,af,5.827939878533854,5.827939876492159,2.0416957013935644e-09,5.827939859746574,1.6745584474620046e-08,13.99999999957894,283.4940944076927,0.9999999996496711
eu-us-af-row-apac-ch/pf120_k050_a030,2030,row,68.06795853762694,68.0679585253174,1.2309541830290982e-08,68.06795850865328,1.666411719725147e-08,69.99999999949897,252.08013398422443,0.9999999998191581
eu-us-af-row-apac-ch/pf120_k050_a030,2035,ch,412.3758658687023,364.4481672893004,47.92769857940192,332.9999998451872,31.44816744411321,332.99999998887944,95.90883308365366,0.8837766645765304
eu-us-af-row-apac-ch/pf120_k050_a030,2035,eu,45.205952387323315,45.2059522533988,1.339245159215352e-07,45.20595002497189,2.2284269078909347e-06,94.99999999375235,211.7169282004851,0.9999999970374583
eu-us-af-row-apac-ch/pf120_k050_a030,2035,us,67.46933167032803,67.46933160519599,6.513204198199674e-08,67.46933138483081,2.2036518032564345e-07,69.99999998432426,261.9636245520134,0.9999999990346422
eu-us-af-row-apac-ch/pf120_k050_a030,2035,apac,214.62066156036525,214.62066147885673,8.15085172689578e-08,102.9999996836178,111.62066179523893,102.99999998708545,169.16345772369715,0.9999999996202206
eu-us-af-row-apac-ch/pf120_k050_a030,2035,af,8.255879514432392,8.255879483847375,3.058501718555817e-08,8.255879137759877,3.4608749821529727e-07,19.99999999462347,258.00947421280307,0.9999999962953654
eu-us-af-row-apac-ch/pf120_k050_a030,2035,row,67.98737735761762,7.831886539265046e-06,67.98736952573108,2.683489343776e-06,5.148397195489046e-06,78.9999999938208,205.61138993482263,1.1519618558116841e-07
eu-us-af-row-apac-ch/pf120_k050_a030,2040,ch,410.9371027142421,332.6638681356645,78.27323457857761,315.9999998605029,16.663868275161576,315.9999999907067,86.65125723885176,0.8095250244828651
eu-us-af-row-apac-ch/pf120_k050_a030,2040,eu,57.43098535592567,57.430985279366446,7.655922473759347e-08,57.43098501108414,2.682823065924822e-07,98.99999999474088,211.35150151597756,0.9999999986669352
eu-us-af-row-apac-ch/pf120_k050_a030,2040,us,67.4637197334412,9.47472102673882e-07,67.46371878596909,4.050113405962764e-08,9.069709686142543e-07,74.99999998998463,168.7670251898681,1.4044172281301414e-08
eu-us-af-row-apac-ch/pf120_k050_a030,2040,apac,264.2401053298665,264.2401051101785,2.1968799046589993e-07,125.99999979450294,138.24010531567555,125.9999999904246,121.00043440162689,0.9999999991686047
eu-us-af-row-apac-ch/pf120_k050_a030,2040,af,10.683818760245275,10.683818726674014,3.357126132641497e-08,10.683818414695407,3.1197860650422626e-07,27.999999995708933,213.82631388270352,0.999999996857747
eu-us-af-row-apac-ch/pf120_k050_a030,2040,row,67.98122209023066,67.9812217570279,3.332027631586243e-07,67.98122146011076,2.969171362110501e-07,88.9999999948177,201.35382365645,0.9999999950986058
eu-us-af-row-apac-ch/pf120_k050_a040,2025,ch,931.0,324.00000071796484,606.9999992820351,323.999999957296,7.606688541272888e-07,323.9999999945898,163.32399999749066,0.3480128901374488
eu-us-af-row-apac-ch/pf120_k050_a040,2025,eu,22.0,15.00000070015723,6.99999929984277,14.999999762808399,9.373488314423639e-07,74.99999999720862,299.2650000200959,0.6818182136435105
eu-us-af-row-apac-ch/pf120_k050_a040,2025,us,42.0,41.99999998866697,1.1333028737681161e-08,41.99999994809818,4.05687927695908e-08,44.999999982979446,459.5048279596384,0.999999999730166
eu-us-af-row-apac-ch/pf120_k050_a040,2025,apac,110.0,109.99999997603591,2.396409115590359e-08,49.99999991880613,60.00000005722978,49.99999999352503,256.20596689081776,0.9999999997821446
eu-us-af-row-apac-ch/pf120_k050_a040,2025,af,3.4,3.3999999950598365,4.940163389477448e-09,3.3999999620403947,3.301944184741501e-08,9.99999999707554,486.80906837048536,0.9999999985470107
eu-us-af-row-apac-ch/pf120_k050_a040,2025,row,293.0,54.599998584507354,238.40000141549265,44.9999998004935,9.599998784013856,44.99999999701372,353.42499995781316,0.18634811803586127
eu-us-af-row-apac-ch/pf120_k050_a040,2030,ch,355.93522776900977,350.00000000252857,5.935227766481205,349.99999999576767,6.7608993958856445e-09,349.99999999966735,107.79092380651372,0.9833249779638755
eu-us-af-row-apac-ch/pf120_k050_a040,2030,eu,34.9707918474129,34.9707918470185,3.943938509110012e-10,34.97079183875825,8.26025114974982e-09,89.99999999969408,537.075575958431,0.9999999999887222
eu-us-af-row-apac-ch/pf120_k050_a040,2030,us,67.5427123251224,67.5427123246127,5.097007260701503e-10,64.99999999407422,2.5427123305384782,64.9999999987392,462.4682502944869,0.9999999999924537
eu-us-af-row-apac-ch/pf120_k050_a040,2030,apac,112.77816997458937,85.00000000670279,27.778169967886583,84.99999999768674,9.016048352350481e-09,84.99999999967989,123.64206235822958,0.7536919602956368
eu-us-af-row-apac-ch/pf120_k050_a040,2030,af,5.895465040683616,5.895465040373845,3.097708756172324e-10,5.895465037736267,2.637578155884057e-09,13.999999999765702,565.5522700600433,0.999999999947456
eu-us-af-row-apac-ch/pf120_k050_a040,2030,row,139.64509858604254,130.59103077613133,9.054067809911203,69.99999999737808,60.59103077875325,69.99999999982141,232.9992861956481,0.935163726463822
eu-us-af-row-apac-ch/pf120_k050_a040,2035,ch,337.30897897531,333.00000005639924,4.308978918910782,332.99999998794453,6.845471034466755e-08,332.99999999834097,95.9088333570973,0.9872254247959815
eu-us-af-row-apac-ch/pf120_k050_a040,2035,eu,48.096434239236444,48.09643423656216,2.6742839054350043e-09,48.09643421964604,1.691611828391615e-08,94.99999999858807,439.1357757833563,0.9999999999443975
eu-us-af-row-apac-ch/pf120_k050_a040,2035,us,93.6567724117624,93.6567724075362,4.2262087163180695e-09,69.99999994849676,23.65677245903943,69.99999999661479,353.8253484923834,0.9999999999548755
eu-us-af-row-apac-ch/pf120_k050_a040,2035,apac,120.29259134337275,114.60906992931854,5.683521414054212,102.99999998461709,11.609069944701446,102.99999999827651,110.01520813418914,0.9527525232386863
eu-us-af-row-apac-ch/pf120_k050_a040,2035,af,8.390930055938549,8.3909300533287,2.6098483374425996e-09,8.390930018957173,3.4371527846133176e-08,19.999999998925905,415.53660341536386,0.9999999996889679
eu-us-af-row-apac-ch/pf120_k050_a040,2035,row,137.64044875409928,102.24679330663147,35.39365544746781,78.99999998549674,23.24679332113473,78.99999999903015,207.28506053550882,0.7428542571035922
eu-us-af-row-apac-ch/pf120_k050_a040,2040,ch,335.68340764548026,315.9999997609122,19.683407884568055,315.99999952676137,2.341508320569119e-07,315.9999999789197,86.65125756419116,0.9413631790065836
eu-us-af-row-apac-ch/pf120_k050_a040,2040,eu,61.22211423656428,61.222114210830256,2.5734024688972568e-08,61.22211400817929,2.0265096623006684e-07,98.99999998146558,570.933794224349,0.9999999995796612
eu-us-af-row-apac-ch/pf120_k050_a040,2040,us,97.00407621633819,79.72957254555283,17.274503670785364,74.99999984518504,4.7295727003677825,74.99999997664966,170.22961046876586,0.8219198167274969
eu-us-af-row-apac-ch/pf120_k050_a040,2040,apac,134.71851636792252,126.00000623360232,8.718510134320198,125.99999979508308,6.438519235985041e-06,125.99999997863198,99.41154621456567,0.9352835054202234
eu-us-af-row-apac-ch/pf120_k050_a040,2040,af,10.886395038460991,10.886395018733198,1.9727792732737726e-08,2.3502026613178788e-07,10.886394783712932,27.99999998719221,514.9648437886309,0.9999999981878489
eu-us-af-row-apac-ch/pf120_k050_a040,2040,row,139.16191217486696,139.16191211944144,5.542551662074402e-08,84.27042764405651,54.89148447538493,88.999999986213,397.6682261739325,0.9999999996017193
eu-us-af-row-apac-ch/pf120_k100_a040,2025,ch,931.0,413.599999969489,517.400000030511,323.99999999552807,89.5999999739609,323.9999999995486,163.3239999998332,0.4442534908372599
eu-us-af-row-apac-ch/pf120_k100_a040,2025,eu,22.0,21.9999999975011,2.4989006419673387e-09,21.999999990667924,6.833175802967162e-09,74.99999999973473,364.6782915171564,0.9999999998864136
eu-us-af-row-apac-ch/pf120_k100_a040,2025,us,42.0,2.7717851899418576e-08,41.99999997228215,1.0731972634394326e-08,1.698587926502425e-08,44.9999999993749,306.68106179239237,6.599488547480613e-10
eu-us-af-row-apac-ch/pf120_k100_a040,2025,apac,110.0,109.9999999927143,7.2857062605180545e-09,49.999999993550496,59.9999999991638,49.99999999950989,208.50502713681692,0.9999999999337663
eu-us-af-row-apac-ch/pf120_k100_a040,2025,af,3.4,3.399999999275794,7.242060284795571e-10,3.3999999937368837,5.5389102193714734e-09,9.999999999782844,384.6095849803227,0.9999999997869983
eu-us-af-row-apac-ch/pf120_k100_a040,2025,row,293.0,1.1012453139669476e-08,292.99999998898755,3.2367688930750365e-09,7.77568424659444e-09,44.999999999759545,303.8019976143091,3.758516429921323e-11
eu-us-af-row-apac-ch/pf120_k100_a040,2030,ch,527.1240268236241,468.76741230815054,58.35661451547361,349.9999997945971,118.76741251355344,349.99999998507275,107.7909239191618,0.8892924405910267
eu-us-af-row-apac-ch/pf120_k100_a040,2030,eu,29.615335408673708,29.61533525268589,1.5598781644143855e-07,29.61533496667049,2.8601540336126163e-07,89.99999999178316,252.01088283022884,0.9999999947328702
eu-us-af-row-apac-ch/pf120_k100_a040,2030,us,35.78555515213289,7.996489312160791e-06,35.785547155643584,7.1205196764292395e-06,8.759696357315517e-07,64.99999998393213,211.01947885583326,2.2345578483177965e-07
eu-us-af-row-apac-ch/pf120_k100_a040,2030,apac,169.71726545556027,169.71726525890833,1.966519391771726e-07,84.99999967645354,84.71726558245479,84.99999998501724,155.75266738784194,0.9999999988412968
eu-us-af-row-apac-ch/pf120_k100_a040,2030,af,5.899978455974946,5.899978410250575,4.572437095617943e-08,5.89997818143849,2.288120848348285e-07,13.999999993464815,249.49475652574563,0.9999999922500783
eu-us-af-row-apac-ch/pf120_k100_a040,2030,row,32.862229950745245,7.050335694596226e-07,32.862229245711674,3.110989931466979e-07,3.939345763129247e-07,69.99999999224815,219.036716618082,2.145422177729098e-08
eu-us-af-row-apac-ch/pf120_k100_a040,2035,ch,487.79548662999815,386.7168323350126,101.07865429498554,332.99999997502647,53.71683235998614,332.99999999836297,95.90883300455452,0.79278476930301
eu-us-af-row-apac-ch/pf120_k100_a040,2035,eu,39.65804052656223,39.65804050197768,2.4584551283624023e-08,39.65804045062601,5.135166958325499e-08,94.99999999911736,200.2372016867053,0.9999999993800865
eu-us-af-row-apac-ch/pf120_k100_a040,2035,us,35.78464291873677,35.784642852623996,6.611277569845697e-08,35.78463010864475,1.2743979247886728e-05,69.99999999819245,193.62381847691248,0.9999999981524819
eu-us-af-row-apac-ch/pf120_k100_a040,2035,apac,229.44051888180493,229.4405188651666,1.663832449594338e-08,102.99999991105777,126.44051895410884,102.99999999822155,158.4160409441095,0.999999999927483
eu-us-af-row-apac-ch/pf120_k100_a040,2035,af,8.399965294775093,8.399965290408675,4.366418338008771e-09,8.39996526129505,2.9113625288346157e-08,19.99999999921772,245.25558146863,0.9999999994801861
eu-us-af-row-apac-ch/pf120_k100_a040,2035,row,32.84628533748795,1.4704503603523602e-07,32.84628519044291,8.093953142394844e-08,6.610550461128758e-08,78.99999999912255,200.21628384712872,4.476763034978916e-09
eu-us-af-row-apac-ch/pf120_k100_a040,2040,ch,487.7321209731587,347.0365529154339,140.6955680577248,315.99999989887925,31.03655301655465,315.9999999947725,86.6512572118774,0.7115310597608401
eu-us-af-row-apac-ch/pf120_k100_a040,2040,eu,49.7920432575929,49.79204320396432,5.362858246371616e-08,49.79204294942199,2.545423285482684e-07,98.9999999970644,199.43908023968768,0.9999999989229488
eu-us-af-row-apac-ch/pf120_k100_a040,2040,us,35.88060033908971,35.88060027270305,6.638666150138306e-08,35.88060007770059,1.9500245684866968e-07,74.99999999374126,202.79927714720506,0.9999999981497896
eu-us-af-row-apac-ch/pf120_k100_a040,2040,apac,289.3908026030477,289.39080255397937,4.9068319185607834e-08,125.99999985986359,163.3908026941158,125.99999999415608,148.3463700684181,0.9999999998304427
eu-us-af-row-apac-ch/pf120_k100_a040,2040,af,10.899951914962989,10.899951899553267,1.540972149882691e-08,10.899951748191599,1.5136166808815688e-07,27.999999997520163,224.69888596976816,0.9999999985862579
eu-us-af-row-apac-ch/pf120_k100_a040,2040,row,32.83970330101633,4.9128739307513315e-05,32.83965417227702,4.880724761499441e-05,3.2149169251890694e-07,88.99999999711885,187.0062450174648,1.4960165400152343e-06
