candidate,year,exporter,importer,flow_gw,demand_gw,market_price_usd_per_kw,offer_usd_per_kw,delivered_offer_usd_per_kw,manufacturing_cost_usd_per_kw,shipping_usd_per_kw,operating_margin_usd_per_kw,share_of_market,active,offer_minus_cost_usd_per_kw
ch-af-apac-eu-row-us/pf080_k050_a040,2025,ch,ch,323.99999993649124,323.9999999960554,163.32399999847505,163.0,163.0,163.0,0.0,0.32399999847504546,0.99999999981616,True,0.0
ch-af-apac-eu-row-us/pf080_k050_a040,2025,ch,eu,74.9999956788822,74.99999999794885,290.63871159348855,274.44571161176316,290.56371161176315,163.0,16.118,111.52071159348856,0.9999999424124447,True,111.44571161176316
ch-af-apac-eu-row-us/pf080_k050_a040,2025,ch,us,1.523100452124546e-08,44.99999999210213,397.48715945405235,470.2391410344721,481.37214103447207,163.0,11.133,223.35415945405234,3.384667671981917e-10,False,307.2391410344721
ch-af-apac-eu-row-us/pf080_k050_a040,2025,ch,apac,4.248227819633135e-09,49.99999999605717,187.45799966764878,502.2100328385824,515.9904544174641,163.0,13.78042157888167,10.677578088767108,8.496455639936273e-11,False,339.2100328385824
ch-af-apac-eu-row-us/pf080_k050_a040,2025,ch,af,9.99999960870062,9.99999999840681,316.23822836567723,305.7282286059958,316.2282286059958,163.0,10.5,142.73822836567723,0.9999999610293809,True,142.7282286059958
ch-af-apac-eu-row-us/pf080_k050_a040,2025,ch,row,1.680726235617251e-08,44.99999999779776,351.93627443634364,412.08506775071953,426.6815200603254,163.0,14.59645230960589,174.33982212673774,3.7349471904433415e-10,False,249.08506775071953
ch-af-apac-eu-row-us/pf080_k050_a040,2025,eu,ch,4.0078192214152475e-09,323.9999999960554,163.32399999847505,239.40010612289214,255.51810612289214,299.25,16.118,-152.04400000152495,1.2369812411926054e-11,False,-59.84989387710786
ch-af-apac-eu-row-us/pf080_k050_a040,2025,eu,eu,5.15031246159814e-09,74.99999999794885,290.63871159348855,299.25,299.25,299.25,0.0,-8.611288406511449,6.867083282318659e-11,False,0.0
ch-af-apac-eu-row-us/pf080_k050_a040,2025,eu,us,21.99999996692352,44.99999999210213,397.48715945405235,152.591976718985,171.351976718985,299.25,18.76,79.47715945405234,0.48888888823966004,True,-146.658023281015
ch-af-apac-eu-row-us/pf080_k050_a040,2025,eu,apac,4.2202854342440224e-09,49.99999999605717,187.45799966764878,239.39979909119666,257.5334392944117,299.25,18.13364020321509,-129.92564053556632,8.44057086915364e-11,False,-59.850200908803345
ch-af-apac-eu-row-us/pf080_k050_a040,2025,eu,af,5.126174372261412e-09,9.99999999840681,316.23822836567723,326.2104633225741,336.01046332257414,299.25,9.8,7.1882283656772294,5.126174373078109e-10,False,26.960463322574128
ch-af-apac-eu-row-us/pf080_k050_a040,2025,eu,row,8.919369555602357e-09,44.99999999779776,351.93627443634364,239.42773054143822,247.8640187071009,299.25,8.436288165662685,44.24998627068095,1.982082123564191e-10,False,-59.82226945856178
ch-af-apac-eu-row-us/pf080_k050_a040,2025,us,ch,6.566704245260216e-09,323.9999999960554,163.32399999847505,256.9945496079661,281.7255496079661,321.25,24.731,-182.65700000152495,2.0267605695494333e-11,False,-64.25545039203388
ch-af-apac-eu-row-us/pf080_k050_a040,2025,us,eu,2.3046124563377554e-08,74.99999999794885,290.63871159348855,257.1643882040277,266.5613882040277,321.25,9.397,-40.00828840651145,3.072816608534378e-10,False,-64.08561179597228
ch-af-apac-eu-row-us/pf080_k050_a040,2025,us,us,8.610060569145889e-08,44.99999999210213,397.48715945405235,321.25,321.25,321.25,0.0,76.23715945405235,1.913346793479339e-09,False,0.0
ch-af-apac-eu-row-us/pf080_k050_a040,2025,us,apac,41.999999847302746,49.99999999605717,187.45799966764878,92.76844028471184,107.50609644003553,321.25,14.73765615532369,-148.5296564876749,0.8399999970122944,True,-228.48155971528814
ch-af-apac-eu-row-us/pf080_k050_a040,2025,us,af,7.381169279158768e-09,9.99999999840681,316.23822836567723,393.2376732444499,407.4376732444499,321.25,14.2,-19.21177163432277,7.381169280334728e-10,False,71.98767324444992
ch-af-apac-eu-row-us/pf080_k050_a040,2025,us,row,1.3378582409787821e-08,44.99999999779776,351.93627443634364,353.13960768327456,367.58943264916354,321.25,14.449824965889,16.236449470454637,2.973018313431678e-10,False,31.889607683274562
ch-af-apac-eu-row-us/pf080_k050_a040,2025,apac,ch,3.332098822626212e-08,323.9999999960554,163.32399999847505,189.99150009055515,203.2243930408404,187.45,13.23289295028525,-37.35889295181019,1.0284255625514751e-10,False,2.541500090555161
ch-af-apac-eu-row-us/pf080_k050_a040,2025,apac,eu,4.880179254026865e-07,74.99999999794885,290.63871159348855,276.64200461320695,292.9491781258394,187.45,16.30717351263244,86.88153808085613,6.506905672213775e-09,False,89.19200461320696
ch-af-apac-eu-row-us/pf080_k050_a040,2025,apac,us,19.59999994935766,44.99999999210213,397.48715945405235,383.75747867152563,397.4675594783716,187.45,13.71008080684597,196.32707864720638,0.43555555450661376,True,196.30747867152564
ch-af-apac-eu-row-us/pf080_k050_a040,2025,apac,apac,8.000000122469727,49.99999999605717,187.45799966764878,187.45,187.45,187.45,0.0,0.007999667648789455,0.1600000024620116,True,0.0
ch-af-apac-eu-row-us/pf080_k050_a040,2025,apac,af,3.1514493314961217e-07,9.99999999840681,316.23822836567723,308.80024023859914,321.97285637551846,187.45,13.17261613691931,115.61561222875793,3.1514493319982077e-08,False,121.35024023859916
ch-af-apac-eu-row-us/pf080_k050_a040,2025,apac,row,44.99999910981332,44.99999999779776,351.93627443634364,333.0088597259548,351.8912744425127,187.45,18.88241471655794,145.6038597197857,0.9999999802670124,True,145.5588597259548
ch-af-apac-eu-row-us/pf080_k050_a040,2025,af,ch,5.126778432596339e-09,323.9999999960554,163.32399999847505,144.74402817241352,149.24402817241352,180.93,4.5,-22.10600000152496,1.582339022425542e-11,False,-36.185971827586485
ch-af-apac-eu-row-us/pf080_k050_a040,2025,af,eu,8.348505333782966e-09,74.99999999794885,290.63871159348855,144.74409385911542,150.9440938591154,180.93,6.2,103.50871159348854,1.1131340445348383e-10,False,-36.18590614088458
ch-af-apac-eu-row-us/pf080_k050_a040,2025,af,us,3.3999999653914994,44.99999999210213,397.48715945405235,144.74392813481467,153.24392813481467,180.93,8.5,208.05715945405234,0.07555555479973838,True,-36.18607186518534
ch-af-apac-eu-row-us/pf080_k050_a040,2025,af,apac,5.873524243012657e-09,49.99999999605717,187.45799966764878,144.7440365258891,151.76860865302845,180.93,7.024572127139364,-0.4965724594905927,1.1747048486951647e-10,False,-36.185963474110906
ch-af-apac-eu-row-us/pf080_k050_a040,2025,af,af,5.9927866366858085e-09,9.99999999840681,316.23822836567723,180.93,180.93,180.93,0.0,135.30822836567722,5.992786637640573e-10,False,0.0
ch-af-apac-eu-row-us/pf080_k050_a040,2025,af,row,4.5167452387439345e-09,44.99999999779776,351.93627443634364,144.74384867986038,152.24384867986038,180.93,7.5,163.50627443634363,1.0037211642144396e-10,False,-36.18615132013963
ch-af-apac-eu-row-us/pf080_k050_a040,2025,row,ch,1.0541885559415413e-08,323.9999999960554,163.32399999847505,282.69051519108734,296.8129110955242,353.38,14.12239590443686,-204.17839590596182,3.253668382575234e-11,False,-70.68948480891265
ch-af-apac-eu-row-us/pf080_k050_a040,2025,row,eu,3.794503766179966e-06,74.99999999794885,290.63871159348855,283.0610671318131,291.18470877003836,353.38,8.123641638225255,-70.8649300447367,5.0593383550449875e-08,False,-70.31893286818689
ch-af-apac-eu-row-us/pf080_k050_a040,2025,row,us,9.09783967702928e-09,44.99999999210213,397.48715945405235,529.7457543744703,543.533198060477,353.38,13.78744368600683,30.31971576804552,2.0217421508057835e-10,False,176.36575437447027
ch-af-apac-eu-row-us/pf080_k050_a040,2025,row,apac,1.194266418758975e-08,49.99999999605717,187.45799966764878,282.7067236754876,302.4594379961421,353.38,19.75271432065455,-185.67471465300576,2.3885328377063017e-10,False,-70.67327632451241
ch-af-apac-eu-row-us/pf080_k050_a040,2025,row,af,5.606112653809056e-08,9.99999999840681,316.23822836567723,317.18836942595647,329.68836942595647,353.38,12.5,-49.641771634322765,5.606112654702216e-09,False,-36.19163057404353
ch-af-apac-eu-row-us/pf080_k050_a040,2025,row,row,8.443624854464945e-07,44.99999999779776,351.93627443634364,353.38,353.38,353.38,0.0,-1.4437255636563577,1.8763610788618144e-08,False,0.0
ch-af-apac-eu-row-us/pf080_k050_a040,2030,ch,ch,349.9999999878046,349.999999999108,107.79092381857619,107.44092378697313,107.44092378697313,107.44092378697313,0.0,0.35000003160305937,0.9999999999677045,True,0.0
ch-af-apac-eu-row-us/pf080_k050_a040,2030,ch,eu,1.3657715029755699e-09,89.99999999951089,261.6210509230561,466.8174847107126,482.9354847107126,107.44092378697313,16.118,138.06212713608295,1.5175238922033246e-11,False,359.3765609237395
ch-af-apac-eu-row-us/pf080_k050_a040,2030,ch,us,1.5923325149548121e-09,64.99999999889783,259.42258772799363,446.9934425381942,458.12644253819417,107.44092378697313,11.133,140.84866394102048,2.4497423307412496e-11,False,339.55251875122104
ch-af-apac-eu-row-us/pf080_k050_a040,2030,ch,apac,9.481319327885011e-10,84.99999999917152,140.14706274911487,460.2127035798134,473.9931251586951,107.44092378697313,13.78042157888167,18.925717383260064,1.1154493327032263e-11,False,352.7717797928403
ch-af-apac-eu-row-us/pf080_k050_a040,2030,ch,af,1.4154373773451913e-09,13.999999999596195,261.5250698352833,487.6630091078613,498.1630091078613,107.44092378697313,10.5,143.58414604831017,1.0110266981328693e-10,False,380.22208532088814
ch-af-apac-eu-row-us/pf080_k050_a040,2030,ch,row,1.0696336256654621e-09,69.99999999953936,232.97593868783696,500.09766030298846,514.6941126125944,107.44092378697313,14.59645230960589,110.93856259125793,1.5280480366750015e-11,False,392.6567365160153
ch-af-apac-eu-row-us/pf080_k050_a040,2030,eu,ch,1.6718559751010815e-09,349.999999999108,107.79092381857619,157.79962199078864,173.91762199078863,197.24967143099207,16.118,-105.57674761241587,4.776731357443835e-12,False,-39.45004944020343
ch-af-apac-eu-row-us/pf080_k050_a040,2030,eu,eu,4.4873848135157864e-09,89.99999999951089,261.6210509230561,197.24967143099207,197.24967143099207,197.24967143099207,0.0,64.37137949206402,4.9859831261557485e-11,False,0.0
ch-af-apac-eu-row-us/pf080_k050_a040,2030,eu,us,35.017698025156534,64.99999999889783,259.42258772799363,124.74924347123064,143.50924347123063,197.24967143099207,18.76,43.41291629700156,0.538733815780774,True,-72.50042795976142
ch-af-apac-eu-row-us/pf080_k050_a040,2030,eu,apac,1.988709771330309e-09,84.99999999917152,140.14706274911487,157.80013045690703,175.93377066012212,197.24967143099207,18.13364020321509,-75.2362488850923,2.3396585545290502e-11,False,-39.44954097408504
ch-af-apac-eu-row-us/pf080_k050_a040,2030,eu,af,1.518272633379847e-08,13.999999999596195,261.5250698352833,157.79816241594085,167.59816241594086,197.24967143099207,9.8,54.475398404291255,1.0844804524454562e-09,False,-39.451509015051215
ch-af-apac-eu-row-us/pf080_k050_a040,2030,eu,row,1.7057086178335835e-09,69.99999999953936,232.97593868783696,290.74345207521196,299.17974024087465,197.24967143099207,8.436288165662685,27.289979091182207,2.4367265969211547e-11,False,93.4937806442199
ch-af-apac-eu-row-us/pf080_k050_a040,2030,us,ch,1.8752509140857265e-09,349.999999999108,107.79092381857619,169.2422019296633,193.9732019296633,211.75090040837495,24.731,-128.69097658979877,5.357859754544302e-12,False,-42.508698478711636
ch-af-apac-eu-row-us/pf080_k050_a040,2030,us,eu,63.82646580618561,89.99999999951089,261.6210509230561,163.61132674464386,173.00832674464385,211.75090040837495,9.397,40.473150514681144,0.7091829534059164,True,-48.139573663731085
ch-af-apac-eu-row-us/pf080_k050_a040,2030,us,us,7.105179841047953e-09,64.99999999889783,259.42258772799363,211.75090040837495,211.75090040837495,211.75090040837495,0.0,47.671687319618684,1.0931045909489894e-10,False,0.0
ch-af-apac-eu-row-us/pf080_k050_a040,2030,us,apac,2.394305595301603e-09,84.99999999917152,140.14706274911487,169.29952835380246,184.03718450912615,211.75090040837495,14.73765615532369,-86.34149381458377,2.816830112146988e-11,False,-42.45137205457249
ch-af-apac-eu-row-us/pf080_k050_a040,2030,us,af,2.3353366750810995e-08,13.999999999596195,261.5250698352833,170.1359100191986,184.3359100191986,211.75090040837495,14.2,35.57416942690837,1.6680976251060416e-09,False,-41.61499038917634
ch-af-apac-eu-row-us/pf080_k050_a040,2030,us,row,4.922554115368516e-09,69.99999999953936,232.97593868783696,192.75323197921153,207.20305694510054,211.75090040837495,14.449824965889,6.775213313573012,7.032220164858443e-11,False,-18.99766842916341
ch-af-apac-eu-row-us/pf080_k050_a040,2030,apac,ch,2.353095978230026e-09,349.999999999108,107.79092381857619,223.04009372162977,236.27298667191502,123.55706235501908,13.23289295028525,-28.999031486728143,6.723131366388637e-12,False,99.48303136661069
ch-af-apac-eu-row-us/pf080_k050_a040,2030,apac,eu,20.276255249443018,89.99999999951089,261.6210509230561,228.7886007862043,245.09577429883674,123.55706235501908,16.30717351263244,121.75681505540459,0.22529172499503566,True,105.23153843118523
ch-af-apac-eu-row-us/pf080_k050_a040,2030,apac,us,29.982301868304464,64.99999999889783,259.42258772799363,229.17752423087873,242.8876050377247,123.55706235501908,13.71008080684597,122.1554445661286,0.4612661825971209,True,105.62046187585965
ch-af-apac-eu-row-us/pf080_k050_a040,2030,apac,apac,84.99999998856619,84.99999999917152,140.14706274911487,123.55706235501908,123.55706235501908,123.55706235501908,0.0,16.59000039409578,0.9999999998752314,True,0.0
ch-af-apac-eu-row-us/pf080_k050_a040,2030,apac,af,13.999999930003371,13.999999999596195,261.5250698352833,231.83345333496473,245.00606947188405,123.55706235501908,13.17261613691931,124.79539134334493,0.999999995029084,True,108.27639097994565
ch-af-apac-eu-row-us/pf080_k050_a040,2030,apac,row,23.34749262513511,69.99999999953936,232.97593868783696,197.56517609593277,216.44759081249072,123.55706235501908,18.88241471655794,90.53646161625994,0.33353560893269646,True,74.00811374091369
ch-af-apac-eu-row-us/pf080_k050_a040,2030,af,ch,1.972329094722287e-09,349.999999999108,107.79092381857619,95.41169477181737,99.91169477181737,119.25942540354018,4.5,-15.968501584963988,5.635225984935182e-12,False,-23.84773063172281
ch-af-apac-eu-row-us/pf080_k050_a040,2030,af,eu,5.897278927416021,89.99999999951089,261.6210509230561,95.37383434119945,101.57383434119946,119.25942540354018,6.2,136.16162551951592,0.06552532141608967,True,-23.885591062340723
ch-af-apac-eu-row-us/pf080_k050_a040,2030,af,us,5.795113945229738e-08,64.99999999889783,259.42258772799363,95.4029362761001,103.9029362761001,119.25942540354018,8.5,131.66316232445345,8.915559915889234e-10,False,-23.85648912744007
ch-af-apac-eu-row-us/pf080_k050_a040,2030,af,apac,2.307081040705106e-09,84.99999999917152,140.14706274911487,95.41471113150091,102.43928325864027,119.25942540354018,7.024572127139364,13.863065218435324,2.7142129890912857e-11,False,-23.84471427203927
ch-af-apac-eu-row-us/pf080_k050_a040,2030,af,af,2.872148756227035e-08,13.999999999596195,261.5250698352833,119.25942540354018,119.25942540354018,119.25942540354018,0.0,142.26564443174314,2.051534825935626e-09,False,0.0
ch-af-apac-eu-row-us/pf080_k050_a040,2030,af,row,1.6340988282954836e-09,69.99999999953936,232.97593868783696,95.42534607052659,102.92534607052659,119.25942540354018,7.5,106.21651328429678,2.3344268975803386e-11,False,-23.83407933301359
ch-af-apac-eu-row-us/pf080_k050_a040,2030,row,ch,3.430896394122752e-09,349.999999999108,107.79092381857619,186.62575524426495,200.74815114870182,232.92928618307093,14.12239590443686,-139.2607582689316,9.802561126089989e-12,False,-46.30353093880598
ch-af-apac-eu-row-us/pf080_k050_a040,2030,row,eu,1.061309832115196e-08,89.99999999951089,261.6210509230561,285.1487330255905,293.27237466381575,232.92928618307093,8.123641638225255,20.568123101759905,1.1792331468010708e-10,False,52.219446842519574
ch-af-apac-eu-row-us/pf080_k050_a040,2030,row,us,3.8788181522828246e-08,64.99999999889783,259.42258772799363,252.15182705187723,265.93927073788404,232.92928618307093,13.78744368600683,12.705857858915872,5.967412542074762e-10,False,19.222540868806306
ch-af-apac-eu-row-us/pf080_k050_a040,2030,row,apac,2.9670946221109317e-09,84.99999999917152,140.14706274911487,224.81196231054963,244.56467663120418,232.92928618307093,19.75271432065455,-112.53493775461061,3.490699555458649e-11,False,-8.117323872521297
ch-af-apac-eu-row-us/pf080_k050_a040,2030,row,af,9.198037289864254e-10,13.999999999596195,261.5250698352833,584.9548846351863,597.4548846351863,232.92928618307093,12.5,16.09578365221239,6.570026635806825e-11,False,352.0255984521154
ch-af-apac-eu-row-us/pf080_k050_a040,2030,row,row,46.65250736507224,69.99999999953936,232.97593868783696,232.92928618307093,232.92928618307093,232.92928618307093,0.0,0.04665250476602978,0.6664643909339891,True,0.0
ch-af-apac-eu-row-us/pf080_k050_a040,2035,ch,ch,332.99999941071565,332.9999999777535,95.90883461387698,95.57583300040461,95.57583300040461,95.57583300040461,0.0,0.3330016134723621,0.9999999982971837,True,0.0
ch-af-apac-eu-row-us/pf080_k050_a040,2035,ch,eu,5.354065214180155,94.99999998741745,224.96517326176973,208.84182016485997,224.95982016485996,95.57583300040461,16.118,113.27134026136514,0.05635858120936094,True,113.26598716445535
ch-af-apac-eu-row-us/pf080_k050_a040,2035,ch,us,4.056261517895161e-08,69.999999973701,220.83979154160912,427.1787343834196,438.3117343834196,95.57583300040461,11.133,114.1309585412045,5.794659313455855e-10,False,331.602901383015
ch-af-apac-eu-row-us/pf080_k050_a040,2035,ch,apac,9.823752106586382e-08,102.99999997847303,110.01520870078565,183.66705873528343,197.4474803141651,95.57583300040461,13.78042157888167,0.6589541214993648,9.53762340644616e-10,False,88.09122573487882
ch-af-apac-eu-row-us/pf080_k050_a040,2035,ch,af,11.60544567592202,19.99999998985495,241.83637116366103,231.32476521490452,241.82476521490452,95.57583300040461,10.5,135.7605381632564,0.5802722840904456,True,135.74893221449992
ch-af-apac-eu-row-us/pf080_k050_a040,2035,ch,row,6.25148987759127e-08,78.99999998781936,207.23682711989176,331.3752261939934,345.97167850359926,95.57583300040461,14.59645230960589,97.06454180988125,7.91327832728501e-10,False,235.7993931935888
ch-af-apac-eu-row-us/pf080_k050_a040,2035,eu,ch,4.883885397595026e-08,332.9999999777535,95.90883461387698,140.3734081323463,156.4914081323463,175.4666750022766,16.118,-95.6758403883996,1.4666322516280182e-10,False,-35.09326686993029
ch-af-apac-eu-row-us/pf080_k050_a040,2035,eu,eu,1.2173101068208083e-07,94.99999998741745,224.96517326176973,175.4666750022766,175.4666750022766,175.4666750022766,0.0,49.49849825949315,1.281379059981093e-09,False,0.0
ch-af-apac-eu-row-us/pf080_k050_a040,2035,eu,us,1.4556382818037472e-07,69.999999973701,220.83979154160912,140.3734837699106,159.13348376991058,175.4666750022766,18.76,26.613116539332527,2.079483260500901e-09,False,-35.093191232365996
ch-af-apac-eu-row-us/pf080_k050_a040,2035,eu,apac,5.278688634472675e-08,102.99999997847303,110.01520870078565,140.37351661362283,158.50715681683792,175.4666750022766,18.13364020321509,-83.58510650470603,5.124940422889242e-10,False,-35.09315838865376
ch-af-apac-eu-row-us/pf080_k050_a040,2035,eu,af,8.946565899628319e-08,19.99999998985495,241.83637116366103,213.2355213158545,223.0355213158545,175.4666750022766,9.8,56.56969616138444,4.473282952083243e-09,False,37.76884631357791
ch-af-apac-eu-row-us/pf080_k050_a040,2035,eu,row,48.23316028474272,78.99999998781936,207.23682711989176,84.2547348259335,92.69102299159618,175.4666750022766,8.436288165662685,23.333863951952484,0.6105463328123996,True,-91.21194017634309
ch-af-apac-eu-row-us/pf080_k050_a040,2035,us,ch,6.019852609929685e-08,332.9999999777535,95.90883461387698,151.3405339899825,176.0715339899825,188.3664806833128,24.731,-117.18864606943583,1.807763546646201e-10,False,-37.0259466933303
ch-af-apac-eu-row-us/pf080_k050_a040,2035,us,eu,89.64592803119804,94.99999998741745,224.96517326176973,148.8750706623677,158.2720706623677,188.3664806833128,9.397,27.201692578456935,0.9436413478218048,True,-39.4914100209451
ch-af-apac-eu-row-us/pf080_k050_a040,2035,us,us,2.394692437323559e-07,69.999999973701,220.83979154160912,188.3664806833128,188.3664806833128,188.3664806833128,0.0,32.473310858296315,3.4209891974617784e-09,False,0.0
ch-af-apac-eu-row-us/pf080_k050_a040,2035,us,apac,7.09403528674489e-08,102.99999997847303,110.01520870078565,150.7425132530399,165.4801694083636,188.3664806833128,14.73765615532369,-93.08892813785084,6.887412901191787e-10,False,-37.6239674302729
ch-af-apac-eu-row-us/pf080_k050_a040,2035,us,af,2.927435161165649e-07,19.99999998985495,241.83637116366103,182.39256197452133,196.59256197452132,188.3664806833128,14.2,39.269890480348224,1.463717581325299e-08,False,-5.973918708791473
ch-af-apac-eu-row-us/pf080_k050_a040,2035,us,row,2.054208303190289e-07,78.99999998781936,207.23682711989176,168.2428561103618,182.6926810762508,188.3664806833128,14.449824965889,4.420521470689955,2.6002636753253386e-09,False,-20.123624572951
ch-af-apac-eu-row-us/pf080_k050_a040,2035,apac,ch,2.752530871173483e-07,332.9999999777535,95.90883461387698,114.87039920245218,128.10329215273742,109.9122079504653,13.23289295028525,-27.236266286873573,8.265858472544654e-10,False,4.958191251986875
ch-af-apac-eu-row-us/pf080_k050_a040,2035,apac,eu,1.4482701750478665e-07,94.99999998741745,224.96517326176973,270.5634545466634,286.8706280592959,109.9122079504653,16.30717351263244,98.745791798672,1.5244949213049334e-09,False,160.65124659619812
ch-af-apac-eu-row-us/pf080_k050_a040,2035,apac,us,69.99998698797684,69.999999973701,220.83979154160912,207.05971000485602,220.769790811702,109.9122079504653,13.71008080684597,97.21750278429785,0.9999998144896549,True,97.14750205439071
ch-af-apac-eu-row-us/pf080_k050_a040,2035,apac,apac,102.99999958300812,102.99999997847303,110.01520870078565,109.9122079504653,109.9122079504653,109.9122079504653,0.0,0.10300075032034783,0.9999999961605348,True,0.0
ch-af-apac-eu-row-us/pf080_k050_a040,2035,apac,af,1.3561855222031721e-06,19.99999998985495,241.83637116366103,234.704205373548,247.87682151046732,109.9122079504653,13.17261613691931,118.75154707627641,6.780927614455503e-08,False,124.7919974230827
ch-af-apac-eu-row-us/pf080_k050_a040,2035,apac,row,1.0117836823538215e-07,78.99999998781936,207.23682711989176,273.9496624149279,292.83207713148585,109.9122079504653,18.88241471655794,78.44220445286851,1.28073883862003e-09,False,164.0374544644626
ch-af-apac-eu-row-us/pf080_k050_a040,2035,af,ch,7.310823650977654e-08,332.9999999777535,95.90883461387698,84.87147229470708,89.37147229470708,106.08917463044914,4.5,-14.68034001657216,2.1954425379777968e-10,False,-21.21770233574206
ch-af-apac-eu-row-us/pf080_k050_a040,2035,af,eu,4.488656841085183e-06,94.99999998741745,224.96517326176973,84.86858372742306,91.06858372742306,106.08917463044914,6.2,112.6759986313206,4.724901938610207e-08,False,-21.22059090302608
ch-af-apac-eu-row-us/pf080_k050_a040,2035,af,us,6.957330840696856e-07,69.999999973701,220.83979154160912,84.87171121502794,93.37171121502794,106.08917463044914,8.5,106.25061691115998,9.939044061872466e-09,False,-21.217463415421193
ch-af-apac-eu-row-us/pf080_k050_a040,2035,af,apac,7.538890289561721e-08,102.99999997847303,110.01520870078565,84.87250460044427,91.89707672758364,106.08917463044914,7.024572127139364,-3.098538056802851,7.319310962269269e-10,False,-21.216670030004863
ch-af-apac-eu-row-us/pf080_k050_a040,2035,af,af,8.394552237309652,19.99999998985495,241.83637116366103,106.08917463044914,106.08917463044914,106.08917463044914,0.0,135.74719653321188,0.4197276120783905,True,0.0
ch-af-apac-eu-row-us/pf080_k050_a040,2035,af,row,3.997332320827884e-07,78.99999998781936,207.23682711989176,84.87123363335328,92.37123363335328,106.08917463044914,7.5,93.64765248944262,5.059914330942043e-09,False,-21.21794099709585
ch-af-apac-eu-row-us/pf080_k050_a040,2035,row,ch,1.0963905501741772e-07,332.9999999777535,95.90883461387698,160.34677876471682,174.4691746691537,207.20606052566248,14.12239590443686,-125.41962181622236,3.2924641148571265e-10,False,-46.85928176094566
ch-af-apac-eu-row-us/pf080_k050_a040,2035,row,eu,1.9868243943401417e-06,94.99999998741745,224.96517326176973,217.54644272968346,225.67008436790871,207.20606052566248,8.123641638225255,9.635471097882,2.091394099582413e-08,False,10.340382204020983
ch-af-apac-eu-row-us/pf080_k050_a040,2035,row,us,1.1864395377522631e-05,69.999999973701,220.83979154160912,208.38632436554593,222.17376805155277,207.20606052566248,13.78744368600683,-0.15371267006019274,1.694913625997155e-07,False,1.1802638398834517
ch-af-apac-eu-row-us/pf080_k050_a040,2035,row,apac,9.811121292351168e-08,102.99999997847303,110.01520870078565,177.7163956833833,197.46911000403784,207.20606052566248,19.75271432065455,-116.94356614553138,9.52536048000164e-10,False,-29.489664842279183
ch-af-apac-eu-row-us/pf080_k050_a040,2035,row,af,3.3822857862323483e-07,19.99999998985495,241.83637116366103,254.70838324890428,267.2083832489043,207.20606052566248,12.5,22.130310637998548,1.6911428939740107e-08,False,47.502322723241804
ch-af-apac-eu-row-us/pf080_k050_a040,2035,row,row,30.76683893422931,78.99999998781936,207.23682711989176,207.20606052566248,207.20606052566248,207.20606052566248,0.0,0.03076659422927719,0.3894536574553557,True,0.0
ch-af-apac-eu-row-us/pf080_k050_a040,2040,ch,ch,315.999999963085,315.9999999974896,86.65125722071389,86.33525719941149,86.33525719941149,86.33525719941149,0.0,0.31600002130240057,0.9999999998911245,True,0.0
ch-af-apac-eu-row-us/pf080_k050_a040,2040,ch,eu,6.839386707776495e-09,98.99999999822153,352.63100344050315,495.27826628261295,511.39626628261294,86.33525719941149,16.118,250.17774624109165,6.908471422120565e-11,False,408.94300908320145
ch-af-apac-eu-row-us/pf080_k050_a040,2040,ch,us,7.2131488726534885e-09,74.99999999613371,287.257963044852,420.1019781289898,431.2349781289898,86.33525719941149,11.133,189.78970584544047,9.61753183070044e-11,False,333.7667209295783
ch-af-apac-eu-row-us/pf080_k050_a040,2040,ch,apac,1.620817629258628e-08,125.99999999749194,99.41154579136577,151.84572440384483,165.62614598272648,86.33525719941149,13.78042157888167,-0.7041329869273891,1.2863631978499133e-10,False,65.51046720443334
ch-af-apac-eu-row-us/pf080_k050_a040,2040,ch,af,4.695670136655789e-08,27.99999999868414,307.64736368894205,300.43352331048834,310.93352331048834,86.33525719941149,10.5,210.81210648953055,1.6770250488844508e-09,False,214.09826611107684
ch-af-apac-eu-row-us/pf080_k050_a040,2040,ch,row,3.726406943885248e-09,88.99999999860401,187.26171910250238,462.990049639675,477.5865019492809,86.33525719941149,14.59645230960589,86.330009593485,4.186974094318761e-11,False,376.6547924402635
ch-af-apac-eu-row-us/pf080_k050_a040,2040,eu,ch,4.274469757402475e-09,315.9999999974896,86.65125722071389,126.26839113272166,142.38639113272166,158.50199826333673,16.118,-87.96874104262284,1.3526803029862127e-11,False,-32.23360713061507
ch-af-apac-eu-row-us/pf080_k050_a040,2040,eu,eu,61.3206280011194,98.99999999822153,352.63100344050315,158.50199826333673,158.50199826333673,158.50199826333673,0.0,194.12900517716642,0.619400282850717,True,0.0
ch-af-apac-eu-row-us/pf080_k050_a040,2040,eu,us,1.0783200375341447e-08,74.99999999613371,287.257963044852,167.12643398844926,185.88643398844926,158.50199826333673,18.76,109.99596478151524,1.4377600501196435e-10,False,8.624435725112534
ch-af-apac-eu-row-us/pf080_k050_a040,2040,eu,apac,4.458698706140968e-09,125.99999999749194,99.41154579136577,125.3945858255982,143.5282260288133,158.50199826333673,18.13364020321509,-77.22409267518606,3.538649766848983e-11,False,-33.10741243773853
ch-af-apac-eu-row-us/pf080_k050_a040,2040,eu,af,2.2858470069205616e-08,27.99999999868414,307.64736368894205,141.5042246226001,151.30422462260012,158.50199826333673,9.8,139.3453654256053,8.163739310814232e-10,False,-16.997773640736625
ch-af-apac-eu-row-us/pf080_k050_a040,2040,eu,row,5.571234876119018e-09,88.99999999860401,187.26171910250238,177.3820497108032,185.81833787646588,158.50199826333673,8.436288165662685,20.323432673502968,6.259814467647646e-11,False,18.880051447466457
ch-af-apac-eu-row-us/pf080_k050_a040,2040,us,ch,5.7263646561712065e-09,315.9999999974896,86.65125722071389,137.39952425511837,162.13052425511836,170.1546096644843,24.731,-108.2343524437704,1.812140713992626e-11,False,-32.75508540936593
ch-af-apac-eu-row-us/pf080_k050_a040,2040,us,eu,8.167442746701962e-09,98.99999999822153,352.63100344050315,354.5825287701875,363.97952877018747,170.1546096644843,9.397,173.07939377601886,8.249942168534025e-11,False,184.42791910570318
ch-af-apac-eu-row-us/pf080_k050_a040,2040,us,us,74.99999993468714,74.99999999613371,287.257963044852,170.1546096644843,170.1546096644843,170.1546096644843,0.0,117.10335338036768,0.9999999991807124,True,0.0
ch-af-apac-eu-row-us/pf080_k050_a040,2040,us,apac,6.444667567204919e-09,125.99999999749194,99.41154579136577,137.55906439403947,152.29672054936316,170.1546096644843,14.73765615532369,-85.48072002844222,5.114815529629525e-11,False,-32.59554527044483
ch-af-apac-eu-row-us/pf080_k050_a040,2040,us,af,22.145782099805267,27.99999999868414,307.64736368894205,176.39686457001068,190.59686457001067,170.1546096644843,14.2,123.29275402445775,0.7909207893159289,True,6.24225490552638
ch-af-apac-eu-row-us/pf080_k050_a040,2040,us,row,7.076112495957114e-09,88.99999999860401,187.26171910250238,207.7711574287717,222.2209823946607,170.1546096644843,14.449824965889,2.657284472129085,7.950688197829331e-11,False,37.61654776428739
ch-af-apac-eu-row-us/pf080_k050_a040,2040,apac,ch,4.9565251107568926e-09,315.9999999974896,86.65125722071389,293.1751141079601,306.40800705824535,99.28554577932321,13.23289295028525,-25.867181508894575,1.5685206046823633e-11,False,193.88956832863687
ch-af-apac-eu-row-us/pf080_k050_a040,2040,apac,eu,1.6878804565494074e-08,98.99999999822153,352.63100344050315,398.8423871250121,415.1495606376446,99.28554577932321,16.30717351263244,237.0382841485475,1.7049297541209385e-10,False,299.5568413456889
ch-af-apac-eu-row-us/pf080_k050_a040,2040,apac,us,1.4703820327478743e-08,74.99999999613371,287.257963044852,342.5924024196406,356.3024832264866,99.28554577932321,13.71008080684597,174.26233645868277,1.960509377098231e-10,False,243.3068566403174
ch-af-apac-eu-row-us/pf080_k050_a040,2040,apac,apac,125.99999994976812,125.99999999749194,99.41154579136577,99.28554577932321,99.28554577932321,99.28554577932321,0.0,0.12600001204255307,0.9999999996212395,True,0.0
ch-af-apac-eu-row-us/pf080_k050_a040,2040,apac,af,5.854217802508128,27.99999999868414,307.64736368894205,294.46889379267327,307.6415099295926,99.28554577932321,13.17261613691931,195.1892017726995,0.2090792072422588,True,195.18334801335004
ch-af-apac-eu-row-us/pf080_k050_a040,2040,apac,row,5.724012410605676e-09,88.99999999860401,187.26171910250238,356.70603832218063,375.5884530387386,99.28554577932321,18.88241471655794,69.09375860662124,6.431474618758942e-11,False,257.4204925428574
ch-af-apac-eu-row-us/pf080_k050_a040,2040,af,ch,3.861448947111084e-09,315.9999999974896,86.65125722071389,76.66636344938357,81.16636344938357,95.83213549134676,4.5,-13.680878270632874,1.2219775149182785e-11,False,-19.165772041963194
ch-af-apac-eu-row-us/pf080_k050_a040,2040,af,eu,10.891837018549655,98.99999999822153,352.63100344050315,76.53505175325867,82.73505175325867,95.83213549134676,6.2,250.59886794915639,0.11001855574490223,True,-19.29708373808809
ch-af-apac-eu-row-us/pf080_k050_a040,2040,af,us,1.3963156464593182e-08,74.99999999613371,287.257963044852,76.66710087644813,85.16710087644813,95.83213549134676,8.5,182.9258275535052,1.8617541953750653e-10,False,-19.16503461489863
ch-af-apac-eu-row-us/pf080_k050_a040,2040,af,apac,4.033012176163916e-09,125.99999999749194,99.41154579136577,76.65458293742051,83.67915506455988,95.83213549134676,7.024572127139364,-3.4451618271203577,3.200803314479519e-11,False,-19.177552553926247
ch-af-apac-eu-row-us/pf080_k050_a040,2040,af,af,1.603763845906627e-08,27.99999999868414,307.64736368894205,95.83213549134676,95.83213549134676,95.83213549134676,0.0,211.81522819759527,5.727728021364271e-10,False,0.0
ch-af-apac-eu-row-us/pf080_k050_a040,2040,af,row,6.01746294169979e-09,88.99999999860401,187.26171910250238,76.54472379713357,84.04472379713357,95.83213549134676,7.5,83.92958361115562,6.761194316622669e-11,False,-19.28741169421319
ch-af-apac-eu-row-us/pf080_k050_a040,2040,row,ch,1.5585816558485065e-08,315.9999999974896,86.65125722071389,139.18351828497356,153.30591418941043,187.17271895170572,14.12239590443686,-114.64385763542869,4.9322204299395195e-11,False,-47.98920066673216
ch-af-apac-eu-row-us/pf080_k050_a040,2040,row,eu,26.787534946666835,98.99999999822153,352.63100344050315,344.48057414390354,352.6042157821288,187.17271895170572,8.123641638225255,157.33464285057218,0.2705811610823036,True,157.30785519219782
ch-af-apac-eu-row-us/pf080_k050_a040,2040,row,us,1.4783255087762089e-08,74.99999999613371,287.257963044852,287.4025825617756,301.19002624778244,187.17271895170572,13.78744368600683,86.29780040713943,1.9711006784698898e-10,False,100.22986361006988
ch-af-apac-eu-row-us/pf080_k050_a040,2040,row,apac,1.657927338082177e-08,125.99999999749194,99.41154579136577,141.56752530017582,161.32023962083036,187.17271895170572,19.75271432065455,-107.5138874809945,1.315815347710459e-10,False,-45.6051936515299
ch-af-apac-eu-row-us/pf080_k050_a040,2040,row,af,1.0517933960446872e-08,27.99999999868414,307.64736368894205,389.59767460302453,402.09767460302453,187.17271895170572,12.5,107.97464473723633,3.7564049860504154e-10,False,202.4249556513188
ch-af-apac-eu-row-us/pf080_k050_a040,2040,row,row,88.99999997048877,88.99999999860401,187.26171910250238,187.17271895170572,187.17271895170572,187.17271895170572,0.0,0.08900015079666446,0.9999999996840985,True,0.0
ch-af-apac-eu-row-us/pf080_k100_a030,2025,ch,ch,323.9999998903355,323.99999999641057,163.3239999983336,163.0,163.0,163.0,0.0,0.3239999983335906,0.9999999996726079,True,0.0
ch-af-apac-eu-row-us/pf080_k100_a030,2025,ch,eu,9.194738989465193e-09,74.99999999814361,283.2465316234694,402.47918677619884,418.59718677619884,163.0,16.118,104.12853162346943,1.225965198625704e-10,False,239.47918677619884
ch-af-apac-eu-row-us/pf080_k100_a030,2025,ch,us,37.99999982527849,44.999999995496715,288.8809197058529,277.709919742765,288.842919742765,163.0,11.133,114.74791970585288,0.8444444406462503,True,114.70991974276501
ch-af-apac-eu-row-us/pf080_k100_a030,2025,ch,apac,1.238011463834982e-08,49.99999999632404,198.380290371924,278.1339794200669,291.91440099894857,163.0,13.78042157888167,21.59986879304232,2.476022927851999e-10,False,115.13397942006691
ch-af-apac-eu-row-us/pf080_k100_a030,2025,ch,af,6.600000043554141,9.999999998466869,337.97860697397795,327.47200762467133,337.97200762467133,163.0,10.5,164.47860697397795,0.6600000044566008,True,164.47200762467133
ch-af-apac-eu-row-us/pf080_k100_a030,2025,ch,row,2.999999881748453,44.999999998071154,324.43474895943945,309.83529670556334,324.4317490151692,163.0,14.59645230960589,146.83829664983355,0.06666666404171205,True,146.83529670556334
ch-af-apac-eu-row-us/pf080_k100_a030,2025,eu,ch,9.932202277596914e-09,323.99999999641057,163.3239999983336,239.39769362226735,255.51569362226735,299.25,16.118,-152.0440000016664,3.065494530156465e-11,False,-59.852306377732646
ch-af-apac-eu-row-us/pf080_k100_a030,2025,eu,eu,2.7343832637540652e-08,74.99999999814361,283.2465316234694,299.25,299.25,299.25,0.0,-16.003468376530577,3.6458443517623285e-10,False,0.0
ch-af-apac-eu-row-us/pf080_k100_a030,2025,eu,us,3.827145057663656e-08,44.999999995496715,288.8809197058529,275.8813415357951,294.6413415357951,299.25,18.76,-29.129080294147126,8.504766795659222e-10,False,-23.368658464204884
ch-af-apac-eu-row-us/pf080_k100_a030,2025,eu,apac,21.999999815174093,49.99999999632404,198.380290371924,148.71379323034898,166.84743343356408,299.25,18.13364020321509,-119.0033498312911,0.43999999633583026,True,-150.53620676965102
ch-af-apac-eu-row-us/pf080_k100_a030,2025,eu,af,6.480512848303645e-08,9.999999998466869,337.97860697397795,309.1074705122041,318.9074705122041,299.25,9.8,28.928606973977946,6.480512849297192e-09,False,9.857470512204088
ch-af-apac-eu-row-us/pf080_k100_a030,2025,eu,row,2.385616968909926e-09,44.999999998071154,324.43474895943945,782.3230194678491,790.7593076335118,299.25,8.436288165662685,16.74846079377676,5.301371042249292e-11,False,483.0730194678491
ch-af-apac-eu-row-us/pf080_k100_a030,2025,us,ch,5.74705975527298e-09,323.99999999641057,163.3239999983336,256.99973041347766,281.73073041347766,321.25,24.731,-182.6570000016664,1.7737838751039042e-11,False,-64.25026958652234
ch-af-apac-eu-row-us/pf080_k100_a030,2025,us,eu,5.1879364053284116e-09,74.99999999814361,283.2465316234694,412.5839948892665,421.98099488926647,321.25,9.397,-47.400468376530576,6.917248540609097e-11,False,91.33399488926648
ch-af-apac-eu-row-us/pf080_k100_a030,2025,us,us,9.027670334037709e-09,44.999999995496715,288.8809197058529,321.25,321.25,321.25,0.0,-32.369080294147125,2.006148963320252e-10,False,0.0
ch-af-apac-eu-row-us/pf080_k100_a030,2025,us,apac,6.637121464412018e-09,49.99999999632404,198.380290371924,256.9993694381378,271.7370255934615,321.25,14.73765615532369,-137.6073657833997,1.3274242929799947e-10,False,-64.25063056186218
ch-af-apac-eu-row-us/pf080_k100_a030,2025,us,af,1.1458820620803216e-08,9.999999998466869,337.97860697397795,339.12028061551393,353.3202806155139,321.25,14.2,2.528606973977947,1.1458820622560003e-09,False,17.870280615513934
ch-af-apac-eu-row-us/pf080_k100_a030,2025,us,row,41.999999949980364,44.999999998071154,324.43474895943945,205.44648545925787,219.89631042514688,321.25,14.449824965889,-11.265076006449554,0.9333333322617916,True,-115.80351454074213
ch-af-apac-eu-row-us/pf080_k100_a030,2025,apac,ch,7.570804512370983e-08,323.99999999641057,163.3239999983336,155.55047000827952,168.78336295856477,187.45,13.23289295028525,-37.358892951951646,2.336668059399647e-10,False,-31.89952999172047
ch-af-apac-eu-row-us/pf080_k100_a030,2025,apac,eu,74.99999972026343,74.99999999814361,283.2465316234694,255.9620676987672,272.2692412113997,187.45,16.30717351263244,79.489358110837,0.999999996294931,True,68.51206769876723
ch-af-apac-eu-row-us/pf080_k100_a030,2025,apac,us,6.9999998989587295,44.999999995496715,288.8809197058529,264.2615485572683,277.9716293641143,187.45,13.71008080684597,87.72083889900692,0.1555555533257609,True,76.81154855726834
ch-af-apac-eu-row-us/pf080_k100_a030,2025,apac,apac,28.000000145915667,49.99999999632404,198.380290371924,187.45,187.45,187.45,0.0,10.930290371924002,0.560000002959484,True,0.0
ch-af-apac-eu-row-us/pf080_k100_a030,2025,apac,af,5.364056575534431e-09,9.999999998466869,337.97860697397795,546.915507651607,560.0881237885262,187.45,13.17261613691931,137.35599083705864,5.364056576356811e-10,False,359.46550765160697
ch-af-apac-eu-row-us/pf080_k100_a030,2025,apac,row,3.7073666199430054e-08,44.999999998071154,324.43474895943945,327.36544979130747,346.2478645078654,187.45,18.88241471655794,118.10233424288151,8.238592489115367e-10,False,139.91544979130748
ch-af-apac-eu-row-us/pf080_k100_a030,2025,af,ch,5.090922973055962e-09,323.99999999641057,163.3239999983336,144.74400138834028,149.24400138834028,180.93,4.5,-22.106000001666416,1.571272522565544e-11,False,-36.18599861165973
ch-af-apac-eu-row-us/pf080_k100_a030,2025,af,eu,2.2156377868857503e-08,74.99999999814361,283.2465316234694,144.74410937227643,150.94410937227642,180.93,6.2,96.11653162346941,2.954183715920789e-10,False,-36.18589062772358
ch-af-apac-eu-row-us/pf080_k100_a030,2025,af,us,6.124141109172753e-08,44.999999995496715,288.8809197058529,144.74422405183014,153.24422405183014,180.93,8.5,99.45091970585287,1.3609202466190256e-09,False,-36.18577594816986
ch-af-apac-eu-row-us/pf080_k100_a030,2025,af,apac,5.08456101027476e-09,49.99999999632404,198.380290371924,144.7440250454358,151.76859717257514,180.93,7.024572127139364,10.425718244784619,1.0169122021297145e-10,False,-36.185974954564216
ch-af-apac-eu-row-us/pf080_k100_a030,2025,af,af,3.3999998125787636,9.999999998466869,337.97860697397795,180.93,180.93,180.93,0.0,157.04860697397794,0.3399999813100028,True,0.0
ch-af-apac-eu-row-us/pf080_k100_a030,2025,af,row,8.89986152047539e-08,44.999999998071154,324.43474895943945,182.72518790155576,190.22518790155576,180.93,7.5,136.00474895943944,1.9777470046348592e-09,False,1.7951879015557495
ch-af-apac-eu-row-us/pf080_k100_a030,2025,row,ch,9.596785376623635e-09,323.99999999641057,163.3239999983336,282.7032430671479,296.8256389715848,353.38,14.12239590443686,-204.17839590610328,2.9619707952870224e-11,False,-70.67675693285207
ch-af-apac-eu-row-us/pf080_k100_a030,2025,row,eu,2.139972930762337e-07,74.99999999814361,283.2465316234694,282.7048754788944,290.82851711711965,353.38,8.123641638225255,-78.25711001475582,2.853297241087074e-09,False,-70.6751245211056
ch-af-apac-eu-row-us/pf080_k100_a030,2025,row,us,1.6271895871671907e-07,44.999999995496715,288.8809197058529,282.7035731900359,296.49101687604275,353.38,13.78744368600683,-78.28652398015394,3.6159768607333964e-09,False,-70.67642680996408
ch-af-apac-eu-row-us/pf080_k100_a030,2025,row,apac,1.1132494450096581e-08,49.99999999632404,198.380290371924,282.7044245910632,302.4571389117177,353.38,19.75271432065455,-174.75242394873055,2.2264988901830066e-10,False,-70.67557540893682
ch-af-apac-eu-row-us/pf080_k100_a030,2025,row,af,6.070595524694114e-08,9.999999998466869,337.97860697397795,341.75605862293725,354.25605862293725,353.38,12.5,-27.90139302602205,6.070595525624816e-09,False,-11.62394137706275
ch-af-apac-eu-row-us/pf080_k100_a030,2025,row,row,3.7884443886740445e-08,44.999999998071154,324.43474895943945,353.38,353.38,353.38,0.0,-28.94525104056055,8.418765308525399e-10,False,0.0
ch-af-apac-eu-row-us/pf080_k100_a030,2030,ch,ch,312.1930405891984,349.999999998856,107.75311682988541,107.44092378697313,107.44092378697313,107.44092378697313,0.0,0.3121930429122841,0.8919801159720537,True,0.0
ch-af-apac-eu-row-us/pf080_k100_a030,2030,ch,eu,1.5950781003963977e-08,89.99999999916227,398.00240001948396,419.9409661663314,436.0589661663314,107.44092378697313,16.118,274.4434762325108,1.7723090004569387e-10,False,312.50004237935826
ch-af-apac-eu-row-us/pf080_k100_a030,2030,ch,us,2.9965200314519797e-09,64.99999999836002,306.667105193999,410.606310792679,421.73931079267896,107.44092378697313,11.133,188.09318140702587,4.610030817734743e-11,False,303.16538700570584
ch-af-apac-eu-row-us/pf080_k100_a030,2030,ch,apac,6.904955499770169e-10,84.99999999884771,136.0845674235821,796.5792607344315,810.3596823133132,107.44092378697313,13.78042157888167,14.863222057727286,8.123477058663264e-12,False,689.1383369474584
ch-af-apac-eu-row-us/pf080_k100_a030,2030,ch,af,7.789127117777814e-09,13.999999999419789,369.3991979816169,423.1124376544621,433.6124376544621,107.44092378697313,10.5,251.45827419464376,5.563662227214732e-10,False,315.67151386748895
ch-af-apac-eu-row-us/pf080_k100_a030,2030,ch,row,2.6877084747734252e-09,69.99999999933343,295.05726437741845,435.973301466119,450.56975377572485,107.44092378697313,14.59645230960589,173.0198882808394,3.8395835354271696e-11,False,328.53237767914584
ch-af-apac-eu-row-us/pf080_k100_a030,2030,eu,ch,1.1601894600495764e-09,349.999999998856,107.75311682988541,157.79374234082653,173.91174234082652,197.24967143099207,16.118,-105.61455460110665,3.31482702872391e-12,False,-39.45592909016554
ch-af-apac-eu-row-us/pf080_k100_a030,2030,eu,eu,32.81557204555716,89.99999999916227,398.00240001948396,197.24967143099207,197.24967143099207,197.24967143099207,0.0,200.7527285884919,0.36461746717625126,True,0.0
ch-af-apac-eu-row-us/pf080_k100_a030,2030,eu,us,4.006960467695327e-09,64.99999999836002,306.667105193999,157.95848061587554,176.71848061587554,197.24967143099207,18.76,90.65743376300695,6.164554565840653e-11,False,-39.29119081511652
ch-af-apac-eu-row-us/pf080_k100_a030,2030,eu,apac,1.4010933490553926e-09,84.99999999884771,136.0845674235821,157.80182497088535,175.93546517410044,197.24967143099207,18.13364020321509,-79.29874421062507,1.6483451165581014e-11,False,-39.44784646010672
ch-af-apac-eu-row-us/pf080_k100_a030,2030,eu,af,3.0881567576543303e-09,13.999999999419789,369.3991979816169,226.42244543983324,236.22244543983325,197.24967143099207,9.8,162.34952655062483,2.2058262555587963e-10,False,29.172774008841174
ch-af-apac-eu-row-us/pf080_k100_a030,2030,eu,row,3.8285466131530735e-09,69.99999999933343,295.05726437741845,158.36998164778117,166.80626981344386,197.24967143099207,8.436288165662685,89.3713047807637,5.4693523045564726e-11,False,-38.87968978321089
ch-af-apac-eu-row-us/pf080_k100_a030,2030,us,ch,1.2465666125707462e-09,349.999999998856,107.75311682988541,167.7141196558827,192.4451196558827,211.75090040837495,24.731,-128.72878357848953,3.561618893070916e-12,False,-44.036780752492234
ch-af-apac-eu-row-us/pf080_k100_a030,2030,us,eu,48.954328204467146,89.99999999916227,398.00240001948396,157.6471928882281,167.04419288822808,211.75090040837495,9.397,176.85449961110902,0.5439369800546979,True,-54.103707520146855
ch-af-apac-eu-row-us/pf080_k100_a030,2030,us,us,1.8803836088405296e-09,64.99999999836002,306.667105193999,211.75090040837495,211.75090040837495,211.75090040837495,0.0,94.91620478562407,2.8928978598276497e-11,False,0.0
ch-af-apac-eu-row-us/pf080_k100_a030,2030,us,apac,1.3397191189892523e-09,84.99999999884771,136.0845674235821,173.8451430351481,188.5827991904718,211.75090040837495,14.73765615532369,-90.40398914011655,1.5761401400087223e-11,False,-37.905757373226834
ch-af-apac-eu-row-us/pf080_k100_a030,2030,us,af,2.203836954344896e-09,13.999999999419789,369.3991979816169,169.73528601890075,183.93528601890074,211.75090040837495,14.2,143.44829757324197,1.5741692531687365e-10,False,-42.015614389474194
ch-af-apac-eu-row-us/pf080_k100_a030,2030,us,row,2.183629664183641e-09,69.99999999933343,295.05726437741845,170.52855993616947,184.97838490205848,211.75090040837495,14.449824965889,68.8565390031545,3.1194709488634776e-11,False,-41.222340472205474
ch-af-apac-eu-row-us/pf080_k100_a030,2030,apac,ch,37.806959402496666,349.999999998856,107.75311682988541,82.0399118573449,95.27280480763015,123.55706235501908,13.23289295028525,-29.036838475418918,0.1080198840074864,True,-41.51715049767418
ch-af-apac-eu-row-us/pf080_k100_a030,2030,apac,eu,5.902981958459132e-09,89.99999999916227,398.00240001948396,461.6940418291328,478.00121534176526,123.55706235501908,16.30717351263244,258.1381641518324,6.55886884279342e-11,False,338.13697947411373
ch-af-apac-eu-row-us/pf080_k100_a030,2030,apac,us,30.47349147728275,64.99999999836002,306.667105193999,280.4840458415682,294.19412664841417,123.55706235501908,13.71008080684597,169.39996203213397,0.46882294581617856,True,156.92698348654915
ch-af-apac-eu-row-us/pf080_k100_a030,2030,apac,apac,84.99999999148842,84.99999999884771,136.0845674235821,123.55706235501908,123.55706235501908,123.55706235501908,0.0,12.527505068563002,0.9999999999134201,True,0.0
ch-af-apac-eu-row-us/pf080_k100_a030,2030,apac,af,9.811407556454144e-09,13.999999999419789,369.3991979816169,373.744301268964,386.91691740588334,123.55706235501908,13.17261613691931,232.66951948967852,7.008148254900546e-10,False,250.18723891394495
ch-af-apac-eu-row-us/pf080_k100_a030,2030,apac,row,2.10103220022358e-08,69.99999999933343,295.05726437741845,281.3901722394979,300.2725869560558,123.55706235501908,18.88241471655794,152.61778730584143,3.001474571776553e-10,False,157.8331098844788
ch-af-apac-eu-row-us/pf080_k100_a030,2030,af,ch,1.309013386734169e-09,349.999999998856,107.75311682988541,95.40754037026556,99.90754037026556,119.25942540354018,4.5,-16.006308573654763,3.7400382478241354e-12,False,-23.851885033274613
ch-af-apac-eu-row-us/pf080_k100_a030,2030,af,eu,5.899999986101992,89.99999999916227,398.00240001948396,95.40754121788956,101.60754121788956,119.25942540354018,6.2,272.5429746159438,0.06555555540174345,True,-23.85188418565062
ch-af-apac-eu-row-us/pf080_k100_a030,2030,af,us,1.978315164097238e-09,64.99999999836002,306.667105193999,95.40754064871007,103.90754064871007,119.25942540354018,8.5,178.90767979045884,3.043561790995618e-11,False,-23.85188475483011
ch-af-apac-eu-row-us/pf080_k100_a030,2030,af,apac,1.321445378067012e-09,84.99999999884771,136.0845674235821,95.40754051144243,102.4321126385818,119.25942540354018,7.024572127139364,9.800569892902544,1.5546416212763836e-11,False,-23.851884892097743
ch-af-apac-eu-row-us/pf080_k100_a030,2030,af,af,1.8485938309128262e-10,13.999999999419789,369.3991979816169,119.25942540354018,119.25942540354018,119.25942540354018,0.0,250.13977257807673,1.3204241649924563e-11,False,0.0
ch-af-apac-eu-row-us/pf080_k100_a030,2030,af,row,1.947093450654121e-09,69.99999999933343,295.05726437741845,95.40753865395418,102.90753865395418,119.25942540354018,7.5,168.29783897387827,2.7815620723895176e-11,False,-23.851886749586
ch-af-apac-eu-row-us/pf080_k100_a030,2030,row,ch,3.4452390058871868e-09,349.999999998856,107.75311682988541,163.17854000061243,177.3009359050493,232.92928618307093,14.12239590443686,-139.29856525762239,9.843540016852708e-12,False,-69.7507461824585
ch-af-apac-eu-row-us/pf080_k100_a030,2030,row,eu,2.3300997411822135,89.99999999916227,398.00240001948396,327.8184507885886,335.9420924268139,232.92928618307093,8.123641638225255,156.94947219818778,0.025889997124487803,True,94.88916460551769
ch-af-apac-eu-row-us/pf080_k100_a030,2030,row,us,34.526508510215095,64.99999999836002,306.667105193999,230.78715681586283,244.57460050186967,232.92928618307093,13.78744368600683,59.95037532492126,0.531177054016711,True,-2.142129367208099
ch-af-apac-eu-row-us/pf080_k100_a030,2030,row,apac,2.606555467215701e-09,84.99999999884771,136.0845674235821,227.7020763572015,247.45479067785604,232.92928618307093,19.75271432065455,-116.59743308014339,3.0665358438247486e-11,False,-5.227209825869437
ch-af-apac-eu-row-us/pf080_k100_a030,2030,row,af,13.999999976342398,13.999999999419789,369.3991979816169,294.82721983909283,307.32721983909283,232.92928618307093,12.5,123.96991179854598,0.9999999983516149,True,61.897933656021905
ch-af-apac-eu-row-us/pf080_k100_a030,2030,row,row,69.99999996767613,69.99999999933343,295.05726437741845,232.92928618307093,232.92928618307093,232.92928618307093,0.0,62.12797819434752,0.999999999547753,True,0.0
ch-af-apac-eu-row-us/pf080_k100_a030,2035,ch,ch,332.999999871044,332.9999999882542,95.90883302935895,95.57583300040461,95.57583300040461,95.57583300040461,0.0,0.3330000289543307,0.9999999996480173,True,0.0
ch-af-apac-eu-row-us/pf080_k100_a030,2035,ch,eu,6.058763410587915e-08,94.99999999275146,305.7872902142485,356.2772009545007,372.3952009545007,95.57583300040461,16.118,194.09345721384392,6.377645695842318e-10,False,260.7013679540961
ch-af-apac-eu-row-us/pf080_k100_a030,2035,ch,us,1.2664491025113807e-07,69.99999998061814,328.13734512148613,339.2705424862981,350.4035424862981,95.57583300040461,11.133,221.42851212108152,1.8092130040886282e-09,False,243.6947094858935
ch-af-apac-eu-row-us/pf080_k100_a030,2035,ch,apac,2.788085766792999e-08,102.99999998853708,110.01520797517256,268.0606589520318,281.8410805309135,95.57583300040461,13.78042157888167,0.6589533958862734,2.706879385537171e-10,False,172.48482595162722
ch-af-apac-eu-row-us/pf080_k100_a030,2035,ch,af,1.400002621347419e-07,19.99999999424595,304.4402778869703,302.9750551704397,313.4750551704397,95.57583300040461,10.5,198.3644448865657,7.0000131087510165e-09,False,207.3992221700351
ch-af-apac-eu-row-us/pf080_k100_a030,2035,ch,row,4.8170504777619017e-08,78.99999999289238,297.73894188910174,368.4713505885226,383.0678028981285,95.57583300040461,14.59645230960589,187.56665657909124,6.097532250880115e-10,False,272.895517588118
ch-af-apac-eu-row-us/pf080_k100_a030,2035,eu,ch,2.089956754747859e-08,332.9999999882542,95.90883302935895,140.3741934676864,156.4921934676864,175.4666750022766,16.118,-95.67584197291764,6.276146410875607e-11,False,-35.09248153459018
ch-af-apac-eu-row-us/pf080_k100_a030,2035,eu,eu,1.2450748724061542e-07,94.99999999275146,305.7872902142485,175.4666750022766,175.4666750022766,175.4666750022766,0.0,130.32061521197193,1.310605128948583e-09,False,0.0
ch-af-apac-eu-row-us/pf080_k100_a030,2035,eu,us,43.65216747066603,69.99999998061814,328.13734512148613,140.39609000116187,159.15609000116186,175.4666750022766,18.76,133.91067011920956,0.6236023926107515,True,-35.07058500111472
ch-af-apac-eu-row-us/pf080_k100_a030,2035,eu,apac,2.2543415861764272e-08,102.99999998853708,110.01520797517256,140.37391971343945,158.50755991665454,175.4666750022766,18.13364020321509,-83.58510723031912,2.1886811518711784e-10,False,-35.09275528883714
ch-af-apac-eu-row-us/pf080_k100_a030,2035,eu,af,2.0160897725939006e-07,19.99999999424595,304.4402778869703,140.37282401113032,150.17282401113033,175.4666750022766,9.8,119.17360288469372,1.0080448865869673e-08,False,-35.09385099114627
ch-af-apac-eu-row-us/pf080_k100_a030,2035,eu,row,2.3525357063683772e-07,78.99999999289238,297.73894188910174,140.38473929528072,148.8210274609434,175.4666750022766,8.436288165662685,113.83597872116246,2.977893299468398e-09,False,-35.081935706995864
ch-af-apac-eu-row-us/pf080_k100_a030,2035,us,ch,2.097842556234014e-08,332.9999999882542,95.90883302935895,150.59634461847273,175.32734461847272,188.3664806833128,24.731,-117.18864765395386,6.299827496420452e-11,False,-37.770136064840074
ch-af-apac-eu-row-us/pf080_k100_a030,2035,us,eu,66.95121696571697,94.99999999275146,305.7872902142485,134.44561246666544,143.84261246666543,188.3664806833128,9.397,108.02380953093571,0.7047496523244776,True,-53.920868216647364
ch-af-apac-eu-row-us/pf080_k100_a030,2035,us,us,1.935054837736876e-07,69.99999998061814,328.13734512148613,188.3664806833128,188.3664806833128,188.3664806833128,0.0,139.77086443817333,2.7643640546752304e-09,False,0.0
ch-af-apac-eu-row-us/pf080_k100_a030,2035,us,apac,2.3356423406015668e-08,102.99999998853708,110.01520797517256,150.67194540768688,165.40960156301057,188.3664806833128,14.73765615532369,-93.08892886346393,2.2676139231665064e-10,False,-37.694535275625924
ch-af-apac-eu-row-us/pf080_k100_a030,2035,us,af,1.2496678401357685e-07,19.99999999424595,304.4402778869703,154.42726936710946,168.62726936710945,188.3664806833128,14.2,101.8737972036575,6.248339202476505e-09,False,-33.93921131620334
ch-af-apac-eu-row-us/pf080_k100_a030,2035,us,row,3.659608467047828e-08,78.99999999289238,297.73894188910174,247.85490552366016,262.3047304895492,188.3664806833128,14.449824965889,94.92263623989993,4.6324157814899773e-10,False,59.48842484034736
ch-af-apac-eu-row-us/pf080_k100_a030,2035,apac,ch,2.392988521357122e-08,332.9999999882542,95.90883302935895,285.7041006671696,298.93699361745485,109.9122079504653,13.23289295028525,-27.236267871391604,7.186151716040628e-11,False,175.7918927167043
ch-af-apac-eu-row-us/pf080_k100_a030,2035,apac,eu,19.202490331927095,94.99999999275146,305.7872902142485,289.4609150517759,305.76808856440834,109.9122079504653,16.30717351263244,179.56790875115078,0.20213147719360267,True,179.54870710131058
ch-af-apac-eu-row-us/pf080_k100_a030,2035,apac,us,1.768134803304829e-07,69.99999998061814,328.13734512148613,323.35334040817963,337.0634212150256,109.9122079504653,13.71008080684597,204.51505636417485,2.5259068625634237e-09,False,213.44113245771433
ch-af-apac-eu-row-us/pf080_k100_a030,2035,apac,apac,102.99999987352798,102.99999998853708,110.01520797517256,109.9122079504653,109.9122079504653,109.9122079504653,0.0,0.10300002470725644,0.9999999988834067,True,0.0
ch-af-apac-eu-row-us/pf080_k100_a030,2035,apac,af,2.2309337434847463e-07,19.99999999424595,304.4402778869703,299.3523801569872,312.5249962939065,109.9122079504653,13.17261613691931,181.3554537995857,1.1154668720632957e-08,False,189.44017220652188
ch-af-apac-eu-row-us/pf080_k100_a030,2035,apac,row,2.5559475856704628e-08,78.99999999289238,297.73894188910174,285.3509835702787,304.23339828683663,109.9122079504653,18.88241471655794,168.9443192220785,3.235376691013191e-10,False,175.43877561981338
ch-af-apac-eu-row-us/pf080_k100_a030,2035,af,ch,2.1688645979428107e-08,332.9999999882542,95.90883302935895,84.8713409604412,89.3713409604412,106.08917463044914,4.5,-14.680341601090191,6.513106900958895e-11,False,-21.217833670007934
ch-af-apac-eu-row-us/pf080_k100_a030,2035,af,eu,1.603493204417314e-07,94.99999999275146,305.7872902142485,84.8713003362301,91.07130033623011,106.08917463044914,6.2,193.4981155837994,1.6878875837259594e-09,False,-21.21787429421903
ch-af-apac-eu-row-us/pf080_k100_a030,2035,af,us,8.399999565860787,69.99999998061814,328.13734512148613,84.8713357255774,93.3713357255774,106.08917463044914,8.5,213.548170491037,0.11999999383123729,True,-21.21783890487174
ch-af-apac-eu-row-us/pf080_k100_a030,2035,af,apac,2.2158898245099807e-08,102.99999998853708,110.01520797517256,84.87134013491409,91.89591226205346,106.08917463044914,7.024572127139364,-3.0985387824159423,2.1513493444238718e-10,False,-21.217834495535044
ch-af-apac-eu-row-us/pf080_k100_a030,2035,af,af,9.18599942734756e-08,19.99999999424595,304.4402778869703,106.08917463044914,106.08917463044914,106.08917463044914,0.0,198.35110325652118,4.592999714995198e-09,False,0.0
ch-af-apac-eu-row-us/pf080_k100_a030,2035,af,row,1.0830614869095544e-07,78.99999999289238,297.73894188910174,84.87138101909017,92.37138101909017,106.08917463044914,7.5,184.14976725865262,1.3709639076037939e-09,False,-21.21779361135897
ch-af-apac-eu-row-us/pf080_k100_a030,2035,row,ch,2.971373363436239e-08,332.9999999882542,95.90883302935895,166.30734646139575,180.42974236583262,207.20606052566248,14.12239590443686,-125.41962340074039,8.923043133756899e-11,False,-40.89871406426673
ch-af-apac-eu-row-us/pf080_k100_a030,2035,row,eu,8.846292349662969,94.99999999275146,305.7872902142485,207.20092202982582,215.32456366805107,207.20606052566248,8.123641638225255,90.45758805036078,0.09311886684566258,True,-0.00513849583666115
ch-af-apac-eu-row-us/pf080_k100_a030,2035,row,us,17.947832447127453,69.99999998061814,328.13734512148613,223.87807239484198,237.66551608084882,207.20606052566248,13.78744368600683,107.14384090981683,0.2563976064585274,True,16.6720118691795
ch-af-apac-eu-row-us/pf080_k100_a030,2035,row,apac,1.9069495231305252e-08,102.99999998853708,110.01520797517256,264.332836954006,284.08555127466053,207.20606052566248,19.75271432065455,-116.94356687114447,1.8514073042162625e-10,False,57.126776428343504
ch-af-apac-eu-row-us/pf080_k100_a030,2035,row,af,19.99999921271656,19.99999999424595,304.4402778869703,201.46639673441408,213.96639673441408,207.20606052566248,12.5,84.73421736130783,0.9999999609235305,True,-5.739663791248404
ch-af-apac-eu-row-us/pf080_k100_a030,2035,row,row,78.9999995390066,78.99999999289238,297.73894188910174,207.20606052566248,207.20606052566248,207.20606052566248,0.0,90.53288136343926,0.9999999942546103,True,0.0
ch-af-apac-eu-row-us/pf080_k100_a030,2040,ch,ch,315.99999984666624,315.999999996854,86.65125729243223,86.33525719941149,86.33525719941149,86.33525719941149,0.0,0.3160000930207474,0.9999999995247223,True,0.0
ch-af-apac-eu-row-us/pf080_k100_a030,2040,ch,eu,98.99999955187542,98.99999999831314,166.23306487879043,150.01606479733852,166.1340647973385,86.33525719941149,16.118,63.77980767937895,0.9999999954905281,True,63.68080759792703
ch-af-apac-eu-row-us/pf080_k100_a030,2040,ch,us,7.845164255264211e-08,74.99999999652759,175.26325081275988,180.03112464915637,191.16412464915638,86.33525719941149,11.133,77.7949936133484,1.0460219007503244e-09,False,93.69586744974488
ch-af-apac-eu-row-us/pf080_k100_a030,2040,ch,apac,2.0239810436326514e-08,125.99999999687998,99.41154603776202,151.77445833540196,165.55487991428362,86.33525719941149,13.78042157888167,-0.7041327405311346,1.6063341616529915e-10,False,65.43920113599047
ch-af-apac-eu-row-us/pf080_k100_a030,2040,ch,af,3.943265755153947e-07,27.99999999856123,186.88891478007847,178.50485066860054,189.00485066860054,86.33525719941149,10.5,90.05365758066698,1.4083091983416323e-08,False,92.16959346918905
ch-af-apac-eu-row-us/pf080_k100_a030,2040,ch,row,3.013987844023035e-08,88.99999999829,181.49781368020913,208.64458516946738,223.24103747907327,86.33525719941149,14.59645230960589,80.56610417119175,3.386503195596567e-10,False,122.30932797005589
ch-af-apac-eu-row-us/pf080_k100_a030,2040,eu,ch,1.2096530038750965e-08,315.999999996854,86.65125729243223,126.79680416144822,142.91480416144822,158.50199826333673,16.118,-87.96874097090449,3.8280158350858845e-11,False,-31.70519410188851
ch-af-apac-eu-row-us/pf080_k100_a030,2040,eu,eu,2.7140537902663324e-08,98.99999999831314,166.23306487879043,158.50199826333673,158.50199826333673,158.50199826333673,0.0,7.731066615453699,2.741468475063209e-10,False,0.0
ch-af-apac-eu-row-us/pf080_k100_a030,2040,eu,us,35.50846858602674,74.99999999652759,175.26325081275988,100.90405907738536,119.66405907738536,158.50199826333673,18.76,-1.9987474505768539,0.4734462478356098,True,-57.597939185951375
ch-af-apac-eu-row-us/pf080_k100_a030,2040,eu,apac,1.310079463001472e-08,125.99999999687998,99.41154603776202,126.47058696632882,144.60422716954392,158.50199826333673,18.13364020321509,-77.2240924287898,1.03974560558247e-10,False,-32.03141129700791
ch-af-apac-eu-row-us/pf080_k100_a030,2040,eu,af,1.1249265836769681e-07,27.99999999856123,186.88891478007847,130.7670206727105,140.5670206727105,158.50199826333673,9.8,18.586916516741734,4.0175949419099005e-09,False,-27.734977590626244
ch-af-apac-eu-row-us/pf080_k100_a030,2040,eu,row,1.8849173656052823e-08,88.99999999829,181.49781368020913,185.69156466080557,194.12785282646826,158.50199826333673,8.436288165662685,14.559527251209719,2.1178846804960656e-10,False,27.189566397468838
ch-af-apac-eu-row-us/pf080_k100_a030,2040,us,ch,8.175329829027777e-09,315.999999996854,86.65125729243223,136.0299184242732,160.7609184242732,170.1546096644843,24.731,-108.23435237205206,2.587129692756066e-11,False,-34.12469124021109
ch-af-apac-eu-row-us/pf080_k100_a030,2040,us,eu,5.544781741218057e-09,98.99999999831314,166.23306487879043,308.50007209407397,317.89707209407396,170.1546096644843,9.397,-13.318544785693868,5.600789637689428e-11,False,138.34546242958967
ch-af-apac-eu-row-us/pf080_k100_a030,2040,us,us,1.612197460758685e-08,74.99999999652759,175.26325081275988,170.1546096644843,170.1546096644843,170.1546096644843,0.0,5.108641148275581,2.149596614444437e-10,False,0.0
ch-af-apac-eu-row-us/pf080_k100_a030,2040,us,apac,9.450562643661568e-09,125.99999999687998,99.41154603776202,134.49461849760718,149.23227465293087,170.1546096644843,14.73765615532369,-85.48071978204597,7.500446542774273e-11,False,-35.65999116687712
ch-af-apac-eu-row-us/pf080_k100_a030,2040,us,af,1.2065207047176856e-08,27.99999999856123,186.88891478007847,192.5229363771494,206.72293637714938,170.1546096644843,14.2,2.5343051155941687,4.3090025170702937e-10,False,22.368326712665095
ch-af-apac-eu-row-us/pf080_k100_a030,2040,us,row,52.66974494281348,88.99999999829,181.49781368020913,84.61963539439006,99.06946036027907,170.1546096644843,14.449824965889,-3.1066209501641637,0.5917948870092747,True,-85.53497427009424
ch-af-apac-eu-row-us/pf080_k100_a030,2040,apac,ch,1.0573508908294573e-07,315.999999996854,86.65125729243223,86.56772885392814,99.80062180421339,99.28554577932321,13.23289295028525,-25.867181437176228,3.3460471229113417e-10,False,-12.71781692539507
ch-af-apac-eu-row-us/pf080_k100_a030,2040,apac,eu,1.3691479411247253e-07,98.99999999831314,166.23306487879043,159.65682240109825,175.96399591373068,99.28554577932321,16.30717351263244,50.640345586834776,1.3829777183313677e-09,False,60.37127662177504
ch-af-apac-eu-row-us/pf080_k100_a030,2040,apac,us,39.49153128139469,74.99999999652759,175.26325081275988,161.51367823971253,175.2237590465585,99.28554577932321,13.71008080684597,62.2676242265907,0.5265537504429747,True,62.22813246038932
ch-af-apac-eu-row-us/pf080_k100_a030,2040,apac,apac,125.99999992801573,125.99999999687998,99.41154603776202,99.28554577932321,99.28554577932321,99.28554577932321,0.0,0.12600025843880758,0.9999999994534583,True,0.0
ch-af-apac-eu-row-us/pf080_k100_a030,2040,apac,af,27.999999378328646,27.99999999856123,186.88891478007847,173.688298419249,186.86091455616832,99.28554577932321,13.17261613691931,74.43075286383595,0.9999999778488363,True,74.4027526399258
ch-af-apac-eu-row-us/pf080_k100_a030,2040,apac,row,25.43025500068502,88.99999999829,181.49781368020913,162.58996849812212,181.47238321468006,99.28554577932321,18.88241471655794,63.32985318432798,0.2857332022603778,True,63.304422718798904
ch-af-apac-eu-row-us/pf080_k100_a030,2040,af,ch,1.2753847922514826e-08,315.999999996854,86.65125729243223,76.665713399838,81.165713399838,95.83213549134676,4.5,-13.680878198914527,4.0360278236208225e-11,False,-19.166422091508764
ch-af-apac-eu-row-us/pf080_k100_a030,2040,af,eu,2.1939004092335786e-08,98.99999999831314,166.23306487879043,105.47330473220946,111.67330473220946,95.83213549134676,6.2,64.20092938744367,2.2160610194656166e-10,False,9.641169240862695
ch-af-apac-eu-row-us/pf080_k100_a030,2040,af,us,2.7941321890349658e-08,74.99999999652759,175.26325081275988,76.66567940847384,85.16567940847384,95.83213549134676,8.5,70.93111532141312,3.725509585552441e-10,False,-19.166456082872926
ch-af-apac-eu-row-us/pf080_k100_a030,2040,af,apac,1.3874113742908756e-08,125.99999999687998,99.41154603776202,76.6657092956013,83.69028142274067,95.83213549134676,7.024572127139364,-3.445161580724103,1.1011201383533577e-10,False,-19.16642619574546
ch-af-apac-eu-row-us/pf080_k100_a030,2040,af,af,7.013620983941603e-08,27.99999999856123,186.88891478007847,95.83213549134676,95.83213549134676,95.83213549134676,0.0,91.0567792887317,2.504864637250713e-09,False,0.0
ch-af-apac-eu-row-us/pf080_k100_a030,2040,af,row,10.899999830801217,88.99999999829,181.49781368020913,73.30804868177928,80.80804868177928,95.83213549134676,7.5,78.16567818886237,0.12247190821360275,True,-22.52408680956748
ch-af-apac-eu-row-us/pf080_k100_a030,2040,row,ch,1.1427011940440246e-08,315.999999996854,86.65125729243223,188.27496021921786,202.39735612365473,187.17271895170572,14.12239590443686,-114.64385756371034,3.616143019162661e-11,False,1.1022412675121416
ch-af-apac-eu-row-us/pf080_k100_a030,2040,row,eu,2.5489862011054554e-07,98.99999999831314,166.23306487879043,158.9748092627215,167.09845090094674,187.17271895170572,8.123641638225255,-29.063295711140544,2.5747335365140275e-09,False,-28.197909688984225
ch-af-apac-eu-row-us/pf080_k100_a030,2040,row,us,6.591242080861054e-09,74.99999999652759,175.26325081275988,359.6488960491956,373.43633973520247,187.17271895170572,13.78744368600683,-25.69691182495267,8.788322774888295e-11,False,172.4761770974899
ch-af-apac-eu-row-us/pf080_k100_a030,2040,row,apac,1.2198983660418027e-08,125.99999999687998,99.41154603776202,187.1971919814594,206.94990630211396,187.17271895170572,19.75271432065455,-107.51388723459824,9.68173306406357e-11,False,0.024473029753693254
ch-af-apac-eu-row-us/pf080_k100_a030,2040,row,af,3.121193047824452e-08,27.99999999856123,186.88891478007847,209.9693480115726,222.4693480115726,187.17271895170572,12.5,-12.783804171627253,1.1147118028517264e-09,False,22.796629059866888
ch-af-apac-eu-row-us/pf080_k100_a030,2040,row,row,1.750012449088513e-07,88.99999999829,181.49781368020913,187.17271895170572,187.17271895170572,187.17271895170572,0.0,-5.674905271496584,1.966306122609143e-09,False,0.0
ch-af-apac-eu-row-us/pf080_k100_a040,2025,ch,ch,323.99999999555087,323.9999999997154,163.3239999998965,163.0,163.0,163.0,0.0,0.3239999998965004,0.9999999999871465,True,0.0
ch-af-apac-eu-row-us/pf080_k100_a040,2025,ch,eu,15.000000014454509,74.99999999985255,278.79674479643205,262.6637448029136,278.7817448029136,163.0,16.118,99.67874479643206,0.20000000019311998,True,99.66374480291358
ch-af-apac-eu-row-us/pf080_k100_a040,2025,ch,us,44.9999996955302,44.99999999961369,296.37810463310853,285.20010463517156,296.33310463517154,163.0,11.133,122.24510463310854,0.999999993242589,True,122.20010463517156
ch-af-apac-eu-row-us/pf080_k100_a040,2025,ch,apac,3.5722731571448576e-09,49.999999999611696,271.59531640367084,286.1654640451667,299.94588562404834,163.0,13.78042157888167,94.81489482478916,7.144546314345201e-11,False,123.16546404516669
ch-af-apac-eu-row-us/pf080_k100_a040,2025,ch,af,9.999998405399536,9.999999999867597,358.8068252702912,348.29682527812986,358.79682527812986,163.0,10.5,185.3068252702912,0.9999998405531938,True,185.29682527812986
ch-af-apac-eu-row-us/pf080_k100_a040,2025,ch,row,19.60000138790654,44.9999999998401,330.21861105858505,315.6025587529882,330.1990110625941,163.0,14.59645230960589,152.62215874897916,0.43555558639947084,True,152.60255875298822
ch-af-apac-eu-row-us/pf080_k100_a040,2025,eu,ch,5.433434439216926e-10,323.9999999997154,163.3239999998965,239.39989876562947,255.51789876562947,299.25,16.118,-152.0440000001035,1.6769859380313884e-12,False,-59.85010123437053
ch-af-apac-eu-row-us/pf080_k100_a040,2025,eu,eu,9.567434356125831e-10,74.99999999985255,278.79674479643205,299.25,299.25,299.25,0.0,-20.45325520356795,1.2756579141526188e-11,False,0.0
ch-af-apac-eu-row-us/pf080_k100_a040,2025,eu,us,2.3138568470035837e-09,44.99999999961369,296.37810463310853,239.4004520943402,258.1604520943402,299.25,18.76,-21.631895366891467,5.14190410449655e-11,False,-59.84954790565979
ch-af-apac-eu-row-us/pf080_k100_a040,2025,eu,apac,1.4421363629398467e-09,49.999999999611696,271.59531640367084,239.39992082779648,257.5335610310116,299.25,18.13364020321509,-45.78832379954426,2.8842727259020928e-11,False,-59.85007917220352
ch-af-apac-eu-row-us/pf080_k100_a040,2025,eu,af,7.555737632759253e-10,9.999999999867597,358.8068252702912,397.79369788643,407.59369788643,299.25,9.8,49.7568252702912,7.555737632859293e-11,False,98.54369788642998
ch-af-apac-eu-row-us/pf080_k100_a040,2025,eu,row,21.999999992848,44.9999999998401,330.21861105858505,239.4006859942638,247.83697415992648,299.25,8.436288165662685,22.53232289292237,0.48888888873169273,True,-59.849314005736204
ch-af-apac-eu-row-us/pf080_k100_a040,2025,us,ch,8.69349094504194e-10,323.9999999997154,163.3239999998965,257.01049039300466,281.74149039300465,321.25,24.731,-182.6570000001035,2.683176217607894e-12,False,-64.23950960699534
ch-af-apac-eu-row-us/pf080_k100_a040,2025,us,eu,4.399500698113547e-10,74.99999999985255,278.79674479643205,500.92537904532736,510.32237904532735,321.25,9.397,-51.85025520356795,5.866000930829596e-12,False,179.67537904532736
ch-af-apac-eu-row-us/pf080_k100_a040,2025,us,us,3.984638398739629e-09,44.99999999961369,296.37810463310853,321.25,321.25,321.25,0.0,-24.871895366891465,8.85475199727519e-11,False,0.0
ch-af-apac-eu-row-us/pf080_k100_a040,2025,us,apac,1.8274925354844635e-07,49.999999999611696,271.59531640367084,257.6715293396368,272.40918549496047,321.25,14.73765615532369,-64.39233975165286,3.654985070997312e-09,False,-63.57847066036322
ch-af-apac-eu-row-us/pf080_k100_a040,2025,us,af,2.4793951425955366e-09,9.999999999867597,358.8068252702912,382.4377142463095,396.6377142463095,321.25,14.2,23.3568252702912,2.479395142628364e-10,False,61.1877142463095
ch-af-apac-eu-row-us/pf080_k100_a040,2025,us,row,3.1080958826463827e-10,44.9999999998401,330.21861105858505,644.1832535341189,658.6330785000079,321.25,14.449824965889,-5.481213907303946,6.906879739238726e-12,False,322.9332535341189
ch-af-apac-eu-row-us/pf080_k100_a040,2025,apac,ch,1.3971468686304892e-09,323.9999999997154,163.3239999998965,148.6409693194412,161.87386226972646,187.45,13.23289295028525,-37.358892950388736,4.312181693307767e-12,False,-38.80903068055878
ch-af-apac-eu-row-us/pf080_k100_a040,2025,apac,eu,59.99999997364534,74.99999999985255,278.79674479643205,178.33425487995783,194.64142839259026,187.45,16.30717351263244,75.03957128379963,0.7999999996501773,True,-9.115745120042163
ch-af-apac-eu-row-us/pf080_k100_a040,2025,apac,us,4.677269442530709e-09,44.99999999961369,296.37810463310853,219.71961437546855,233.42969518231453,187.45,13.71008080684597,95.21802382626258,1.0393932094601914e-10,False,32.269614375468564
ch-af-apac-eu-row-us/pf080_k100_a040,2025,apac,apac,49.999999806808994,49.999999999611696,271.59531640367084,187.45,187.45,187.45,0.0,84.14531640367085,0.999999996143946,True,0.0
ch-af-apac-eu-row-us/pf080_k100_a040,2025,apac,af,3.3112879241129367e-09,9.999999999867597,358.8068252702912,287.79867424270617,300.9712903796255,187.45,13.17261613691931,158.1842091333719,3.311287924156779e-10,False,100.34867424270618
ch-af-apac-eu-row-us/pf080_k100_a040,2025,apac,row,2.087993574930195e-07,44.9999999998401,330.21861105858505,227.69415834537728,246.57657306193522,187.45,18.88241471655794,123.88619634202712,4.6399857220835875e-09,False,40.244158345377286
ch-af-apac-eu-row-us/pf080_k100_a040,2025,af,ch,5.986662978453376e-10,323.9999999997154,163.3239999998965,144.74400030539232,149.24400030539232,180.93,4.5,-22.106000000103506,1.8477354871785912e-12,False,-36.18599969460769
ch-af-apac-eu-row-us/pf080_k100_a040,2025,af,eu,1.9886887998757766e-09,74.99999999985255,278.79674479643205,144.74400007114525,150.94400007114524,180.93,6.2,91.66674479643204,2.6515850665062487e-11,False,-36.185999928854756
ch-af-apac-eu-row-us/pf080_k100_a040,2025,af,us,2.712344134022802e-09,44.99999999961369,296.37810463310853,144.7440000770347,153.2440000770347,180.93,8.5,106.94810463310853,6.027431408991303e-11,False,-36.185999922965294
ch-af-apac-eu-row-us/pf080_k100_a040,2025,af,apac,1.7449269114972602e-09,49.999999999611696,271.59531640367084,144.74400001462783,151.76857214176718,180.93,7.024572127139364,83.64074427653146,3.489853823021623e-11,False,-36.18599998537218
ch-af-apac-eu-row-us/pf080_k100_a040,2025,af,af,1.5867892156668071e-06,9.999999999867597,358.8068252702912,180.93,180.93,180.93,0.0,177.8768252702912,1.5867892156878166e-07,False,0.0
ch-af-apac-eu-row-us/pf080_k100_a040,2025,af,row,3.3999984056260413,44.9999999998401,330.21861105858505,144.74400001449962,152.24400001449962,180.93,7.5,141.78861105858505,0.07555552012529161,True,-36.18599998550039
ch-af-apac-eu-row-us/pf080_k100_a040,2025,row,ch,7.560105060353731e-10,323.9999999997154,163.3239999998965,282.67383879293175,296.7962346973686,353.38,14.12239590443686,-204.17839590454037,2.333365759370485e-12,False,-70.70616120706825
ch-af-apac-eu-row-us/pf080_k100_a040,2025,row,eu,8.367319299159325e-09,74.99999999985255,278.79674479643205,282.71864485677713,290.8422864950024,353.38,8.123641638225255,-82.7068968417932,1.1156425732234367e-10,False,-70.66135514322286
ch-af-apac-eu-row-us/pf080_k100_a040,2025,row,us,2.903953996830365e-07,44.99999999961369,296.37810463310853,282.9454581270439,296.7329018130507,353.38,13.78744368600683,-70.78933905289828,6.453231104122877e-09,False,-70.43454187295612
ch-af-apac-eu-row-us/pf080_k100_a040,2025,row,apac,3.2941192395454565e-09,49.999999999611696,271.59531640367084,282.7090800203216,302.46179434097616,353.38,19.75271432065455,-101.5373979169837,6.588238479142078e-11,False,-70.67091997967839
ch-af-apac-eu-row-us/pf080_k100_a040,2025,row,af,1.1325892997300654e-09,9.999999999867597,358.8068252702912,432.0818421268243,444.5818421268243,353.38,12.5,-7.073174729708796,1.1325892997450612e-10,False,78.70184212682432
ch-af-apac-eu-row-us/pf080_k100_a040,2025,row,row,4.349346380187958e-09,44.9999999998401,330.21861105858505,353.38,353.38,353.38,0.0,-23.16138894141494,9.665214178229806e-11,False,0.0
ch-af-apac-eu-row-us/pf080_k100_a040,2030,ch,ch,349.9999999947742,349.99999999970714,118.0004645941576,107.44092378697313,107.44092378697313,107.44092378697313,0.0,10.559540807184476,0.9999999999859059,True,0.0
ch-af-apac-eu-row-us/pf080_k100_a040,2030,ch,eu,89.99999996779195,89.9999999998399,227.93469835565378,201.51715754941378,217.63515754941378,107.44092378697313,16.118,104.37577456868065,0.9999999996439116,True,94.07623376244065
ch-af-apac-eu-row-us/pf080_k100_a040,2030,ch,us,1.9504044770114406e-09,64.99999999965787,211.78116314506016,257.78476613177344,268.9177661317734,107.44092378697313,11.133,93.20723935808704,3.000622272341087e-11,False,150.3438423448003
ch-af-apac-eu-row-us/pf080_k100_a040,2030,ch,apac,1.0418837074544926e-09,84.99999999970953,123.64206235755931,219.2210344015267,233.00145598040837,107.44092378697313,13.78042157888167,2.420716991704511,1.2257455381859447e-11,False,111.78011061455358
ch-af-apac-eu-row-us/pf080_k100_a040,2030,ch,af,8.099999994901486,13.999999999850395,348.45052917119943,327.7328883796107,338.2328883796107,107.44092378697313,10.5,230.5096053842263,0.5785714282134317,True,220.29196459263756
ch-af-apac-eu-row-us/pf080_k100_a040,2030,ch,row,62.570770445994334,69.99999999983925,232.93671538905423,208.0681515037541,222.66460381336,107.44092378697313,14.59645230960589,110.8993392924752,0.8938681492305433,True,100.62722771678098
ch-af-apac-eu-row-us/pf080_k100_a040,2030,eu,ch,7.340422532327137e-10,349.99999999970714,118.0004645941576,157.75306604261934,173.87106604261933,197.24967143099207,16.118,-95.36720683683446,2.0972635806666512e-12,False,-39.49660538837273
ch-af-apac-eu-row-us/pf080_k100_a040,2030,eu,eu,1.5849508498548993e-09,89.9999999998399,227.93469835565378,197.24967143099207,197.24967143099207,197.24967143099207,0.0,30.685026924661713,1.7610564998419097e-11,False,0.0
ch-af-apac-eu-row-us/pf080_k100_a040,2030,eu,us,34.737263636021225,64.99999999965787,211.78116314506016,92.14549400367544,110.90549400367544,197.24967143099207,18.76,-4.228508285931905,0.5344194405569856,True,-105.10417742731663
ch-af-apac-eu-row-us/pf080_k100_a040,2030,eu,apac,7.691599055499488e-10,84.99999999970953,123.64206235755931,157.7775917523673,175.9112319555824,197.24967143099207,18.13364020321509,-91.74124927664785,9.048940065324438e-12,False,-39.472079678624766
ch-af-apac-eu-row-us/pf080_k100_a040,2030,eu,af,9.739351022451961e-09,13.999999999850395,348.45052917119943,247.18130249570692,256.9813024957069,197.24967143099207,9.8,141.40085774020736,6.956679301825741e-10,False,49.93163106471485
ch-af-apac-eu-row-us/pf080_k100_a040,2030,eu,row,3.1120436435400506e-09,69.99999999983925,232.93671538905423,157.98343412822462,166.4197222938873,197.24967143099207,8.436288165662685,27.250755792399477,4.4457766336388535e-11,False,-39.26623730276745
ch-af-apac-eu-row-us/pf080_k100_a040,2030,us,ch,1.4722302914609367e-09,349.99999999970714,118.0004645941576,169.40413105505763,194.13513105505763,211.75090040837495,24.731,-118.48143581421735,4.206372261320482e-12,False,-42.34676935331731
ch-af-apac-eu-row-us/pf080_k100_a040,2030,us,eu,2.1937622064225647e-08,89.9999999998399,227.93469835565378,220.29821903849137,229.69521903849136,211.75090040837495,9.397,6.786797947278833,2.4375135626960747e-10,False,8.547318630116422
ch-af-apac-eu-row-us/pf080_k100_a040,2030,us,us,30.262736358744043,64.99999999965787,211.78116314506016,211.75090040837495,211.75090040837495,211.75090040837495,0.0,0.030262736685216396,0.46558055936774356,True,0.0
ch-af-apac-eu-row-us/pf080_k100_a040,2030,us,apac,1.508841847156421e-09,84.99999999970953,123.64206235755931,186.48276335660108,201.22041951192477,211.75090040837495,14.73765615532369,-102.84649420613933,1.7751080554842085e-11,False,-25.268137051773863
ch-af-apac-eu-row-us/pf080_k100_a040,2030,us,af,2.124710915261123e-09,13.999999999850395,348.45052917119943,385.02551155252615,399.22551155252614,211.75090040837495,14.2,122.49962876282449,1.5176506537741627e-10,False,173.2746111441512
ch-af-apac-eu-row-us/pf080_k100_a040,2030,us,row,3.649787980194242e-09,69.99999999983925,232.93671538905423,247.57387232234458,262.02369728823356,211.75090040837495,14.449824965889,6.735990014790282,5.213982828860891e-11,False,35.82297191396964
ch-af-apac-eu-row-us/pf080_k100_a040,2030,apac,ch,7.945276132845112e-10,349.99999999970714,118.0004645941576,250.42493467809842,263.6578276283837,123.55706235501908,13.23289295028525,-18.789490711146726,2.270078895100503e-12,False,126.86787232307934
ch-af-apac-eu-row-us/pf080_k100_a040,2030,apac,eu,5.339879185810581e-10,89.9999999998399,227.93469835565378,429.8237696002497,446.13094311288216,123.55706235501908,16.30717351263244,88.07046248800225,5.933199095355644e-12,False,306.26670724523063
ch-af-apac-eu-row-us/pf080_k100_a040,2030,apac,us,7.964592813685647e-10,64.99999999965787,211.78116314506016,348.27000509924073,361.9800859060867,123.55706235501908,13.71008080684597,74.51401998319511,1.2253219713427029e-11,False,224.71294274422166
ch-af-apac-eu-row-us/pf080_k100_a040,2030,apac,apac,84.99999999437392,84.99999999970953,123.64206235755931,123.55706235501908,123.55706235501908,123.55706235501908,0.0,0.08500000254022666,0.9999999999372281,True,0.0
ch-af-apac-eu-row-us/pf080_k100_a040,2030,apac,af,8.926549111366368e-09,13.999999999850395,348.45052917119943,346.0895859224272,359.2622020593465,123.55706235501908,13.17261613691931,211.72085067926105,6.37610650818697e-10,False,222.53252356740813
ch-af-apac-eu-row-us/pf080_k100_a040,2030,apac,row,1.0250458178298289e-09,69.99999999983925,232.93671538905423,325.72247247131565,344.6048871878736,123.55706235501908,18.88241471655794,90.49723831747721,1.4643511683316897e-11,False,202.16541011629658
ch-af-apac-eu-row-us/pf080_k100_a040,2030,af,ch,5.489952677819825e-10,349.99999999970714,118.0004645941576,95.40576118025292,99.90576118025292,119.25942540354018,4.5,-5.758960809382572,1.5685579079498339e-12,False,-23.853664223287254
ch-af-apac-eu-row-us/pf080_k100_a040,2030,af,eu,1.0755942193638385e-09,89.9999999998399,227.93469835565378,96.47940259566752,102.67940259566753,119.25942540354018,6.2,102.4752729521136,1.1951046881841687e-11,False,-22.780022807872655
ch-af-apac-eu-row-us/pf080_k100_a040,2030,af,us,9.846206466116286e-10,64.99999999965787,211.78116314506016,94.38074230129929,102.88074230129929,119.25942540354018,8.5,84.02173774151998,1.5148009947950942e-11,False,-24.878683102240885
ch-af-apac-eu-row-us/pf080_k100_a040,2030,af,apac,5.692403710399105e-10,84.99999999970953,123.64206235755931,95.48746641331944,102.5120385404588,119.25942540354018,7.024572127139364,-2.6419351731202303,6.696945541668891e-12,False,-23.77195899022074
ch-af-apac-eu-row-us/pf080_k100_a040,2030,af,af,5.899999983800919,13.999999999850395,348.45052917119943,119.25942540354018,119.25942540354018,119.25942540354018,0.0,229.19110376765926,0.4214285702759976,True,0.0
ch-af-apac-eu-row-us/pf080_k100_a040,2030,af,row,1.1212337513625754e-09,69.99999999983925,232.93671538905423,95.4191679200043,102.9191679200043,119.25942540354018,7.5,106.17728998551405,1.6017625019502146e-11,False,-23.84025748353588
ch-af-apac-eu-row-us/pf080_k100_a040,2030,row,ch,1.383088850890304e-09,349.99999999970714,118.0004645941576,186.3773154252488,200.49971132968568,232.92928618307093,14.12239590443686,-129.05121749335018,3.951682431118461e-12,False,-46.55197075782212
ch-af-apac-eu-row-us/pf080_k100_a040,2030,row,eu,6.915801472532469e-09,89.9999999998399,227.93469835565378,235.01581258629352,243.13945422451877,232.92928618307093,8.123641638225255,-13.118229465642404,7.684223858383079e-11,False,2.0865264032225923
ch-af-apac-eu-row-us/pf080_k100_a040,2030,row,us,1.1611250737926722e-09,64.99999999965787,211.78116314506016,301.8402068739208,315.62765055992764,232.92928618307093,13.78744368600683,-34.9355667240176,1.7863462673827442e-11,False,68.91092069084988
ch-af-apac-eu-row-us/pf080_k100_a040,2030,row,apac,1.4464792444616336e-09,84.99999999970953,123.64206235755931,186.34486949251178,206.09758381316632,232.92928618307093,19.75271432065455,-129.03993814616618,1.7017402876077374e-11,False,-46.58441669055915
ch-af-apac-eu-row-us/pf080_k100_a040,2030,row,af,3.573787855880953e-10,13.999999999850395,348.45052917119943,662.5330379944342,675.0330379944342,232.92928618307093,12.5,103.0212429881285,2.552705611370816e-11,False,429.6037518113632
ch-af-apac-eu-row-us/pf080_k100_a040,2030,row,row,7.429229544936793,69.99999999983925,232.93671538905423,232.92928618307093,232.92928618307093,232.92928618307093,0.0,0.00742920598329988,0.10613185064219792,True,0.0
ch-af-apac-eu-row-us/pf080_k100_a040,2035,ch,ch,332.999999829444,332.9999999865327,95.9088331358815,95.57583300040461,95.57583300040461,95.57583300040461,0.0,0.3330001354768797,0.9999999995282621,True,0.0
ch-af-apac-eu-row-us/pf080_k100_a040,2035,ch,eu,4.961411184768305e-08,94.99999999153916,309.1418342682287,415.94191004520167,432.05991004520166,95.57583300040461,16.118,197.4480012678241,5.222538089694921e-10,False,320.36607704479707
ch-af-apac-eu-row-us/pf080_k100_a040,2035,ch,us,3.949346122563428e-08,69.99999998169288,298.6300820021368,403.158391570472,414.291391570472,95.57583300040461,11.133,191.9212490017322,5.641923033709002e-10,False,307.5825585700674
ch-af-apac-eu-row-us/pf080_k100_a040,2035,ch,apac,1.732201568920662e-08,102.99999998673309,110.01520804149172,420.3605445301132,434.14096610899486,95.57583300040461,13.78042157888167,0.6589534622054334,1.6817490962560955e-10,False,324.7847115297086
ch-af-apac-eu-row-us/pf080_k100_a040,2035,ch,af,8.069743335949004e-08,19.9999999937661,369.04252356215886,413.1954073569799,423.6954073569799,95.57583300040461,10.5,262.96669056175426,4.034871669232152e-09,False,317.6195743565753
ch-af-apac-eu-row-us/pf080_k100_a040,2035,ch,row,2.2479978213867097e-08,78.99999999298635,207.2850609488596,420.2027261124498,434.79917842205566,95.57583300040461,14.59645230960589,97.1127756388491,2.8455668627674533e-10,False,324.6268931120452
ch-af-apac-eu-row-us/pf080_k100_a040,2035,eu,ch,1.8237315189199808e-08,332.9999999865327,95.9088331358815,140.37404732413205,156.49204732413205,175.4666750022766,16.118,-95.67584186639509,5.4766712282094196e-11,False,-35.09262767814454
ch-af-apac-eu-row-us/pf080_k100_a040,2035,eu,eu,8.506988480164692e-08,94.99999999153916,309.1418342682287,175.4666750022766,175.4666750022766,175.4666750022766,0.0,133.67515926595212,8.954724716760355e-10,False,0.0
ch-af-apac-eu-row-us/pf080_k100_a040,2035,eu,us,48.00654073311968,69.99999998169288,298.6300820021368,84.63873330572386,103.39873330572387,175.4666750022766,18.76,104.40340699986022,0.6858077249382121,True,-90.82794169655273
ch-af-apac-eu-row-us/pf080_k100_a040,2035,eu,apac,2.0609749891533626e-08,102.99999998673309,110.01520804149172,140.37463499471136,158.50827519792645,175.4666750022766,18.13364020321509,-83.58510716399996,2.0009465916687636e-10,False,-35.09204000756523
ch-af-apac-eu-row-us/pf080_k100_a040,2035,eu,af,4.037072395410152e-07,19.9999999937661,369.04252356215886,188.12346874762414,197.92346874762416,175.4666750022766,9.8,183.77584855988226,2.0185361983342437e-08,False,12.656793745347557
ch-af-apac-eu-row-us/pf080_k100_a040,2035,eu,row,2.499778266695553e-08,78.99999999298635,207.2850609488596,161.1778889204194,169.6141770860821,175.4666750022766,8.436288165662685,23.382097780920336,3.164276287237322e-10,False,-14.288786081857182
ch-af-apac-eu-row-us/pf080_k100_a040,2035,us,ch,2.0992199966039102e-08,332.9999999865327,95.9088331358815,113.90847644815508,138.63947644815508,188.3664806833128,24.731,-117.18864754743132,6.303963954020443e-11,False,-74.45800423515772
ch-af-apac-eu-row-us/pf080_k100_a040,2035,us,eu,87.94041566644171,94.99999999153916,309.1418342682287,118.43840511170973,127.83540511170973,188.3664806833128,9.397,111.3783535849159,0.9256885860449875,True,-69.92807557160307
ch-af-apac-eu-row-us/pf080_k100_a040,2035,us,us,2.1879004147730608e-08,69.99999998169288,298.6300820021368,188.3664806833128,188.3664806833128,188.3664806833128,0.0,110.26360131882402,3.125572021921804e-10,False,0.0
ch-af-apac-eu-row-us/pf080_k100_a040,2035,us,apac,1.9573761964333425e-08,102.99999998673309,110.01520804149172,165.09437302289768,179.83202917822138,188.3664806833128,14.73765615532369,-93.08892879714477,1.900365239500449e-10,False,-23.272107660415116
ch-af-apac-eu-row-us/pf080_k100_a040,2035,us,af,1.4004730328997771e-08,19.9999999937661,369.04252356215886,357.8367100197558,372.0367100197558,188.3664806833128,14.2,166.47604287884607,7.002365166681488e-10,False,169.470229336443
ch-af-apac-eu-row-us/pf080_k100_a040,2035,us,row,2.4959207966885613e-08,78.99999999298635,207.2850609488596,173.03351088159246,187.48333584748147,188.3664806833128,14.449824965889,4.468755299657808,3.1593934138103165e-10,False,-15.332969801720338
ch-af-apac-eu-row-us/pf080_k100_a040,2035,apac,ch,4.588964178636136e-08,332.9999999865327,95.9088331358815,187.77360955881485,201.0065025091001,109.9122079504653,13.23289295028525,-27.236267764869055,1.3780673209674848e-10,False,77.86140160834955
ch-af-apac-eu-row-us/pf080_k100_a040,2035,apac,eu,9.714305670556405e-08,94.99999999153916,309.1418342682287,359.0905733983412,375.39774691097364,109.9122079504653,16.30717351263244,182.92245280513097,1.022558491728587e-09,False,249.17836544787588
ch-af-apac-eu-row-us/pf080_k100_a040,2035,apac,us,6.936298881837514e-08,69.99999998169288,298.6300820021368,336.50188246716095,350.2119632740069,109.9122079504653,13.71008080684597,175.00779324482554,9.908998405216524e-10,False,226.58967451669565
ch-af-apac-eu-row-us/pf080_k100_a040,2035,apac,apac,102.99999986981706,102.99999998673309,110.01520804149172,109.9122079504653,109.9122079504653,109.9122079504653,0.0,0.10300009102641638,0.999999998864893,True,0.0
ch-af-apac-eu-row-us/pf080_k100_a040,2035,apac,af,3.8313816291896026e-08,19.9999999937661,369.04252356215886,452.1839581969863,465.3565743339056,109.9122079504653,13.17261613691931,245.95769947477424,1.9156908151919126e-09,False,342.271750246521
ch-af-apac-eu-row-us/pf080_k100_a040,2035,apac,row,2.7810605668698693e-08,78.99999999298635,207.2850609488596,350.57551706490665,369.4579317814646,109.9122079504653,18.88241471655794,78.49043828183636,3.520329831793384e-10,False,240.66330911444135
ch-af-apac-eu-row-us/pf080_k100_a040,2035,af,ch,4.581852311100144e-09,332.9999999865327,95.9088331358815,84.8713397456884,89.3713397456884,106.08917463044914,4.5,-14.680341494567642,1.3759316250106439e-11,False,-21.217834884760734
ch-af-apac-eu-row-us/pf080_k100_a040,2035,af,eu,1.7239055056010457e-07,94.99999999153916,309.1418342682287,84.87130923133046,91.07130923133046,106.08917463044914,6.2,196.8526596377796,1.8146373744785044e-09,False,-21.21786539911868
ch-af-apac-eu-row-us/pf080_k100_a040,2035,af,us,7.139872995499251e-08,69.99999998169288,298.6300820021368,84.87133876057288,93.37133876057288,106.08917463044914,8.5,184.0409073716877,1.019981856766649e-09,False,-21.217835869876254
ch-af-apac-eu-row-us/pf080_k100_a040,2035,af,apac,1.2880563765144973e-08,102.99999998673309,110.01520804149172,84.87138375195218,91.89595587909155,106.08917463044914,7.024572127139364,-3.0985387160967823,1.250540171534374e-10,False,-21.217790878496956
ch-af-apac-eu-row-us/pf080_k100_a040,2035,af,af,8.39999971309088,19.9999999937661,369.04252356215886,106.08917463044914,106.08917463044914,106.08917463044914,0.0,262.95334893170974,0.4199999857854559,True,0.0
ch-af-apac-eu-row-us/pf080_k100_a040,2035,af,row,6.800918200908763e-09,78.99999999298635,207.2850609488596,84.8713327826563,92.3713327826563,106.08917463044914,7.5,93.69588631841047,8.608757217104495e-11,False,-21.21784184779284
ch-af-apac-eu-row-us/pf080_k100_a040,2035,row,ch,6.738770714265782e-08,332.9999999865327,95.9088331358815,164.00180429933874,178.12420020377562,207.20606052566248,14.12239590443686,-125.41962329421784,2.0236548692307247e-10,False,-43.204256226323736
ch-af-apac-eu-row-us/pf080_k100_a040,2035,row,eu,7.059583920879848,94.99999999153916,309.1418342682287,301.01113297778966,309.1347746160149,207.20606052566248,8.123641638225255,93.81213210434098,0.07431140970009037,True,93.80507245212718
ch-af-apac-eu-row-us/pf080_k100_a040,2035,row,us,21.993459046439014,69.99999998169288,298.6300820021368,284.82064472316983,298.6080884091767,207.20606052566248,13.78744368600683,77.63657779046751,0.3141922721741567,True,77.61458419750736
ch-af-apac-eu-row-us/pf080_k100_a040,2035,row,apac,4.652991990429365e-08,102.99999998673309,110.01520804149172,207.96821931944356,227.7209336400981,207.20606052566248,19.75271432065455,-116.94356680482531,4.517467952455042e-10,False,0.762158793781083
ch-af-apac-eu-row-us/pf080_k100_a040,2035,row,af,11.599999743951999,19.9999999937661,369.04252356215886,356.53092330593125,369.03092330593125,207.20606052566248,12.5,149.33646303649638,0.5799999873783831,True,149.32486278026877
ch-af-apac-eu-row-us/pf080_k100_a040,2035,row,row,78.99999988593784,78.99999999298635,207.2850609488596,207.20606052566248,207.20606052566248,207.20606052566248,0.0,0.07900042319712952,0.9999999986449556,True,0.0
ch-af-apac-eu-row-us/pf080_k100_a040,2040,ch,ch,315.9999999961181,315.99999999965183,86.65125720299432,86.33525719941149,86.33525719941149,86.33525719941149,0.0,0.316000003582829,0.9999999999888173,True,0.0
ch-af-apac-eu-row-us/pf080_k100_a040,2040,ch,eu,4.915494057296702e-10,98.99999999969552,479.3122539686869,494.3522206359406,510.4702206359406,86.33525719941149,16.118,376.8589967692754,4.965145512436182e-12,False,408.0169634365291
ch-af-apac-eu-row-us/pf080_k100_a040,2040,ch,us,2.618865213299415e-09,74.99999999924391,357.3726143765716,402.1776086250787,413.31060862507866,86.33525719941149,11.133,259.90435717716014,3.491820284434422e-11,False,315.8423514256672
ch-af-apac-eu-row-us/pf080_k100_a040,2040,ch,apac,4.878800133063779e-10,125.99999999966026,99.41154578486878,390.1648190523755,403.94524063125715,86.33525719941149,13.78042157888167,-0.7041329934243787,3.8720635976801066e-12,False,303.829561852964
ch-af-apac-eu-row-us/pf080_k100_a040,2040,ch,af,1.5647219313558545,27.999999999732257,542.9205286613095,532.4189640337083,542.9189640337083,86.33525719941149,10.5,446.085271461898,0.05588292612038631,True,446.08370683429683
ch-af-apac-eu-row-us/pf080_k100_a040,2040,ch,row,1.6527306885673585e-09,88.99999999977403,314.50042848231817,394.70166628333595,409.2981185929418,86.33525719941149,14.59645230960589,213.56871897330078,1.8570007736759042e-11,False,308.36640908392445
ch-af-apac-eu-row-us/pf080_k100_a040,2040,eu,ch,4.056209139399482e-10,315.99999999965183,86.65125720299432,126.99188884641649,143.10988884641648,158.50199826333673,16.118,-87.96874106034241,1.283610487153149e-12,False,-31.510109416920244
ch-af-apac-eu-row-us/pf080_k100_a040,2040,eu,eu,60.95245205262021,98.99999999969552,479.3122539686869,158.50199826333673,158.50199826333673,158.50199826333673,0.0,320.8102557053502,0.6156813338667442,True,0.0
ch-af-apac-eu-row-us/pf080_k100_a040,2040,eu,us,1.007255732907726e-09,74.99999999924391,357.3726143765716,175.74460150372968,194.50460150372967,158.50199826333673,18.76,180.1106161132349,1.3430076438905071e-11,False,17.242603240392953
ch-af-apac-eu-row-us/pf080_k100_a040,2040,eu,apac,4.1564816545964685e-10,125.99999999966026,99.41154578486878,126.98500194768258,145.11864215089767,158.50199826333673,18.13364020321509,-77.22409268168305,3.298794963974346e-12,False,-31.516996315654154
ch-af-apac-eu-row-us/pf080_k100_a040,2040,eu,af,5.800681656373394e-10,27.999999999732257,542.9205286613095,461.1632580871214,470.9632580871214,158.50199826333673,9.8,374.61853039797273,2.071672020153165e-11,False,302.6612598237847
ch-af-apac-eu-row-us/pf080_k100_a040,2040,eu,row,7.12277784267682e-10,88.99999999977403,314.50042848231817,200.2968021177966,208.7330902834593,158.50199826333673,8.436288165662685,147.56214205331875,8.003121171567308e-12,False,41.79480385445987
ch-af-apac-eu-row-us/pf080_k100_a040,2040,us,ch,5.731936382086395e-10,315.99999999965183,86.65125720299432,142.41083119470343,167.14183119470343,170.1546096644843,24.731,-108.23435246148998,1.8139039183837692e-12,False,-27.743778469780864
ch-af-apac-eu-row-us/pf080_k100_a040,2040,us,eu,1.5578005159376961e-09,98.99999999969552,479.3122539686869,377.11229447982896,386.50929447982895,170.1546096644843,9.397,299.7606443042026,1.573535874689381e-11,False,206.95768481534466
ch-af-apac-eu-row-us/pf080_k100_a040,2040,us,us,67.41995591595902,74.99999999924391,357.3726143765716,170.1546096644843,170.1546096644843,170.1546096644843,0.0,187.21800471208732,0.8989327455551827,True,0.0
ch-af-apac-eu-row-us/pf080_k100_a040,2040,us,apac,6.695871570274132e-10,125.99999999966026,99.41154578486878,129.89020782700874,144.62786398233243,170.1546096644843,14.73765615532369,-85.48072003493921,5.314183785946179e-12,False,-40.26440183747556
ch-af-apac-eu-row-us/pf080_k100_a040,2040,us,af,15.53527809059199,27.999999999732257,542.9205286613095,341.55440864158766,355.75440864158764,170.1546096644843,14.2,358.56591899682525,0.5548313603835908,True,171.39979897710336
ch-af-apac-eu-row-us/pf080_k100_a040,2040,us,row,2.108963591398041e-09,88.99999999977403,314.50042848231817,175.52583945434247,189.97566442023148,170.1546096644843,14.449824965889,129.89599385194487,2.369622012812804e-11,False,5.371229789858177
ch-af-apac-eu-row-us/pf080_k100_a040,2040,apac,ch,1.521966139470212e-09,315.99999999965183,86.65125720299432,168.76568078105828,181.99857373134353,99.28554577932321,13.23289295028525,-25.867181526614146,4.81634854263256e-12,False,69.48013500173506
ch-af-apac-eu-row-us/pf080_k100_a040,2040,apac,eu,6.490049199323331e-10,98.99999999969552,479.3122539686869,690.3155458776725,706.622719390305,99.28554577932321,16.30717351263244,363.7195346767312,6.5556052518619115e-12,False,591.0300000983493
ch-af-apac-eu-row-us/pf080_k100_a040,2040,apac,us,1.2649898131872503e-09,74.99999999924391,357.3726143765716,468.035327659779,481.74540846662495,99.28554577932321,13.71008080684597,244.3769877904024,1.6866530842666706e-11,False,368.74978188045577
ch-af-apac-eu-row-us/pf080_k100_a040,2040,apac,apac,125.99999999700628,125.99999999966026,99.41154578486878,99.28554577932321,99.28554577932321,99.28554577932321,0.0,0.12600000554556345,0.9999999999789367,True,0.0
ch-af-apac-eu-row-us/pf080_k100_a040,2040,apac,af,1.118433152567703e-09,27.999999999732257,542.9205286613095,667.9152008858094,681.0878170227287,99.28554577932321,13.17261613691931,430.46236674506696,3.994404116351421e-11,False,568.6296551064862
ch-af-apac-eu-row-us/pf080_k100_a040,2040,apac,row,5.164599099147829e-10,88.99999999977403,314.50042848231817,578.9552440192957,597.8376587358537,99.28554577932321,18.88241471655794,196.332467986437,5.80292033613589e-12,False,479.6696982399725
ch-af-apac-eu-row-us/pf080_k100_a040,2040,af,ch,2.8306675808263755e-10,315.99999999965183,86.65125720299432,76.6643308273103,81.1643308273103,95.83213549134676,4.5,-13.680878288352446,8.957808800093336e-13,False,-19.167804664036467
ch-af-apac-eu-row-us/pf080_k100_a040,2040,af,eu,5.565637115876556e-09,98.99999999969552,479.3122539686869,77.09761676720026,83.29761676720027,95.83213549134676,6.2,377.2801184773401,5.621855672619872e-11,False,-18.734518724146497
ch-af-apac-eu-row-us/pf080_k100_a040,2040,af,us,8.472280452983032e-10,74.99999999924391,357.3726143765716,76.668535724983,85.168535724983,95.83213549134676,8.5,253.04047888522484,1.1296373937424591e-11,False,-19.16359976636376
ch-af-apac-eu-row-us/pf080_k100_a040,2040,af,apac,3.026182083295059e-10,125.99999999966026,99.41154578486878,77.34341687078853,84.3679889979279,95.83213549134676,7.024572127139364,-3.4451618336173473,2.4017318121454113e-12,False,-18.48871862055823
ch-af-apac-eu-row-us/pf080_k100_a040,2040,af,af,10.899999971887924,27.999999999732257,542.9205286613095,95.83213549134676,95.83213549134676,95.83213549134676,0.0,447.0883931699627,0.38928571328543404,True,0.0
ch-af-apac-eu-row-us/pf080_k100_a040,2040,af,row,6.475251697533656e-10,88.99999999977403,314.50042848231817,76.89502475087019,84.39502475087019,95.83213549134676,7.5,211.1682929909714,7.2755637051124676e-12,False,-18.93711074047657
ch-af-apac-eu-row-us/pf080_k100_a040,2040,row,ch,7.49937842344692e-10,315.99999999965183,86.65125720299432,150.17046479910675,164.29286070354362,187.17271895170572,14.12239590443686,-114.64385765314826,2.373221020080754e-12,False,-37.002254152598965
ch-af-apac-eu-row-us/pf080_k100_a040,2040,row,eu,38.04754793881132,98.99999999969552,479.3122539686869,343.9118552541642,352.03549689238946,187.17271895170572,8.123641638225255,284.01589337875595,0.3843186660497812,True,156.7391363024585
ch-af-apac-eu-row-us/pf080_k100_a040,2040,row,us,7.58004407754655,74.99999999924391,357.3726143765716,216.33888113356755,230.1263248195744,187.17271895170572,13.78744368600683,156.41245173885906,0.1010672543683062,True,29.166162181861836
ch-af-apac-eu-row-us/pf080_k100_a040,2040,row,apac,7.782560651060609e-10,125.99999999966026,99.41154578486878,144.710042981244,164.46275730189853,187.17271895170572,19.75271432065455,-107.51388748749149,6.176635437366344e-12,False,-42.46267597046173
ch-af-apac-eu-row-us/pf080_k100_a040,2040,row,af,4.197988283142585e-09,27.999999999732257,542.9205286613095,432.2542374444913,444.7542374444913,187.17271895170572,12.5,343.24780970960376,1.499281529708117e-10,False,245.0815184927856
ch-af-apac-eu-row-us/pf080_k100_a040,2040,row,row,88.99999999413608,88.99999999977403,314.50042848231817,187.17271895170572,187.17271895170572,187.17271895170572,0.0,127.32770953061245,0.9999999999366521,True,0.0
ch-af-apac-eu-row-us/pf100_k050_a040,2025,ch,ch,323.9999999751501,323.9999999974166,163.32399999936524,163.0,163.0,163.0,0.0,0.3239999993652418,0.9999999999312763,True,0.0
ch-af-apac-eu-row-us/pf100_k050_a040,2025,ch,eu,17.59999849375165,74.99999999833663,432.2830678681722,416.1474678942569,432.2654678942569,163.0,16.118,253.16506786817223,0.2346666465885598,True,253.14746789425692
ch-af-apac-eu-row-us/pf100_k050_a040,2025,ch,us,44.99999857948226,44.99999999669223,306.812855649632,295.63485566649007,306.76785566649005,163.0,11.133,132.679855649632,0.999999968506445,True,132.63485566649007
ch-af-apac-eu-row-us/pf100_k050_a040,2025,ch,apac,7.453514971563257e-09,49.99999999753948,187.4999999806151,270.71952887929467,284.49995045817633,163.0,13.78042157888167,10.719578401733417,1.4907029943860095e-10,False,107.71952887929467
ch-af-apac-eu-row-us/pf100_k050_a040,2025,ch,af,1.8213075441766814e-08,9.999999998645226,470.506125613717,504.5267351569223,515.0267351569223,163.0,10.5,297.006125613717,1.8213075444234275e-09,False,341.5267351569223
ch-af-apac-eu-row-us/pf100_k050_a040,2025,ch,row,44.99999979688428,44.99999999863621,329.5622043352002,314.9207520515496,329.51720436115545,163.0,14.59645230960589,151.9657520255943,0.9999999955166238,True,151.92075205154958
ch-af-apac-eu-row-us/pf100_k050_a040,2025,eu,ch,3.257826389514211e-09,323.9999999974166,163.32399999936524,299.25012630850836,315.36812630850835,299.25,16.118,-152.04400000063475,1.0055019720803047e-11,False,0.00012630850835648744
ch-af-apac-eu-row-us/pf100_k050_a040,2025,eu,eu,15.400001007284152,74.99999999833663,432.2830678681722,299.25,299.25,299.25,0.0,133.03306786817222,0.2053333467683426,True,0.0
ch-af-apac-eu-row-us/pf100_k050_a040,2025,eu,us,5.870887072097275e-09,44.99999999669223,306.812855649632,299.24996733294074,318.00996733294073,299.25,18.76,-11.197144350367989,1.3046415716730712e-10,False,-3.266705925852875e-05
ch-af-apac-eu-row-us/pf100_k050_a040,2025,eu,apac,3.4342422106751432e-09,49.99999999753948,187.4999999806151,299.2501211366816,317.3837613398967,299.25,18.13364020321509,-129.8836402226,6.868484421688287e-11,False,0.00012113668162783142
ch-af-apac-eu-row-us/pf100_k050_a040,2025,eu,af,6.599998966965211,9.999999998645226,470.506125613717,327.6818577408754,337.4818577408754,299.25,9.8,161.456125613717,0.6599998967859362,True,28.431857740875387
ch-af-apac-eu-row-us/pf100_k050_a040,2025,eu,row,6.6065745677166644e-09,44.99999999863621,329.5622043352002,299.24997778419447,307.68626594985716,299.25,8.436288165662685,21.875916169537508,1.468127681759308e-10,False,-2.2215805529413046e-05
ch-af-apac-eu-row-us/pf100_k050_a040,2025,us,ch,2.4691341164298123e-09,323.9999999974166,163.32399999936524,321.2502043927386,345.9812043927386,321.25,24.731,-182.65700000063475,7.620784310029322e-12,False,0.00020439273862393748
ch-af-apac-eu-row-us/pf100_k050_a040,2025,us,eu,41.999999975364986,74.99999999833663,432.2830678681722,237.1350251345114,246.5320251345114,321.25,9.397,101.63606786817222,0.559999999683953,True,-84.11497486548859
ch-af-apac-eu-row-us/pf100_k050_a040,2025,us,us,3.798967538176834e-09,44.99999999669223,306.812855649632,321.25,321.25,321.25,0.0,-14.437144350367987,8.442150085457957e-11,False,0.0
ch-af-apac-eu-row-us/pf100_k050_a040,2025,us,apac,2.4633597861217188e-09,49.99999999753948,187.4999999806151,321.250185393332,335.9878415486557,321.25,14.73765615532369,-148.4876561747086,4.9267195724858834e-11,False,0.00018539333200351393
ch-af-apac-eu-row-us/pf100_k050_a040,2025,us,af,7.202785452376675e-09,9.999999998645226,470.506125613717,405.36360691113634,419.56360691113633,321.25,14.2,135.05612561371703,7.202785453352489e-10,False,84.11360691113634
ch-af-apac-eu-row-us/pf100_k050_a040,2025,us,row,4.030722482656171e-09,44.99999999863621,329.5622043352002,321.2501399013288,335.6999648672178,321.25,14.449824965889,-6.137620630688808,8.957161072840727e-11,False,0.0001399013287937123
ch-af-apac-eu-row-us/pf100_k050_a040,2025,apac,ch,9.751757602468562e-09,323.9999999974166,163.32399999936524,236.72771577213445,249.9606087224197,187.45,13.23289295028525,-37.358892950919994,3.0098017291809627e-11,False,49.27771577213446
ch-af-apac-eu-row-us/pf100_k050_a040,2025,apac,eu,4.4012636044685016e-07,74.99999999833663,432.2830678681722,418.79082150031263,435.0979950129451,187.45,16.30717351263244,228.5258943555398,5.868351472754818e-09,False,231.34082150031264
ch-af-apac-eu-row-us/pf100_k050_a040,2025,apac,us,1.3887263174710155e-06,44.99999999669223,306.812855649632,294.16378978252845,307.8738705893744,187.45,13.71008080684597,105.65277484278606,3.086058483495767e-08,False,106.71378978252847
ch-af-apac-eu-row-us/pf100_k050_a040,2025,apac,apac,49.99999997635879,49.99999999753948,187.4999999806151,187.45,187.45,187.45,0.0,0.04999998061509814,0.9999999995763861,True,0.0
ch-af-apac-eu-row-us/pf100_k050_a040,2025,apac,af,2.468124317092023e-09,9.999999998645226,470.506125613717,827.2241196493799,840.3967357862991,187.45,13.17261613691931,269.8835094767977,2.468124317426398e-10,False,639.7741196493798
ch-af-apac-eu-row-us/pf100_k050_a040,2025,apac,row,1.5071997676301655e-07,44.99999999863621,329.5622043352002,317.23859002665034,336.1210047432083,187.45,18.88241471655794,123.22978961864226,3.3493328170574297e-09,False,129.78859002665035
ch-af-apac-eu-row-us/pf100_k050_a040,2025,af,ch,2.5492815538159692e-09,323.9999999974166,163.32399999936524,180.92998750451986,185.42998750451986,180.93,4.5,-22.106000000634765,7.868152943939186e-12,False,-1.2495480149254945e-05
ch-af-apac-eu-row-us/pf100_k050_a040,2025,af,eu,6.68294956559319e-09,74.99999999833663,432.2830678681722,180.92935572182412,187.1293557218241,180.93,6.2,245.15306786817223,8.910599420988541e-11,False,-0.0006442781758835281
ch-af-apac-eu-row-us/pf100_k050_a040,2025,af,us,4.832084135295672e-09,44.99999999669223,306.812855649632,180.9312410040032,189.4312410040032,180.93,8.5,117.382855649632,1.0737964745890798e-10,False,0.0012410040031909375
ch-af-apac-eu-row-us/pf100_k050_a040,2025,af,apac,3.4357504361098603e-09,49.99999999753948,187.4999999806151,180.9307050398224,187.95527716696176,180.93,7.024572127139364,-0.454572146524284,6.87150087255787e-11,False,0.0007050398224066612
ch-af-apac-eu-row-us/pf100_k050_a040,2025,af,af,3.399999974871134,9.999999998645226,470.506125613717,180.93,180.93,180.93,0.0,289.576125613717,0.3399999975331757,True,0.0
ch-af-apac-eu-row-us/pf100_k050_a040,2025,af,row,5.2112359589874615e-09,44.99999999863621,329.5622043352002,180.93203147129248,188.43203147129248,180.93,7.5,141.13220433520019,1.1580524353656434e-10,False,0.002031471292468723
ch-af-apac-eu-row-us/pf100_k050_a040,2025,row,ch,4.238397730358181e-09,323.9999999974166,163.32399999936524,353.3801044709526,367.50250037538945,353.38,14.12239590443686,-204.17839590507162,1.3081474476518444e-11,False,0.00010447095257859473
ch-af-apac-eu-row-us/pf100_k050_a040,2025,row,eu,7.512651936203171e-08,74.99999999833663,432.2830678681722,436.9081802602228,445.0318218984481,353.38,8.123641638225255,70.77942622994698,1.0016869248493052e-09,False,83.52818026022283
ch-af-apac-eu-row-us/pf100_k050_a040,2025,row,us,1.3981700923923803e-08,44.99999999669223,306.812855649632,353.37984379856744,367.1672874845743,353.38,13.78744368600683,-60.354588036374814,3.107044649989232e-10,False,-0.0001562014325600103
ch-af-apac-eu-row-us/pf100_k050_a040,2025,row,apac,4.393838056857782e-09,49.99999999753948,187.4999999806151,353.3799744399807,373.13268876063523,353.38,19.75271432065455,-185.63271434003946,8.787676114148009e-11,False,-2.5560019309978088e-05
ch-af-apac-eu-row-us/pf100_k050_a040,2025,row,af,1.0289248980745814e-06,9.999999998645226,470.506125613717,458.97520745630396,471.47520745630396,353.38,12.5,104.62612561371702,1.0289248982139774e-07,False,105.59520745630397
ch-af-apac-eu-row-us/pf100_k050_a040,2025,row,row,3.51834206648834e-08,44.99999999863621,329.5622043352002,353.38,353.38,353.38,0.0,-23.817795664799803,7.818537925766596e-10,False,0.0
ch-af-apac-eu-row-us/pf100_k050_a040,2030,ch,ch,349.99999993797815,349.99999999578733,107.7909238177376,107.44092378697313,107.44092378697313,107.44092378697313,0.0,0.35000003076447683,0.9999999998348309,True,0.0
ch-af-apac-eu-row-us/pf100_k050_a040,2030,ch,eu,1.9574432793969075e-08,89.99999999765184,231.44805808853425,301.28828675817044,317.40628675817044,107.44092378697313,16.118,107.88913430156113,2.1749369771644206e-10,False,193.8473629711973
ch-af-apac-eu-row-us/pf100_k050_a040,2030,ch,us,5.35942244034619e-08,64.99999999493947,217.6804304537107,238.23921773837128,249.3722177383713,107.44092378697313,11.133,99.10650666673757,8.245265293482221e-10,False,130.79829395139814
ch-af-apac-eu-row-us/pf100_k050_a040,2030,ch,apac,3.9882079559078526e-08,84.99999999535102,165.03144166829185,192.70360994548406,206.48403152436572,107.44092378697313,13.78042157888167,43.810096302437046,4.692009360148216e-10,False,85.26268615851093
ch-af-apac-eu-row-us/pf100_k050_a040,2030,ch,af,4.424323120194383e-07,13.999999997969203,306.1296631986603,298.88800876474835,309.38800876474835,107.44092378697313,10.5,188.18873941168715,3.160230800597258e-08,False,191.4470849777752
ch-af-apac-eu-row-us/pf100_k050_a040,2030,ch,row,43.856530664505534,69.99999999769697,219.84952841139653,205.209219570646,219.8056718802519,107.44092378697313,14.59645230960589,97.81215231481751,0.6265218666564062,True,97.76829578367288
ch-af-apac-eu-row-us/pf100_k050_a040,2030,eu,ch,1.2146250587160409e-08,349.99999999578733,107.7909238177376,197.24892928848163,213.36692928848163,197.24967143099207,16.118,-105.57674761325445,3.4703573106590295e-11,False,-0.0007421425104325863
ch-af-apac-eu-row-us/pf100_k050_a040,2030,eu,eu,26.954754084613363,89.99999999765184,231.44805808853425,197.24967143099207,197.24967143099207,197.24967143099207,0.0,34.19838665754219,0.29949726761462925,True,0.0
ch-af-apac-eu-row-us/pf100_k050_a040,2030,eu,us,3.910667621939659e-08,64.99999999493947,217.6804304537107,209.32182460570982,228.0818246057098,197.24967143099207,18.76,1.6707590227186309,6.016411726529418e-10,False,12.072153174717755
ch-af-apac-eu-row-us/pf100_k050_a040,2030,eu,apac,1.9618918314796227e-08,84.99999999535102,165.03144166829185,197.2467151796791,215.38035538289418,197.24967143099207,18.13364020321509,-50.35186996591531,2.3081080371610898e-10,False,-0.0029562513129803847
ch-af-apac-eu-row-us/pf100_k050_a040,2030,eu,af,8.104534358016286,13.999999997969203,306.1296631986603,262.1501269829414,271.9501269829414,197.24967143099207,9.8,99.07999176766823,0.5788953113708504,True,64.90045555194934
ch-af-apac-eu-row-us/pf100_k050_a040,2030,eu,row,8.056696475702102e-08,69.99999999769697,219.84952841139653,198.01433172665867,206.45061989232136,197.24967143099207,8.436288165662685,14.163568814741783,1.1509566394238814e-09,False,0.7646602956666015
ch-af-apac-eu-row-us/pf100_k050_a040,2030,us,ch,1.2565492172922193e-08,349.99999999578733,107.7909238177376,211.90410493614718,236.63510493614717,211.75090040837495,24.731,-128.69097659063735,3.590140620878124e-11,False,0.1532045277722318
ch-af-apac-eu-row-us/pf100_k050_a040,2030,us,eu,1.1570278986526206,89.99999999765184,231.44805808853425,216.18537240970167,225.58237240970166,211.75090040837495,9.397,10.300157680159307,0.012855865540920091,True,4.434472001326725
ch-af-apac-eu-row-us/pf100_k050_a040,2030,us,us,64.99999984994638,64.99999999493947,217.6804304537107,211.75090040837495,211.75090040837495,211.75090040837495,0.0,5.929530045335753,0.999999997769337,True,0.0
ch-af-apac-eu-row-us/pf100_k050_a040,2030,us,apac,2.3353807491914338e-08,84.99999999535102,165.03144166829185,214.2886648032444,229.02632095856808,211.75090040837495,14.73765615532369,-61.45711489540679,2.7475067639049e-10,False,2.5377643948694413
ch-af-apac-eu-row-us/pf100_k050_a040,2030,us,af,2.4860024010945787e-08,13.999999997969203,306.1296631986603,348.54976880985885,362.74976880985884,211.75090040837495,14.2,80.17876279028535,1.7757160010394218e-09,False,136.7988684014839
ch-af-apac-eu-row-us/pf100_k050_a040,2030,us,row,9.717883868995988e-08,69.99999999769697,219.84952841139653,216.23910983642776,230.68893480231677,211.75090040837495,14.449824965889,-6.351196962867412,1.3882691241879586e-09,False,4.488209428052812
ch-af-apac-eu-row-us/pf100_k050_a040,2030,apac,ch,1.372520071901868e-08,349.99999999578733,107.7909238177376,181.5613924198919,194.79428537017714,123.55706235501908,13.23289295028525,-28.999031487566725,3.921485919766823e-11,False,58.0043300648728
ch-af-apac-eu-row-us/pf100_k050_a040,2030,apac,eu,61.88821779012488,89.99999999765184,231.44805808853425,173.68961705067233,189.99679056330476,123.55706235501908,16.30717351263244,91.58382222088272,0.687646864352662,True,50.13255469565324
ch-af-apac-eu-row-us/pf100_k050_a040,2030,apac,us,9.044413348002633e-09,64.99999999493947,217.6804304537107,358.45624743537826,372.1663282422242,123.55706235501908,13.71008080684597,80.41328729184565,1.3914482074933507e-10,False,234.8991850803592
ch-af-apac-eu-row-us/pf100_k050_a040,2030,apac,apac,84.99999988257393,84.99999999535102,165.03144166829185,123.55706235501908,123.55706235501908,123.55706235501908,0.0,41.47437931327276,0.9999999986732108,True,0.0
ch-af-apac-eu-row-us/pf100_k050_a040,2030,apac,af,7.150074772435352e-09,13.999999997969203,306.1296631986603,479.24629165180284,492.41890778872215,123.55706235501908,13.17261613691931,169.3999847067219,5.107196266766085e-10,False,355.68922929678376
ch-af-apac-eu-row-us/pf100_k050_a040,2030,apac,row,26.14346900782321,69.99999999769697,219.84952841139653,159.5515909611623,178.43400567772025,123.55706235501908,18.88241471655794,77.41005133981952,0.3734781286954763,True,35.99452860614322
ch-af-apac-eu-row-us/pf100_k050_a040,2030,af,ch,6.914832324766554e-09,349.99999999578733,107.7909238177376,119.25945968693328,123.75945968693328,119.25942540354018,4.5,-15.96850158580257,1.975666378528509e-11,False,3.428339310573847e-05
ch-af-apac-eu-row-us/pf100_k050_a040,2030,af,eu,2.4363446924621262e-08,89.99999999765184,231.44805808853425,119.24373898974233,125.44373898974233,119.25942540354018,6.2,105.98863268499407,2.70704965836188e-10,False,-0.015686413797851628
ch-af-apac-eu-row-us/pf100_k050_a040,2030,af,us,2.068683960254894e-08,64.99999999493947,217.6804304537107,119.26016829208194,127.76016829208194,119.25942540354018,8.5,89.92100505017052,3.1825907083322305e-10,False,0.0007428885417652964
ch-af-apac-eu-row-us/pf100_k050_a040,2030,af,apac,1.0715145100423227e-08,84.99999999535102,165.03144166829185,119.26025156930419,126.28482369644355,119.25942540354018,7.024572127139364,38.747444137612305,1.2606053060010918e-10,False,0.0008261657640105113
ch-af-apac-eu-row-us/pf100_k050_a040,2030,af,af,5.8954649472043,13.999999997969203,306.1296631986603,119.25942540354018,119.25942540354018,119.25942540354018,0.0,186.87023779512012,0.4211046391471056,True,0.0
ch-af-apac-eu-row-us/pf100_k050_a040,2030,af,row,1.9561541240356633e-08,69.99999999769697,219.84952841139653,119.26061493454168,126.76061493454168,119.25942540354018,7.5,93.09010300785636,2.794505891571459e-10,False,0.0011895310015006544
ch-af-apac-eu-row-us/pf100_k050_a040,2030,row,ch,1.2457326864201129e-08,349.99999999578733,107.7909238177376,232.9290694645644,247.05146536900128,232.92928618307093,14.12239590443686,-139.26075826977018,3.559236246957448e-11,False,-0.0002167185065218291
ch-af-apac-eu-row-us/pf100_k050_a040,2030,row,eu,1.8032308675945224e-07,89.99999999765184,231.44805808853425,232.93017648860436,241.0538181268296,232.92928618307093,8.123641638225255,-9.60486973276193,2.0035898529350776e-09,False,0.0008903055334315013
ch-af-apac-eu-row-us/pf100_k050_a040,2030,row,us,2.256094116024621e-08,64.99999999493947,217.6804304537107,283.0441785378504,296.83162222385727,232.92928618307093,13.78744368600683,-29.03629941536706,3.4709140249234887e-10,False,50.1148923547795
ch-af-apac-eu-row-us/pf100_k050_a040,2030,row,apac,1.920713435040437e-08,84.99999999535102,165.03144166829185,232.9287916198433,252.68150594049786,232.92928618307093,19.75271432065455,-87.65055883543363,2.2596628648770448e-10,False,-0.0004945632276189826
ch-af-apac-eu-row-us/pf100_k050_a040,2030,row,af,2.1830620602123197e-07,13.999999997969203,306.1296631986603,301.8143493903151,314.3143493903151,232.92928618307093,12.5,60.70037701558937,1.5593300432349915e-08,False,68.88506320724417
ch-af-apac-eu-row-us/pf100_k050_a040,2030,row,row,1.2806090777984413e-07,69.99999999769697,219.84952841139653,232.92928618307093,232.92928618307093,232.92928618307093,0.0,-13.079757771674394,1.8294415397722483e-09,False,0.0
ch-af-apac-eu-row-us/pf100_k050_a040,2035,ch,ch,332.99999998552744,332.99999999859244,95.90883302017825,95.57583300040461,95.57583300040461,95.57583300040461,0.0,0.33300001977363536,0.9999999999607657,True,0.0
ch-af-apac-eu-row-us/pf100_k050_a040,2035,ch,eu,27.372416054967136,94.99999999917401,302.22765410762315,286.08228168968964,302.20028168968963,95.57583300040461,16.118,190.53382110721856,0.2881306953179487,True,190.50644868928504
ch-af-apac-eu-row-us/pf100_k050_a040,2035,ch,us,6.555909960180187e-09,69.99999999834094,249.0648063843107,306.22393307480087,317.35693307480085,95.57583300040461,11.133,142.3559733839061,9.365585657622239e-11,False,210.64810007439627
ch-af-apac-eu-row-us/pf100_k050_a040,2035,ch,apac,5.375163732468941e-09,102.99999999877484,110.0152079503711,170.65994544761654,184.4403670264982,95.57583300040461,13.78042157888167,0.6589533710848219,5.2186055655659007e-11,False,75.08411244721192
ch-af-apac-eu-row-us/pf100_k050_a040,2035,ch,af,7.885265892967982e-09,19.999999999380094,316.81511452788226,357.7816040223254,368.2816040223254,95.57583300040461,10.5,210.73928152747766,3.942632946606194e-10,False,262.2057710219208
ch-af-apac-eu-row-us/pf100_k050_a040,2035,ch,row,3.5030274639361467e-09,78.9999999992945,207.28506054978388,320.8854071639624,335.48185947356825,95.57583300040461,14.59645230960589,97.11277523977337,4.434211979705608e-11,False,225.30957416355778
ch-af-apac-eu-row-us/pf100_k050_a040,2035,eu,ch,2.134354011543678e-09,332.99999999859244,95.90883302017825,175.53729629412013,191.65529629412012,175.4666750022766,16.118,-95.67584198209833,6.409471506164263e-12,False,0.07062129184353694
ch-af-apac-eu-row-us/pf100_k050_a040,2035,eu,eu,48.274635689644676,94.99999999917401,302.22765410762315,175.4666750022766,175.4666750022766,175.4666750022766,0.0,126.76097910534656,0.5081540598954148,True,0.0
ch-af-apac-eu-row-us/pf100_k050_a040,2035,eu,us,4.154207676146633e-09,69.99999999834094,249.0648063843107,175.86155038302223,194.62155038302222,175.4666750022766,18.76,54.83813138203412,5.934582394635845e-11,False,0.39487538074564554
ch-af-apac-eu-row-us/pf100_k050_a040,2035,eu,apac,2.13150089087638e-09,102.99999999877484,110.0152079503711,175.88859346499967,194.02223366821477,175.4666750022766,18.13364020321509,-83.58510725512058,2.069418340681295e-11,False,0.42191846272308453
ch-af-apac-eu-row-us/pf100_k050_a040,2035,eu,af,1.529918920181299e-08,19.999999999380094,316.81511452788226,207.13038215887926,216.93038215887927,175.4666750022766,9.8,131.54843952560566,7.649594601143596e-10,False,31.66370715660267
ch-af-apac-eu-row-us/pf100_k050_a040,2035,eu,row,5.82680008917469e-09,78.9999999992945,207.28506054978388,126.43368422031568,134.86997238597837,175.4666750022766,8.436288165662685,23.382097381844606,7.375696315476867e-11,False,-49.032990781960905
ch-af-apac-eu-row-us/pf100_k050_a040,2035,us,ch,2.898163334332175e-09,332.99999999859244,95.90883302017825,188.38151541111495,213.11251541111494,188.3664806833128,24.731,-117.18864766313456,8.703193196229505e-12,False,0.015034727802145653
ch-af-apac-eu-row-us/pf100_k050_a040,2035,us,eu,19.352948222561675,94.99999999917401,302.22765410762315,232.18297547971423,241.57997547971422,188.3664806833128,9.397,104.46417342431035,0.20371524444978886,True,43.81649479640143
ch-af-apac-eu-row-us/pf100_k050_a040,2035,us,us,69.99999995475868,69.99999999834094,249.0648063843107,188.3664806833128,188.3664806833128,188.3664806833128,0.0,60.69832570099791,0.9999999993773963,True,0.0
ch-af-apac-eu-row-us/pf100_k050_a040,2035,us,apac,2.9758273683097517e-09,102.99999999877484,110.0152079503711,188.36176805280678,203.09942420813047,188.3664806833128,14.73765615532369,-93.08892888826539,2.889152784801115e-11,False,-0.004712630506020332
ch-af-apac-eu-row-us/pf100_k050_a040,2035,us,af,5.134130617865785e-09,19.999999999380094,316.81511452788226,315.944132282724,330.144132282724,188.3664806833128,14.2,114.24863384456945,2.5670653090124594e-10,False,127.57765159941121
ch-af-apac-eu-row-us/pf100_k050_a040,2035,us,row,8.673815273614606e-09,78.9999999992945,207.28506054978388,188.42235003893387,202.87217500482288,188.3664806833128,14.449824965889,4.468754900582077,1.0979513004673501e-10,False,0.05586935562106987
ch-af-apac-eu-row-us/pf100_k050_a040,2035,apac,ch,2.161631107859548e-09,332.99999999859244,95.90883302017825,350.5731397887506,363.80603273903586,109.9122079504653,13.23289295028525,-27.2362678805723,6.491384708314369e-12,False,240.6609318382853
ch-af-apac-eu-row-us/pf100_k050_a040,2035,apac,eu,2.1992126190126784e-09,94.99999999917401,302.22765410762315,531.6211933860956,547.928366898728,109.9122079504653,16.30717351263244,176.00827264452542,2.314960651612421e-11,False,421.70898543563027
ch-af-apac-eu-row-us/pf100_k050_a040,2035,apac,us,1.6586582397668781e-09,69.99999999834094,249.0648063843107,552.6208336654579,566.3309144723039,109.9122079504653,13.71008080684597,125.44251762699945,2.3695117711516996e-11,False,442.7086257149926
ch-af-apac-eu-row-us/pf100_k050_a040,2035,apac,apac,102.99999998253651,102.99999999877484,110.0152079503711,109.9122079504653,109.9122079504653,109.9122079504653,0.0,0.10299999990580488,0.9999999998423463,True,0.0
ch-af-apac-eu-row-us/pf100_k050_a040,2035,apac,af,1.5803266874855707e-09,19.999999999380094,316.81511452788226,585.9555080220512,599.1281241589704,109.9122079504653,13.17261613691931,193.73029044049764,7.901633437672767e-11,False,476.04330007158586
ch-af-apac-eu-row-us/pf100_k050_a040,2035,apac,row,1.2473545032412564e-09,78.9999999992945,207.28506054978388,602.4669937520474,621.3494084686054,109.9122079504653,18.88241471655794,78.49043788276063,1.5789297509523996e-11,False,492.5547858015821
ch-af-apac-eu-row-us/pf100_k050_a040,2035,af,ch,1.9384897436634742e-09,332.99999999859244,95.90883302017825,106.08919490148129,110.58919490148129,106.08917463044914,4.5,-14.680341610270887,5.821290521536541e-12,False,2.027103215596071e-05
ch-af-apac-eu-row-us/pf100_k050_a040,2035,af,eu,4.764388709237372e-09,94.99999999917401,302.22765410762315,106.09013740770291,112.29013740770291,106.08917463044914,6.2,189.93847947717404,5.015146009767154e-11,False,0.0009627772537754709
ch-af-apac-eu-row-us/pf100_k050_a040,2035,af,us,5.280270694640251e-09,69.99999999834094,249.0648063843107,106.08922723088699,114.58922723088699,106.08917463044914,8.5,134.4756317538616,7.543243849664855e-11,False,5.26004378542666e-05
ch-af-apac-eu-row-us/pf100_k050_a040,2035,af,apac,1.8251567357847768e-09,102.99999999877484,110.0152079503711,106.08923366327562,113.11380579041499,106.08917463044914,7.024572127139364,-3.098538807217394,1.7719968308800842e-11,False,5.903282648489494e-05
ch-af-apac-eu-row-us/pf100_k050_a040,2035,af,af,8.390930054457778,19.999999999380094,316.81511452788226,106.08917463044914,106.08917463044914,106.08917463044914,0.0,210.72593989743314,0.41954650273589283,True,0.0
ch-af-apac-eu-row-us/pf100_k050_a040,2035,af,row,3.0041460454497206e-09,78.9999999992945,207.28506054978388,106.08940636083199,113.58940636083199,106.08917463044914,7.5,93.69588591933474,3.802716513261454e-11,False,0.00023173038285051462
ch-af-apac-eu-row-us/pf100_k050_a040,2035,row,ch,3.9323541919513545e-09,332.99999999859244,95.90883302017825,210.9300042426147,225.05240014705157,207.20606052566248,14.12239590443686,-125.41962340992109,1.180887144735128e-11,False,3.7239437169522205
ch-af-apac-eu-row-us/pf100_k050_a040,2035,row,eu,2.5036931163123765e-08,94.99999999917401,302.22765410762315,317.5815584252125,325.70520006343776,207.20606052566248,8.123641638225255,86.89795194373542,2.6354664382464685e-10,False,110.37549789955003
ch-af-apac-eu-row-us/pf100_k050_a040,2035,row,us,2.593322733894023e-08,69.99999999834094,249.0648063843107,253.19029419524475,266.9777378812516,207.20606052566248,13.78744368600683,28.071302172641403,3.704746762793553e-10,False,45.98423366958227
ch-af-apac-eu-row-us/pf100_k050_a040,2035,row,apac,3.930707402758231e-09,102.99999999877484,110.0152079503711,203.8400210450975,223.59273536575205,207.20606052566248,19.75271432065455,-116.94356689594592,3.8162207794223166e-11,False,-3.3660394805649787
ch-af-apac-eu-row-us/pf100_k050_a040,2035,row,af,11.609069915023406,19.999999999380094,316.81511452788226,304.30350548462707,316.80350548462707,207.20606052566248,12.5,97.10905400221978,0.5804534957691616,True,97.09744495896459
ch-af-apac-eu-row-us/pf100_k050_a040,2035,row,row,78.99999997703934,78.9999999992945,207.28506054978388,207.20606052566248,207.20606052566248,207.20606052566248,0.0,0.07900002412139884,0.999999999718289,True,0.0
ch-af-apac-eu-row-us/pf100_k050_a040,2040,ch,ch,315.9999999862976,315.9999999993115,86.6512572036969,86.33525719941149,86.33525719941149,86.33525719941149,0.0,0.31600000428541364,0.9999999999588167,True,0.0
ch-af-apac-eu-row-us/pf100_k050_a040,2040,ch,eu,6.067287111312586e-09,98.99999999953188,338.6869828352339,371.3964409738196,387.5144409738196,86.33525719941149,16.118,236.2337256358224,6.128572839738662e-11,False,285.0611837744081
ch-af-apac-eu-row-us/pf100_k050_a040,2040,ch,us,2.4784149498995e-09,74.99999999895293,279.45236778919536,387.05281209684824,398.1858120968482,86.33525719941149,11.133,181.98411058978385,3.304553266578801e-11,False,300.71755489743674
ch-af-apac-eu-row-us/pf100_k050_a040,2040,ch,apac,1.0975168543584622e-09,125.9999999993467,99.41154578021379,332.9452845954529,346.72570617433456,86.33525719941149,13.78042157888167,-0.7041329980793716,8.710451225112323e-12,False,246.6100273960414
ch-af-apac-eu-row-us/pf100_k050_a040,2040,ch,af,1.792422741570323e-08,27.999999999591417,351.09032649592615,344.4344247310232,354.9344247310232,86.33525719941149,10.5,254.25506929651465,6.401509791415994e-10,False,258.0991675316117
ch-af-apac-eu-row-us/pf100_k050_a040,2040,ch,row,2.2563075229946657e-09,88.99999999959762,243.38031885802897,354.246149183827,368.8426014934329,86.33525719941149,14.59645230960589,142.4486093490116,2.5351769921402997e-11,False,267.9108919844155
ch-af-apac-eu-row-us/pf100_k050_a040,2040,eu,ch,1.1326881379885692e-09,315.9999999993115,86.6512572036969,158.50212683343597,174.62012683343596,158.50199826333673,16.118,-87.96874105963983,3.584456132883029e-12,False,0.00012857009923550322
ch-af-apac-eu-row-us/pf100_k050_a040,2040,eu,eu,43.888245825410976,98.99999999953188,338.6869828352339,158.50199826333673,158.50199826333673,158.50199826333673,0.0,180.18498457189716,0.4433156144001869,True,0.0
ch-af-apac-eu-row-us/pf100_k050_a040,2040,eu,us,3.6162427891922405e-09,74.99999999895293,279.45236778919536,158.495711430119,177.255711430119,158.50199826333673,18.76,102.19036952585863,4.8216570523236353e-11,False,-0.006286833217728827
ch-af-apac-eu-row-us/pf100_k050_a040,2040,eu,apac,1.13721617085678e-09,125.9999999993467,99.41154578021379,158.5020827797273,176.63572298294238,158.50199826333673,18.13364020321509,-77.22409268633804,9.025525165576797e-12,False,8.451639055806481e-05
ch-af-apac-eu-row-us/pf100_k050_a040,2040,eu,af,17.113604833803922,27.999999999591417,351.09032649592615,161.1321165756635,170.9321165756635,158.50199826333673,9.8,182.7883282325894,0.6112001726447731,True,2.630118312326772
ch-af-apac-eu-row-us/pf100_k050_a040,2040,eu,row,2.8593116185523263e-09,88.99999999959762,243.38031885802897,158.50341521713932,166.939703382802,158.50199826333673,8.436288165662685,76.44203242902955,3.2127096837811835e-11,False,0.00141695380258966
ch-af-apac-eu-row-us/pf100_k050_a040,2040,us,ch,1.3259391547476906e-09,315.9999999993115,86.6512572036969,170.0352385544334,194.7662385544334,170.1546096644843,24.731,-108.23435246078739,4.19600998338791e-12,False,-0.11937111005090628
ch-af-apac-eu-row-us/pf100_k050_a040,2040,us,eu,33.61160974224992,98.99999999953188,338.6869828352339,220.0336131054632,229.43061310546318,170.1546096644843,9.397,159.1353731707496,0.3395112095192813,True,49.87900344097889
ch-af-apac-eu-row-us/pf100_k050_a040,2040,us,us,74.9999999715992,74.99999999895293,279.45236778919536,170.1546096644843,170.1546096644843,170.1546096644843,0.0,109.29775812471107,0.9999999996352835,True,0.0
ch-af-apac-eu-row-us/pf100_k050_a040,2040,us,apac,1.4079941707254893e-09,125.9999999993467,99.41154578021379,170.3057462212727,185.0434023765964,170.1546096644843,14.73765615532369,-85.4807200395942,1.1174556910577695e-11,False,0.15113655678840132
ch-af-apac-eu-row-us/pf100_k050_a040,2040,us,af,1.2550372461935396e-08,27.999999999591417,351.09032649592615,252.4506435238847,266.6506435238847,170.1546096644843,14.2,166.73571683144186,4.482275879328048e-10,False,82.29603385940041
ch-af-apac-eu-row-us/pf100_k050_a040,2040,us,row,4.0318854572393234e-09,88.99999999959762,243.38031885802897,197.77800300296713,212.22782796885613,170.1546096644843,14.449824965889,58.77588422765567,4.53020837894107e-11,False,27.623393338482828
ch-af-apac-eu-row-us/pf100_k050_a040,2040,apac,ch,7.83786539963927e-09,315.9999999993115,86.6512572036969,110.84978675792776,124.082679708213,99.28554577932321,13.23289295028525,-25.867181525911562,2.4803371517899832e-11,False,11.564240978604545
ch-af-apac-eu-row-us/pf100_k050_a040,2040,apac,eu,3.926531402583072,98.99999999953188,338.6869828352339,322.3758829429124,338.6830564555449,99.28554577932321,16.30717351263244,223.09426354327823,0.03966193335961251,True,223.0903371635892
ch-af-apac-eu-row-us/pf100_k050_a040,2040,apac,us,1.4121048705503856e-08,74.99999999895293,279.45236778919536,288.6622366404955,302.37231744734146,99.28554577932321,13.71008080684597,166.45674120302616,1.8828064940934666e-10,False,189.37669086117228
ch-af-apac-eu-row-us/pf100_k050_a040,2040,apac,apac,125.99999999300735,125.9999999993467,99.41154578021379,99.28554577932321,99.28554577932321,99.28554577932321,0.0,0.12600000089057062,0.9999999999496877,True,0.0
ch-af-apac-eu-row-us/pf100_k050_a040,2040,apac,af,1.5167246360463638e-09,27.999999999591417,351.09032649592615,543.8731610313138,557.045777168233,99.28554577932321,13.17261613691931,238.6321645796836,5.4168737002446296e-11,False,444.58761525199054
ch-af-apac-eu-row-us/pf100_k050_a040,2040,apac,row,2.55763068683472e-09,88.99999999959762,243.38031885802897,339.1305406475992,358.01295536415716,99.28554577932321,18.88241471655794,125.21235836214782,2.8737423447711052e-11,False,239.844994868276
ch-af-apac-eu-row-us/pf100_k050_a040,2040,af,ch,1.0429109458531916e-09,315.9999999993115,86.6512572036969,95.83438024056102,100.33438024056102,95.83213549134676,4.5,-13.680878287649861,3.300351094479316e-12,False,0.002244749214256103
ch-af-apac-eu-row-us/pf100_k050_a040,2040,af,eu,7.2194804144231365e-09,98.99999999953188,338.6869828352339,106.81662652695252,113.01662652695252,95.83213549134676,6.2,236.65484734388713,7.292404459047752e-11,False,10.984491035605757
ch-af-apac-eu-row-us/pf100_k050_a040,2040,af,us,2.7025971810309917e-09,74.99999999895293,279.45236778919536,104.42353599677676,112.92353599677676,95.83213549134676,8.5,175.1202322978486,3.60346290809163e-11,False,8.591400505430002
ch-af-apac-eu-row-us/pf100_k050_a040,2040,af,apac,1.028808030397381e-09,125.9999999993467,99.41154578021379,95.84159906870293,102.8661711958423,95.83213549134676,7.024572127139364,-3.44516183827234,8.165143098434249e-12,False,0.009463577356171982
ch-af-apac-eu-row-us/pf100_k050_a040,2040,af,af,10.886395095286968,27.999999999591417,351.09032649592615,95.83213549134676,95.83213549134676,95.83213549134676,0.0,255.25819100457937,0.38879982483735087,True,0.0
ch-af-apac-eu-row-us/pf100_k050_a040,2040,af,row,1.941737638346311e-09,88.99999999959762,243.38031885802897,105.94248141333254,113.44248141333254,95.83213549134676,7.5,140.04818336668222,2.1817276835450447e-11,False,10.110345921985783
ch-af-apac-eu-row-us/pf100_k050_a040,2040,row,ch,1.6744539081642935e-09,315.9999999993115,86.6512572036969,187.12283685481992,201.2452327592568,187.17271895170572,14.12239590443686,-114.64385765244567,5.2989047726833594e-12,False,-0.04988209688579559
ch-af-apac-eu-row-us/pf100_k050_a040,2040,row,eu,17.573613016001147,98.99999999953188,338.6869828352339,274.42716768782,282.5508093260452,187.17271895170572,8.123641638225255,143.39062224530292,0.17751124258670953,True,87.25444873611426
ch-af-apac-eu-row-us/pf100_k050_a040,2040,row,us,4.435412374721538e-09,74.99999999895293,279.45236778919536,277.0071588486915,290.79460253469836,187.17271895170572,13.78744368600683,78.49220515148282,5.913883166377948e-11,False,89.8344398969858
ch-af-apac-eu-row-us/pf100_k050_a040,2040,row,apac,1.6678095223028179e-09,125.9999999993467,99.41154578021379,186.8719780775856,206.62469239824014,187.17271895170572,19.75271432065455,-107.51388749214648,1.3236583510408455e-11,False,-0.3007408741201232
ch-af-apac-eu-row-us/pf100_k050_a040,2040,row,af,3.850920188582265e-08,27.999999999591417,351.09032649592615,290.7229393111435,303.2229393111435,187.17271895170572,12.5,151.41760754422043,1.3753286387994495e-09,False,103.55022035943776
ch-af-apac-eu-row-us/pf100_k050_a040,2040,row,row,88.99999998595077,88.99999999959762,243.38031885802897,187.17271895170572,187.17271895170572,187.17271895170572,0.0,56.20759990632325,0.9999999998466645,True,0.0
ch-af-apac-eu-row-us/pf100_k100_a030,2025,ch,ch,323.9999999701287,323.99999999732375,163.32399999893548,163.0,163.0,163.0,0.0,0.32399999893547715,0.9999999999160647,True,0.0
ch-af-apac-eu-row-us/pf100_k100_a030,2025,ch,eu,14.999999789470179,74.9999999985481,310.9214420221916,294.78844209508156,310.90644209508156,163.0,16.118,131.80344202219163,0.19999999719680744,True,131.78844209508156
ch-af-apac-eu-row-us/pf100_k100_a030,2025,ch,us,44.99999987841777,44.99999999648846,288.8477404356905,277.66974045605014,288.8027404560501,163.0,11.133,114.71474043569053,0.9999999973762068,True,114.66974045605014
ch-af-apac-eu-row-us/pf100_k100_a030,2025,ch,apac,2.338068169857071e-08,49.99999999576924,309.026458154971,335.55088312457667,349.33130470345833,163.0,13.78042157888167,132.24603657608935,4.676136340109815e-10,False,172.55088312457667
ch-af-apac-eu-row-us/pf100_k100_a030,2025,ch,af,9.999999840266922,9.999999998840943,310.8978171310511,300.3878172447192,310.8878172447192,163.0,10.5,137.3978171310511,0.9999999841425978,True,137.3878172447192
ch-af-apac-eu-row-us/pf100_k100_a030,2025,ch,row,19.60000020802182,44.99999999851326,325.7521036460154,311.1360513821446,325.7325036917505,163.0,14.59645230960589,148.15565133640953,0.4355555601926529,True,148.13605138214461
ch-af-apac-eu-row-us/pf100_k100_a030,2025,eu,ch,5.596399708735867e-09,323.99999999732375,163.32399999893548,299.250005631327,315.368005631327,299.25,16.118,-152.04400000106452,1.727283860735214e-11,False,5.631326985167107e-06
ch-af-apac-eu-row-us/pf100_k100_a030,2025,eu,eu,1.2769852038476375e-07,74.9999999985481,310.9214420221916,299.25,299.25,299.25,0.0,11.671442022191627,1.7026469384964776e-09,False,0.0
ch-af-apac-eu-row-us/pf100_k100_a030,2025,eu,us,1.9845117758936605e-08,44.99999999648846,288.8477404356905,299.2500172513173,318.01001725131727,299.25,18.76,-29.162259564309476,4.4100261689967114e-10,False,1.7251317274258327e-05
ch-af-apac-eu-row-us/pf100_k100_a030,2025,eu,apac,3.4489199926618455e-08,49.99999999576924,309.026458154971,299.25003338331936,317.3836735865344,299.25,18.13364020321509,-8.35718204824408,6.897839985907354e-10,False,3.338331936220129e-05
ch-af-apac-eu-row-us/pf100_k100_a030,2025,eu,af,5.015340600187513e-08,9.999999998840943,310.8978171310511,299.2500064222903,309.0500064222903,299.25,9.8,1.8478171310511122,5.01534060076882e-09,False,6.422290312002588e-06
ch-af-apac-eu-row-us/pf100_k100_a030,2025,eu,row,21.999999711204993,44.99999999851326,325.7521036460154,299.24987237366884,307.6861605393315,299.25,8.436288165662685,18.065815480352743,0.4888888824873743,True,-0.0001276263311638104
ch-af-apac-eu-row-us/pf100_k100_a030,2025,us,ch,5.244053362787399e-09,323.99999999732375,163.32399999893548,321.2500028755285,345.9810028755285,321.25,24.731,-182.65700000106452,1.6185349885279987e-11,False,2.8755284802173264e-06
ch-af-apac-eu-row-us/pf100_k100_a030,2025,us,eu,4.601699754290878e-08,74.9999999985481,310.9214420221916,321.2500069371148,330.6470069371148,321.25,9.397,-19.72555797780837,6.135599672506614e-10,False,6.937114790162013e-06
ch-af-apac-eu-row-us/pf100_k100_a030,2025,us,us,2.8643948139934367e-08,44.99999999648846,288.8477404356905,321.25,321.25,321.25,0.0,-32.402259564309475,6.365321809371016e-10,False,0.0
ch-af-apac-eu-row-us/pf100_k100_a030,2025,us,apac,3.3975167108597567e-08,49.99999999576924,309.026458154971,321.2500044280165,335.9876605833402,321.25,14.73765615532369,-26.96119800035268,6.795033422294477e-10,False,4.4280164956944645e-06
ch-af-apac-eu-row-us/pf100_k100_a030,2025,us,af,3.4918948847458297e-08,9.999999998840943,310.8978171310511,321.25000762027247,335.45000762027246,321.25,14.2,-24.552182868948886,3.4918948851505603e-09,False,7.620272469921474e-06
ch-af-apac-eu-row-us/pf100_k100_a030,2025,us,row,9.11556138757019e-08,44.99999999851326,325.7521036460154,321.25001555966577,335.69984052555475,321.25,14.449824965889,-9.947721319873573,2.025680308415857e-09,False,1.5559665769160347e-05
ch-af-apac-eu-row-us/pf100_k100_a030,2025,apac,ch,6.01958083151047e-09,323.99999999732375,163.32399999893548,187.83331731785282,201.06621026813806,187.45,13.23289295028525,-37.35889295134976,1.8578953183827752e-11,False,0.3833173178528284
ch-af-apac-eu-row-us/pf100_k100_a030,2025,apac,eu,60.000000002921304,74.9999999985481,310.9214420221916,173.0278103511545,189.33498386378693,187.45,16.30717351263244,107.16426850955921,0.8000000000544376,True,-14.422189648845489
ch-af-apac-eu-row-us/pf100_k100_a030,2025,apac,us,3.896389230513858e-08,44.99999999648846,288.8477404356905,178.29384199005847,192.00392279690445,187.45,13.71008080684597,87.68765962884457,8.65864273515091e-10,False,-9.156158009941521
ch-af-apac-eu-row-us/pf100_k100_a030,2025,apac,apac,49.99999987180666,49.99999999576924,309.026458154971,187.45,187.45,187.45,0.0,121.57645815497102,0.9999999975207484,True,0.0
ch-af-apac-eu-row-us/pf100_k100_a030,2025,apac,af,1.6145405916368977e-08,9.999999998840943,310.8978171310511,233.27074806534299,246.4433642022623,187.45,13.17261613691931,110.27520099413181,1.6145405918240321e-09,False,45.820748065343
ch-af-apac-eu-row-us/pf100_k100_a030,2025,apac,row,5.614027994036539e-08,44.99999999851326,325.7521036460154,203.1643688451909,222.04678356174884,187.45,18.88241471655794,119.4196889294575,1.247561776493782e-09,False,15.714368845190904
ch-af-apac-eu-row-us/pf100_k100_a030,2025,af,ch,5.664496632035997e-09,323.99999999732375,163.32399999893548,180.93000000000401,185.43000000000401,180.93,4.5,-22.10600000106453,1.7483014296551806e-11,False,4.007461029686965e-12
ch-af-apac-eu-row-us/pf100_k100_a030,2025,af,eu,1.3823373147505122e-08,74.9999999985481,310.9214420221916,180.9300000019444,187.13000000194438,180.93,6.2,123.79144202219162,1.84311641970303e-10,False,1.944385985552799e-09
ch-af-apac-eu-row-us/pf100_k100_a030,2025,af,us,1.8359800256277854e-08,44.99999999648846,288.8477404356905,180.93000000001751,189.43000000001751,180.93,8.5,99.41774043569052,4.079955612824566e-10,False,1.750777300912887e-11
ch-af-apac-eu-row-us/pf100_k100_a030,2025,af,apac,1.7286592567143175e-08,49.99999999576924,309.026458154971,180.93000000001925,187.9545721271586,180.93,7.024572127139364,121.07188602783164,3.457318513721177e-10,False,1.9241497284383513e-11
ch-af-apac-eu-row-us/pf100_k100_a030,2025,af,af,4.079081099880354e-08,9.999999998840943,310.8978171310511,180.93,180.93,180.93,0.0,129.9678171310511,4.079081100353142e-09,False,0.0
ch-af-apac-eu-row-us/pf100_k100_a030,2025,af,row,3.3999998975426258,44.99999999851326,325.7521036460154,180.93000005635258,188.43000005635258,180.93,7.5,137.32210364601542,0.07555555328122127,True,5.635257593894494e-08
ch-af-apac-eu-row-us/pf100_k100_a030,2025,row,ch,4.6705032497043745e-09,323.99999999732375,163.32399999893548,353.37997281413084,367.5023687185677,353.38,14.12239590443686,-204.1783959055014,1.4415133486860965e-11,False,-2.718586915761989e-05
ch-af-apac-eu-row-us/pf100_k100_a030,2025,row,eu,1.8617740245799334e-08,74.9999999985481,310.9214420221916,353.38000467503855,361.5036463132638,353.38,8.123641638225255,-50.58219961603362,2.482365366154633e-10,False,4.675038553614286e-06
ch-af-apac-eu-row-us/pf100_k100_a030,2025,row,us,1.2257934330797898e-08,44.99999999648846,288.8477404356905,353.3799683604081,367.16741204641494,353.38,13.78744368600683,-78.3197032503163,2.7239854070565415e-10,False,-3.163959189578236e-05
ch-af-apac-eu-row-us/pf100_k100_a030,2025,row,apac,1.4830950773052667e-08,49.99999999576924,309.026458154971,353.37999088675843,373.132705207413,353.38,19.75271432065455,-64.10625616568353,2.9661901548615184e-10,False,-9.113241560498864e-06
ch-af-apac-eu-row-us/pf100_k100_a030,2025,row,af,1.6565446233993784e-08,9.999999998840943,310.8978171310511,353.37998242763507,365.87998242763507,353.38,12.5,-54.98218286894888,1.6565446235913813e-09,False,-1.757236492494485e-05
ch-af-apac-eu-row-us/pf100_k100_a030,2025,row,row,3.4447939022694854e-08,44.99999999851326,325.7521036460154,353.38,353.38,353.38,0.0,-27.627896353984568,7.65509756085177e-10,False,0.0
ch-af-apac-eu-row-us/pf100_k100_a030,2030,ch,ch,349.99999999395584,349.99999999960994,107.79092378772657,107.44092378697313,107.44092378697313,107.44092378697313,0.0,0.3500000007534396,0.9999999999838455,True,0.0
ch-af-apac-eu-row-us/pf100_k100_a030,2030,ch,eu,6.409895798612976e-08,89.99999999979035,220.9139429775651,206.4305051938836,222.54850519388359,107.44092378697313,16.118,97.35501919059199,7.122106442919897e-10,False,98.98958140691046
ch-af-apac-eu-row-us/pf100_k100_a030,2030,ch,us,2.570816278224041e-08,64.99999999954655,219.72009256143514,213.82272875862196,224.95572875862197,107.44092378697313,11.133,101.14616877446201,3.9551019665261164e-10,False,106.38180497164883
ch-af-apac-eu-row-us/pf100_k100_a030,2030,ch,apac,84.9999999668323,84.99999999954154,195.49907269732202,181.63365111908422,195.41407269796588,107.44092378697313,13.78042157888167,74.27772733146722,0.9999999996151855,True,74.19272733211109
ch-af-apac-eu-row-us/pf100_k100_a030,2030,ch,af,5.533234171652499e-09,13.99999999982523,246.91956248891918,260.9740230308864,271.4740230308864,107.44092378697313,10.5,128.97863870194607,3.9523101226582667e-10,False,153.53309924391328
ch-af-apac-eu-row-us/pf100_k100_a030,2030,ch,row,33.20403507850122,69.99999999979138,221.40981724888533,206.78016091016278,221.37661321976867,107.44092378697313,14.59645230960589,99.37244115230631,0.4743433582657168,True,99.33923712318965
ch-af-apac-eu-row-us/pf100_k100_a030,2030,eu,ch,1.20712349068315e-09,349.99999999960994,107.79092378772657,196.40439160909054,212.52239160909053,197.24967143099207,16.118,-105.57674764326549,3.448924259098558e-12,False,-0.8452798219015278
ch-af-apac-eu-row-us/pf100_k100_a030,2030,eu,eu,18.458989563293514,89.99999999979035,220.9139429775651,197.24967143099207,197.24967143099207,197.24967143099207,0.0,23.664271546573048,0.20509988403707238,True,0.0
ch-af-apac-eu-row-us/pf100_k100_a030,2030,eu,us,6.823087321800124e-09,64.99999999954655,219.72009256143514,196.10992536485463,214.86992536485462,197.24967143099207,18.76,3.71042113044307,1.0497057418227267e-10,False,-1.139746066137434
ch-af-apac-eu-row-us/pf100_k100_a030,2030,eu,apac,3.2831388807933595e-09,84.99999999954154,195.49907269732202,196.02276654270426,214.15640674591936,197.24967143099207,18.13364020321509,-19.884238936885136,3.862516330365962e-11,False,-1.2269048882878053
ch-af-apac-eu-row-us/pf100_k100_a030,2030,eu,af,1.0224609702231655e-07,13.99999999982523,246.91956248891918,216.16827807618188,225.9682780761819,197.24967143099207,9.8,39.86989105792712,7.303292644542353e-09,False,18.91860664518981
ch-af-apac-eu-row-us/pf100_k100_a030,2030,eu,row,1.728066855193407e-08,69.99999999979138,221.40981724888533,196.07425020039247,204.51053836605516,197.24967143099207,8.436288165662685,15.723857652230581,2.4686669359979385e-10,False,-1.1754212305995964
ch-af-apac-eu-row-us/pf100_k100_a030,2030,us,ch,9.694676252503332e-10,349.99999999960994,107.79092378772657,211.7456729304605,236.4766729304605,211.75090040837495,24.731,-128.69097662064837,2.769907500718325e-12,False,-0.005227477914445444
ch-af-apac-eu-row-us/pf100_k100_a030,2030,us,eu,3.3823650096212957e-09,89.99999999979035,220.9139429775651,211.73724574208856,221.13424574208855,211.75090040837495,9.397,-0.23395743080983245,3.758183344032416e-11,False,-0.013654666286385009
ch-af-apac-eu-row-us/pf100_k100_a030,2030,us,us,8.939630138041411e-10,64.99999999954655,219.72009256143514,211.75090040837495,211.75090040837495,211.75090040837495,0.0,7.969192153060192,1.3753277135544272e-11,False,0.0
ch-af-apac-eu-row-us/pf100_k100_a030,2030,us,apac,2.424325884734538e-09,84.99999999954154,195.49907269732202,211.7400715179478,226.4777276732715,211.75090040837495,14.73765615532369,-30.989483866376617,2.8521480997030752e-11,False,-0.010828890427148963
ch-af-apac-eu-row-us/pf100_k100_a030,2030,us,af,4.207842700051396,13.99999999982523,246.91956248891918,211.65201894834405,225.85201894834404,211.75090040837495,14.2,20.968662080544238,0.30056019286456603,True,-0.0988814600308956
ch-af-apac-eu-row-us/pf100_k100_a030,2030,us,row,3.4671665497972616e-09,69.99999999979138,221.40981724888533,211.737446114729,226.18727108061802,211.75090040837495,14.449824965889,-4.790908125378614,4.953095071153707e-11,False,-0.013454293645935422
ch-af-apac-eu-row-us/pf100_k100_a030,2030,apac,ch,1.3786941200738847e-09,349.99999999960994,107.79092378772657,122.63667407905685,135.8695670293421,123.55706235501908,13.23289295028525,-28.999031517577762,3.939126057358346e-12,False,-0.9203882759622388
ch-af-apac-eu-row-us/pf100_k100_a030,2030,apac,eu,71.54101035778619,89.99999999979035,220.9139429775651,124.99761004918528,141.30478356181771,123.55706235501908,16.30717351263244,81.04970710991358,0.7949001150883649,True,1.4405476941661988
ch-af-apac-eu-row-us/pf100_k100_a030,2030,apac,us,64.99999995701899,64.99999999954655,219.72009256143514,126.40739334921929,140.11747415606527,123.55706235501908,13.71008080684597,82.45294939957009,0.9999999993457298,True,2.850330994200206
ch-af-apac-eu-row-us/pf100_k100_a030,2030,apac,apac,2.2033543868005682e-08,84.99999999954154,195.49907269732202,123.55706235501908,123.55706235501908,123.55706235501908,0.0,71.94201034230294,2.5921816315440615e-10,False,0.0
ch-af-apac-eu-row-us/pf100_k100_a030,2030,apac,af,2.003206055846297e-09,13.99999999982523,246.91956248891918,230.44789253469025,243.62050867160957,123.55706235501908,13.17261613691931,110.1898839969808,1.430861468479503e-10,False,106.89083017967117
ch-af-apac-eu-row-us/pf100_k100_a030,2030,apac,row,36.7959648844378,69.99999999979138,221.40981724888533,122.95298816300692,141.83540287956487,123.55706235501908,18.88241471655794,78.97034017730832,0.5256566412078209,True,-0.6040741920121633
ch-af-apac-eu-row-us/pf100_k100_a030,2030,af,ch,1.0011886566190624e-09,349.99999999960994,107.79092378772657,119.25942540351664,123.75942540351664,119.25942540354018,4.5,-15.968501615813608,2.8605390189147946e-12,False,-2.3533175408374518e-11
ch-af-apac-eu-row-us/pf100_k100_a030,2030,af,eu,3.990577353234389e-09,89.99999999979035,220.9139429775651,119.25942540349726,125.45942540349726,119.25942540354018,6.2,95.45451757402493,4.4339748369374273e-11,False,-4.291678123991005e-11
ch-af-apac-eu-row-us/pf100_k100_a030,2030,af,us,3.6319949099946603e-09,64.99999999954655,219.72009256143514,119.2594254035256,127.7594254035256,119.25942540354018,8.5,91.96066715789496,5.587684476953843e-11,False,-1.4580336937797256e-11
ch-af-apac-eu-row-us/pf100_k100_a030,2030,af,apac,2.31906226890923e-09,84.99999999954154,195.49907269732202,119.25942540349645,126.28399753063582,119.25942540354018,7.024572127139364,69.21507516664248,2.728308551672633e-11,False,-4.3726799958676565e-11
ch-af-apac-eu-row-us/pf100_k100_a030,2030,af,af,5.899999972225801,13.99999999982523,246.91956248891918,119.25942540354018,119.25942540354018,119.25942540354018,0.0,127.660137085379,0.42142856944996104,True,0.0
ch-af-apac-eu-row-us/pf100_k100_a030,2030,af,row,3.904858540428418e-09,69.99999999979138,221.40981724888533,119.2594254035462,126.7594254035462,119.25942540354018,7.5,94.65039184534515,5.5783693434857934e-11,False,6.0254023992456496e-12
ch-af-apac-eu-row-us/pf100_k100_a030,2030,row,ch,1.097598126410717e-09,349.99999999960994,107.79092378772657,232.92930181401732,247.0516977184542,232.92928618307093,14.12239590443686,-139.26075829978123,3.135994646891258e-12,False,1.563094639323026e-05
ch-af-apac-eu-row-us/pf100_k100_a030,2030,row,eu,7.23874256712518e-09,89.99999999979035,220.9139429775651,232.92926957912601,241.05291121735127,232.92928618307093,8.123641638225255,-20.13898484373107,8.043047296824492e-11,False,-1.6603944914095337e-05
ch-af-apac-eu-row-us/pf100_k100_a030,2030,row,us,5.470356920839349e-09,64.99999999954655,219.72009256143514,232.92928988569392,246.71673357170076,232.92928618307093,13.78744368600683,-26.996637307642622,8.41593372442694e-11,False,3.702622990431337e-06
ch-af-apac-eu-row-us/pf100_k100_a030,2030,row,apac,2.6491537285142144e-09,84.99999999954154,195.49907269732202,232.92927806555144,252.681992386206,232.92928618307093,19.75271432065455,-57.182927806403455,3.1166514453276504e-11,False,-8.117519485040248e-06
ch-af-apac-eu-row-us/pf100_k100_a030,2030,row,af,3.8921572177654955,13.99999999982523,246.91956248891918,234.4156703351583,246.9156703351583,232.92928618307093,12.5,1.4902763058482549,0.2780112298438631,True,1.4863841520873677
ch-af-apac-eu-row-us/pf100_k100_a030,2030,row,row,1.2199657765778503e-08,69.99999999979138,221.40981724888533,232.92928618307093,232.92928618307093,232.92928618307093,0.0,-11.519468934185596,1.7428082522592657e-10,False,0.0
ch-af-apac-eu-row-us/pf100_k100_a030,2035,ch,ch,332.999999900244,332.9999999946593,95.90883300751864,95.57583300040461,95.57583300040461,95.57583300040461,0.0,0.33300000711402333,0.9999999997164707,True,0.0
ch-af-apac-eu-row-us/pf100_k100_a030,2035,ch,eu,69.73251033509753,94.99999999702617,205.1761059469238,188.98837345644827,205.10637345644827,95.57583300040461,16.118,93.48227294651919,0.7340264246029516,True,93.41254045604366
ch-af-apac-eu-row-us/pf100_k100_a030,2035,ch,us,10.786831634993602,69.99999999412078,178.10065392796201,166.95686723743293,178.08986723743294,95.57583300040461,11.133,71.3918209275574,0.15409759479856536,True,71.38103423702832
ch-af-apac-eu-row-us/pf100_k100_a030,2035,ch,apac,6.133591588729083,102.99999999391537,163.81178858370887,150.0252340319575,163.80565561083915,95.57583300040461,13.78042157888167,54.45553400442259,0.059549432903800194,True,54.44940103155288
ch-af-apac-eu-row-us/pf100_k100_a030,2035,ch,af,3.406140631909256e-08,19.99999999752775,221.3258296410945,276.0625699375217,286.5625699375217,95.57583300040461,10.5,115.24999664068987,1.7030703161651489e-09,False,180.4867369371171
ch-af-apac-eu-row-us/pf100_k100_a030,2035,ch,row,5.598573994596362e-07,78.99999999705545,201.93394423122646,190.69558783862203,205.29204014822793,95.57583300040461,14.59645230960589,91.76165892121595,7.0868025250696655e-09,False,95.11975483821742
ch-af-apac-eu-row-us/pf100_k100_a030,2035,eu,ch,1.78807135327979e-08,332.9999999946593,95.90883300751864,175.46681806761708,191.58481806761708,175.4666750022766,16.118,-95.67584199475795,5.369583643568971e-11,False,0.0001430653404952409
ch-af-apac-eu-row-us/pf100_k100_a030,2035,eu,eu,25.267489171597955,94.99999999702617,205.1761059469238,175.4666750022766,175.4666750022766,175.4666750022766,0.0,29.70943094464721,0.2659735702356728,True,0.0
ch-af-apac-eu-row-us/pf100_k100_a030,2035,eu,us,4.6339126510192676e-08,69.99999999412078,178.10065392796201,175.4667602910002,194.2267602910002,175.4666750022766,18.76,-16.126021074314576,6.619875216297806e-10,False,8.528872362489892e-05
ch-af-apac-eu-row-us/pf100_k100_a030,2035,eu,apac,3.617654634561278e-08,102.99999999391537,163.81178858370887,175.4668543800099,193.600494583225,175.4666750022766,18.13364020321509,-29.788526621782804,3.5122860531795993e-10,False,0.00017937773330345408
ch-af-apac-eu-row-us/pf100_k100_a030,2035,eu,af,3.5492885054498284e-08,19.99999999752775,221.3258296410945,242.80343424878157,252.60343424878158,175.4666750022766,9.8,36.0591546388179,1.7746442529442825e-09,False,67.33675924650498
ch-af-apac-eu-row-us/pf100_k100_a030,2035,eu,row,1.65924824957445e-07,78.99999999705545,201.93394423122646,175.46694220941927,183.90323037508196,175.4666750022766,8.436288165662685,18.03098106328719,2.100314240045943e-09,False,0.00026720714268435586
ch-af-apac-eu-row-us/pf100_k100_a030,2035,us,ch,1.587022978876372e-08,332.9999999946593,95.90883300751864,188.36648717932044,213.09748717932044,188.3664806833128,24.731,-117.18864767579416,4.765834771476952e-11,False,6.496007642908808e-06
ch-af-apac-eu-row-us/pf100_k100_a030,2035,us,eu,8.413097764440858e-08,94.99999999702617,205.1761059469238,188.36677093831076,197.76377093831076,188.3664806833128,9.397,7.412625263610996,8.855892383899176e-10,False,0.000290254997963757
ch-af-apac-eu-row-us/pf100_k100_a030,2035,us,us,5.7995763170078875e-08,69.99999999412078,178.10065392796201,188.3664806833128,188.3664806833128,188.3664806833128,0.0,-10.265826755350787,8.285109024992839e-10,False,0.0
ch-af-apac-eu-row-us/pf100_k100_a030,2035,us,apac,3.4035470416512574e-08,102.99999999391537,163.81178858370887,188.3664818097055,203.1041379650292,188.3664806833128,14.73765615532369,-39.29234825492762,3.3044146037401156e-10,False,1.126392703554302e-06
ch-af-apac-eu-row-us/pf100_k100_a030,2035,us,af,4.781431189085856,19.99999999752775,221.3258296410945,188.36587507776613,202.56587507776612,188.3664806833128,14.2,18.759348957781686,0.23907155948384504,True,-0.0006056055466672206
ch-af-apac-eu-row-us/pf100_k100_a030,2035,us,row,7.122831956419625e-08,78.99999999705545,201.93394423122646,188.3664797651736,202.81630473106262,188.3664806833128,14.449824965889,-0.8823614179753392,9.016242983145712e-10,False,-9.18139193117895e-07
ch-af-apac-eu-row-us/pf100_k100_a030,2035,apac,ch,2.6078127743850078e-08,332.9999999946593,95.90883300751864,118.0310868871438,131.26397983742905,109.9122079504653,13.23289295028525,-27.23626789323191,7.83126959287337e-11,False,8.118878936678499
ch-af-apac-eu-row-us/pf100_k100_a030,2035,apac,eu,1.0746868148692491e-07,94.99999999702617,205.1761059469238,159.72248919429995,176.02966270693238,109.9122079504653,16.30717351263244,78.95672448382606,1.131249278845148e-09,False,49.81028124383465
ch-af-apac-eu-row-us/pf100_k100_a030,2035,apac,us,59.213168165116905,69.99999999412078,178.10065392796201,110.52864574739627,124.23872655424223,109.9122079504653,13.71008080684597,54.47836517065075,0.8459024024298593,True,0.6164377969309669
ch-af-apac-eu-row-us/pf100_k100_a030,2035,apac,apac,96.8664082682134,102.99999999391537,163.81178858370887,109.9122079504653,109.9122079504653,109.9122079504653,0.0,53.89958063324357,0.940450565766366,True,0.0
ch-af-apac-eu-row-us/pf100_k100_a030,2035,apac,af,6.9275657777999e-07,19.99999999752775,221.3258296410945,158.14839655102784,171.32101268794716,109.9122079504653,13.17261613691931,98.24100555370987,3.463782889328117e-08,False,48.23618860056254
ch-af-apac-eu-row-us/pf100_k100_a030,2035,apac,row,78.99999877939712,78.99999999705545,201.93394423122646,129.16981529972014,148.0522300162781,109.9122079504653,18.88241471655794,73.13932156420321,0.9999999845866033,True,19.25760734925484
ch-af-apac-eu-row-us/pf100_k100_a030,2035,af,ch,1.6581793406790216e-08,332.9999999946593,95.90883300751864,106.08917463044307,110.58917463044307,106.08917463044914,4.5,-14.680341622930499,4.979517539656504e-11,False,-6.0680349633912556e-12
ch-af-apac-eu-row-us/pf100_k100_a030,2035,af,eu,8.802335623127147e-08,94.99999999702617,205.1761059469238,106.0891746305568,112.2891746305568,106.08917463044914,6.2,92.88693131647466,9.265616445687043e-10,False,1.0766143532237038e-10
ch-af-apac-eu-row-us/pf100_k100_a030,2035,af,us,3.946844247377827e-08,69.99999999412078,178.10065392796201,106.08917463035422,114.58917463035422,106.08917463044914,8.5,63.51147929751288,5.638348925299025e-10,False,-9.491429864283418e-11
ch-af-apac-eu-row-us/pf100_k100_a030,2035,af,apac,3.215048232176565e-08,102.99999999391537,163.81178858370887,106.08917463041433,113.1137467575537,106.08917463044914,7.024572127139364,50.698041826120374,3.1214060508412533e-10,False,-3.480238319752971e-11
ch-af-apac-eu-row-us/pf100_k100_a030,2035,af,af,8.39999971695087,19.99999999752775,221.3258296410945,106.08917463044914,106.08917463044914,106.08917463044914,0.0,115.23665501064535,0.41999998589946075,True,0.0
ch-af-apac-eu-row-us/pf100_k100_a030,2035,af,row,7.185580809590078e-08,78.99999999705545,201.93394423122646,106.08917463031918,113.58917463031918,106.08917463044914,7.5,88.34476960077733,9.095671911212536e-10,False,-1.2995826637052232e-10
ch-af-apac-eu-row-us/pf100_k100_a030,2035,row,ch,1.8004408532857255e-08,332.9999999946593,95.90883300751864,207.20989080092005,221.33228670535692,207.20606052566248,14.12239590443686,-125.4196234225807,5.4067292892330373e-11,False,0.0038302752575702925
ch-af-apac-eu-row-us/pf100_k100_a030,2035,row,eu,2.1070765527822634e-07,94.99999999702617,205.1761059469238,207.2113493308392,215.33499096906445,207.20606052566248,8.123641638225255,-10.153596216963937,2.2179753187876027e-09,False,0.00528880517671837
ch-af-apac-eu-row-us/pf100_k100_a030,2035,row,us,5.020694800029422e-08,69.99999999412078,178.10065392796201,207.19649665092757,220.9839403369344,207.20606052566248,13.78744368600683,-42.8928502837073,7.172421143501577e-10,False,-0.009563874734908495
ch-af-apac-eu-row-us/pf100_k100_a030,2035,row,apac,3.461037220145437e-08,102.99999999391537,163.81178858370887,207.21131501369524,226.9640293343498,207.20606052566248,19.75271432065455,-63.14698626260815,3.360230311019315e-10,False,0.005254488032761628
ch-af-apac-eu-row-us/pf100_k100_a030,2035,row,af,6.8185683291801515,19.99999999752775,221.3258296410945,208.81901137575872,221.31901137575872,207.20606052566248,12.5,1.6197691154320069,0.34092841650115063,True,1.6129508500962402
ch-af-apac-eu-row-us/pf100_k100_a030,2035,row,row,3.4879197402065776e-07,78.99999999705545,201.93394423122646,207.20606052566248,207.20606052566248,207.20606052566248,0.0,-5.272116294436017,4.415088278907066e-09,False,0.0
ch-af-apac-eu-row-us/pf100_k100_a030,2040,ch,ch,315.99999991924295,315.99999999592984,86.65125720650978,86.33525719941149,86.33525719941149,86.33525719941149,0.0,0.316000007098296,0.99999999975732,True,0.0
ch-af-apac-eu-row-us/pf100_k100_a030,2040,ch,eu,9.103413400034064e-08,98.99999999782607,194.6514641050261,195.92572195538355,212.04372195538355,86.33525719941149,16.118,92.19820690561461,9.1953670709434e-10,False,109.59046475597206
ch-af-apac-eu-row-us/pf100_k100_a030,2040,ch,us,5.2280660986051615,74.99999999548471,184.53371099398083,173.39548299764868,184.5284829976487,86.33525719941149,11.133,87.06545379456935,0.06970754798559882,True,87.0602257982372
ch-af-apac-eu-row-us/pf100_k100_a030,2040,ch,apac,4.7436408154305553e-08,125.99999999549547,159.46702958254858,179.28908332499788,193.06950490387953,86.33525719941149,13.78042157888167,59.35135080425542,3.7647942980953507e-10,False,92.95382612558639
ch-af-apac-eu-row-us/pf100_k100_a030,2040,ch,af,17.099999822598992,27.999999998065597,194.69235322954427,184.17525331823958,194.67525331823958,86.33525719941149,10.5,97.85709603013278,0.6107142794207271,True,97.8399961188281
ch-af-apac-eu-row-us/pf100_k100_a030,2040,ch,row,88.99999375567643,88.99999999784698,186.82453707805593,172.1390847785496,186.7355370881555,86.33525719941149,14.59645230960589,85.89282756903854,0.9999999298632521,True,85.80382757913812
ch-af-apac-eu-row-us/pf100_k100_a030,2040,eu,ch,1.3866951066883747e-08,315.99999999592984,86.65125720650978,158.50208842462007,174.62008842462006,158.50199826333673,16.118,-87.96874105682694,4.3882756541336573e-11,False,9.016128333882989e-05
ch-af-apac-eu-row-us/pf100_k100_a030,2040,eu,eu,29.276631668650616,98.99999999782607,194.6514641050261,158.50199826333673,158.50199826333673,158.50199826333673,0.0,36.14946584168936,0.29572355221508584,True,0.0
ch-af-apac-eu-row-us/pf100_k100_a030,2040,eu,us,4.903854866382919e-08,74.99999999548471,184.53371099398083,158.5029197550966,177.2629197550966,158.50199826333673,18.76,7.271712730644101,6.538473155570867e-10,False,0.0009214917598683314
ch-af-apac-eu-row-us/pf100_k100_a030,2040,eu,apac,2.7914012496814666e-08,125.99999999549547,159.46702958254858,158.50261253050445,176.63625273371954,158.50199826333673,18.13364020321509,-17.168608884003245,2.2153978172867143e-10,False,0.0006142671677196176
ch-af-apac-eu-row-us/pf100_k100_a030,2040,eu,af,9.706595758988638e-08,27.999999998065597,194.69235322954427,163.1591453869706,172.95914538697062,158.50199826333673,9.8,26.390354966207536,3.4666413427354376e-09,False,4.657147123633877
ch-af-apac-eu-row-us/pf100_k100_a030,2040,eu,row,8.270725049607111e-08,88.99999999784698,186.82453707805593,158.50353634974354,166.93982451540623,158.50199826333673,8.436288165662685,19.88625064905651,9.292949494165382e-10,False,0.0015380864068106348
ch-af-apac-eu-row-us/pf100_k100_a030,2040,us,ch,1.2905366436266935e-08,315.99999999592984,86.65125720650978,170.15463824080683,194.88563824080683,170.1546096644843,24.731,-108.23435245797452,4.0839767203902405e-11,False,2.8576322534945575e-05
ch-af-apac-eu-row-us/pf100_k100_a030,2040,us,eu,4.781155486340074,98.99999999782607,194.6514641050261,169.5064397971675,178.9034397971675,170.1546096644843,9.397,15.099854440541796,0.048294499863081444,True,-0.6481698673167955
ch-af-apac-eu-row-us/pf100_k100_a030,2040,us,us,8.735729014656144e-08,74.99999999548471,184.53371099398083,170.1546096644843,170.1546096644843,170.1546096644843,0.0,14.379101329496535,1.1647638686909423e-09,False,0.0
ch-af-apac-eu-row-us/pf100_k100_a030,2040,us,apac,3.638825403776737e-08,125.99999999549547,159.46702958254858,170.15644623938417,184.89410239470786,170.1546096644843,14.73765615532369,-25.425236237259412,2.887956669767322e-10,False,0.0018365748998689924
ch-af-apac-eu-row-us/pf100_k100_a030,2040,us,af,1.7884790878891074e-07,27.999999998065597,194.69235322954427,170.24306853451242,184.4430685345124,170.1546096644843,14.2,10.33774356505997,6.38742531433095e-09,False,0.08845887002811992
ch-af-apac-eu-row-us/pf100_k100_a030,2040,us,row,1.1110080422816406e-07,88.99999999784698,186.82453707805593,170.17026801679665,184.62009298268566,170.1546096644843,14.449824965889,2.2201024476826277,1.2483236430432777e-09,False,0.015658352312357238
ch-af-apac-eu-row-us/pf100_k100_a030,2040,apac,ch,1.975409629160273e-08,315.99999999592984,86.65125720650978,99.95886258655133,113.19175553683658,99.28554577932321,13.23289295028525,-25.86718152309868,6.251296294891508e-11,False,0.6733168072281188
ch-af-apac-eu-row-us/pf100_k100_a030,2040,apac,eu,64.94220906246946,98.99999999782607,194.6514641050261,118.2238645877836,134.53103810041603,99.28554577932321,16.30717351263244,79.05874481307043,0.6559819097363184,True,18.93831880846038
ch-af-apac-eu-row-us/pf100_k100_a030,2040,apac,us,69.77193359193397,74.99999999548471,184.53371099398083,110.69837446577472,124.40845527262069,99.28554577932321,13.71008080684597,71.53808440781165,0.9302924479484601,True,11.412828686451505
ch-af-apac-eu-row-us/pf100_k100_a030,2040,apac,apac,125.99999981217879,125.99999999549547,159.46702958254858,99.28554577932321,99.28554577932321,99.28554577932321,0.0,60.18148380322536,0.9999999985451057,True,0.0
ch-af-apac-eu-row-us/pf100_k100_a030,2040,apac,af,2.617931046672916e-08,27.999999998065597,194.69235322954427,186.62982593145327,199.80244206837259,99.28554577932321,13.17261613691931,82.23419131330175,9.349753738763492e-10,False,87.34428015213005
ch-af-apac-eu-row-us/pf100_k100_a030,2040,apac,row,1.7142607615140509e-06,88.99999999784698,186.82453707805593,108.96669238266806,127.84910709922599,99.28554577932321,18.88241471655794,68.65657658217478,1.9261356871410348e-08,False,9.681146603344843
ch-af-apac-eu-row-us/pf100_k100_a030,2040,af,ch,1.4934767612123334e-08,315.99999999592984,86.65125720650978,95.83213549135675,100.33213549135675,95.83213549134676,4.5,-13.680878284836979,4.726192282378385e-11,False,9.990230864787009e-12
ch-af-apac-eu-row-us/pf100_k100_a030,2040,af,eu,1.5787471839346947e-07,98.99999999782607,194.6514641050261,95.83213549145665,102.03213549145666,95.83213549134676,6.2,92.61932861367933,1.5946941252215782e-09,False,1.098925395126571e-10
ch-af-apac-eu-row-us/pf100_k100_a030,2040,af,us,7.583068360932072e-08,74.99999999548471,184.53371099398083,95.83213549142815,104.33213549142815,95.83213549134676,8.5,80.20157550263407,1.0110757815184803e-09,False,8.138556495396188e-11
ch-af-apac-eu-row-us/pf100_k100_a030,2040,af,apac,3.755289621171813e-08,125.99999999549547,159.46702958254858,95.8321354913659,102.85670761850527,95.83213549134676,7.024572127139364,56.61032196406245,2.980388588338147e-10,False,1.91420213013771e-11
ch-af-apac-eu-row-us/pf100_k100_a030,2040,af,af,10.899999587766922,27.999999998065597,194.69235322954427,95.83213549134676,95.83213549134676,95.83213549134676,0.0,98.8602177381975,0.3892856995899985,True,0.0
ch-af-apac-eu-row-us/pf100_k100_a030,2040,af,row,8.711843540432468e-08,88.99999999784698,186.82453707805593,95.83213549137929,103.33213549137929,95.83213549134676,7.5,83.49240158670916,9.788588247913728e-10,False,3.2528646443097387e-11
ch-af-apac-eu-row-us/pf100_k100_a030,2040,row,ch,1.5225584961671038e-08,315.99999999592984,86.65125720650978,187.17265434203642,201.2950502464733,187.17271895170572,14.12239590443686,-114.64385764963279,4.8182230891984646e-11,False,-6.460966929466849e-05
ch-af-apac-eu-row-us/pf100_k100_a030,2040,row,eu,3.53145705481806e-06,98.99999999782607,194.6514641050261,187.17322173987475,195.2968633781,187.17271895170572,8.123641638225255,-0.6448964849048799,3.5671283382783906e-08,False,0.0005027881690295999
ch-af-apac-eu-row-us/pf100_k100_a030,2040,row,us,9.27190537457036e-08,74.99999999548471,184.53371099398083,187.17274454487153,200.96018823087837,187.17271895170572,13.78744368600683,-16.426451643731717,1.2362540500171419e-09,False,2.5593165815962493e-05
ch-af-apac-eu-row-us/pf100_k100_a030,2040,row,apac,3.4025145985458207e-08,125.99999999549547,159.46702958254858,187.1727851483241,206.92549946897864,187.17271895170572,19.75271432065455,-47.45840368981169,2.7004084116408424e-10,False,6.619661837703461e-05
ch-af-apac-eu-row-us/pf100_k100_a030,2040,row,af,2.856065071052176e-07,27.999999998065597,194.69235322954427,187.17259807045477,199.67259807045477,187.17271895170572,12.5,-4.9803657221614515,1.0200232397319606e-08,False,-0.0001208812509503332
ch-af-apac-eu-row-us/pf100_k100_a030,2040,row,row,4.246983307151604e-06,88.99999999784698,186.82453707805593,187.17271895170572,187.17271895170572,187.17271895170572,0.0,-0.3481818736497928,4.771891356465555e-08,False,0.0
ch-af-apac-eu-row-us/pf120_k050_a030,2025,ch,ch,323.9999999927106,323.99999999921744,163.32400000005447,163.0,163.0,163.0,0.0,0.3240000000544683,0.9999999999799173,True,0.0
ch-af-apac-eu-row-us/pf120_k050_a030,2025,ch,eu,74.99999995557263,74.99999999960629,288.040131549343,271.8471315511237,287.9651315511237,163.0,16.118,108.92213154934302,0.9999999994128846,True,108.84713155112371
ch-af-apac-eu-row-us/pf120_k050_a030,2025,ch,us,30.000000039490743,44.999999999040256,291.84016090077137,280.6771609245907,291.81016092459066,163.0,11.133,117.70716090077137,0.6666666675584572,True,117.67716092459068
ch-af-apac-eu-row-us/pf120_k050_a030,2025,ch,apac,4.7993646032644154e-09,49.99999999908224,248.22713424255107,277.5278566299078,291.30827820878943,163.0,13.78042157888167,71.4467126636694,9.598729206705017e-11,False,114.52785662990777
ch-af-apac-eu-row-us/pf120_k050_a030,2025,ch,af,6.599999900123907,9.999999999662151,304.61204108635883,294.10544109917214,304.60544109917214,163.0,10.5,131.11204108635883,0.6599999900346888,True,131.10544109917214
ch-af-apac-eu-row-us/pf120_k050_a030,2025,ch,row,9.429023220415303e-10,44.99999999956617,346.0497741210419,612.13934123443,626.7357935440359,163.0,14.59645230960589,168.45332181143598,2.0953384934458233e-11,False,449.13934123443005
ch-af-apac-eu-row-us/pf120_k050_a030,2025,eu,ch,1.2530117560114778e-09,323.99999999921744,163.32400000005447,359.1000001595993,375.2180001595993,299.25,16.118,-152.04399999994553,3.867320234612667e-12,False,59.85000015959929
ch-af-apac-eu-row-us/pf120_k050_a030,2025,eu,eu,2.302360899661686e-08,74.99999999960629,288.040131549343,299.25,299.25,299.25,0.0,-11.209868450656984,3.069814532898363e-10,False,0.0
ch-af-apac-eu-row-us/pf120_k050_a030,2025,eu,us,2.514915652393495e-09,44.999999999040256,291.84016090077137,359.09997783648055,377.85997783648054,299.25,18.76,-26.169839099228636,5.5887014498825164e-11,False,59.84997783648055
ch-af-apac-eu-row-us/pf120_k050_a030,2025,eu,apac,1.7669737682416495e-09,49.99999999908224,248.22713424255107,359.10000584518957,377.23364604840464,299.25,18.13364020321509,-69.15650596066402,3.5339475365481655e-11,False,59.85000584518957
ch-af-apac-eu-row-us/pf120_k050_a030,2025,eu,af,3.872190667199994e-09,9.999999999662151,304.61204108635883,359.1000083469996,368.9000083469996,299.25,9.8,-4.437958913641172,3.872190667330816e-10,False,59.85000834699957
ch-af-apac-eu-row-us/pf120_k050_a030,2025,eu,row,1.2116088122378246e-08,44.99999999956617,346.0497741210419,359.09994036289527,367.53622852855796,299.25,8.436288165662685,38.36348595537919,2.692464027221123e-10,False,59.84994036289527
ch-af-apac-eu-row-us/pf120_k050_a030,2025,us,ch,1.0927362580538469e-09,323.99999999921744,163.32400000005447,385.5000348370191,410.2310348370191,321.25,24.731,-182.65699999994553,3.3726427717792782e-12,False,64.25003483701909
ch-af-apac-eu-row-us/pf120_k050_a030,2025,us,eu,2.3342256641444117e-09,74.99999999960629,288.040131549343,385.4999791106445,394.8969791106445,321.25,9.397,-42.60686845065698,3.11230088554222e-11,False,64.24997911064452
ch-af-apac-eu-row-us/pf120_k050_a030,2025,us,us,7.411396349643952e-09,44.999999999040256,291.84016090077137,321.25,321.25,321.25,0.0,-29.409839099228634,1.6469769666226709e-10,False,0.0
ch-af-apac-eu-row-us/pf120_k050_a030,2025,us,apac,1.5583794402691147e-09,49.99999999908224,248.22713424255107,385.5001033535384,400.2377595088621,321.25,14.73765615532369,-87.76052191277262,3.116758880595438e-11,False,64.2501033535384
ch-af-apac-eu-row-us/pf120_k050_a030,2025,us,af,2.521950293542434e-09,9.999999999662151,304.61204108635883,385.4999417845372,399.6999417845372,321.25,14.2,-30.83795891364117,2.521950293627638e-10,False,64.24994178453721
ch-af-apac-eu-row-us/pf120_k050_a030,2025,us,row,4.063417761831563e-09,44.99999999956617,346.0497741210419,385.49992171816103,399.94974668405,321.25,14.449824965889,10.349949155152878,9.029817248601637e-11,False,64.24992171816103
ch-af-apac-eu-row-us/pf120_k050_a030,2025,apac,ch,1.855378994004265e-09,323.99999999921744,163.32400000005447,235.15160100228343,248.38449395256868,187.45,13.23289295028525,-37.35889295023077,5.726478376570205e-12,False,47.70160100228344
ch-af-apac-eu-row-us/pf120_k050_a030,2025,apac,eu,1.1815811001082744e-08,74.99999999960629,288.040131549343,229.36241568083042,245.66958919346285,187.45,16.30717351263244,84.2829580367106,1.5754414668193026e-10,False,41.912415680830435
ch-af-apac-eu-row-us/pf120_k050_a030,2025,apac,us,14.999999942557896,44.999999999040256,291.84016090077137,217.38794586035226,231.09802666719824,187.45,13.71008080684597,90.68008009392541,0.3333333320639513,True,29.937945860352272
ch-af-apac-eu-row-us/pf120_k050_a030,2025,apac,apac,49.9999999858895,49.99999999908224,248.22713424255107,187.45,187.45,187.45,0.0,60.777134242551085,0.9999999997361452,True,0.0
ch-af-apac-eu-row-us/pf120_k050_a030,2025,apac,af,1.2473338098644757e-07,9.999999999662151,304.61204108635883,235.8620630671837,249.034679204103,187.45,13.17261613691931,103.98942494943952,1.2473338099066167e-08,False,48.41206306718371
ch-af-apac-eu-row-us/pf120_k050_a030,2025,apac,row,44.999999927914416,44.99999999956617,346.0497741210419,266.39522515967747,285.2776398762354,187.45,18.88241471655794,139.71735940448394,0.9999999984077388,True,78.94522515967748
ch-af-apac-eu-row-us/pf120_k050_a030,2025,af,ch,1.4557669433468987e-09,323.99999999921744,163.32400000005447,217.1160173746589,221.6160173746589,180.93,4.5,-22.10599999994554,4.49310784984696e-12,False,36.18601737465889
ch-af-apac-eu-row-us/pf120_k050_a030,2025,af,eu,4.9725184515740424e-09,74.99999999960629,288.040131549343,217.1160135011891,223.31601350118908,180.93,6.2,100.910131549343,6.630024602133527e-11,False,36.18601350118908
ch-af-apac-eu-row-us/pf120_k050_a030,2025,af,us,5.27460449577805e-09,44.999999999040256,291.84016090077137,217.11601893094422,225.61601893094422,180.93,8.5,102.41016090077136,1.1721343324201212e-10,False,36.186018930944215
ch-af-apac-eu-row-us/pf120_k050_a030,2025,af,apac,3.6491769186013947e-09,49.99999999908224,248.22713424255107,217.116025637404,224.14059776454334,180.93,7.024572127139364,60.2725621154117,7.298353837336751e-11,False,36.186025637403986
ch-af-apac-eu-row-us/pf120_k050_a030,2025,af,af,3.39999996666313,9.999999999662151,304.61204108635883,180.93,180.93,180.93,0.0,123.68204108635882,0.3399999966777999,True,0.0
ch-af-apac-eu-row-us/pf120_k050_a030,2025,af,row,1.6318186662160007e-08,44.99999999956617,346.0497741210419,217.11607406358684,224.61607406358684,180.93,7.5,157.61977412104187,3.6262637027371833e-10,False,36.18607406358683
ch-af-apac-eu-row-us/pf120_k050_a030,2025,row,ch,8.498991466122492e-10,323.99999999921744,163.32400000005447,424.05599933258134,438.1783952370182,353.38,14.12239590443686,-204.1783959043824,2.623145514241673e-12,False,70.67599933258134
ch-af-apac-eu-row-us/pf120_k050_a030,2025,row,eu,1.8874853665895826e-09,74.99999999960629,288.040131549343,424.0560003670154,432.1796420052406,353.38,8.123641638225255,-73.46351008888223,2.516647155465988e-11,False,70.67600036701538
ch-af-apac-eu-row-us/pf120_k050_a030,2025,row,us,1.7906959824418679e-09,44.999999999040256,291.84016090077137,424.05600082232064,437.8434445083275,353.38,13.78744368600683,-75.32728278523545,3.9793244055112425e-11,False,70.67600082232065
ch-af-apac-eu-row-us/pf120_k050_a030,2025,row,apac,1.4188319597709824e-09,49.99999999908224,248.22713424255107,424.0560012326669,443.80871555332146,353.38,19.75271432065455,-124.90558007810347,2.8376639195940506e-11,False,70.67600123266692
ch-af-apac-eu-row-us/pf120_k050_a030,2025,row,af,1.747592234641597e-09,9.999999999662151,304.61204108635883,424.0559999285037,436.5559999285037,353.38,12.5,-61.267958913641166,1.7475922347006391e-10,False,70.6759999285037
ch-af-apac-eu-row-us/pf120_k050_a030,2025,row,row,3.821116695565812e-08,44.99999999956617,346.0497741210419,353.38,353.38,353.38,0.0,-7.330225878958117,8.491370434672555e-10,False,0.0
ch-af-apac-eu-row-us/pf120_k050_a030,2030,ch,ch,349.9999999444384,349.9999999967301,107.79092379883555,107.44092378697313,107.44092378697313,107.44092378697313,0.0,0.35000001186242,0.9999999998505952,True,0.0
ch-af-apac-eu-row-us/pf120_k050_a030,2030,ch,eu,1.0762597965555255e-07,89.99999999820834,242.16940963050908,235.1149850653938,251.2329850653938,107.44092378697313,16.118,118.61048584353597,1.1958442184188344e-09,False,127.67406127842067
ch-af-apac-eu-row-us/pf120_k050_a030,2030,ch,us,34.54444817514084,64.99999999610975,217.64062914447186,206.47308471684363,217.60608471684364,107.44092378697313,11.133,99.06670535749873,0.5314530488801281,True,99.0321609298705
ch-af-apac-eu-row-us/pf120_k050_a030,2030,ch,apac,7.257907116371955e-09,84.99999999688717,123.6420623743372,258.01320772544545,271.7936293043271,107.44092378697313,13.78042157888167,2.4207170084824003,8.538714254867941e-11,False,150.5722839384723
ch-af-apac-eu-row-us/pf120_k050_a030,2030,ch,af,1.6187466578264183e-08,13.999999998569526,199.364280626967,208.1735382228066,218.6735382228066,107.44092378697313,10.5,81.42335683999387,1.1562476128512975e-09,False,100.73261443583347
ch-af-apac-eu-row-us/pf120_k050_a030,2030,ch,row,69.99999966812847,69.99999999820898,225.45878146063868,210.79232915500916,225.38878146461505,107.44092378697313,14.59645230960589,103.42140536405965,0.9999999952845642,True,103.35140536803603
ch-af-apac-eu-row-us/pf120_k050_a030,2030,eu,ch,7.034026848929886e-09,349.9999999967301,107.79092379883555,236.69968377584024,252.81768377584024,197.24967143099207,16.118,-105.57674763215651,2.0097219568558863e-11,False,39.450012344848176
ch-af-apac-eu-row-us/pf120_k050_a030,2030,eu,eu,27.34263204471442,89.99999999820834,242.16940963050908,197.24967143099207,197.24967143099207,197.24967143099207,0.0,44.91973819951701,0.30380702272509713,True,0.0
ch-af-apac-eu-row-us/pf120_k050_a030,2030,eu,us,1.373419345266975e-08,64.99999999610975,217.64062914447186,236.69966727182768,255.45966727182767,197.24967143099207,18.76,1.6309577134797912,2.1129528389987297e-10,False,39.44999584083561
ch-af-apac-eu-row-us/pf120_k050_a030,2030,eu,apac,6.490047910694516e-09,84.99999999688717,123.6420623743372,236.6996652456283,254.8333054488434,197.24967143099207,18.13364020321509,-91.74124925986996,7.635350483449637e-11,False,39.44999381463623
ch-af-apac-eu-row-us/pf120_k050_a030,2030,eu,af,1.1799119155579508e-08,13.999999998569526,199.364280626967,236.6997469262443,246.4997469262443,197.24967143099207,9.8,-7.685390804025065,8.427942254846502e-10,False,39.450075495252236
ch-af-apac-eu-row-us/pf120_k050_a030,2030,eu,row,1.7517506792927275e-08,69.99999999820898,225.45878146063868,236.6996744174816,245.13596258314428,197.24967143099207,8.436288165662685,19.772821863983925,2.502500970482211e-10,False,39.45000298648952
ch-af-apac-eu-row-us/pf120_k050_a030,2030,us,ch,7.37028880371657e-09,349.9999999967301,107.79092379883555,254.10124199009124,278.83224199009123,211.75090040837495,24.731,-128.6909766095394,2.105796801081551e-11,False,42.35034158171629
ch-af-apac-eu-row-us/pf120_k050_a030,2030,us,eu,2.4896261171255587e-08,89.99999999820834,242.16940963050908,254.10030652127466,263.49730652127465,211.75090040837495,9.397,21.021509222134135,2.7662512413056897e-10,False,42.349406112899715
ch-af-apac-eu-row-us/pf120_k050_a030,2030,us,us,30.45555152414696,64.99999999610975,217.64062914447186,211.75090040837495,211.75090040837495,211.75090040837495,0.0,5.889728736096913,0.46854694655338036,True,0.0
ch-af-apac-eu-row-us/pf120_k050_a030,2030,us,apac,7.157960436295576e-09,84.99999999688717,123.6420623743372,254.10095179520962,268.8386079505333,211.75090040837495,14.73765615532369,-102.84649418936144,8.421129925362013e-11,False,42.35005138683468
ch-af-apac-eu-row-us/pf120_k050_a030,2030,us,af,1.2731978350626257e-08,13.999999998569526,199.364280626967,254.1010118465643,268.3010118465643,211.75090040837495,14.2,-26.586619781407943,9.094270251376549e-10,False,42.350111438189344
ch-af-apac-eu-row-us/pf120_k050_a030,2030,us,row,2.2646323969910068e-08,69.99999999820898,225.45878146063868,254.10080918151442,268.5506341474034,211.75090040837495,14.449824965889,-0.7419439136252706,3.235189138641357e-10,False,42.349908773139475
ch-af-apac-eu-row-us/pf120_k050_a030,2030,apac,ch,2.2818810282393135e-08,349.9999999967301,107.79092379883555,159.29037480990257,172.52326776018782,123.55706235501908,13.23289295028525,-28.999031506468782,6.519660080744664e-11,False,35.73331245488349
ch-af-apac-eu-row-us/pf120_k050_a030,2030,apac,eu,56.967455456730136,89.99999999820834,242.16940963050908,225.8052686488664,242.11244216149882,123.55706235501908,16.30717351263244,102.30517376285755,0.6329717273096023,True,102.2482062938473
ch-af-apac-eu-row-us/pf120_k050_a030,2030,apac,us,2.4852114202965713e-07,64.99999999610975,217.64062914447186,213.48970802143577,227.19978882828175,123.55706235501908,13.71008080684597,80.37348598260681,3.823402185300479e-09,False,89.93264566641669
ch-af-apac-eu-row-us/pf120_k050_a030,2030,apac,apac,84.99999996221972,84.99999999688717,123.6420623743372,123.55706235501908,123.55706235501908,123.55706235501908,0.0,0.08500001931811596,0.9999999995921476,True,0.0
ch-af-apac-eu-row-us/pf120_k050_a030,2030,apac,af,13.999999868613278,13.999999998569526,199.364280626967,186.17766459354937,199.35028073046868,123.55706235501908,13.17261613691931,62.63460213502861,0.9999999907174109,True,62.62060223853028
ch-af-apac-eu-row-us/pf120_k050_a030,2030,apac,row,1.1854086384419266e-07,69.99999999820898,225.45878146063868,222.6068761437673,241.48929086032524,123.55706235501908,18.88241471655794,83.01930438906166,1.6934409121032236e-09,False,99.04981378874821
ch-af-apac-eu-row-us/pf120_k050_a030,2030,af,ch,7.854936061760967e-09,349.9999999967301,107.79092379883555,143.11134166599518,147.61134166599518,119.25942540354018,4.5,-15.968501604704628,2.2442674462383863e-11,False,23.851916262455006
ch-af-apac-eu-row-us/pf120_k050_a030,2030,af,eu,5.689912345172318,89.99999999820834,242.16940963050908,143.1116257426265,149.3116257426265,119.25942540354018,6.2,116.7099842269689,0.06322124828095099,True,23.852200339086323
ch-af-apac-eu-row-us/pf120_k050_a030,2030,af,us,2.00638036603353e-08,64.99999999610975,217.64062914447186,143.1111602592508,151.6111602592508,119.25942540354018,8.5,89.88120374093168,3.08673902485171e-10,False,23.851734855710617
ch-af-apac-eu-row-us/pf120_k050_a030,2030,af,apac,7.34278592790224e-09,84.99999999688717,123.6420623743372,143.11133786915693,150.13590999629628,119.25942540354018,7.024572127139364,-2.641935156342341,8.638571680201346e-11,False,23.85191246561675
ch-af-apac-eu-row-us/pf120_k050_a030,2030,af,af,7.833485879154645e-08,13.999999998569526,199.364280626967,119.25942540354018,119.25942540354018,119.25942540354018,0.0,80.10485522342682,5.595347057110746e-09,False,0.0
ch-af-apac-eu-row-us/pf120_k050_a030,2030,af,row,3.078569901390567e-08,69.99999999820898,225.45878146063868,143.11123377870604,150.61123377870604,119.25942540354018,7.5,98.6993560570985,4.3979570020990504e-10,False,23.85180837516586
ch-af-apac-eu-row-us/pf120_k050_a030,2030,row,ch,7.2136742620197884e-09,349.9999999967301,107.79092379883555,279.5151457142046,293.6375416186415,232.92928618307093,14.12239590443686,-139.26075828867224,2.0610497891677665e-11,False,46.58585953113368
ch-af-apac-eu-row-us/pf120_k050_a030,2030,row,eu,1.9069231881223417e-08,89.99999999820834,242.16940963050908,279.5151402238664,287.63878186209166,232.92928618307093,8.123641638225255,1.116481809212896,2.118803542400337e-10,False,46.58585404079548
ch-af-apac-eu-row-us/pf120_k050_a030,2030,row,us,1.450281984199095e-08,64.99999999610975,217.64062914447186,279.51514305483636,293.3025867408432,232.92928618307093,13.78744368600683,-29.0761007246059,2.23120305274753e-10,False,46.58585687176543
ch-af-apac-eu-row-us/pf120_k050_a030,2030,row,apac,6.4187402461506995e-09,84.99999999688717,123.6420623743372,279.51514374774774,299.2678580684023,232.92928618307093,19.75271432065455,-129.03993812938828,7.551459113395016e-11,False,46.585857564676814
ch-af-apac-eu-row-us/pf120_k050_a030,2030,row,af,1.0902824980526162e-08,13.999999998569526,199.364280626967,279.5151430345418,292.0151430345418,232.92928618307093,12.5,-46.06500555610393,7.787732129742983e-10,False,46.58585685147085
ch-af-apac-eu-row-us/pf120_k050_a030,2030,row,row,1.4059012686912671e-07,69.99999999820898,225.45878146063868,232.92928618307093,232.92928618307093,232.92928618307093,0.0,-7.470504722432253,2.008430383896055e-09,False,0.0
ch-af-apac-eu-row-us/pf120_k050_a030,2035,ch,ch,332.9999999157677,332.9999999939313,95.90883301570554,95.57583300040461,95.57583300040461,95.57583300040461,0.0,0.33300001530092516,0.9999999997652745,True,0.0
ch-af-apac-eu-row-us/pf120_k050_a030,2035,ch,eu,4.0657043327372696e-07,94.99999999664205,209.1028007402407,198.63361213076237,214.75161213076237,95.57583300040461,16.118,97.40896773983609,4.279688771453663e-09,False,103.05777913035776
ch-af-apac-eu-row-us/pf120_k050_a030,2035,ch,us,7.30994562954405e-07,69.99999999279659,210.69703768082056,201.24338083318878,212.3763808331888,95.57583300040461,11.133,103.98820468041595,1.0442779471851838e-08,False,105.66754783278417
ch-af-apac-eu-row-us/pf120_k050_a030,2035,ch,apac,1.826562555448647e-08,102.99999999312499,163.3325121768166,289.1933173478181,302.97373892669975,95.57583300040461,13.78042157888167,53.97625759753032,1.7733617044374427e-10,False,193.6174843474135
ch-af-apac-eu-row-us/pf120_k050_a030,2035,ch,af,1.1926895043708858,19.999999997113203,262.6883350552934,252.18714523706504,262.687145237065,95.57583300040461,10.5,156.6125020548888,0.05963447522715192,True,156.6113122366604
ch-af-apac-eu-row-us/pf120_k050_a030,2035,ch,row,78.9999996829952,78.99999999673562,194.0684429423264,179.39299064457535,193.98944295418124,95.57583300040461,14.59645230960589,83.8961576323159,0.9999999960286021,True,83.81715764417073
ch-af-apac-eu-row-us/pf120_k050_a030,2035,eu,ch,1.5198582586539537e-08,332.9999999939313,95.90883301570554,210.56823602549906,226.68623602549906,175.4666750022766,16.118,-95.67584198657104,4.5641389149599166e-11,False,35.10156102322247
ch-af-apac-eu-row-us/pf120_k050_a030,2035,eu,eu,27.794092652977508,94.99999999664205,209.1028007402407,175.4666750022766,175.4666750022766,175.4666750022766,0.0,33.63612573796411,0.2925693963574731,True,0.0
ch-af-apac-eu-row-us/pf120_k050_a030,2035,eu,us,4.277360764897861e-08,69.99999999279659,210.69703768082056,210.463638892056,229.223638892056,175.4666750022766,18.76,16.470362678543967,6.110515379054324e-10,False,34.99696388977941
ch-af-apac-eu-row-us/pf120_k050_a030,2035,eu,apac,2.382604528847513e-08,102.99999999312499,163.3325121768166,210.52592610490376,228.65956630811885,175.4666750022766,18.13364020321509,-30.267803028675072,2.3132082805888802e-10,False,35.05925110262717
ch-af-apac-eu-row-us/pf120_k050_a030,2035,eu,af,2.8591654970998184e-06,19.999999997113203,262.6883350552934,219.68517321878778,229.4851732187878,175.4666750022766,9.8,77.42166005301682,1.429582748756255e-07,False,44.21849821651119
ch-af-apac-eu-row-us/pf120_k050_a030,2035,eu,row,4.0108396238734626e-08,78.99999999673562,194.0684429423264,210.49848099116508,218.93476915682777,175.4666750022766,8.436288165662685,10.16547977438714,5.077012182328096e-10,False,35.03180598888849
ch-af-apac-eu-row-us/pf120_k050_a030,2035,us,ch,1.4188798204610717e-08,332.9999999939313,95.90883301570554,226.07402958015626,250.80502958015626,188.3664806833128,24.731,-117.18864766760726,4.2609003618226125e-11,False,37.70754889684346
ch-af-apac-eu-row-us/pf120_k050_a030,2035,us,eu,4.671321016400532e-08,94.99999999664205,209.1028007402407,226.38524331219847,235.78224331219846,188.3664806833128,9.397,11.339320056927894,4.917180017437525e-10,False,38.01876262888567
ch-af-apac-eu-row-us/pf120_k050_a030,2035,us,us,19.393509049636528,69.99999999279659,210.69703768082056,188.3664806833128,188.3664806833128,188.3664806833128,0.0,22.330556997507756,0.2770501293090319,True,0.0
ch-af-apac-eu-row-us/pf120_k050_a030,2035,us,apac,2.3938618663633288e-08,102.99999999312499,163.3325121768166,226.14336812233282,240.8810242776565,188.3664806833128,14.73765615532369,-39.771624661819885,2.3241377344884599e-10,False,37.776887439020015
ch-af-apac-eu-row-us/pf120_k050_a030,2035,us,af,10.827482683940937,19.999999997113203,262.6883350552934,226.1663439769037,240.3663439769037,188.3664806833128,14.2,60.121854371980604,0.5413741342751888,True,37.7998632935909
ch-af-apac-eu-row-us/pf120_k050_a030,2035,us,row,3.4046264485346005e-08,78.99999999673562,194.0684429423264,226.37437659269008,240.8242015585791,188.3664806833128,14.449824965889,-8.747862706875388,4.309653732500359e-10,False,38.00789590937728
ch-af-apac-eu-row-us/pf120_k050_a030,2035,apac,ch,2.40580373825211e-08,332.9999999939313,95.90883301570554,130.9446332229872,144.17752617327244,109.9122079504653,13.23289295028525,-27.23626788504501,7.224635850738601e-11,False,21.03242527252189
ch-af-apac-eu-row-us/pf120_k050_a030,2035,apac,eu,67.20590681252503,94.99999999664205,209.1028007402407,139.41111712510892,155.71829063774135,109.9122079504653,16.30717351263244,82.88341927714296,0.7074305980515847,True,29.498909174643615
ch-af-apac-eu-row-us/pf120_k050_a030,2035,apac,us,50.606490096196424,69.99999999279659,210.69703768082056,143.61904617132134,157.32912697816732,109.9122079504653,13.71008080684597,87.07474892350929,0.7229498585914875,True,33.70683822085604
ch-af-apac-eu-row-us/pf120_k050_a030,2035,apac,apac,102.99999988777336,102.99999999312499,163.3325121768166,109.9122079504653,109.9122079504653,109.9122079504653,0.0,53.420304226351305,0.9999999989771686,True,0.0
ch-af-apac-eu-row-us/pf120_k050_a030,2035,apac,af,5.075267345731402e-09,19.999999997113203,262.6883350552934,684.1359661359717,697.3085822728909,109.9122079504653,13.17261613691931,139.6035109679088,2.537633673231983e-10,False,574.2237581855063
ch-af-apac-eu-row-us/pf120_k050_a030,2035,apac,row,4.3390896910039785e-08,78.99999999673562,194.0684429423264,176.6096419015688,195.49205661812675,109.9122079504653,18.88241471655794,65.27382027530317,5.492518596434525e-10,False,66.6974339511035
ch-af-apac-eu-row-us/pf120_k050_a030,2035,af,ch,9.782072718961143e-09,332.9999999939313,95.90883301570554,127.30701246512332,131.8070124651233,106.08917463044914,4.5,-14.680341614743597,2.937559375116942e-11,False,21.217837834674185
ch-af-apac-eu-row-us/pf120_k050_a030,2035,af,eu,2.4826465790483158e-08,94.99999999664205,209.1028007402407,127.30704520878167,133.50704520878168,106.08917463044914,6.2,96.81362610979156,2.6133121885642836e-10,False,21.217870578332537
ch-af-apac-eu-row-us/pf120_k050_a030,2035,af,us,2.4344326645950844e-08,69.99999999279659,210.69703768082056,127.30706095943734,135.80706095943734,106.08917463044914,8.5,96.10786305037142,3.477760949779431e-10,False,21.2178863289882
ch-af-apac-eu-row-us/pf120_k050_a030,2035,af,apac,1.51851322157484e-08,102.99999999312499,163.3325121768166,127.30702137286238,134.33159350000173,106.08917463044914,7.024572127139364,50.218765419228106,1.4742846812390263e-10,False,21.217846742413244
ch-af-apac-eu-row-us/pf120_k050_a030,2035,af,af,7.979824893486839,19.999999997113203,262.6883350552934,106.08917463044914,106.08917463044914,106.08917463044914,0.0,156.59916042484429,0.39899124473193226,True,0.0
ch-af-apac-eu-row-us/pf120_k050_a030,2035,af,row,1.987785954299176e-08,78.99999999673562,194.0684429423264,127.30702422923486,134.80702422923486,106.08917463044914,7.5,80.47926831187728,2.51618475238141e-10,False,21.21784959878572
ch-af-apac-eu-row-us/pf120_k050_a030,2035,row,ch,1.493618855370723e-08,332.9999999939313,95.90883301570554,248.64729416147705,262.7696900659139,207.20606052566248,14.12239590443686,-125.4196234143938,4.485341908101932e-11,False,41.44123363581457
ch-af-apac-eu-row-us/pf120_k050_a030,2035,row,eu,5.302939039274886e-08,94.99999999664205,209.1028007402407,248.64727645326616,256.7709180914914,207.20606052566248,8.123641638225255,-6.226901423647039,5.582041094170872e-10,False,41.44121592760368
ch-af-apac-eu-row-us/pf120_k050_a030,2035,row,us,4.8851138790628914e-08,69.99999999279659,210.69703768082056,248.64732431411474,262.43476800012155,207.20606052566248,13.78744368600683,-10.296466530848752,6.97873411366514e-10,False,41.44126378845226
ch-af-apac-eu-row-us/pf120_k050_a030,2035,row,apac,2.413620434640545e-08,102.99999999312499,163.3325121768166,248.64722453445108,268.39993885510563,207.20606052566248,19.75271432065455,-63.62626266950042,2.3433208104870373e-10,False,41.441164008788604
ch-af-apac-eu-row-us/pf120_k050_a030,2035,row,af,5.107377733172058e-08,19.999999997113203,262.6883350552934,295.40041341284524,307.90041341284524,207.20606052566248,12.5,42.98227452963093,2.553688866954628e-09,False,88.19435288718276
ch-af-apac-eu-row-us/pf120_k050_a030,2035,row,row,1.763170318649413e-07,78.99999999673562,194.0684429423264,207.20606052566248,207.20606052566248,207.20606052566248,0.0,-13.137617583336066,2.2318611629395815e-09,False,0.0
ch-af-apac-eu-row-us/pf120_k050_a030,2040,ch,ch,315.999999659938,315.99999997924454,86.65125722760432,86.33525719941149,86.33525719941149,86.33525719941149,0.0,0.3160000281928319,0.9999999989895363,True,0.0
ch-af-apac-eu-row-us/pf120_k050_a030,2040,ch,eu,1.5328755245154707e-06,98.99999998950763,177.17735732530028,166.82116856509467,182.93916856509466,86.33525719941149,16.118,74.7241001258888,1.548359115836293e-08,False,80.48591136568318
ch-af-apac-eu-row-us/pf120_k050_a030,2040,ch,us,44.780003657441014,74.99999997911306,185.44659457900977,174.26881476209175,185.40181476209176,86.33525719941149,11.133,87.97833737959829,0.5970667155988255,True,87.93355756268026
ch-af-apac-eu-row-us/pf120_k050_a030,2040,ch,apac,4.2656387400621934e-07,125.99999997972459,132.6209005207737,133.047433632347,146.82785521122867,86.33525719941149,13.78042157888167,32.50522174248053,3.3854275720227007e-09,False,46.71217643293552
ch-af-apac-eu-row-us/pf120_k050_a030,2040,ch,af,17.730260766417715,27.999999990787924,195.64556353601813,185.1278334012087,195.6278334012087,86.33525719941149,10.5,98.81030633660664,0.633223599008965,True,98.79257620179722
ch-af-apac-eu-row-us/pf120_k050_a030,2040,ch,row,27.086553702606018,88.99999998960732,176.4155083990938,161.79196973902305,176.38842204862894,86.33525719941149,14.59645230960589,75.48379889007641,0.3043433000648198,True,75.45671253961156
ch-af-apac-eu-row-us/pf120_k050_a030,2040,eu,ch,5.66531595324087e-08,315.99999997924454,86.65125722760432,190.20279619131676,206.32079619131676,158.50199826333673,16.118,-87.9687410357324,1.7928215043079045e-10,False,31.700797927980034
ch-af-apac-eu-row-us/pf120_k050_a030,2040,eu,eu,27.77705788731867,98.99999998950763,177.17735732530028,158.50199826333673,158.50199826333673,158.50199826333673,0.0,18.675359061963547,0.28057634232588463,True,0.0
ch-af-apac-eu-row-us/pf120_k050_a030,2040,eu,us,1.2918783934150373e-07,74.99999997911306,185.44659457900977,190.2036270855305,208.9636270855305,158.50199826333673,18.76,8.184596315673037,1.7225045250330878e-09,False,31.701628822193783
ch-af-apac-eu-row-us/pf120_k050_a030,2040,eu,apac,6.981383330621797e-08,125.99999997972459,132.6209005207737,190.20304600438504,208.33668620760014,158.50199826333673,18.13364020321509,-44.01473794577814,5.54078042202001e-10,False,31.701047741048313
ch-af-apac-eu-row-us/pf120_k050_a030,2040,eu,af,2.565342183099353e-07,27.999999990787924,195.64556353601813,190.20251247668796,200.00251247668797,158.50199826333673,9.8,27.3435652726814,9.161936371226278e-09,False,31.700514213351227
ch-af-apac-eu-row-us/pf120_k050_a030,2040,eu,row,1.3371318122379102e-07,88.99999998960732,176.4155083990938,190.20375792359556,198.64004608925825,158.50199826333673,8.436288165662685,9.47722197009438,1.5023952948247745e-09,False,31.70175966025883
ch-af-apac-eu-row-us/pf120_k050_a030,2040,us,ch,4.835784615543552e-08,315.99999997924454,86.65125722760432,204.18751886106548,228.91851886106548,170.1546096644843,24.731,-108.23435243687999,1.5303115872978402e-10,False,34.03290919658119
ch-af-apac-eu-row-us/pf120_k050_a030,2040,us,eu,1.1307419033298477e-07,98.99999998950763,177.17735732530028,204.18811277184346,213.58511277184346,170.1546096644843,9.397,-2.37425233918402,1.1421635388380685e-09,False,34.03350310735917
ch-af-apac-eu-row-us/pf120_k050_a030,2040,us,us,30.219995694879582,74.99999997911306,185.44659457900977,170.1546096644843,170.1546096644843,170.1546096644843,0.0,15.291984914525472,0.4029332760439417,True,0.0
ch-af-apac-eu-row-us/pf120_k050_a030,2040,us,apac,6.345333611187265e-08,125.99999997972459,132.6209005207737,204.18779308902597,218.92544924434966,170.1546096644843,14.73765615532369,-52.2713652990343,5.035979057308198e-10,False,34.033183424541676
ch-af-apac-eu-row-us/pf120_k050_a030,2040,us,af,1.54805656953108e-07,27.999999990787924,195.64556353601813,204.18621998231524,218.38621998231523,170.1546096644843,14.2,11.290953871533834,5.528773464429982e-09,False,34.03161031783094
ch-af-apac-eu-row-us/pf120_k050_a030,2040,us,row,1.0156421818101215e-07,88.99999998960732,176.4155083990938,204.1877311996344,218.63755616552342,170.1546096644843,14.449824965889,-8.188926231279503,1.1411709909311458e-09,False,34.033121535150116
ch-af-apac-eu-row-us/pf120_k050_a030,2040,apac,ch,1.0215294571695042e-07,315.99999997924454,86.65125722760432,114.20577172020967,127.43866467049492,99.28554577932321,13.23289295028525,-25.867181502004144,3.232688155812026e-10,False,14.920225940886453
ch-af-apac-eu-row-us/pf120_k050_a030,2040,apac,eu,71.22294026536252,98.99999998950763,177.17735732530028,127.58960617854453,143.89677969117696,99.28554577932321,16.30717351263244,61.584638033344625,0.7194236391203129,True,28.304060399221314
ch-af-apac-eu-row-us/pf120_k050_a030,2040,apac,us,3.3052944103497555e-07,74.99999997911306,185.44659457900977,159.01932448782514,172.72940529467112,99.28554577932321,13.71008080684597,72.45096799284059,4.407059215027007e-09,False,59.73377870850193
ch-af-apac-eu-row-us/pf120_k050_a030,2040,apac,apac,125.99999928228458,125.99999997972459,132.6209005207737,99.28554577932321,99.28554577932321,99.28554577932321,0.0,33.33535474145047,0.9999999944647617,True,0.0
ch-af-apac-eu-row-us/pf120_k050_a030,2040,apac,af,1.5740293911614952e-06,27.999999990787924,195.64556353601813,156.79948023413155,169.97209637105087,99.28554577932321,13.17261613691931,83.18740161977561,5.621533541711983e-08,False,57.513934454808336
ch-af-apac-eu-row-us/pf120_k050_a030,2040,apac,row,61.91344520519471,88.99999998960732,176.4155083990938,124.26182554213597,143.1442402586939,99.28554577932321,18.88241471655794,58.24754790321264,0.69565668778005,True,24.97627976281275
ch-af-apac-eu-row-us/pf120_k050_a030,2040,af,ch,6.029493100297805e-08,315.99999997924454,86.65125722760432,114.99872117779158,119.49872117779158,95.83213549134676,4.5,-13.680878263742443,1.908067436928428e-10,False,19.16658568644482
ch-af-apac-eu-row-us/pf120_k050_a030,2040,af,eu,7.288059399673815e-08,98.99999998950763,177.17735732530028,114.99596183225495,121.19596183225495,95.83213549134676,6.2,75.14522183395351,7.361676162066899e-10,False,19.163826340908187
ch-af-apac-eu-row-us/pf120_k050_a030,2040,af,us,4.616639049012825e-08,74.99999997911306,185.44659457900977,114.99824873527851,123.49824873527851,95.83213549134676,8.5,81.11445908766301,6.155518733731366e-10,False,19.166113243931747
ch-af-apac-eu-row-us/pf120_k050_a030,2040,af,apac,7.383532241400079e-08,125.99999997972459,132.6209005207737,114.99871885611665,122.02329098325602,95.83213549134676,7.024572127139364,29.76419290228756,5.859946224276355e-10,False,19.16658336476989
ch-af-apac-eu-row-us/pf120_k050_a030,2040,af,af,10.26973708474191,27.999999990787924,195.64556353601813,95.83213549134676,95.83213549134676,95.83213549134676,0.0,99.81342804467137,0.36677632457573867,True,0.0
ch-af-apac-eu-row-us/pf120_k050_a030,2040,af,row,7.936616143435503e-08,88.99999998960732,176.4155083990938,114.99778202473206,122.49778202473206,95.83213549134676,7.5,73.08337290774703,8.917546229620534e-10,False,19.1656465333853
ch-af-apac-eu-row-us/pf120_k050_a030,2040,row,ch,5.18477214245742e-08,315.99999997924454,86.65125722760432,224.60726393350987,238.72965983794674,187.17271895170572,14.12239590443686,-114.64385762853826,1.640750678100622e-10,False,37.43454498180415
ch-af-apac-eu-row-us/pf120_k050_a030,2040,row,eu,1.1799612879245691e-07,98.99999998950763,177.17735732530028,224.60726940310357,232.73091104132882,187.17271895170572,8.123641638225255,-18.119003264630695,1.1918800889390158e-09,False,37.434550451397854
ch-af-apac-eu-row-us/pf120_k050_a030,2040,row,us,1.2090879982739933e-07,74.99999997911306,185.44659457900977,224.60726619520045,238.3947098812073,187.17271895170572,13.78744368600683,-15.513568058702779,1.6121173314809539e-09,False,37.434547243494734
ch-af-apac-eu-row-us/pf120_k050_a030,2040,row,apac,6.377365912793339e-08,125.99999997972459,132.6209005207737,224.60726713438817,244.3599814550427,187.17271895170572,19.75271432065455,-74.30453275158658,5.061401518904412e-10,False,37.43454818268245
ch-af-apac-eu-row-us/pf120_k050_a030,2040,row,af,1.542590315277095e-07,27.999999990787924,195.64556353601813,224.60726777309515,237.10726777309515,187.17271895170572,12.5,-4.027155415687588,5.509251127802184e-09,False,37.43454882138943
ch-af-apac-eu-row-us/pf120_k050_a030,2040,row,row,7.671630292419359e-07,88.99999998960732,176.4155083990938,187.17271895170572,187.17271895170572,187.17271895170572,0.0,-10.757210552611923,8.619809318331672e-09,False,0.0
ch-af-apac-eu-row-us/pf120_k050_a040,2025,ch,ch,323.999999984542,323.99999999832323,163.3239999993712,163.0,163.0,163.0,0.0,0.3239999993712104,0.9999999999574654,True,0.0
ch-af-apac-eu-row-us/pf120_k050_a040,2025,ch,eu,21.599999453073202,74.99999999912968,291.071097905525,274.9314979249695,291.0494979249695,163.0,16.118,111.953097905525,0.2879999927109847,True,111.9314979249695
ch-af-apac-eu-row-us/pf120_k050_a040,2025,ch,us,2.9999999611423194,44.99999999712057,365.7254794464012,354.58947951101936,365.72247951101934,163.0,11.133,191.5924794464012,0.06666666580742847,True,191.58947951101936
ch-af-apac-eu-row-us/pf120_k050_a040,2025,ch,apac,4.878822694709629e-09,49.99999999780808,263.4894614552298,374.75411471170537,388.534536290587,163.0,13.78042157888167,86.70903987634811,9.757645389847017e-11,False,211.75411471170537
ch-af-apac-eu-row-us/pf120_k050_a040,2025,ch,af,5.150067017694774e-07,9.999999999278469,310.05915820707435,301.76351232323555,312.26351232323555,163.0,10.5,136.55915820707435,5.150067018066368e-08,False,138.76351232323555
ch-af-apac-eu-row-us/pf120_k050_a040,2025,ch,row,44.9999999384057,44.99999999909981,305.7498298043427,291.1083775076412,305.70482981724706,163.0,14.59645230960589,128.15337749473682,0.9999999986512419,True,128.1083775076412
ch-af-apac-eu-row-us/pf120_k050_a040,2025,eu,ch,2.748180411677096e-09,323.99999999832323,163.3239999993712,359.10001524099306,375.21801524099305,299.25,16.118,-152.04400000062878,8.482038307689254e-12,False,59.85001524099306
ch-af-apac-eu-row-us/pf120_k050_a040,2025,eu,eu,5.754913410260391e-08,74.99999999912968,291.071097905525,299.25,299.25,299.25,0.0,-8.178902094475006,7.673217880436229e-10,False,0.0
ch-af-apac-eu-row-us/pf120_k050_a040,2025,eu,us,5.0463360414343334e-08,44.99999999712057,365.7254794464012,359.09956999495023,377.8595699949502,299.25,18.76,47.715479446401204,1.1214080092793857e-09,False,59.84956999495023
ch-af-apac-eu-row-us/pf120_k050_a040,2025,eu,apac,4.999473543612648e-09,49.99999999780808,263.4894614552298,359.1000606954806,377.23370089869564,299.25,18.13364020321509,-53.89417874798531,9.998947087663633e-11,False,59.85006069548058
ch-af-apac-eu-row-us/pf120_k050_a040,2025,eu,af,8.07046537639638e-09,9.999999999278469,310.05915820707435,359.0999655469316,368.89996554693164,299.25,9.8,1.0091582070743463,8.070465376978689e-10,False,59.84996554693163
ch-af-apac-eu-row-us/pf120_k050_a040,2025,eu,row,8.551155369404796e-09,44.99999999909981,305.7498298043427,359.1000085493179,367.5362967149806,299.25,8.436288165662685,-1.9364583613199748,1.9002567487946343e-10,False,59.85000854931792
ch-af-apac-eu-row-us/pf120_k050_a040,2025,us,ch,2.1334921693893717e-09,323.99999999832323,163.3239999993712,385.4999473002281,410.2309473002281,321.25,24.731,-182.65700000062878,6.5848523746926324e-12,False,64.24994730022809
ch-af-apac-eu-row-us/pf120_k050_a040,2025,us,eu,4.1575533318860555e-09,74.99999999912968,291.071097905525,385.4998801967668,394.8968801967668,321.25,9.397,-39.575902094475005,5.5434044425790675e-11,False,64.24988019676681
ch-af-apac-eu-row-us/pf120_k050_a040,2025,us,us,41.9999999615471,44.99999999712057,365.7254794464012,321.25,321.25,321.25,0.0,44.47547944640121,0.9333333325385459,True,0.0
ch-af-apac-eu-row-us/pf120_k050_a040,2025,us,apac,3.409924014046964e-09,49.99999999780808,263.4894614552298,385.4999439036821,400.2376000590058,321.25,14.73765615532369,-72.4981947000939,6.819848028392899e-11,False,64.2499439036821
ch-af-apac-eu-row-us/pf120_k050_a040,2025,us,af,3.745007476645894e-09,9.999999999278469,310.05915820707435,385.4999907037539,399.6999907037539,321.25,14.2,-25.390841792925652,3.745007476916108e-10,False,64.2499907037539
ch-af-apac-eu-row-us/pf120_k050_a040,2025,us,row,4.430256515077204e-09,44.99999999909981,305.7498298043427,385.4998788613047,399.9497038271937,321.25,14.449824965889,-29.94999516154629,9.845014478146284e-11,False,64.2498788613047
ch-af-apac-eu-row-us/pf120_k050_a040,2025,apac,ch,4.0638600402840714e-09,323.99999999832323,163.3239999993712,217.94225067992392,231.17514363020916,187.45,13.23289295028525,-37.358892950914026,1.2542777902176243e-11,False,30.492250679923927
ch-af-apac-eu-row-us/pf120_k050_a040,2025,apac,eu,53.40000047654865,74.99999999912968,291.071097905525,198.72106293955238,215.0282364521848,187.45,16.30717351263244,87.31392439289257,0.7120000063622441,True,11.271062939552394
ch-af-apac-eu-row-us/pf120_k050_a040,2025,apac,us,1.3101742210208925e-08,44.99999999712057,365.7254794464012,308.85243202272306,322.562512829569,187.45,13.71008080684597,164.56539863955524,2.911498269121616e-10,False,121.40243202272308
ch-af-apac-eu-row-us/pf120_k050_a040,2025,apac,apac,49.999999977056156,49.99999999780808,263.4894614552298,187.45,187.45,187.45,0.0,76.0394614552298,0.9999999995849614,True,0.0
ch-af-apac-eu-row-us/pf120_k050_a040,2025,apac,af,6.5999994872503,9.999999999278469,310.05915820707435,220.89048064083593,234.06309677775525,187.45,13.17261613691931,109.43654207015504,0.6599999487726511,True,33.44048064083594
ch-af-apac-eu-row-us/pf120_k050_a040,2025,apac,row,3.366535532332213e-08,44.99999999909981,305.7498298043427,225.11072838091692,243.99314309747487,187.45,18.88241471655794,99.41741508778478,7.481190071999017e-10,False,37.660728380916936
ch-af-apac-eu-row-us/pf120_k050_a040,2025,af,ch,2.7342524133264993e-09,323.99999999832323,163.3239999993712,217.11601343755322,221.61601343755322,180.93,4.5,-22.106000000628796,8.439050658458796e-12,False,36.186013437553214
ch-af-apac-eu-row-us/pf120_k050_a040,2025,af,eu,3.660008674784366e-09,74.99999999912968,291.071097905525,217.1159864504716,223.3159864504716,180.93,6.2,103.94109790552498,4.8800115664357835e-11,False,36.1859864504716
ch-af-apac-eu-row-us/pf120_k050_a040,2025,af,us,3.5297420731886714e-09,44.99999999712057,365.7254794464012,269.48588617433217,277.98588617433217,180.93,8.5,176.2954794464012,7.843871274254512e-11,False,88.55588617433216
ch-af-apac-eu-row-us/pf120_k050_a040,2025,af,apac,4.0675412312740295e-09,49.99999999780808,263.4894614552298,217.1160247337312,224.14059686087055,180.93,7.024572127139364,75.53488932809042,8.135082462904687e-11,False,36.18602473373119
ch-af-apac-eu-row-us/pf120_k050_a040,2025,af,af,3.3999999808980528,9.999999999278469,310.05915820707435,180.93,180.93,180.93,0.0,129.12915820707434,0.33999999811433734,True,0.0
ch-af-apac-eu-row-us/pf120_k050_a040,2025,af,row,1.4277729462188328e-09,44.99999999909981,305.7498298043427,217.116019750251,224.616019750251,180.93,7.5,117.3198298043427,3.172828769438654e-11,False,36.186019750251006
ch-af-apac-eu-row-us/pf120_k050_a040,2025,row,ch,2.1014071485924418e-09,323.99999999832323,163.3239999993712,424.05597777165883,438.1783736760957,353.38,14.12239590443686,-204.17839590506566,6.485824532726287e-12,False,70.67597777165884
ch-af-apac-eu-row-us/pf120_k050_a040,2025,row,eu,4.141143128245482e-09,74.99999999912968,291.071097905525,424.0559884118941,432.17963005011933,353.38,8.123641638225255,-70.43254373270025,5.5215241710580494e-11,False,70.67598841189408
ch-af-apac-eu-row-us/pf120_k050_a040,2025,row,us,7.336299094613829e-09,44.99999999712057,365.7254794464012,424.0560007512521,437.84344443725894,353.38,13.78744368600683,-1.4419642396056158,1.6302886877962799e-10,False,70.6760007512521
ch-af-apac-eu-row-us/pf120_k050_a040,2025,row,apac,3.396162192583438e-09,49.99999999780808,263.4894614552298,424.0560391720042,443.80875349265875,353.38,19.75271432065455,-109.64325286542476,6.792324385464641e-11,False,70.67603917200421
ch-af-apac-eu-row-us/pf120_k050_a040,2025,row,af,4.307941907042956e-09,9.999999999278469,310.05915820707435,424.0560002029101,436.5560002029101,353.38,12.5,-55.82084179292565,4.3079419073537873e-10,False,70.67600020291013
ch-af-apac-eu-row-us/pf120_k050_a040,2025,row,row,1.2619574901073636e-08,44.99999999909981,305.7498298043427,353.38,353.38,353.38,0.0,-47.630170195657286,2.804349978072462e-10,False,0.0
ch-af-apac-eu-row-us/pf120_k050_a040,2030,ch,ch,349.9999999954485,349.9999999996306,107.79092378801455,107.44092378697313,107.44092378697313,107.44092378697313,0.0,0.3500000010414226,0.9999999999880512,True,0.0
ch-af-apac-eu-row-us/pf120_k050_a040,2030,ch,eu,2.613963510893571e-08,89.99999999979727,220.21903573243665,212.52709048072745,228.64509048072745,107.44092378697313,16.118,96.66011194546353,2.904403900999399e-10,False,105.08616669375432
ch-af-apac-eu-row-us/pf120_k050_a040,2030,ch,us,4.080464241659665,64.99999999952911,246.38785834137195,235.25077788815673,246.38377788815674,107.44092378697313,11.133,127.81393455439881,0.062776372949065,True,127.8098541011836
ch-af-apac-eu-row-us/pf120_k050_a040,2030,ch,apac,9.425677883289786e-09,84.9999999995733,185.8287318033501,190.02018440487086,203.80060598375252,107.44092378697313,13.78042157888167,64.60738643749531,1.1089032803926003e-10,False,82.57926061789773
ch-af-apac-eu-row-us/pf120_k050_a040,2030,ch,af,6.771329735998193e-10,13.99999999981743,275.6215619960915,499.58269589255076,510.08269589255076,107.44092378697313,10.5,157.68063820911834,4.8366640972046404e-11,False,392.1417721055776
ch-af-apac-eu-row-us/pf120_k050_a040,2030,ch,row,69.99999996529908,69.99999999979931,224.11866578587657,209.45221347778698,224.04866578739288,107.44092378697313,14.59645230960589,102.08128968929755,0.9999999995071396,True,102.01128969081385
ch-af-apac-eu-row-us/pf120_k050_a040,2030,eu,ch,8.477784057978418e-10,349.9999999996306,107.79092378801455,236.69869746506743,252.81669746506742,197.24967143099207,16.118,-105.57674764297751,2.422224016567819e-12,False,39.44902603407536
ch-af-apac-eu-row-us/pf120_k050_a040,2030,eu,eu,20.85673291997549,89.99999999979727,220.21903573243665,197.24967143099207,197.24967143099207,197.24967143099207,0.0,22.969364301444585,0.23174147688913857,True,0.0
ch-af-apac-eu-row-us/pf120_k050_a040,2030,eu,us,3.6202146987221703e-09,64.99999999952911,246.38785834137195,236.70939424652573,255.46939424652572,197.24967143099207,18.76,30.378186910379885,5.5695610749975333e-11,False,39.45972281553367
ch-af-apac-eu-row-us/pf120_k050_a040,2030,eu,apac,1.3365393155628867e-09,84.9999999995733,185.8287318033501,236.70053691266835,254.83417711588345,197.24967143099207,18.13364020321509,-29.554579830857048,1.57239919478776e-11,False,39.45086548167629
ch-af-apac-eu-row-us/pf120_k050_a040,2030,eu,af,8.261999967699053,13.99999999981743,275.6215619960915,242.8647924180496,252.66479241804961,197.24967143099207,9.8,68.57189056509942,0.5901428548433425,True,45.61512098705754
ch-af-apac-eu-row-us/pf120_k050_a040,2030,eu,row,2.3221850250027623e-09,69.99999999979931,224.11866578587657,236.70486808051365,245.14115624617634,197.24967143099207,8.436288165662685,18.432706189221822,3.317407178584886e-11,False,39.45519664952158
ch-af-apac-eu-row-us/pf120_k050_a040,2030,us,ch,6.701875974956258e-10,349.9999999996306,107.79092378801455,254.07625060459955,278.8072506045996,211.75090040837495,24.731,-128.6909766203604,1.9148217071323805e-12,False,42.325350196224605
ch-af-apac-eu-row-us/pf120_k050_a040,2030,us,eu,1.7738671104531696e-09,89.99999999979727,220.21903573243665,254.11103674633296,263.50803674633295,211.75090040837495,9.397,-0.9288646759382946,1.970963456063517e-11,False,42.36013633795801
ch-af-apac-eu-row-us/pf120_k050_a040,2030,us,us,52.64801737945568,64.99999999952911,246.38785834137195,211.75090040837495,211.75090040837495,211.75090040837495,0.0,34.63695793299701,0.8099694981513398,True,0.0
ch-af-apac-eu-row-us/pf120_k050_a040,2030,us,apac,1.1993323806058183e-09,84.9999999995733,185.8287318033501,254.04867149883268,268.78632765415637,211.75090040837495,14.73765615532369,-40.65982476034853,1.4109792713080458e-11,False,42.29777109045773
ch-af-apac-eu-row-us/pf120_k050_a040,2030,us,af,4.700060671612541e-09,13.99999999981743,275.6215619960915,254.057468593793,268.257468593793,211.75090040837495,14.2,49.67066158771654,3.3571861940527385e-10,False,42.30656818541806
ch-af-apac-eu-row-us/pf120_k050_a040,2030,us,row,1.6418649303351417e-09,69.99999999979931,224.11866578587657,254.0851515757549,268.5349765416439,211.75090040837495,14.449824965889,-2.0820595883873736,2.345521329056927e-11,False,42.33425116737996
ch-af-apac-eu-row-us/pf120_k050_a040,2030,apac,ch,1.1141285897594409e-09,349.9999999996306,107.79092378801455,148.81432091643,162.04721386671525,123.55706235501908,13.23289295028525,-28.99903151728978,3.183224542173191e-12,False,25.25725856141092
ch-af-apac-eu-row-us/pf120_k050_a040,2030,apac,eu,69.14326704801802,89.99999999979727,220.21903573243665,141.65604950447764,157.96322301711007,123.55706235501908,16.30717351263244,80.35479986478512,0.7682585227574863,True,18.09898714945855
ch-af-apac-eu-row-us/pf120_k050_a040,2030,apac,us,8.271518369538834,64.99999999952911,246.38785834137195,170.4828365753911,184.19291738223708,123.55706235501908,13.71008080684597,109.1207151795069,0.1272541287630578,True,46.92577422037202
ch-af-apac-eu-row-us/pf120_k050_a040,2030,apac,apac,84.99999998515497,84.9999999995733,185.8287318033501,123.55706235501908,123.55706235501908,123.55706235501908,0.0,62.271669448331025,0.9999999998303726,True,0.0
ch-af-apac-eu-row-us/pf120_k050_a040,2030,apac,af,2.4094914311889314e-08,13.99999999981743,275.6215619960915,209.51271930540454,222.68533544232386,123.55706235501908,13.17261613691931,138.8918835041531,1.721065308014538e-09,False,85.95565695038546
ch-af-apac-eu-row-us/pf120_k050_a040,2030,apac,row,1.5344856167764404e-08,69.99999999979931,224.11866578587657,149.77395222120072,168.65636693775866,123.55706235501908,18.88241471655794,81.67918871429956,2.1921223096869138e-10,False,26.21688986618163
ch-af-apac-eu-row-us/pf120_k050_a040,2030,af,ch,7.075701993879088e-10,349.9999999996306,107.79092378801455,143.1113121547807,147.6113121547807,119.25942540354018,4.5,-15.968501615525625,2.0216291411104447e-12,False,23.851886751240528
ch-af-apac-eu-row-us/pf120_k050_a040,2030,af,eu,1.8764980006348248e-09,89.99999999979727,220.21903573243665,143.11131842151525,149.31131842151524,119.25942540354018,6.2,94.75961032889647,2.0849977784878354e-11,False,23.851893017975073
ch-af-apac-eu-row-us/pf120_k050_a040,2030,af,us,2.4030609555024258e-09,64.99999999952911,246.38785834137195,143.11129968653756,151.61129968653756,119.25942540354018,8.5,118.62843293783178,3.697016854645899e-11,False,23.851874282997386
ch-af-apac-eu-row-us/pf120_k050_a040,2030,af,apac,1.2175098333394865e-09,84.9999999995733,185.8287318033501,143.1113161331482,150.13588826028754,119.25942540354018,7.024572127139364,59.54473427267057,1.432364509818351e-11,False,23.851890729608016
ch-af-apac-eu-row-us/pf120_k050_a040,2030,af,af,5.737999990267232,13.99999999981743,275.6215619960915,119.25942540354018,119.25942540354018,119.25942540354018,0.0,156.3621365925513,0.40985714216728997,True,0.0
ch-af-apac-eu-row-us/pf120_k050_a040,2030,af,row,1.7403681740900059e-09,69.99999999979931,224.11866578587657,143.11131749086275,150.61131749086275,119.25942540354018,7.5,97.3592403823364,2.4862402487071364e-11,False,23.851892087322568
ch-af-apac-eu-row-us/pf120_k050_a040,2030,row,ch,8.423194358406073e-10,349.9999999996306,107.79092378801455,279.51513941296497,293.63753531740184,232.92928618307093,14.12239590443686,-139.26075829949323,2.4066269595471325e-12,False,46.58585322989404
ch-af-apac-eu-row-us/pf120_k050_a040,2030,row,eu,2.0137664289455827e-09,89.99999999979727,220.21903573243665,279.5151554495145,287.63879708773976,232.92928618307093,8.123641638225255,-20.833892088859532,2.237518254389021e-11,False,46.58586926644358
ch-af-apac-eu-row-us/pf120_k050_a040,2030,row,us,2.851657090491515e-09,64.99999999952911,246.38785834137195,279.5151468444986,293.3025905305054,232.92928618307093,13.78744368600683,-0.32887152770580563,4.387164754634114e-11,False,46.58586066142766
ch-af-apac-eu-row-us/pf120_k050_a040,2030,row,apac,1.2392736121021143e-09,84.9999999995733,185.8287318033501,279.51514956808734,299.2678638887419,232.92928618307093,19.75271432065455,-66.85326870037537,1.457968955421571e-11,False,46.58586338501641
ch-af-apac-eu-row-us/pf120_k050_a040,2030,row,af,1.2379039636987903e-08,13.99999999981743,275.6215619960915,279.5151403489071,292.0151403489071,232.92928618307093,12.5,30.192275813020558,8.842171169392382e-10,False,46.58585416583617
ch-af-apac-eu-row-us/pf120_k050_a040,2030,row,row,1.345095128101606e-08,69.99999999979931,224.11866578587657,232.92928618307093,232.92928618307093,232.92928618307093,0.0,-8.810620397194356,1.921564468722089e-10,False,0.0
ch-af-apac-eu-row-us/pf120_k050_a040,2035,ch,ch,332.9999999688578,332.9999999980625,95.9088330065625,95.57583300040461,95.57583300040461,95.57583300040461,0.0,0.3330000061578886,0.9999999999122983,True,0.0
ch-af-apac-eu-row-us/pf120_k050_a040,2035,ch,eu,1.2539547340798271e-08,94.99999999905411,191.49765892554905,183.61260960258943,199.73060960258942,95.57583300040461,16.118,79.80382592514444,1.3199523516761185e-10,False,88.03677660218482
ch-af-apac-eu-row-us/pf120_k050_a040,2035,ch,us,4.22099421997642e-08,69.99999999814952,188.39960180808066,185.29041975103928,196.4234197510393,95.57583300040461,11.133,81.69076880767605,6.029991742982862e-10,False,89.71458675063467
ch-af-apac-eu-row-us/pf120_k050_a040,2035,ch,apac,8.847519567617987e-09,102.99999999833408,123.52392457972468,167.1111224497023,180.89154402858395,95.57583300040461,13.78042157888167,14.167670000438394,8.589824823069016e-11,False,71.53528944929768
ch-af-apac-eu-row-us/pf120_k050_a040,2035,ch,af,1.0120475106232705e-08,19.999999999111306,249.58293929452424,297.8465065311185,308.3465065311185,95.57583300040461,10.5,143.50710629411964,5.060237553341202e-10,False,202.2706735307139
ch-af-apac-eu-row-us/pf120_k050_a040,2035,ch,row,78.99999938793346,78.99999999906032,196.8970316119224,182.22157930377415,196.81803161338004,95.57583300040461,14.59645230960589,86.72474630191188,0.9999999922642169,True,86.64574630336953
ch-af-apac-eu-row-us/pf120_k050_a040,2035,eu,ch,4.982848354918306e-09,332.9999999980625,95.9088330065625,210.8610180365633,226.9790180365633,175.4666750022766,16.118,-95.67584199571408,1.496350857341531e-11,False,35.39434303428672
ch-af-apac-eu-row-us/pf120_k050_a040,2035,eu,eu,20.102773896661247,94.99999999905411,191.49765892554905,175.4666750022766,175.4666750022766,175.4666750022766,0.0,16.03098392327246,0.21160814628275162,True,0.0
ch-af-apac-eu-row-us/pf120_k050_a040,2035,eu,us,9.62339263693743e-09,69.99999999814952,188.39960180808066,209.8915511974609,228.6515511974609,175.4666750022766,18.76,-5.827073194195929,1.37477037674169e-10,False,34.42487619518431
ch-af-apac-eu-row-us/pf120_k050_a040,2035,eu,apac,5.084970386626669e-09,102.99999999833408,123.52392457972468,210.08929999311198,228.22294019632707,175.4666750022766,18.13364020321509,-70.076390625767,4.93686445311545e-11,False,34.62262499083539
ch-af-apac-eu-row-us/pf120_k050_a040,2035,eu,af,11.923999913598287,19.999999999111306,249.58293929452424,223.7601341703492,233.56013417034922,175.4666750022766,9.8,64.31626429224765,0.5961999957064064,True,48.293459168072616
ch-af-apac-eu-row-us/pf120_k050_a040,2035,eu,row,1.4602378392776679e-08,78.99999999906032,196.8970316119224,211.42839998805056,219.86468815371325,175.4666750022766,8.436288165662685,12.994068443983114,1.8484023282215659e-10,False,35.96172498577397
ch-af-apac-eu-row-us/pf120_k050_a040,2035,us,ch,4.454281177022002e-09,332.9999999980625,95.9088330065625,226.0355985331641,250.76659853316409,188.3664806833128,24.731,-117.18864767675029,1.3376219750894651e-11,False,37.66911784985129
ch-af-apac-eu-row-us/pf120_k050_a040,2035,us,eu,1.202547756483434e-08,94.99999999905411,191.49765892554905,226.0525353416166,235.44953534161658,188.3664806833128,9.397,-6.265821757763755,1.2658397436793764e-10,False,37.68605465830379
ch-af-apac-eu-row-us/pf120_k050_a040,2035,us,us,33.121156468027394,69.99999999814952,188.39960180808066,188.3664806833128,188.3664806833128,188.3664806833128,0.0,0.033121124767859556,0.4731593781271852,True,0.0
ch-af-apac-eu-row-us/pf120_k050_a040,2035,us,apac,5.1685779136888524e-09,102.99999999833408,123.52392457972468,226.03791890762898,240.77557506295267,188.3664806833128,14.73765615532369,-79.58021225891181,5.018036809487815e-11,False,37.67143822431618
ch-af-apac-eu-row-us/pf120_k050_a040,2035,us,af,4.720986556902898e-09,19.999999999111306,249.58293929452424,348.93801508214153,363.1380150821415,188.3664806833128,14.2,47.01645861121143,2.3604932785563367e-10,False,160.57153439882873
ch-af-apac-eu-row-us/pf120_k050_a040,2035,us,row,1.2917530541449057e-08,78.99999999906032,196.8970316119224,226.04181699101758,240.4916419569066,188.3664806833128,14.449824965889,-5.919274037279415,1.6351304483041402e-10,False,37.67533630770478
ch-af-apac-eu-row-us/pf120_k050_a040,2035,apac,ch,1.271575205788681e-08,332.9999999980625,95.9088330065625,129.79900616920565,143.0318991194909,109.9122079504653,13.23289295028525,-27.236267894188046,3.8185441615497886e-11,False,19.886798218740353
ch-af-apac-eu-row-us/pf120_k050_a040,2035,apac,eu,74.89722606888488,94.99999999905411,191.49765892554905,161.60687156040535,177.91404507303778,109.9122079504653,16.30717351263244,65.27827746245131,0.7883918533645327,True,51.69466360994005
ch-af-apac-eu-row-us/pf120_k050_a040,2035,apac,us,36.878843469211226,69.99999999814952,188.39960180808066,161.14392553404355,174.85400634088953,109.9122079504653,13.71008080684597,64.7773130507694,0.526840621002659,True,51.231717583578245
ch-af-apac-eu-row-us/pf120_k050_a040,2035,apac,apac,102.99999997208553,102.99999999833408,123.52392457972468,109.9122079504653,109.9122079504653,109.9122079504653,0.0,13.611716629259377,0.9999999997451597,True,0.0
ch-af-apac-eu-row-us/pf120_k050_a040,2035,apac,af,1.9473108653637617e-08,19.999999999111306,249.58293929452424,244.02564059370798,257.1982567306273,109.9122079504653,13.17261613691931,126.49811520713962,9.73655432725145e-10,False,134.11343264324267
ch-af-apac-eu-row-us/pf120_k050_a040,2035,apac,row,5.21028681137516e-07,78.99999999906032,196.8970316119224,167.25692808876914,186.1393428053271,109.9122079504653,18.88241471655794,68.10240894489914,6.595299761312829e-09,False,57.34472013830384
ch-af-apac-eu-row-us/pf120_k050_a040,2035,af,ch,2.7191941121427645e-09,332.9999999980625,95.9088330065625,127.30707184669554,131.80707184669552,106.08917463044914,4.5,-14.680341623886633,8.165748084560317e-12,False,21.2178972162464
ch-af-apac-eu-row-us/pf120_k050_a040,2035,af,eu,1.0347907964732997e-09,94.99999999905411,191.49765892554905,127.30709308500028,133.50709308500026,106.08917463044914,6.2,79.20848429509991,1.0892534699827397e-11,False,21.21791845455114
ch-af-apac-eu-row-us/pf120_k050_a040,2035,af,us,1.9584364759143318e-09,69.99999999814952,188.39960180808066,127.30710244693557,135.80710244693557,106.08917463044914,8.5,73.81042717763152,2.7977663942372914e-11,False,21.217927816486437
ch-af-apac-eu-row-us/pf120_k050_a040,2035,af,apac,2.9304212396613453e-09,102.99999999833408,123.52392457972468,127.30710254125935,134.3316746683987,106.08917463044914,7.024572127139364,10.410177822136177,2.845069164765769e-11,False,21.217927910810218
ch-af-apac-eu-row-us/pf120_k050_a040,2035,af,af,8.075999987091846,19.999999999111306,249.58293929452424,106.08917463044914,106.08917463044914,106.08917463044914,0.0,143.49376466407512,0.403799999372535,True,0.0
ch-af-apac-eu-row-us/pf120_k050_a040,2035,af,row,1.6084104338753923e-09,78.99999999906032,196.8970316119224,127.30710846377892,134.80710846377892,106.08917463044914,7.5,83.30785698147325,2.0359625745500302e-11,False,21.21793383332978
ch-af-apac-eu-row-us/pf120_k050_a040,2035,row,ch,4.332528932786933e-09,332.9999999980625,95.9088330065625,248.6472739502255,262.76966985466237,207.20606052566248,14.12239590443686,-125.41962342353683,1.3010597395832257e-11,False,41.44121342456302
ch-af-apac-eu-row-us/pf120_k050_a040,2035,row,eu,7.908198603898791e-09,94.99999999905411,191.49765892554905,248.6472725687114,256.77091420693665,207.20606052566248,8.123641638225255,-23.832043238338688,8.324419583134243e-11,False,41.44121204304892
ch-af-apac-eu-row-us/pf120_k050_a040,2035,row,us,7.119145518339106e-09,69.99999999814952,188.39960180808066,248.6472721673677,262.43471585337454,207.20606052566248,13.78744368600683,-32.59390240358865,1.0170207883610435e-10,False,41.44121164170522
ch-af-apac-eu-row-us/pf120_k050_a040,2035,row,apac,4.217054813414753e-09,102.99999999833408,123.52392457972468,248.64727325295365,268.3999875736082,207.20606052566248,19.75271432065455,-103.43485026659235,4.0942279742553005e-11,False,41.44121272729117
ch-af-apac-eu-row-us/pf120_k050_a040,2035,row,af,6.410660645655586e-08,19.999999999111306,249.58293929452424,248.64717445402334,261.14717445402334,207.20606052566248,12.5,29.876878768861758,3.205330322970221e-09,False,41.44111392836086
ch-af-apac-eu-row-us/pf120_k050_a040,2035,row,row,6.096987564010787e-08,78.99999999906032,196.8970316119224,207.20606052566248,207.20606052566248,207.20606052566248,0.0,-10.309028913740093,7.717705777320644e-10,False,0.0
ch-af-apac-eu-row-us/pf120_k050_a040,2040,ch,ch,315.99999999270136,315.9999999995068,86.65125720052637,86.33525719941149,86.33525719941149,86.33525719941149,0.0,0.3160000011148867,0.9999999999784637,True,0.0
ch-af-apac-eu-row-us/pf120_k050_a040,2040,ch,eu,1.8406046028277705e-07,98.99999999973663,186.33226693546263,171.09630852115268,187.21430852115267,86.33525719941149,16.118,83.87900973605115,1.8591965685178455e-09,False,84.76105132174119
ch-af-apac-eu-row-us/pf120_k050_a040,2040,ch,us,3.304299709423319e-09,74.99999999940871,226.1334343139295,269.3733929022029,280.5063929022029,86.33525719941149,11.133,128.665177114518,4.4057329459324926e-11,False,183.0381357027914
ch-af-apac-eu-row-us/pf120_k050_a040,2040,ch,apac,2.7952457760133486e-08,125.9999999994567,155.28378672491158,148.00494344527098,161.78536502415264,86.33525719941149,13.78042157888167,55.16810794661842,2.2184490285915883e-10,False,61.669686245859495
ch-af-apac-eu-row-us/pf120_k050_a040,2040,ch,af,8.757074524600502e-08,27.999999999774946,211.22852086754946,201.1657404085003,211.6657404085003,86.33525719941149,10.5,114.39326366813798,3.1275266159538887e-09,False,114.83048320908883
ch-af-apac-eu-row-us/pf120_k050_a040,2040,ch,row,72.4933625559933,88.99999999973981,180.6646335394842,165.99568786708397,180.59214017668987,86.33525719941149,14.59645230960589,79.73292403046683,0.8145321635528677,True,79.66043066767249
ch-af-apac-eu-row-us/pf120_k050_a040,2040,eu,ch,1.3920185546147658e-09,315.9999999995068,86.65125720052637,190.16065206829916,206.27865206829915,158.50199826333673,16.118,-87.96874106281035,4.4051220082814504e-12,False,31.658653804962427
ch-af-apac-eu-row-us/pf120_k050_a040,2040,eu,eu,32.022890901875655,98.99999999973663,186.33226693546263,158.50199826333673,158.50199826333673,158.50199826333673,0.0,27.830268672125897,0.32346354446425096,True,0.0
ch-af-apac-eu-row-us/pf120_k050_a040,2040,eu,us,1.6061547964355385e-08,74.99999999940871,226.1334343139295,190.09329434999216,208.85329434999215,158.50199826333673,18.76,48.87143605059278,2.1415397285976015e-10,False,31.591296086655433
ch-af-apac-eu-row-us/pf120_k050_a040,2040,eu,apac,2.361928936226924e-09,125.9999999994567,155.28378672491158,190.11863037026646,208.25227057348155,158.50199826333673,18.13364020321509,-21.351851741640242,1.874546774791356e-11,False,31.61663210692973
ch-af-apac-eu-row-us/pf120_k050_a040,2040,eu,af,1.056233825778881e-08,27.999999999774946,211.22852086754946,191.177339656019,200.977339656019,158.50199826333673,9.8,42.926522604212735,3.772263663526324e-10,False,32.67534139268227
ch-af-apac-eu-row-us/pf120_k050_a040,2040,eu,row,4.007209922669841e-09,88.99999999973981,180.6646335394842,189.85679128441018,198.29307945007287,158.50199826333673,8.436288165662685,13.726347110484799,4.502483059192759e-11,False,31.354793021073448
ch-af-apac-eu-row-us/pf120_k050_a040,2040,us,ch,1.0056309541298846e-09,315.9999999995068,86.65125720052637,204.18549953446214,228.91649953446213,170.1546096644843,24.731,-108.23435246395792,3.1823764371248546e-12,False,34.03088986997784
ch-af-apac-eu-row-us/pf120_k050_a040,2040,us,eu,2.286446836845374e-09,98.99999999973663,186.33226693546263,204.18545626222596,213.58245626222595,170.1546096644843,9.397,6.780657270978329,2.3095422594459157e-11,False,34.03084659774166
ch-af-apac-eu-row-us/pf120_k050_a040,2040,us,us,58.48760377478907,74.99999999940871,226.1334343139295,170.1546096644843,170.1546096644843,170.1546096644843,0.0,55.978824649445215,0.7798347170033357,True,0.0
ch-af-apac-eu-row-us/pf120_k050_a040,2040,us,apac,1.6101619250875783e-09,125.9999999994567,155.28378672491158,204.18548785075927,218.92314400608296,170.1546096644843,14.73765615532369,-29.60847909489641,1.2779062897575565e-11,False,34.030878186274975
ch-af-apac-eu-row-us/pf120_k050_a040,2040,us,af,2.997690663041936e-09,27.999999999774946,211.22852086754946,204.18554924468015,218.38554924468013,170.1546096644843,14.2,26.873911203065166,1.070603808237868e-10,False,34.03093958019585
ch-af-apac-eu-row-us/pf120_k050_a040,2040,us,row,2.0418881695306455e-09,88.99999999973981,180.6646335394842,204.1854576164438,218.63528258233282,170.1546096644843,14.449824965889,-3.939801090889084,2.2942563702658594e-11,False,34.030847951959515
ch-af-apac-eu-row-us/pf120_k050_a040,2040,apac,ch,1.7925192507688961e-09,315.9999999995068,86.65125720052637,131.89797589553993,145.13086884582518,99.28554577932321,13.23289295028525,-25.86718152908209,5.672529274593968e-12,False,32.612430116216714
ch-af-apac-eu-row-us/pf120_k050_a040,2040,apac,eu,66.97710890348722,98.99999999973663,186.33226693546263,114.08587536904028,130.3930488816727,99.28554577932321,16.30717351263244,70.73954764350697,0.6765364535723778,True,14.800329589717066
ch-af-apac-eu-row-us/pf120_k050_a040,2040,apac,us,16.512396181568437,74.99999999940871,226.1334343139295,156.5346001788227,170.24468098566868,99.28554577932321,13.71008080684597,113.13780772776033,0.22016528242264824,True,57.249054399499485
ch-af-apac-eu-row-us/pf120_k050_a040,2040,apac,apac,125.99999996305544,125.9999999994567,155.28378672491158,99.28554577932321,99.28554577932321,99.28554577932321,0.0,55.998240945588364,0.9999999997111011,True,0.0
ch-af-apac-eu-row-us/pf120_k050_a040,2040,apac,af,17.585999915210518,27.999999999774946,211.22852086754946,142.16607780040013,155.33869393731945,99.28554577932321,13.17261613691931,98.77035895130695,0.628071425548281,True,42.88053202107692
ch-af-apac-eu-row-us/pf120_k050_a040,2040,apac,row,16.506637406137713,88.99999999973981,180.6646335394842,105.89347127686457,124.77588599342252,99.28554577932321,18.88241471655794,62.49667304360306,0.18546783602456146,True,6.607925497541359
ch-af-apac-eu-row-us/pf120_k050_a040,2040,af,ch,1.2783673457200887e-09,315.9999999995068,86.65125720052637,114.99857346848589,119.49857346848589,95.83213549134676,4.5,-13.680878290820388,4.045466283930645e-12,False,19.166437977139125
ch-af-apac-eu-row-us/pf120_k050_a040,2040,af,eu,4.018229492813004e-09,98.99999999973663,186.33226693546263,114.99899134387324,121.19899134387325,95.83213549134676,6.2,84.30013144411586,4.058817669518883e-11,False,19.16685585252648
ch-af-apac-eu-row-us/pf120_k050_a040,2040,af,us,9.639426145106256e-09,74.99999999940871,226.1334343139295,114.99897542085802,123.49897542085802,95.83213549134676,8.5,121.80129882258274,1.2852568193576335e-10,False,19.166839929511255
ch-af-apac-eu-row-us/pf120_k050_a040,2040,af,apac,2.316907143923388e-09,125.9999999994567,155.28378672491158,114.99873620034118,122.02330832748055,95.83213549134676,7.024572127139364,52.42707910642545,1.8388151935979193e-11,False,19.166600708994423
ch-af-apac-eu-row-us/pf120_k050_a040,2040,af,af,10.41399997622325,27.999999999774946,211.22852086754946,95.83213549134676,95.83213549134676,95.83213549134676,0.0,115.3963853762027,0.3719285705823912,True,0.0
ch-af-apac-eu-row-us/pf120_k050_a040,2040,af,row,3.465725773848532e-09,88.99999999973981,180.6646335394842,114.99888249154512,122.49888249154512,95.83213549134676,7.5,77.33249804813745,3.894073903211982e-11,False,19.166747000198356
ch-af-apac-eu-row-us/pf120_k050_a040,2040,row,ch,1.3369775653668884e-09,315.9999999995068,86.65125720052637,224.60725472742126,238.72965063185814,187.17271895170572,14.12239590443686,-114.6438576556162,4.230941662560047e-12,False,37.434535775715545
ch-af-apac-eu-row-us/pf120_k050_a040,2040,row,eu,4.008605148611532e-09,98.99999999973663,186.33226693546263,224.60726384663516,232.73090548486041,187.17271895170572,8.123641638225255,-8.964093654468346,4.04909610971939e-11,False,37.434544894929445
ch-af-apac-eu-row-us/pf120_k050_a040,2040,row,us,1.4045931629334483e-08,74.99999999940871,226.1334343139295,224.60725909872485,238.3947027847317,187.17271895170572,13.78744368600683,25.173271676216963,1.8727908839260291e-10,False,37.434540147019135
ch-af-apac-eu-row-us/pf120_k050_a040,2040,row,apac,2.1597955818614207e-09,125.9999999994567,155.28378672491158,224.6072612510656,244.35997557172016,187.17271895170572,19.75271432065455,-51.64164654744869,1.7141234776751853e-11,False,37.43454229935989
ch-af-apac-eu-row-us/pf120_k050_a040,2040,row,af,7.210399747735962e-09,27.999999999774946,211.22852086754946,224.60725775486605,237.10725775486605,187.17271895170572,12.5,11.555801915843745,2.575142767069256e-10,False,37.434538803160336
ch-af-apac-eu-row-us/pf120_k050_a040,2040,row,row,2.8093979691880493e-08,88.99999999973981,180.6646335394842,187.17271895170572,187.17271895170572,187.17271895170572,0.0,-6.508085412221504,3.156626931681194e-10,False,0.0
ch-af-apac-eu-row-us/pf120_k100_a030,2025,ch,ch,323.9999999946122,323.99999999942764,163.32399999985338,163.0,163.0,163.0,0.0,0.3239999998533847,0.9999999999851376,True,0.0
ch-af-apac-eu-row-us/pf120_k100_a030,2025,ch,eu,59.999999660525006,74.99999999970605,283.5349011381488,267.35690114035253,283.47490114035253,163.0,16.118,104.41690113814883,0.7999999954768022,True,104.35690114035253
ch-af-apac-eu-row-us/pf120_k100_a030,2025,ch,us,3.1699034840102947e-07,44.99999999929078,284.57270566172105,273.7533672686792,284.8863672686792,163.0,11.133,110.43970566172105,7.044229964578342e-09,False,110.7533672686792
ch-af-apac-eu-row-us/pf120_k100_a030,2025,ch,apac,4.937888641204599e-09,49.99999999934722,229.27296174328455,253.65237081790661,267.4327923967883,163.0,13.78042157888167,52.49254016440288,9.875777282538132e-11,False,90.65237081790661
ch-af-apac-eu-row-us/pf120_k100_a030,2025,ch,af,6.599999992866801,9.999999999758145,338.02652589172,327.51992592482145,338.01992592482145,163.0,10.5,164.52652589171998,0.6599999993026425,True,164.51992592482145
ch-af-apac-eu-row-us/pf120_k100_a030,2025,ch,row,44.999999982075394,44.99999999969208,312.9354774997439,298.2940251953977,312.89047750500356,163.0,14.59645230960589,135.33902519013802,0.9999999996085182,True,135.2940251953977
ch-af-apac-eu-row-us/pf120_k100_a030,2025,eu,ch,8.318287406409334e-10,323.99999999942764,163.32399999985338,359.1000016297028,375.21800162970277,299.25,16.118,-152.0440000001466,2.5673726563037125e-12,False,59.850001629702774
ch-af-apac-eu-row-us/pf120_k100_a030,2025,eu,eu,1.2368073404388219e-08,74.99999999970605,283.5349011381488,299.25,299.25,299.25,0.0,-15.715098861851175,1.6490764539248925e-10,False,0.0
ch-af-apac-eu-row-us/pf120_k100_a030,2025,eu,us,1.6845808033299016e-09,44.99999999929078,284.57270566172105,359.0999994480758,377.85999944807577,299.25,18.76,-33.43729433827896,3.74351289634767e-11,False,59.84999944807578
ch-af-apac-eu-row-us/pf120_k100_a030,2025,eu,apac,1.1163788048649175e-09,49.99999999934722,229.27296174328455,359.0999952806984,377.2336354839135,299.25,18.13364020321509,-88.11067845993054,2.232757609758985e-11,False,59.84999528069841
ch-af-apac-eu-row-us/pf120_k100_a030,2025,eu,af,7.31134072857595e-09,9.999999999758145,338.02652589172,359.09993373540726,368.8999337354073,299.25,9.8,28.976525891719984,7.311340728752778e-10,False,59.84993373540726
ch-af-apac-eu-row-us/pf120_k100_a030,2025,eu,row,2.438566998290334e-09,44.99999999969208,312.9354774997439,359.0999539024036,367.5362420680663,299.25,8.436288165662685,5.249189334081226,5.4190377740156004e-11,False,59.84995390240363
ch-af-apac-eu-row-us/pf120_k100_a030,2025,us,ch,7.93584622052346e-10,323.99999999942764,163.32399999985338,385.5000002196049,410.2310002196049,321.25,24.731,-182.6570000001466,2.4493352532523084e-12,False,64.25000021960489
ch-af-apac-eu-row-us/pf120_k100_a030,2025,us,eu,1.681951142879361e-09,74.99999999970605,283.5349011381488,385.50000002117747,394.89700002117746,321.25,9.397,-47.11209886185117,2.2426015238479376e-11,False,64.25000002117747
ch-af-apac-eu-row-us/pf120_k100_a030,2025,us,us,5.071485897705067e-09,44.99999999929078,284.57270566172105,321.25,321.25,321.25,0.0,-36.677294338278955,1.1269968661744436e-10,False,0.0
ch-af-apac-eu-row-us/pf120_k100_a030,2025,us,apac,1.1087128132775618e-09,49.99999999934722,229.27296174328455,385.50000026462897,400.23765641995266,321.25,14.73765615532369,-106.71469441203914,2.2174256265840737e-11,False,64.25000026462897
ch-af-apac-eu-row-us/pf120_k100_a030,2025,us,af,3.3321943931243205e-09,9.999999999758145,338.02652589172,385.4999973666589,399.69999736665886,321.25,14.2,2.576525891719985,3.3321943932049113e-10,False,64.24999736665887
ch-af-apac-eu-row-us/pf120_k100_a030,2025,us,row,2.130364225332525e-09,44.99999999969208,312.9354774997439,385.5000008506834,399.9498258165724,321.25,14.449824965889,-22.76434746614509,4.734142722993561e-11,False,64.25000085068342
ch-af-apac-eu-row-us/pf120_k100_a030,2025,apac,ch,1.6955629116660725e-09,323.99999999942764,163.32399999985338,225.4095139382002,238.64240688848545,187.45,13.23289295028525,-37.35889295043185,5.233218863176135e-12,False,37.95951393820022
ch-af-apac-eu-row-us/pf120_k100_a030,2025,apac,eu,15.000000322616588,74.99999999970605,283.5349011381488,225.43976591382471,241.74693942645715,187.45,16.30717351263244,79.7777276255164,0.20000000430233839,True,37.989765913824726
ch-af-apac-eu-row-us/pf120_k100_a030,2025,apac,us,44.9999996731066,44.99999999929078,284.57270566172105,229.04466310956573,242.7547439164117,187.45,13.71008080684597,83.41262485487509,0.9999999927514627,True,41.594663109565744
ch-af-apac-eu-row-us/pf120_k100_a030,2025,apac,apac,49.99999999018946,49.99999999934722,229.27296174328455,187.45,187.45,187.45,0.0,41.822961743284566,0.9999999998168448,True,0.0
ch-af-apac-eu-row-us/pf120_k100_a030,2025,apac,af,4.855171687021909e-10,9.999999999758145,338.02652589172,653.0634273568594,666.2360434937787,187.45,13.17261613691931,137.40390975480068,4.855171687139334e-11,False,465.6134273568594
ch-af-apac-eu-row-us/pf120_k100_a030,2025,apac,row,7.467946649117105e-09,44.99999999969208,312.9354774997439,275.8036036380738,294.68601835463176,187.45,18.88241471655794,106.60306278318598,1.659543699815157e-10,False,88.35360363807382
ch-af-apac-eu-row-us/pf120_k100_a030,2025,af,ch,7.800519383244493e-10,323.99999999942764,163.32399999985338,217.11600000000166,221.61600000000166,180.93,4.5,-22.106000000146622,2.407567710882183e-12,False,36.186000000001656
ch-af-apac-eu-row-us/pf120_k100_a030,2025,af,eu,1.1729867624509537e-09,74.99999999970605,283.5349011381488,217.1160000000037,223.3160000000037,180.93,6.2,96.40490113814882,1.5639823499407346e-11,False,36.1860000000037
ch-af-apac-eu-row-us/pf120_k100_a030,2025,af,us,1.147947539651542e-09,44.99999999929078,284.57270566172105,217.11600000000294,225.61600000000294,180.93,8.5,95.14270566172104,2.550994532599187e-11,False,36.186000000002934
ch-af-apac-eu-row-us/pf120_k100_a030,2025,af,apac,1.040787385480487e-09,49.99999999934722,229.27296174328455,217.11600000000232,224.14057212714167,180.93,7.024572127139364,41.31838961614518,2.0815747709881503e-11,False,36.18600000000231
ch-af-apac-eu-row-us/pf120_k100_a030,2025,af,af,3.3999999939739856,9.999999999758145,338.02652589172,180.93,180.93,180.93,0.0,157.09652589171998,0.3399999994056216,True,0.0
ch-af-apac-eu-row-us/pf120_k100_a030,2025,af,row,9.035356610321736e-10,44.99999999969208,312.9354774997439,217.11600000000388,224.61600000000388,180.93,7.5,124.5054774997439,2.0078570245296806e-11,False,36.18600000000387
ch-af-apac-eu-row-us/pf120_k100_a030,2025,row,ch,7.143721817405094e-10,323.99999999942764,163.32399999985338,424.0559945641999,438.1783904686368,353.38,14.12239590443686,-204.17839590458348,2.2048524127832448e-12,False,70.67599456419993
ch-af-apac-eu-row-us/pf120_k100_a030,2025,row,eu,1.3414476559626603e-09,74.99999999970605,283.5349011381488,424.0559998717757,432.179641510001,353.38,8.123641638225255,-77.96874050007642,1.7885968746238907e-11,False,70.67599987177573
ch-af-apac-eu-row-us/pf120_k100_a030,2025,row,us,1.2898220502960401e-09,44.99999999929078,284.57270566172105,424.0560009906516,437.84344467665846,353.38,13.78744368600683,-82.59473802428577,2.8662712229252628e-11,False,70.67600099065163
ch-af-apac-eu-row-us/pf120_k100_a030,2025,row,apac,9.540043360612936e-10,49.99999999934722,229.27296174328455,424.0560093937879,443.80872371444246,353.38,19.75271432065455,-143.85975257737,1.9080086721474974e-11,False,70.67600939378792
ch-af-apac-eu-row-us/pf120_k100_a030,2025,row,af,1.788305728336562e-09,9.999999999758145,338.02652589172,424.0560015103921,436.5560015103921,353.38,12.5,-27.85347410828001,1.788305728379813e-10,False,70.6760015103921
ch-af-apac-eu-row-us/pf120_k100_a030,2025,row,row,4.6762854703070954e-09,44.99999999969208,312.9354774997439,353.38,353.38,353.38,0.0,-40.444522500256085,1.0391745489642431e-10,False,0.0
ch-af-apac-eu-row-us/pf120_k100_a030,2030,ch,ch,349.99999981168185,349.9999999870484,107.79092383034784,107.44092378697313,107.44092378697313,107.44092378697313,0.0,0.35000004337470614,0.9999999994989527,True,0.0
ch-af-apac-eu-row-us/pf120_k100_a030,2030,ch,eu,54.007416070625986,89.9999999932203,207.90961646726234,191.73760901162063,207.85560901162063,107.44092378697313,16.118,84.35069268028921,0.6000824008299374,True,84.2966852246475
ch-af-apac-eu-row-us/pf120_k100_a030,2030,ch,us,43.50234390220422,64.99999998425876,222.8194590279564,211.6429567604981,222.7759567604981,107.44092378697313,11.133,104.24553524098329,0.6692668294267585,True,104.20203297352496
ch-af-apac-eu-row-us/pf120_k100_a030,2030,ch,apac,1.7377226444052003e-07,84.99999998605894,166.66042880680618,181.7815053754636,195.56192695434527,107.44092378697313,13.78042157888167,45.43908344095138,2.0443795819884807e-09,False,74.34058158849048
ch-af-apac-eu-row-us/pf120_k100_a030,2030,ch,af,8.100000821337993,13.999999994043662,215.35408682911188,204.84598776978103,215.34598776978103,107.44092378697313,10.5,97.41316304213875,0.5785714874845829,True,97.4050639828079
ch-af-apac-eu-row-us/pf120_k100_a030,2030,ch,row,2.682860292945307e-08,69.99999999291437,232.90703216195064,392.39110545607025,406.9875577656761,107.44092378697313,14.59645230960589,110.86965606537161,3.8326575617383926e-10,False,284.9501816690971
ch-af-apac-eu-row-us/pf120_k100_a030,2030,eu,ch,3.5332345228708527e-08,349.9999999870484,107.79092383034784,236.69951864156928,252.81751864156928,197.24967143099207,16.118,-105.57674760064423,1.0094955780004567e-10,False,39.44984721057722
ch-af-apac-eu-row-us/pf120_k100_a030,2030,eu,eu,17.645525420363402,89.9999999932203,207.90961646726234,197.24967143099207,197.24967143099207,197.24967143099207,0.0,10.659945036270273,0.19606139357436267,True,0.0
ch-af-apac-eu-row-us/pf120_k100_a030,2030,eu,us,9.499388406533653e-08,64.99999998425876,222.8194590279564,236.69989278839978,255.45989278839977,197.24967143099207,18.76,6.809787596964345,1.4614443705898688e-09,False,39.45022135740771
ch-af-apac-eu-row-us/pf120_k100_a030,2030,eu,apac,4.6054774590018956e-08,84.99999998605894,166.66042880680618,236.69962052163936,254.83326072485445,197.24967143099207,18.13364020321509,-48.72288282740098,5.418208776185002e-10,False,39.449949090647294
ch-af-apac-eu-row-us/pf120_k100_a030,2030,eu,af,8.667948098885106e-08,13.999999994043662,215.35408682911188,236.6997654528808,246.4997654528808,197.24967143099207,9.8,8.304415398119811,6.1913915018377915e-09,False,39.45009402188873
ch-af-apac-eu-row-us/pf120_k100_a030,2030,eu,row,1.6322339193696526e-07,69.99999999291437,232.90703216195064,236.700215057408,245.1365032230707,197.24967143099207,8.436288165662685,27.221072565295888,2.3317627421926755e-09,False,39.450543626415936
ch-af-apac-eu-row-us/pf120_k100_a030,2030,us,ch,2.675859945233762e-08,349.9999999870484,107.79092383034784,254.10107975591112,278.83207975591114,211.75090040837495,24.731,-128.69097657802712,7.645314129522231e-11,False,42.35017934753617
ch-af-apac-eu-row-us/pf120_k100_a030,2030,us,eu,6.403661264423105e-08,89.9999999932203,207.90961646726234,254.1010830470644,263.4980830470644,211.75090040837495,9.397,-13.238283941112607,7.115179183228326e-10,False,42.35018263868946
ch-af-apac-eu-row-us/pf120_k100_a030,2030,us,us,21.497655178720798,64.99999998425876,222.8194590279564,211.75090040837495,211.75090040837495,211.75090040837495,0.0,11.068558619581466,0.33073315667579917,True,0.0
ch-af-apac-eu-row-us/pf120_k100_a030,2030,us,apac,3.564347961701754e-08,84.99999998605894,166.66042880680618,254.1010806257126,268.8387367810363,211.75090040837495,14.73765615532369,-59.82812775689246,4.1933505438662957e-10,False,42.35018021733765
ch-af-apac-eu-row-us/pf120_k100_a030,2030,us,af,6.228933196520723e-08,13.999999994043662,215.35408682911188,254.10108196722484,268.30108196722483,211.75090040837495,14.2,-10.596813579263067,4.4492379994077424e-09,False,42.3501815588499
ch-af-apac-eu-row-us/pf120_k100_a030,2030,us,row,9.000073081754761e-08,69.99999999291437,232.90703216195064,254.1010847378726,268.5509097037616,211.75090040837495,14.449824965889,6.706306787686692,1.2857247260951113e-09,False,42.350184329497665
ch-af-apac-eu-row-us/pf120_k100_a030,2030,apac,ch,5.4756888726712826e-08,349.9999999870484,107.79092383034784,144.3268703013178,157.55976325160304,123.55706235501908,13.23289295028525,-28.999031474956496,1.564482535106831e-10,False,20.769807946298712
ch-af-apac-eu-row-us/pf120_k100_a030,2030,apac,eu,18.347058264821452,89.9999999932203,207.90961646726234,148.56573130238604,164.87290481501847,123.55706235501908,16.30717351263244,68.04538059961081,0.20385620295781706,True,25.008668947366957
ch-af-apac-eu-row-us/pf120_k100_a030,2030,apac,us,5.147483918346487e-07,64.99999998425876,222.8194590279564,174.8381225008403,188.5482033076863,123.55706235501908,13.71008080684597,85.55231586609136,7.919206030143182e-09,False,51.28106014582123
ch-af-apac-eu-row-us/pf120_k100_a030,2030,apac,apac,84.99999964994711,84.99999998605894,166.66042880680618,123.55706235501908,123.55706235501908,123.55706235501908,0.0,43.103366451787096,0.9999999960457432,True,0.0
ch-af-apac-eu-row-us/pf120_k100_a030,2030,apac,af,1.2341716931001875e-07,13.999999994043662,215.35408682911188,195.9054645445939,209.07808068151323,123.55706235501908,13.17261613691931,78.62440833717349,8.81551209732335e-09,False,72.34840218957483
ch-af-apac-eu-row-us/pf120_k100_a030,2030,apac,row,69.99464765521863,69.99999999291437,232.90703216195064,170.93625631679487,189.8186710333528,123.55706235501908,18.88241471655794,90.46755509037362,0.9999235380329102,True,47.37919396177578
ch-af-apac-eu-row-us/pf120_k100_a030,2030,af,ch,3.048903378647225e-08,349.9999999870484,107.79092383034784,143.11131048424818,147.61131048424818,119.25942540354018,4.5,-15.968501573192341,8.711152510742996e-11,False,23.851885080708
ch-af-apac-eu-row-us/pf120_k100_a030,2030,af,eu,1.1489844903232658e-07,89.9999999932203,207.90961646726234,143.1113104842469,149.3113104842469,119.25942540354018,6.2,82.45019106372216,1.2766494337886875e-09,False,23.851885080706722
ch-af-apac-eu-row-us/pf120_k100_a030,2030,af,us,2.3038723698488872e-07,64.99999998425876,222.8194590279564,143.11131048424602,151.61131048424602,119.25942540354018,8.5,95.06003362441623,3.5444190313951117e-09,False,23.85188508070584
ch-af-apac-eu-row-us/pf120_k100_a030,2030,af,apac,4.4778134024976734e-08,84.99999998605894,166.66042880680618,143.1113104842481,150.13588261138744,119.25942540354018,7.024572127139364,40.37643127612664,5.268015768508342e-10,False,23.851885080707916
ch-af-apac-eu-row-us/pf120_k100_a030,2030,af,af,5.899998843111883,13.999999994043662,215.35408682911188,119.25942540354018,119.25942540354018,119.25942540354018,0.0,96.0946614255717,0.4214284889730038,True,0.0
ch-af-apac-eu-row-us/pf120_k100_a030,2030,af,row,6.791589048809912e-07,69.99999999291437,232.90703216195064,143.11131048423564,150.61131048423564,119.25942540354018,7.5,106.14760675841046,9.702270070710542e-09,False,23.851885080695467
ch-af-apac-eu-row-us/pf120_k100_a030,2030,row,ch,2.8029731651794937e-08,349.9999999870484,107.79092383034784,279.5151645918405,293.6375604962774,232.92928618307093,14.12239590443686,-139.26075825715995,8.008494757952048e-11,False,46.58587840876959
ch-af-apac-eu-row-us/pf120_k100_a030,2030,row,eu,5.847438490920823e-08,89.9999999932203,207.90961646726234,279.51515539298333,287.6387970312086,232.92928618307093,8.123641638225255,-33.14331135403384,6.497153879290345e-10,False,46.5858692099124
ch-af-apac-eu-row-us/pf120_k100_a030,2030,row,us,6.320422128706861e-08,64.99999998425876,222.8194590279564,279.5151587259935,293.30260241200034,232.92928618307093,13.78744368600683,-23.897270841121347,9.72372635421153e-10,False,46.58587254292257
ch-af-apac-eu-row-us/pf120_k100_a030,2030,row,apac,3.586318658902701e-08,84.99999998605894,166.66042880680618,279.51517726460213,299.2678915852567,232.92928618307093,19.75271432065455,-86.0215716969193,4.219198422930473e-10,False,46.5858910815312
ch-af-apac-eu-row-us/pf120_k100_a030,2030,row,af,5.720780610756574e-08,13.999999994043662,215.35408682911188,279.5151396979963,292.0151396979963,232.92928618307093,12.5,-30.07519935395905,4.08627186656464e-09,False,46.58585351492536
ch-af-apac-eu-row-us/pf120_k100_a030,2030,row,row,0.005351378484091992,69.99999999291437,232.90703216195064,232.92928618307093,232.92928618307093,232.92928618307093,0.0,-0.022254021120289735,7.644826406619537e-05,False,0.0
ch-af-apac-eu-row-us/pf120_k100_a030,2035,ch,ch,332.99999993590944,332.9999999964383,95.90883300923,95.57583300040461,95.57583300040461,95.57583300040461,0.0,0.3330000088253797,0.9999999998182316,True,0.0
ch-af-apac-eu-row-us/pf120_k100_a030,2035,ch,eu,31.331033443775766,94.99999999811628,174.93184536322426,158.7825143395753,174.9005143395753,95.57583300040461,16.118,63.238012362819646,0.3298003520462844,True,63.206681339170686
ch-af-apac-eu-row-us/pf120_k100_a030,2035,ch,us,1.8938177833864937e-06,69.9999999960434,187.2772214354995,177.12329516905254,188.25629516905255,95.57583300040461,11.133,80.5683884350949,2.7054539764193395e-08,False,81.54746216864793
ch-af-apac-eu-row-us/pf120_k100_a030,2035,ch,apac,7.966002316084685e-08,102.99999999628635,134.52077760026557,137.0695440824649,150.84996566134654,95.57583300040461,13.78042157888167,25.16452302097929,7.733982831429028e-10,False,41.49371108206027
ch-af-apac-eu-row-us/pf120_k100_a030,2035,ch,af,11.59999996503389,19.99999999843115,185.83852434168728,175.32692446916704,185.82692446916704,95.57583300040461,10.5,79.76269134128266,0.5799999982971912,True,79.75109146876243
ch-af-apac-eu-row-us/pf120_k100_a030,2035,ch,row,78.99999971395924,78.99999999808401,187.72518975179628,173.04973745013564,187.64618975974153,95.57583300040461,14.59645230960589,77.55290444178577,0.9999999964034839,True,77.47390444973102
ch-af-apac-eu-row-us/pf120_k100_a030,2035,eu,ch,1.1027763167933247e-08,332.9999999964383,95.90883300923,210.55993542075498,226.67793542075498,175.4666750022766,16.118,-95.67584199304659,3.3116405910063655e-11,False,35.093260418478394
ch-af-apac-eu-row-us/pf120_k100_a030,2035,eu,eu,3.149023570769897e-06,94.99999999811628,174.93184536322426,175.4666750022766,175.4666750022766,175.4666750022766,0.0,-0.534829639052333,3.314761653507724e-08,False,0.0
ch-af-apac-eu-row-us/pf120_k100_a030,2035,eu,us,3.0768130247683045e-08,69.9999999960434,187.2772214354995,210.5598196076061,229.3198196076061,175.4666750022766,18.76,-6.949453566777077,4.395447178488878e-10,False,35.09314460532951
ch-af-apac-eu-row-us/pf120_k100_a030,2035,eu,apac,1.4668610991487768e-08,102.99999999628635,134.52077760026557,210.5599202625546,228.6935604657697,175.4666750022766,18.13364020321509,-59.07953760522611,1.424136989516179e-10,False,35.093245260278024
ch-af-apac-eu-row-us/pf120_k100_a030,2035,eu,af,3.7481828566063644e-08,19.99999999843115,185.83852434168728,210.55991485305927,220.35991485305928,175.4666750022766,9.8,0.5718493394106865,1.8740914284501907e-09,False,35.09323985078268
ch-af-apac-eu-row-us/pf120_k100_a030,2035,eu,row,4.211537931381638e-08,78.99999999808401,187.72518975179628,210.55987816485845,218.99616633052113,175.4666750022766,8.436288165662685,3.822226583857006,5.331060672764279e-10,False,35.09320316258186
ch-af-apac-eu-row-us/pf120_k100_a030,2035,us,ch,9.501793987895962e-09,332.9999999964383,95.90883300923,226.03977983327462,250.77077983327462,188.3664806833128,24.731,-117.1886476740828,2.8533915879872646e-11,False,37.67329914996182
ch-af-apac-eu-row-us/pf120_k100_a030,2035,us,eu,2.2427451746348944e-08,94.99999999811628,174.93184536322426,226.039778858612,235.436778858612,188.3664806833128,9.397,-22.831635320088544,2.360784394399332e-10,False,37.67329817529921
ch-af-apac-eu-row-us/pf120_k100_a030,2035,us,us,1.3945352291065806e-06,69.9999999960434,187.2772214354995,188.3664806833128,188.3664806833128,188.3664806833128,0.0,-1.0892592478132883,1.992193184550577e-08,False,0.0
ch-af-apac-eu-row-us/pf120_k100_a030,2035,us,apac,1.3259768601618387e-08,102.99999999628635,134.52077760026557,226.03977901253876,240.77743516786245,188.3664806833128,14.73765615532369,-68.58335923837092,1.287356174960822e-10,False,37.67329832922596
ch-af-apac-eu-row-us/pf120_k100_a030,2035,us,af,2.503110810179049e-08,19.99999999843115,185.83852434168728,226.03977594833043,240.23977594833042,188.3664806833128,14.2,-16.727956341625525,1.2515554051876996e-09,False,37.67329526501763
ch-af-apac-eu-row-us/pf120_k100_a030,2035,us,row,2.642048874270126e-08,78.99999999808401,187.72518975179628,226.03977745886687,240.48960242475587,188.3664806833128,14.449824965889,-15.091115897405523,3.344365663714182e-10,False,37.673296775554064
ch-af-apac-eu-row-us/pf120_k100_a030,2035,apac,ch,1.9530448419841463e-08,332.9999999964383,95.90883300923,137.73683272831826,150.9697256786035,109.9122079504653,13.23289295028525,-27.236267891520555,5.864999525540648e-11,False,27.82462477785296
ch-af-apac-eu-row-us/pf120_k100_a030,2035,apac,eu,63.66896333961635,94.99999999811628,174.93184536322426,134.05543325941193,150.36260677204436,109.9122079504653,16.30717351263244,48.712463900126515,0.6701996141145139,True,24.143225308946626
ch-af-apac-eu-row-us/pf120_k100_a030,2035,apac,us,69.99999662837828,69.9999999960434,187.2772214354995,148.9915709818278,162.7016517886738,109.9122079504653,13.71008080684597,63.654932678188246,0.9999999518904984,True,39.079363031362504
ch-af-apac-eu-row-us/pf120_k100_a030,2035,apac,apac,102.9999998622099,102.99999999628635,134.52077760026557,109.9122079504653,109.9122079504653,109.9122079504653,0.0,24.608569649800273,0.9999999986982869,True,0.0
ch-af-apac-eu-row-us/pf120_k100_a030,2035,apac,af,9.721109887515629e-08,19.99999999843115,185.83852434168728,163.57115113557927,176.7437672724986,109.9122079504653,13.17261613691931,62.753700254302665,4.860554944139089e-09,False,53.65894318511397
ch-af-apac-eu-row-us/pf120_k100_a030,2035,apac,row,1.1158358657212103e-07,78.99999999808401,187.72518975179628,160.466080538735,179.34849525529296,109.9122079504653,18.88241471655794,58.93056708477304,1.4124504629724971e-09,False,50.55387258826971
ch-af-apac-eu-row-us/pf120_k100_a030,2035,af,ch,1.1567725499182661e-08,332.9999999964383,95.90883300923,127.30700955698313,131.80700955698313,106.08917463044914,4.5,-14.680341621219142,3.473791441233149e-11,False,21.217834926533996
ch-af-apac-eu-row-us/pf120_k100_a030,2035,af,eu,2.5806635902877932e-08,94.99999999811628,174.93184536322426,127.30700955801255,133.50700955801256,106.08917463044914,6.2,62.642670732775116,2.7164879898304887e-10,False,21.217834927563416
ch-af-apac-eu-row-us/pf120_k100_a030,2035,af,us,2.9652279471128728e-08,69.9999999960434,187.2772214354995,127.30700955803786,135.80700955803786,106.08917463044914,8.5,72.68804680505038,4.2360399246863943e-10,False,21.217834927588726
ch-af-apac-eu-row-us/pf120_k100_a030,2035,af,apac,1.5653165627272477e-08,102.99999999628635,134.52077760026557,127.3070095572489,134.33158168438825,106.08917463044914,7.024572127139364,21.407030842677074,1.5197248182365873e-10,False,21.217834926799767
ch-af-apac-eu-row-us/pf120_k100_a030,2035,af,af,8.399999854639406,19.99999999843115,185.83852434168728,106.08917463044914,106.08917463044914,106.08917463044914,0.0,79.74934971123814,0.4199999927649161,True,0.0
ch-af-apac-eu-row-us/pf120_k100_a030,2035,af,row,3.160158288780976e-08,78.99999999808401,187.72518975179628,127.30700955800145,134.80700955800145,106.08917463044914,7.5,74.13601512134714,4.0002003656425565e-10,False,21.217834927552317
ch-af-apac-eu-row-us/pf120_k100_a030,2035,row,ch,8.9012182441997e-09,332.9999999964383,95.90883300923,248.64727473304245,262.7696706374793,207.20606052566248,14.12239590443686,-125.41962342086934,2.6730385118002717e-11,False,41.44121420737997
ch-af-apac-eu-row-us/pf120_k100_a030,2035,row,eu,1.746649765191526e-08,94.99999999811628,174.93184536322426,248.6472798254381,256.77092146366334,207.20606052566248,8.123641638225255,-40.397856800663476,1.8385787002380628e-10,False,41.44121929977561
ch-af-apac-eu-row-us/pf120_k100_a030,2035,row,us,1.88916865871149e-08,69.9999999960434,187.2772214354995,248.6472620057349,262.4347056917417,207.20606052566248,13.78744368600683,-33.7162827761698,2.6988123697403874e-10,False,41.44120148007241
ch-af-apac-eu-row-us/pf120_k100_a030,2035,row,apac,1.0834895896997603e-08,102.99999999628635,134.52077760026557,248.64728124691771,268.39999556757226,207.20606052566248,19.75271432065455,-92.43799724605145,1.0519316405231314e-10,False,41.441220721255235
ch-af-apac-eu-row-us/pf120_k100_a030,2035,row,af,1.903382127747879e-08,19.99999999843115,185.83852434168728,248.647275834601,261.14727583460103,207.20606052566248,12.5,-33.867536183975204,9.516910639485926e-10,False,41.441215308938524
ch-af-apac-eu-row-us/pf120_k100_a030,2035,row,row,7.240374828240353e-08,78.99999999808401,187.72518975179628,207.20606052566248,207.20606052566248,207.20606052566248,0.0,-19.4808707738662,9.165031428374626e-10,False,0.0
ch-af-apac-eu-row-us/pf120_k100_a030,2040,ch,ch,315.99999990720556,315.9999999937032,86.65125720665445,86.33525719941149,86.33525719941149,86.33525719941149,0.0,0.3160000072429625,0.9999999997262732,True,0.0
ch-af-apac-eu-row-us/pf120_k100_a030,2040,ch,eu,4.51310130831281,98.99999999659371,196.49857060346483,180.37605904678463,196.49405904678463,86.33525719941149,16.118,94.04531340405335,0.045586881903718096,True,94.04080184737315
ch-af-apac-eu-row-us/pf120_k100_a030,2040,ch,us,1.4412917222391637e-06,74.99999999262698,201.28892164728936,191.269740629466,202.40274062946602,86.33525719941149,11.133,103.82066444787787,1.9217222965078034e-08,False,104.93448343005453
ch-af-apac-eu-row-us/pf120_k100_a030,2040,ch,apac,3.591744184535753e-08,125.99999999311038,152.13242140029627,207.38767918958234,221.168100768464,86.33525719941149,13.78042157888167,52.01674262200311,2.850590622803292e-10,False,121.05242199017086
ch-af-apac-eu-row-us/pf120_k100_a030,2040,ch,af,17.099999670804515,27.99999999696071,224.82356357295532,214.30646363990417,224.80646363990417,86.33525719941149,10.5,127.98830637354382,0.6107142740235947,True,127.97120644049268
ch-af-apac-eu-row-us/pf120_k100_a030,2040,ch,row,88.99999970873341,88.99999999674048,170.58495031911806,155.89949803044675,170.49595034005264,86.33525719941149,14.59645230960589,69.65324081010068,0.9999999967639654,True,69.56424083103526
ch-af-apac-eu-row-us/pf120_k100_a030,2040,eu,ch,1.4887232218177753e-08,315.9999999937032,86.65125720665445,189.67297981771893,205.79097981771892,158.50199826333673,16.118,-87.96874105668228,4.711149436226077e-11,False,31.170981554382195
ch-af-apac-eu-row-us/pf120_k100_a030,2040,eu,eu,28.462733370096693,98.99999999659371,196.49857060346483,158.50199826333673,158.50199826333673,158.50199826333673,0.0,37.9965723401281,0.287502357283596,True,0.0
ch-af-apac-eu-row-us/pf120_k100_a030,2040,eu,us,4.844562958701719e-08,74.99999999262698,201.28892164728936,188.86273525243877,207.62273525243876,158.50199826333673,18.76,24.026923383952624,6.459417278903964e-10,False,30.360736989102037
ch-af-apac-eu-row-us/pf120_k100_a030,2040,eu,apac,2.4479458361252465e-08,125.99999999311038,152.13242140029627,189.23425441392016,207.36789461713525,158.50199826333673,18.13364020321509,-24.503217066255555,1.9428141557611896e-10,False,30.732256150583424
ch-af-apac-eu-row-us/pf120_k100_a030,2040,eu,af,9.740403215227473e-08,27.99999999696071,224.82356357295532,192.022775926598,201.822775926598,158.50199826333673,9.8,56.521565309618595,3.4787154343874126e-09,False,33.52077766326127
ch-af-apac-eu-row-us/pf120_k100_a030,2040,eu,row,3.05238289510513e-08,88.99999999674048,170.58495031911806,189.1660755735462,197.6023637392089,158.50199826333673,8.436288165662685,3.646663890118649,3.429643702490921e-10,False,30.66407731020948
ch-af-apac-eu-row-us/pf120_k100_a030,2040,us,ch,1.3805128183519961e-08,315.9999999937032,86.65125720665445,203.80279517312843,228.53379517312842,170.1546096644843,24.731,-108.23435245782986,4.368711450568054e-11,False,33.64818550864413
ch-af-apac-eu-row-us/pf120_k100_a030,2040,us,eu,4.359329654885979e-08,98.99999999659371,196.49857060346483,203.83302807649977,213.23002807649976,170.1546096644843,9.397,16.94696093898053,4.403363287915121e-10,False,33.678418412015475
ch-af-apac-eu-row-us/pf120_k100_a030,2040,us,us,21.97310217920108,74.99999999262698,201.28892164728936,170.1546096644843,170.1546096644843,170.1546096644843,0.0,31.13431198280506,0.2929746957514825,True,0.0
ch-af-apac-eu-row-us/pf120_k100_a030,2040,us,apac,2.335196905254447e-08,125.99999999311038,152.13242140029627,203.809465006969,218.54712116229268,170.1546096644843,14.73765615532369,-32.75984441951172,1.8533308772874085e-10,False,33.654855342484694
ch-af-apac-eu-row-us/pf120_k100_a030,2040,us,af,7.649430553439972e-08,27.99999999696071,224.82356357295532,201.25511228199366,215.45511228199365,170.1546096644843,14.2,40.46895390847102,2.73193948366796e-09,False,31.100502617509363
ch-af-apac-eu-row-us/pf120_k100_a030,2040,us,row,2.5667892391238378e-08,88.99999999674048,170.58495031911806,203.8276835601654,218.27750852605442,170.1546096644843,14.449824965889,-14.019484311255233,2.8840328530537565e-10,False,33.673073895681114
ch-af-apac-eu-row-us/pf120_k100_a030,2040,apac,ch,2.588911800712201e-08,315.9999999937032,86.65125720665445,119.08546915167666,132.31836210196192,99.28554577932321,13.23289295028525,-25.867181522954013,8.192758863176547e-11,False,19.799923372353447
ch-af-apac-eu-row-us/pf120_k100_a030,2040,apac,eu,66.02416517315287,98.99999999659371,196.49857060346483,127.40449732613567,143.7116708387681,99.28554577932321,16.30717351263244,80.90585131150917,0.6669107593477228,True,28.118951546812454
ch-af-apac-eu-row-us/pf120_k100_a030,2040,apac,us,53.02689622435927,74.99999999262698,201.28892164728936,134.8049383471549,148.51501915400087,99.28554577932321,13.71008080684597,88.29329506112018,0.7070252830609624,True,35.51939256783167
ch-af-apac-eu-row-us/pf120_k100_a030,2040,apac,apac,125.99999985905708,125.99999999311038,152.13242140029627,99.28554577932321,99.28554577932321,99.28554577932321,0.0,52.84687562097305,0.9999999989360849,True,0.0
ch-af-apac-eu-row-us/pf120_k100_a030,2040,apac,af,9.564559308326172e-08,27.99999999696071,224.82356357295532,178.17819034809202,191.35080648501133,99.28554577932321,13.17261613691931,112.3654016567128,3.4159140390587026e-09,False,78.8926445687688
ch-af-apac-eu-row-us/pf120_k100_a030,2040,apac,row,8.049570028131957e-08,88.99999999674048,170.58495031911806,120.3412599899557,139.22367470651363,99.28554577932321,18.88241471655794,52.41698982323691,9.044460706097485e-10,False,21.055714210632487
ch-af-apac-eu-row-us/pf120_k100_a030,2040,af,ch,1.432067921896537e-08,315.9999999937032,86.65125720665445,114.99856258962785,119.49856258962785,95.83213549134676,4.5,-13.680878284692312,4.5318605124211174e-11,False,19.16642709828109
ch-af-apac-eu-row-us/pf120_k100_a030,2040,af,eu,2.818200811795066e-08,98.99999999659371,196.49857060346483,114.99856258964562,121.19856258964562,95.83213549134676,6.2,94.46643511211806,2.846667486759628e-10,False,19.166427098298854
ch-af-apac-eu-row-us/pf120_k100_a030,2040,af,us,2.9117761375299225e-08,74.99999999262698,201.28892164728936,114.99856258964746,123.49856258964746,95.83213549134676,8.5,96.9567861559426,3.8823681837548934e-10,False,19.1664270983007
ch-af-apac-eu-row-us/pf120_k100_a030,2040,af,apac,2.1739221868124363e-08,125.99999999311038,152.13242140029627,114.99856258963555,122.02313471677492,95.83213549134676,7.024572127139364,49.27571378181014,1.7253350689930995e-10,False,19.166427098288793
ch-af-apac-eu-row-us/pf120_k100_a030,2040,af,af,10.89999984590195,27.99999999696071,224.82356357295532,95.83213549134676,95.83213549134676,95.83213549134676,0.0,128.99142808160855,0.38928570882446795,True,0.0
ch-af-apac-eu-row-us/pf120_k100_a030,2040,af,row,2.3044200558743472e-08,88.99999999674048,170.58495031911806,114.99856258963864,122.49856258963864,95.83213549134676,7.5,67.2528148277713,2.589236017931173e-10,False,19.166427098291877
ch-af-apac-eu-row-us/pf120_k100_a030,2040,row,ch,1.7595580618419217e-08,315.9999999937032,86.65125720665445,224.6072645302395,238.72966043467636,187.17271895170572,14.12239590443686,-114.64385764948813,5.568221714800581e-11,False,37.43454557853377
ch-af-apac-eu-row-us/pf120_k100_a030,2040,row,eu,7.325603379407112e-08,98.99999999659371,196.49857060346483,224.60726200002094,232.7309036382462,187.17271895170572,8.123641638225255,1.202210013533854,7.399599373393094e-10,False,37.43454304831522
ch-af-apac-eu-row-us/pf120_k100_a030,2040,row,us,7.021151480064996e-08,74.99999999262698,201.28892164728936,224.6072632443092,238.39470693031603,187.17271895170572,13.78744368600683,0.3287590095768085,9.361535307673632e-10,False,37.434544292603476
ch-af-apac-eu-row-us/pf120_k100_a030,2040,row,apac,2.8565205609364056e-08,125.99999999311038,152.13242140029627,224.60726432198632,244.35997864264087,187.17271895170572,19.75271432065455,-54.793011872064,2.2670798103909514e-10,False,37.4345453702806
ch-af-apac-eu-row-us/pf120_k100_a030,2040,row,af,2.1071031285708393e-07,27.99999999696071,224.82356357295532,224.60723538843692,237.10723538843692,187.17271895170572,12.5,25.150844621249604,7.525368317141275e-09,False,37.4345164367312
ch-af-apac-eu-row-us/pf120_k100_a030,2040,row,row,1.282754443105609e-07,88.99999999674048,170.58495031911806,187.17271895170572,187.17271895170572,187.17271895170572,0.0,-16.587768632587654,1.4412971271377396e-09,False,0.0
ch-af-apac-eu-row-us/pf120_k100_a040,2025,ch,ch,323.9999999940282,323.9999999993348,163.32399999974643,163.0,163.0,163.0,0.0,0.3239999997464338,0.9999999999836215,True,0.0
ch-af-apac-eu-row-us/pf120_k100_a040,2025,ch,eu,9.208711757801634e-10,74.99999999964409,299.2650000286884,542.3378643186469,558.455864318647,163.0,16.118,120.14700002868841,1.2278282343793778e-11,False,379.3378643186469
ch-af-apac-eu-row-us/pf120_k100_a040,2025,ch,us,44.9999998949453,44.99999999903018,317.99236075614476,306.8143607619478,317.9473607619478,163.0,11.133,143.85936075614475,0.9999999976870027,True,143.8143607619478
ch-af-apac-eu-row-us/pf120_k100_a040,2025,ch,apac,3.000700314755717e-08,49.99999999909306,272.4603984940353,266.8611578801084,280.64157945899007,163.0,13.78042157888167,95.67997691515363,6.001400629620293e-10,False,103.86115788010841
ch-af-apac-eu-row-us/pf120_k100_a040,2025,ch,af,6.599999519960032,9.999999999694037,367.753161975695,357.24656198095613,367.74656198095613,163.0,10.5,194.25316197569498,0.6599999520161968,True,194.24656198095613
ch-af-apac-eu-row-us/pf120_k100_a040,2025,ch,row,44.99999991562729,44.999999999630546,326.1381968420828,311.4967445379558,326.09319684756167,163.0,14.59645230960589,148.54174453247688,0.999999998133261,True,148.4967445379558
ch-af-apac-eu-row-us/pf120_k100_a040,2025,eu,ch,1.1079401265738995e-09,323.9999999993348,163.32399999974643,359.1009994382209,375.2189994382209,299.25,16.118,-152.04400000025356,3.419568291901772e-12,False,59.850999438220924
ch-af-apac-eu-row-us/pf120_k100_a040,2025,eu,eu,15.000000063691015,74.99999999964409,299.2650000286884,299.25,299.25,299.25,0.0,0.01500002868840511,0.20000000085016262,True,0.0
ch-af-apac-eu-row-us/pf120_k100_a040,2025,eu,us,3.729327245819792e-09,44.99999999903018,317.99236075614476,359.09847703660574,377.85847703660573,299.25,18.76,-0.017639243855239073,8.287393879778144e-11,False,59.84847703660574
ch-af-apac-eu-row-us/pf120_k100_a040,2025,eu,apac,2.2002990532205823e-09,49.99999999909306,272.4603984940353,359.10033997126277,377.23398017447784,299.25,18.13364020321509,-44.92324170917979,4.400598106520986e-11,False,59.85033997126277
ch-af-apac-eu-row-us/pf120_k100_a040,2025,eu,af,4.754691854269418e-07,9.999999999694037,367.753161975695,358.66786473171175,368.46786473171176,299.25,9.8,58.70316197569498,4.7546918544148936e-08,False,59.417864731711745
ch-af-apac-eu-row-us/pf120_k100_a040,2025,eu,row,5.311105780088207e-09,44.999999999630546,326.1381968420828,359.1027428348834,367.53903100054606,299.25,8.436288165662685,18.451908676420093,1.1802457289181803e-10,False,59.85274283488337
ch-af-apac-eu-row-us/pf120_k100_a040,2025,us,ch,9.636007485291743e-10,323.9999999993348,163.32399999974643,385.5000173894956,410.2310173894956,321.25,24.731,-182.65700000025356,2.9740763843554092e-12,False,64.25001738949561
ch-af-apac-eu-row-us/pf120_k100_a040,2025,us,eu,2.489688026447144e-09,74.99999999964409,299.2650000286884,385.50000570770266,394.89700570770265,321.25,9.397,-31.381999971311593,3.3195840352786116e-11,False,64.25000570770266
ch-af-apac-eu-row-us/pf120_k100_a040,2025,us,us,6.085089955754809e-08,44.99999999903018,317.99236075614476,321.25,321.25,321.25,0.0,-3.2576392438552375,1.3522422124191005e-09,False,0.0
ch-af-apac-eu-row-us/pf120_k100_a040,2025,us,apac,1.8561023790536585e-09,49.99999999909306,272.4603984940353,385.5000139481133,400.237670103437,321.25,14.73765615532369,-63.52725766128839,3.712204758174652e-11,False,64.25001394811329
ch-af-apac-eu-row-us/pf120_k100_a040,2025,us,af,6.343676002368021e-09,9.999999999694037,367.753161975695,385.4998786419475,399.69987864194746,321.25,14.2,32.30316197569498,6.343676002562115e-10,False,64.24987864194748
ch-af-apac-eu-row-us/pf120_k100_a040,2025,us,row,3.1559761727575925e-09,44.999999999630546,326.1381968420828,385.5000262590599,399.9498512249489,321.25,14.449824965889,-9.561628123806223,7.013280383963341e-11,False,64.2500262590599
ch-af-apac-eu-row-us/pf120_k100_a040,2025,apac,ch,1.4750264186226494e-09,323.9999999993348,163.32399999974643,224.92326998915627,238.15616293944151,187.45,13.23289295028525,-37.3588929505388,4.55255067477061e-12,False,37.47326998915628
ch-af-apac-eu-row-us/pf120_k100_a040,2025,apac,eu,59.99999992923258,74.99999999964409,299.2650000286884,197.9374280201479,214.24460153278034,187.45,16.30717351263244,95.50782651605599,0.7999999990602308,True,10.487428020147917
ch-af-apac-eu-row-us/pf120_k100_a040,2025,apac,us,3.5900824384667237e-08,44.99999999903018,317.99236075614476,224.94219805771397,238.65227886455995,187.45,13.71008080684597,116.83227994929881,7.977960974542435e-10,False,37.49219805771398
ch-af-apac-eu-row-us/pf120_k100_a040,2025,apac,apac,49.99999996236169,49.99999999909306,272.4603984940353,187.45,187.45,187.45,0.0,85.01039849403531,0.9999999992653725,True,0.0
ch-af-apac-eu-row-us/pf120_k100_a040,2025,apac,af,2.945619895764433e-09,9.999999999694037,367.753161975695,344.113550821492,357.28616695841134,187.45,13.17261613691931,167.13054583877567,2.945619895854558e-10,False,156.66355082149204
ch-af-apac-eu-row-us/pf120_k100_a040,2025,apac,row,6.530186580460991e-08,44.999999999630546,326.1381968420828,224.87316719254568,243.75558190910363,187.45,18.88241471655794,119.80578212552484,1.4511525734476898e-09,False,37.42316719254569
ch-af-apac-eu-row-us/pf120_k100_a040,2025,af,ch,8.963606311717489e-10,323.9999999993348,163.32399999974643,217.1160000000026,221.6160000000026,180.93,4.5,-22.106000000253573,2.7665451579431765e-12,False,36.18600000000259
ch-af-apac-eu-row-us/pf120_k100_a040,2025,af,eu,1.5042484255568664e-09,74.99999999964409,299.2650000286884,217.11599999999868,223.31599999999867,180.93,6.2,112.1350000286884,2.005664567418673e-11,False,36.18599999999867
ch-af-apac-eu-row-us/pf120_k100_a040,2025,af,us,1.6303513991502488e-09,44.99999999903018,317.99236075614476,217.11599999999666,225.61599999999666,180.93,8.5,128.56236075614476,3.623003109300856e-11,False,36.18599999999665
ch-af-apac-eu-row-us/pf120_k100_a040,2025,af,apac,1.273079364022079e-09,49.99999999909306,272.4603984940353,217.11600000000095,224.1405721271403,180.93,7.024572127139364,84.50582636689593,2.546158728090342e-11,False,36.186000000000945
ch-af-apac-eu-row-us/pf120_k100_a040,2025,af,af,3.3999999917834205,9.999999999694037,367.753161975695,180.93,180.93,180.93,0.0,186.82316197569497,0.3399999991887448,True,0.0
ch-af-apac-eu-row-us/pf120_k100_a040,2025,af,row,1.7252715696831184e-09,44.999999999630546,326.1381968420828,217.11599999999595,224.61599999999595,180.93,7.5,137.70819684208277,3.833936821549518e-11,False,36.18599999999594
ch-af-apac-eu-row-us/pf120_k100_a040,2025,row,ch,8.636956509092466e-10,323.9999999993348,163.32399999974643,424.05583727807146,438.17823318250834,353.38,14.12239590443686,-204.17839590469043,2.6657273176266044e-12,False,70.67583727807147
ch-af-apac-eu-row-us/pf120_k100_a040,2025,row,eu,1.8056925511052647e-09,74.99999999964409,299.2650000286884,424.0562675478226,432.17990918604784,353.38,8.123641638225255,-62.23864160953684,2.407590068151778e-11,False,70.67626754782259
ch-af-apac-eu-row-us/pf120_k100_a040,2025,row,us,1.973496650462175e-09,44.99999999903018,317.99236075614476,424.0559888146107,437.84343250061755,353.38,13.78744368600683,-49.175082929862064,4.385548112232682e-11,False,70.67598881461072
ch-af-apac-eu-row-us/pf120_k100_a040,2025,row,apac,1.394884424427084e-09,49.99999999909306,272.4603984940353,424.05612352528476,443.8088378459393,353.38,19.75271432065455,-100.67231582661924,2.7897688489047707e-11,False,70.67612352528477
ch-af-apac-eu-row-us/pf120_k100_a040,2025,row,af,3.1921030050609436e-09,9.999999999694037,367.753161975695,424.05577824171485,436.55577824171485,353.38,12.5,1.873161975694984,3.19210300515861e-10,False,70.67577824171485
ch-af-apac-eu-row-us/pf120_k100_a040,2025,row,row,8.509032185910494e-09,44.999999999630546,326.1381968420828,353.38,353.38,353.38,0.0,-27.241803157917218,1.8908960413289677e-10,False,0.0
ch-af-apac-eu-row-us/pf120_k100_a040,2030,ch,ch,349.99999998287365,349.999999998643,107.79092380173964,107.44092378697313,107.44092378697313,107.44092378697313,0.0,0.35000001476650766,0.9999999999549448,True,0.0
ch-af-apac-eu-row-us/pf120_k100_a040,2030,ch,eu,1.7184711071809274e-07,89.99999999924223,229.27604540180732,213.66429778167327,229.78229778167326,107.44092378697313,16.118,105.7171216148342,1.909412341328218e-09,False,106.22337399470014
ch-af-apac-eu-row-us/pf120_k100_a040,2030,ch,us,2.6690226776956464e-07,64.9999999982389,247.42186505490545,239.1350275479007,250.26802754790072,107.44092378697313,11.133,128.84794126793233,4.106188735027631e-09,False,131.6941037609276
ch-af-apac-eu-row-us/pf120_k100_a040,2030,ch,apac,1.9132012059602108e-08,84.99999999855478,149.30369830777792,166.87390124341186,180.65432282229352,107.44092378697313,13.78042157888167,28.08235294192312,2.2508249482267531e-10,False,59.432977456438735
ch-af-apac-eu-row-us/pf120_k100_a040,2030,ch,af,0.3480038496836062,13.999999999376348,244.46891403028226,233.96856957292385,244.46856957292385,107.44092378697313,10.5,126.52799024330915,0.024857417835650614,True,126.52764578595072
ch-af-apac-eu-row-us/pf120_k100_a040,2030,ch,row,69.99999923389281,69.99999999925424,231.58686069882387,216.92040837830305,231.51686068790895,107.44092378697313,14.59645230960589,109.54948460224485,0.9999999890662652,True,109.47948459132992
ch-af-apac-eu-row-us/pf120_k100_a040,2030,eu,ch,2.8671687046102417e-09,349.999999998643,107.79092380173964,236.69695086720168,252.81495086720167,197.24967143099207,16.118,-105.57674762925242,8.191910584632452e-12,False,39.44727943620961
ch-af-apac-eu-row-us/pf120_k100_a040,2030,eu,eu,33.109459341818564,89.99999999924223,229.27604540180732,197.24967143099207,197.24967143099207,197.24967143099207,0.0,32.02637397081526,0.36788288157885923,True,0.0
ch-af-apac-eu-row-us/pf120_k100_a040,2030,eu,us,1.2613622581339532e-08,64.9999999982389,247.42186505490545,236.67993353584964,255.43993353584963,197.24967143099207,18.76,31.412193623913385,1.9405573202586588e-10,False,39.430262104857576
ch-af-apac-eu-row-us/pf120_k100_a040,2030,eu,apac,3.71101278543397e-09,84.99999999855478,149.30369830777792,236.69790152374904,254.83154172696413,197.24967143099207,18.13364020321509,-66.07961332642924,4.365897394702431e-11,False,39.44823009275697
ch-af-apac-eu-row-us/pf120_k100_a040,2030,eu,af,1.4571509488526195e-08,13.999999999376348,244.46891403028226,236.70391284071042,246.50391284071043,197.24967143099207,9.8,37.4192425992902,1.0408221063696648e-09,False,39.45424140971835
ch-af-apac-eu-row-us/pf120_k100_a040,2030,eu,row,9.442212400349063e-09,69.99999999925424,231.58686069882387,236.69684936849032,245.133137534153,197.24967143099207,8.436288165662685,25.90090110216912,1.3488874857785223e-10,False,39.44717793749825
ch-af-apac-eu-row-us/pf120_k100_a040,2030,us,ch,2.4890930313969726e-09,349.999999998643,107.79092380173964,254.07917552342664,278.81017552342666,211.75090040837495,24.731,-128.6909766066353,7.111694375447495e-12,False,42.328275115051696
ch-af-apac-eu-row-us/pf120_k100_a040,2030,us,eu,6.807145630189402e-09,89.99999999924223,229.27604540180732,254.14924762637264,263.54624762637263,211.75090040837495,9.397,8.128144993432377,7.563495144718573e-11,False,42.398347217997696
ch-af-apac-eu-row-us/pf120_k100_a040,2030,us,us,41.292539954271106,64.9999999982389,247.42186505490545,211.75090040837495,211.75090040837495,211.75090040837495,0.0,35.67096464653051,0.6352698454675365,True,0.0
ch-af-apac-eu-row-us/pf120_k100_a040,2030,us,apac,3.302036201489476e-09,84.99999999855478,149.30369830777792,254.09415624702606,268.8318124023497,211.75090040837495,14.73765615532369,-77.18485825592072,3.884748472406611e-11,False,42.34325583865112
ch-af-apac-eu-row-us/pf120_k100_a040,2030,us,af,8.427169094186195e-09,13.999999999376348,244.46891403028226,254.12114022684668,268.3211402268467,211.75090040837495,14.2,18.51801362190732,6.019406496115426e-10,False,42.37023981847173
ch-af-apac-eu-row-us/pf120_k100_a040,2030,us,row,6.288797622291194e-09,69.99999999925424,231.58686069882387,254.15184765003008,268.6016726159191,211.75090040837495,14.449824965889,5.386135324559923,8.983996603368847e-11,False,42.40094724165513
ch-af-apac-eu-row-us/pf120_k100_a040,2030,apac,ch,4.416766974320212e-09,349.999999998643,107.79092380173964,182.70598484674764,195.9388777970329,123.55706235501908,13.23289295028525,-28.999031503564694,1.2619334212392391e-11,False,59.148922491728555
ch-af-apac-eu-row-us/pf120_k100_a040,2030,apac,eu,56.890540459012676,89.99999999924223,229.27604540180732,187.2503453990399,203.55751891167233,123.55706235501908,16.30717351263244,89.4118095341558,0.6321171162165742,True,63.693283044020816
ch-af-apac-eu-row-us/pf120_k100_a040,2030,apac,us,23.707459739832284,64.9999999982389,247.42186505490545,208.02644085261784,221.73652165946382,123.55706235501908,13.71008080684597,110.1547218930404,0.36473014985345553,True,84.46937849759875
ch-af-apac-eu-row-us/pf120_k100_a040,2030,apac,apac,84.99999996461268,84.99999999855478,149.30369830777792,123.55706235501908,123.55706235501908,123.55706235501908,0.0,25.746635952758837,0.9999999996006812,True,0.0
ch-af-apac-eu-row-us/pf120_k100_a040,2030,apac,af,7.751996169820224,13.999999999376348,244.46891403028226,205.62691001645348,218.7995261533728,123.55706235501908,13.17261613691931,107.73923553834388,0.5537140121546821,True,82.0698476614344
ch-af-apac-eu-row-us/pf120_k100_a040,2030,apac,row,4.4351330297755075e-09,69.99999999925424,231.58686069882387,297.77196727724936,316.6543819938073,123.55706235501908,18.88241471655794,89.14738362724685,6.335904328318226e-11,False,174.2149049222303
ch-af-apac-eu-row-us/pf120_k100_a040,2030,af,ch,3.2016045207714134e-09,349.999999998643,107.79092380173964,143.11131048426847,147.61131048426847,119.25942540354018,4.5,-15.96850160180054,9.14744148795379e-12,False,23.851885080728294
ch-af-apac-eu-row-us/pf120_k100_a040,2030,af,eu,1.0219897872769706e-08,89.99999999924223,229.27604540180732,143.11131048420307,149.31131048420306,119.25942540354018,6.2,103.81661999826714,1.1355442080950837e-10,False,23.851885080662896
ch-af-apac-eu-row-us/pf120_k100_a040,2030,af,us,1.2414079592132399e-08,64.9999999982389,247.42186505490545,143.11131048427163,151.61131048427163,119.25942540354018,8.5,119.66243965136528,1.9098583988413452e-10,False,23.85188508073145
ch-af-apac-eu-row-us/pf120_k100_a040,2030,af,apac,4.1727281809400735e-09,84.99999999855478,149.30369830777792,143.11131048427043,150.13588261140978,119.25942540354018,7.024572127139364,23.01970077709838,4.909091977660024e-11,False,23.851885080730256
ch-af-apac-eu-row-us/pf120_k100_a040,2030,af,af,5.89999994523268,13.999999999376348,244.46891403028226,119.25942540354018,119.25942540354018,119.25942540354018,0.0,125.20948862674209,0.4214285675353932,True,0.0
ch-af-apac-eu-row-us/pf120_k100_a040,2030,af,row,8.713932777219869e-09,69.99999999925424,231.58686069882387,143.11131048430812,150.61131048430812,119.25942540354018,7.5,104.82743529528369,1.2448475396161007e-10,False,23.851885080767943
ch-af-apac-eu-row-us/pf120_k100_a040,2030,row,ch,2.794677428500853e-09,349.999999998643,107.79092380173964,279.5148942718396,293.63729017627645,232.92928618307093,14.12239590443686,-139.26075828576816,7.98479265289054e-12,False,46.58560808876865
ch-af-apac-eu-row-us/pf120_k100_a040,2030,row,eu,9.536858476154918e-09,89.99999999924223,229.27604540180732,279.5153032136696,287.63894485189485,232.92928618307093,8.123641638225255,-11.77688241948886,1.0596509418039127e-10,False,46.58601703059867
ch-af-apac-eu-row-us/pf120_k100_a040,2030,row,us,1.2205531839970282e-08,64.9999999982389,247.42186505490545,279.5152985832621,293.30274226926895,232.92928618307093,13.78744368600683,0.7051351858276949,1.877774129277073e-10,False,46.58601240019118
ch-af-apac-eu-row-us/pf120_k100_a040,2030,row,apac,3.6243056651225463e-09,84.99999999855478,149.30369830777792,279.5153984217445,299.26811274239907,232.92928618307093,19.75271432065455,-103.37830219594755,4.263889017863728e-11,False,46.58611223867359
ch-af-apac-eu-row-us/pf120_k100_a040,2030,row,af,1.164115749216523e-08,13.999999999376348,244.46891403028226,279.5151890366956,292.0151890366956,232.92928618307093,12.5,-0.9603721527886648,8.315112494774145e-10,False,46.585902853624646
ch-af-apac-eu-row-us/pf120_k100_a040,2030,row,row,7.364813637453031e-07,69.99999999925424,231.58686069882387,232.92928618307093,232.92928618307093,232.92928618307093,0.0,-1.3424254842470589,1.0521162339330705e-08,False,0.0
ch-af-apac-eu-row-us/pf120_k100_a040,2035,ch,ch,332.9999999921639,332.9999999994949,95.90883300254626,95.57583300040461,95.57583300040461,95.57583300040461,0.0,0.33300000214164527,0.999999999977985,True,0.0
ch-af-apac-eu-row-us/pf120_k100_a040,2035,ch,eu,5.380024379586671e-08,94.99999999974807,205.10062808150727,191.24241297937672,207.36041297937672,95.57583300040461,16.118,93.40679508110266,5.663183557474672e-10,False,95.66657997897211
ch-af-apac-eu-row-us/pf120_k100_a040,2035,ch,us,28.70827994316926,69.99999999946051,228.24039685004414,217.0786885700847,228.2116885700847,95.57583300040461,11.133,121.53156384963954,0.4101182849055788,True,121.50285556968008
ch-af-apac-eu-row-us/pf120_k100_a040,2035,ch,apac,7.399331248625934e-09,102.99999999952297,144.95698789314494,150.82702639712832,164.60744797600998,95.57583300040461,13.78042157888167,35.600733313858655,7.183816746272042e-11,False,55.25119339672371
ch-af-apac-eu-row-us/pf120_k100_a040,2035,ch,af,9.209654737297118,19.999999999787395,213.98710849313574,203.47789888194995,213.97789888194995,95.57583300040461,10.5,107.91127549273112,0.46048273686975094,True,107.90206588154534
ch-af-apac-eu-row-us/pf120_k100_a040,2035,ch,row,4.1777202072469316e-08,78.99999999975299,203.37632073946378,189.85380665479988,204.45025896440578,95.57583300040461,14.59645230960589,93.20403542945327,5.288253426911385e-10,False,94.27797365439527
ch-af-apac-eu-row-us/pf120_k100_a040,2035,eu,ch,1.0460512829898276e-09,332.9999999994949,95.90883300254626,210.55999753775575,226.67799753775574,175.4666750022766,16.118,-95.67584199973032,3.1412951441183613e-12,False,35.09332253547916
ch-af-apac-eu-row-us/pf120_k100_a040,2035,eu,eu,42.700428422137605,94.99999999974807,205.10062808150727,175.4666750022766,175.4666750022766,175.4666750022766,0.0,29.63395307923068,0.4494781939184299,True,0.0
ch-af-apac-eu-row-us/pf120_k100_a040,2035,eu,us,4.510800373366842e-09,69.99999999946051,228.24039685004414,210.54934493973775,229.30934493973774,175.4666750022766,18.76,34.01372184776754,6.444000533430867e-11,False,35.08266993746116
ch-af-apac-eu-row-us/pf120_k100_a040,2035,eu,apac,1.3126611266864826e-09,102.99999999952297,144.95698789314494,210.56305764891417,228.69669785212926,175.4666750022766,18.13364020321509,-48.64332731234674,1.2744282783422932e-11,False,35.09638264663758
ch-af-apac-eu-row-us/pf120_k100_a040,2035,eu,af,4.678678915883917e-09,19.999999999787395,213.98710849313574,210.56227410265524,220.36227410265525,175.4666750022766,9.8,28.720433490859147,2.339339457966826e-10,False,35.09559910037865
ch-af-apac-eu-row-us/pf120_k100_a040,2035,eu,row,3.054721934794801e-09,78.99999999975299,203.37632073946378,210.55637611878822,218.9926642844509,175.4666750022766,8.436288165662685,19.473357571524506,3.8667366263346233e-11,False,35.089701116511634
ch-af-apac-eu-row-us/pf120_k100_a040,2035,us,ch,9.311510214137734e-10,332.9999999994949,95.90883300254626,226.04047590545883,250.77147590545883,188.3664806833128,24.731,-117.18864768076654,2.7962493135591167e-12,False,37.67399522214603
ch-af-apac-eu-row-us/pf120_k100_a040,2035,us,eu,1.995281040696129e-09,94.99999999974807,205.10062808150727,226.04404063509816,235.44104063509815,188.3664806833128,9.397,7.337147398194466,2.1002958323172845e-11,False,37.677559951785355
ch-af-apac-eu-row-us/pf120_k100_a040,2035,us,us,41.291719981467,69.99999999946051,228.24039685004414,188.3664806833128,188.3664806833128,188.3664806833128,0.0,39.873916166731334,0.5898817140255033,True,0.0
ch-af-apac-eu-row-us/pf120_k100_a040,2035,us,apac,1.1622738731979434e-09,102.99999999952297,144.95698789314494,226.04154020876325,240.77919636408694,188.3664806833128,14.73765615532369,-58.14714894549155,1.1284212361197343e-11,False,37.67505952545045
ch-af-apac-eu-row-us/pf120_k100_a040,2035,us,af,2.337348751023923e-09,19.999999999787395,213.98710849313574,226.04271812654824,240.24271812654823,188.3664806833128,14.2,11.420627809822935,1.1686743755243848e-10,False,37.676237443235436
ch-af-apac-eu-row-us/pf120_k100_a040,2035,us,row,1.8295102463540082e-09,78.99999999975299,203.37632073946378,226.04342923733464,240.49325420322364,188.3664806833128,14.449824965889,0.5600150902619774,2.3158357548857325e-11,False,37.676948554021834
ch-af-apac-eu-row-us/pf120_k100_a040,2035,apac,ch,3.007178105719896e-09,332.9999999994949,95.90883300254626,110.36278978808224,123.59568273836749,109.9122079504653,13.23289295028525,-27.23626789820429,9.030564882055428e-12,False,0.45058183761693726
ch-af-apac-eu-row-us/pf120_k100_a040,2035,apac,eu,52.299571515917776,94.99999999974807,205.10062808150727,153.79937505613788,170.1065485687703,109.9122079504653,16.30717351263244,78.88124661840953,0.5505218054321733,True,43.887167105672575
ch-af-apac-eu-row-us/pf120_k100_a040,2035,apac,us,6.1806399572195e-08,69.99999999946051,228.24039685004414,181.02124313937964,194.73132394622561,109.9122079504653,13.71008080684597,104.61810809273287,8.829485653238762e-10,False,71.10903518891433
ch-af-apac-eu-row-us/pf120_k100_a040,2035,apac,apac,102.9999999867748,102.99999999952297,144.95698789314494,109.9122079504653,109.9122079504653,109.9122079504653,0.0,35.04477994267964,0.9999999998762313,True,0.0
ch-af-apac-eu-row-us/pf120_k100_a040,2035,apac,af,2.390345283659253,19.999999999787395,213.98710849313574,165.8703222014617,179.04293833838102,109.9122079504653,13.17261613691931,90.90228440575112,0.11951726418423314,True,55.9581142509964
ch-af-apac-eu-row-us/pf120_k100_a040,2035,apac,row,78.99999991268963,78.99999999975299,203.37632073946378,149.47312608060773,168.35554079716567,109.9122079504653,18.88241471655794,74.58169807244053,0.9999999988979322,True,39.560918130142426
ch-af-apac-eu-row-us/pf120_k100_a040,2035,af,ch,1.3762909488277824e-09,332.9999999994949,95.90883300254626,127.3070095564224,131.8070095564224,106.08917463044914,4.5,-14.680341627902877,4.133005852341952e-12,False,21.217834925973264
ch-af-apac-eu-row-us/pf120_k100_a040,2035,af,eu,3.075719069088679e-09,94.99999999974807,205.10062808150727,127.30700955668613,133.5070095566861,106.08917463044914,6.2,92.81145345105813,3.237599020101932e-11,False,21.21783492623699
ch-af-apac-eu-row-us/pf120_k100_a040,2035,af,us,4.2296707239828046e-09,69.99999999946051,228.24039685004414,127.30700955792173,135.80700955792173,106.08917463044914,8.5,113.651222219595,6.042386748593432e-11,False,21.217834927472595
ch-af-apac-eu-row-us/pf120_k100_a040,2035,af,apac,1.6329607871994499e-09,102.99999999952297,144.95698789314494,127.30700955637866,134.331581683518,106.08917463044914,7.024572127139364,31.84324113555644,1.5853988225310803e-11,False,21.217834925929523
ch-af-apac-eu-row-us/pf120_k100_a040,2035,af,af,8.399999968340481,19.999999999787395,213.98710849313574,106.08917463044914,106.08917463044914,106.08917463044914,0.0,107.8979338626866,0.4199999984214888,True,0.0
ch-af-apac-eu-row-us/pf120_k100_a040,2035,af,row,2.8994724113860188e-09,78.99999999975299,203.37632073946378,127.3070095563707,134.8070095563707,106.08917463044914,7.5,89.78714610901464,3.670218242272259e-11,False,21.217834925921565
ch-af-apac-eu-row-us/pf120_k100_a040,2035,row,ch,9.702199876505576e-10,332.9999999994949,95.90883300254626,248.64634989011955,262.7687457945564,207.20606052566248,14.12239590443686,-125.41962342755308,2.9135735364925805e-12,False,41.44028936445707
ch-af-apac-eu-row-us/pf120_k100_a040,2035,row,eu,2.821460704631487e-09,94.99999999974807,205.10062808150727,248.6477789274976,256.77142056572285,207.20606052566248,8.123641638225255,-10.229074082380468,2.969958636462073e-11,False,41.44171840183512
ch-af-apac-eu-row-us/pf120_k100_a040,2035,row,us,4.277375289292823e-09,69.99999999946051,228.24039685004414,248.6471269962882,262.43457068229503,207.20606052566248,13.78744368600683,7.246892638374826,6.11053612760827e-11,False,41.441066470625714
ch-af-apac-eu-row-us/pf120_k100_a040,2035,row,apac,1.240926296751185e-09,102.99999999952297,144.95698789314494,248.64733447772159,268.40004879837613,207.20606052566248,19.75271432065455,-82.00178695317209,1.2047828123853709e-11,False,41.441273952059106
ch-af-apac-eu-row-us/pf120_k100_a040,2035,row,af,3.474519319672739e-09,19.999999999787395,213.98710849313574,248.64824978063655,261.14824978063655,207.20606052566248,12.5,-5.718952032526744,1.737259659854837e-10,False,41.44218925497407
ch-af-apac-eu-row-us/pf120_k100_a040,2035,row,row,3.750244163367329e-08,78.99999999975299,203.37632073946378,207.20606052566248,207.20606052566248,207.20606052566248,0.0,-3.829739786198701,4.747144510606398e-10,False,0.0
ch-af-apac-eu-row-us/pf120_k100_a040,2040,ch,ch,315.9999999940071,315.999999999577,86.65125720039293,86.33525719941149,86.33525719941149,86.33525719941149,0.0,0.31600000098144676,0.9999999999823737,True,0.0
ch-af-apac-eu-row-us/pf120_k100_a040,2040,ch,eu,7.551640780678298e-09,98.99999999976696,201.00799689898452,203.93468804240027,220.05268804240026,86.33525719941149,16.118,98.55473969957303,7.627919980501086e-11,False,117.59943084298878
ch-af-apac-eu-row-us/pf120_k100_a040,2040,ch,us,3.835557635755349e-09,74.99999999954915,170.15743949042843,200.33504552230008,211.4680455223001,86.33525719941149,11.133,72.68918229101695,5.114076847704542e-11,False,113.99978832288859
ch-af-apac-eu-row-us/pf120_k100_a040,2040,ch,apac,1.2932529670220396e-09,125.99999999955182,141.18838872050023,255.76766774630178,269.54808932518347,86.33525719941149,13.78042157888167,41.07270994220707,1.0263912436719363e-11,False,169.4324105468903
ch-af-apac-eu-row-us/pf120_k100_a040,2040,ch,af,9.085761847529333e-09,27.99999999980586,190.0736144157045,195.21151755724262,205.71151755724262,86.33525719941149,10.5,93.23835721629301,3.2449149455686893e-10,False,108.87626035783113
ch-af-apac-eu-row-us/pf120_k100_a040,2040,ch,row,1.1870964375859661e-08,88.99999999976718,204.17385358332285,200.25157517871907,214.84802748832496,86.33525719941149,14.59645230960589,103.24214407430547,1.3338162220101926e-10,False,113.91631797930758
ch-af-apac-eu-row-us/pf120_k100_a040,2040,eu,ch,1.1291207162225693e-09,315.999999999577,86.65125720039293,190.20231161787473,206.32031161787472,158.50199826333673,16.118,-87.96874106294379,3.5731668234939262e-12,False,31.700313354537997
ch-af-apac-eu-row-us/pf120_k100_a040,2040,eu,eu,47.541475255582085,98.99999999976696,201.00799689898452,158.50199826333673,158.50199826333673,158.50199826333673,0.0,42.505998635647785,0.48021692177468683,True,0.0
ch-af-apac-eu-row-us/pf120_k100_a040,2040,eu,us,2.0611673586878505e-09,74.99999999954915,170.15743949042843,190.22946392020006,208.98946392020005,158.50199826333673,18.76,-7.104558772908302,2.7482231449336545e-11,False,31.72746565686333
ch-af-apac-eu-row-us/pf120_k100_a040,2040,eu,apac,1.5595516330891011e-09,125.99999999955182,141.18838872050023,190.22449519202627,208.35813539524136,158.50199826333673,18.13364020321509,-35.4472497460516,1.2377393913449591e-11,False,31.722496928689537
ch-af-apac-eu-row-us/pf120_k100_a040,2040,eu,af,3.2886964058919175e-09,27.99999999980586,190.0736144157045,190.23522530450253,200.03522530450255,158.50199826333673,9.8,21.771616152367766,1.1745344306838286e-10,False,31.733227041165804
ch-af-apac-eu-row-us/pf120_k100_a040,2040,eu,row,4.35111941758827e-09,88.99999999976718,204.17385358332285,190.267726048679,198.7040142143417,158.50199826333673,8.436288165662685,37.235567154323434,4.888898222022081e-11,False,31.76572778534228
ch-af-apac-eu-row-us/pf120_k100_a040,2040,us,ch,1.2583663663200617e-09,315.999999999577,86.65125720039293,204.18549467388527,228.91649467388527,170.1546096644843,24.731,-108.23435246409136,3.982172045321981e-12,False,34.030885009400976
ch-af-apac-eu-row-us/pf120_k100_a040,2040,us,eu,1.0597639353807875e-08,98.99999999976696,201.00799689898452,204.18503667639493,213.58203667639492,170.1546096644843,9.397,21.45638723450022,1.0704686215992749e-10,False,34.03042701191063
ch-af-apac-eu-row-us/pf120_k100_a040,2040,us,us,2.829909906176721,74.99999999954915,170.15743949042843,170.1546096644843,170.1546096644843,170.1546096644843,0.0,0.0028298259441328355,0.0377321320825831,True,0.0
ch-af-apac-eu-row-us/pf120_k100_a040,2040,us,apac,2.1314950770974695e-09,125.99999999955182,141.18838872050023,204.1854401615043,218.92309631682798,170.1546096644843,14.73765615532369,-43.70387709930776,1.6916627596071835e-11,False,34.03083049701999
ch-af-apac-eu-row-us/pf120_k100_a040,2040,us,af,5.431509557924718e-09,27.99999999980586,190.0736144157045,204.1854465059341,218.38544650593408,170.1546096644843,14.2,5.719004751220201,1.9398248421294209e-10,False,34.0308368414498
ch-af-apac-eu-row-us/pf120_k100_a040,2040,us,row,9.449506576234999e-09,88.99999999976718,204.17385358332285,204.18522289014214,218.63504785603115,170.1546096644843,14.449824965889,19.569418952949555,1.0617423119392942e-10,False,34.030613225657845
ch-af-apac-eu-row-us/pf120_k100_a040,2040,apac,ch,6.09171142709412e-10,315.999999999577,86.65125720039293,327.67645646064705,340.9093494109323,99.28554577932321,13.23289295028525,-25.86718152921553,1.9277567807285675e-12,False,228.39091068132382
ch-af-apac-eu-row-us/pf120_k100_a040,2040,apac,eu,51.45852471268791,98.99999999976696,201.00799689898452,142.87252192239046,159.1796954350229,99.28554577932321,16.30717351263244,85.41527760702886,0.519783077907162,True,43.58697614306725
ch-af-apac-eu-row-us/pf120_k100_a040,2040,apac,us,72.17009008202221,74.99999999954915,170.15743949042843,114.59834565339631,128.3084264602423,99.28554577932321,13.71008080684597,57.16181290425925,0.9622678677660808,True,15.312799874073093
ch-af-apac-eu-row-us/pf120_k100_a040,2040,apac,apac,125.99999999083776,125.99999999955182,141.18838872050023,99.28554577932321,99.28554577932321,99.28554577932321,0.0,41.90284294117701,0.9999999999308409,True,0.0
ch-af-apac-eu-row-us/pf120_k100_a040,2040,apac,af,17.1000000307975,27.99999999980586,190.0736144157045,135.10705534641414,148.27967148333346,99.28554577932321,13.17261613691931,77.61545249946198,0.6107142868184309,True,35.82150956709093
ch-af-apac-eu-row-us/pf120_k100_a040,2040,apac,row,11.435321746725142,88.99999999976718,204.17385358332285,143.50316061749334,162.38557533405128,99.28554577932321,18.88241471655794,86.0058930874417,0.128486761199495,True,44.21761483817012
ch-af-apac-eu-row-us/pf120_k100_a040,2040,af,ch,1.4898291708323762e-09,315.999999999577,86.65125720039293,114.9985625896137,119.4985625896137,95.83213549134676,4.5,-13.680878290953828,4.714649274792311e-12,False,19.166427098266936
ch-af-apac-eu-row-us/pf120_k100_a040,2040,af,eu,9.817266797901704e-09,98.99999999976696,201.00799689898452,114.99856258953065,121.19856258953065,95.83213549134676,6.2,98.97586140763775,9.916431109014963e-11,False,19.16642709818389
ch-af-apac-eu-row-us/pf120_k100_a040,2040,af,us,3.414542445808586e-09,74.99999999954915,170.15743949042843,114.99856258959436,123.49856258959436,95.83213549134676,8.5,65.82530399908167,4.552723261105483e-11,False,19.166427098247595
ch-af-apac-eu-row-us/pf120_k100_a040,2040,af,apac,2.26840459013914e-09,125.99999999955182,141.18838872050023,114.99856258959974,122.02313471673911,95.83213549134676,7.024572127139364,38.3316811020141,1.8003211032914355e-11,False,19.16642709825298
ch-af-apac-eu-row-us/pf120_k100_a040,2040,af,af,10.899999948453711,27.99999999980586,190.0736144157045,95.83213549134676,95.83213549134676,95.83213549134676,0.0,94.24147892435774,0.38928571244747456,True,0.0
ch-af-apac-eu-row-us/pf120_k100_a040,2040,af,row,1.156102051036496e-08,88.99999999976718,204.17385358332285,114.99856258945505,122.49856258945505,95.83213549134676,7.5,100.84171809197609,1.2989910685837308e-10,False,19.166427098108286
ch-af-apac-eu-row-us/pf120_k100_a040,2040,row,ch,1.0833563597842057e-09,315.999999999577,86.65125720039293,224.6084282807874,238.73082418522426,187.17271895170572,14.12239590443686,-114.64385765574964,3.428342910714101e-12,False,37.435709329081675
ch-af-apac-eu-row-us/pf120_k100_a040,2040,row,eu,3.5304290962139128e-09,98.99999999976696,201.00799689898452,224.5886053288472,232.71224696707245,187.17271895170572,8.123641638225255,5.711636309053542,3.566089996184064e-11,False,37.415886377141476
ch-af-apac-eu-row-us/pf120_k100_a040,2040,row,us,2.0389322248564176e-09,74.99999999954915,170.15743949042843,224.59544025345815,238.382883939465,187.17271895170572,13.78744368600683,-30.80272314728412,2.7185762998248993e-11,False,37.42272130175243
ch-af-apac-eu-row-us/pf120_k100_a040,2040,row,apac,1.4613436536270225e-09,125.99999999955182,141.18838872050023,224.6031866655422,244.35590098619676,187.17271895170572,19.75271432065455,-65.73704455186004,1.1597965505017623e-11,False,37.43046771383649
ch-af-apac-eu-row-us/pf120_k100_a040,2040,row,af,2.7486789851877497e-09,27.99999999980586,190.0736144157045,224.59492610786276,237.09492610786276,187.17271895170572,12.5,-9.59910453600122,9.816710661452886e-11,False,37.42220715615704
ch-af-apac-eu-row-us/pf120_k100_a040,2040,row,row,77.56467821580942,88.99999999976718,204.17385358332285,187.17271895170572,187.17271895170572,187.17271895170572,0.0,17.001134631617134,0.871513238382161,True,0.0
af-eu-us-apac-row-ch/pf080_k050_a030,2025,ch,ch,323.9999992956216,323.9999999929985,163.32399999705316,163.0,163.0,163.0,0.0,0.3239999970531642,0.9999999978476022,True,0.0
af-eu-us-apac-row-ch/pf080_k050_a030,2025,ch,eu,74.99999820126398,74.99999999652853,244.56843086174146,228.37543089125393,244.49343089125392,163.0,16.118,65.45043086174147,0.9999999760631393,True,65.37543089125393
af-eu-us-apac-row-ch/pf080_k050_a030,2025,ch,us,4.600025064871604,44.99999999174473,256.0161952787307,244.8785953802566,256.0115953802566,163.0,11.133,81.88319527873072,0.10222277923812179,True,81.8785953802566
af-eu-us-apac-row-ch/pf080_k050_a030,2025,ch,apac,1.2580609804774044e-07,49.99999999272869,187.62796209323042,193.63988549333754,207.4203070722192,163.0,13.78042157888167,10.847540514348752,2.516121961320719e-09,False,30.639885493337545
af-eu-us-apac-row-ch/pf080_k050_a030,2025,ch,af,9.999998728912905,9.999999997088786,269.16518977038567,258.6551900547048,269.1551900547048,163.0,10.5,95.66518977038567,0.9999998731824119,True,95.6551900547048
af-eu-us-apac-row-ch/pf080_k050_a030,2025,ch,row,2.463234617490303e-07,44.99999999610123,323.17052279196685,318.99194327335397,333.58839558295983,163.0,14.59645230960589,145.57407048236095,5.473854706008258e-09,False,155.99194327335397
af-eu-us-apac-row-ch/pf080_k050_a030,2025,eu,ch,1.4909776710076945e-08,323.9999999929985,163.32399999705316,239.40027835623994,255.51827835623993,299.25,16.118,-152.04400000294683,4.6017829353083764e-11,False,-59.84972164376006
af-eu-us-apac-row-ch/pf080_k050_a030,2025,eu,eu,1.9124735318844697e-08,74.99999999652853,244.56843086174146,299.25,299.25,299.25,0.0,-54.68156913825854,2.5499647092973213e-10,False,0.0
af-eu-us-apac-row-ch/pf080_k050_a030,2025,eu,us,3.1854055216607735e-08,44.99999999174473,256.0161952787307,239.39998534051347,258.15998534051346,299.25,18.76,-61.993804721269285,7.078678938322528e-10,False,-59.85001465948653
af-eu-us-apac-row-ch/pf080_k050_a030,2025,eu,apac,1.711616034121591e-08,49.99999999272869,187.62796209323042,239.40021898610507,257.53385918932014,299.25,18.13364020321509,-129.75567810998467,3.42323206874101e-10,False,-59.849781013894926
af-eu-us-apac-row-ch/pf080_k050_a030,2025,eu,af,2.7785670141094443e-08,9.999999997088786,269.16518977038567,273.95255637909327,283.7525563790933,299.25,9.8,-39.88481022961433,2.7785670149183448e-09,False,-25.297443620906733
af-eu-us-apac-row-ch/pf080_k050_a030,2025,eu,row,21.99999985636997,44.99999999610123,323.17052279196685,239.39842257089975,247.83471073656244,299.25,8.436288165662685,15.484234626304161,0.4888888857394675,True,-59.851577429100246
af-eu-us-apac-row-ch/pf080_k050_a030,2025,us,ch,2.1288780529198282e-08,323.9999999929985,163.32399999705316,256.99980051801253,281.73080051801253,321.25,24.731,-182.65700000294683,6.570611274585903e-11,False,-64.25019948198747
af-eu-us-apac-row-ch/pf080_k050_a030,2025,us,eu,1.1360647505235951e-07,74.99999999652853,244.56843086174146,257.0001075420561,266.3971075420561,321.25,9.397,-86.07856913825854,1.5147530007682391e-09,False,-64.24989245794387
af-eu-us-apac-row-ch/pf080_k050_a030,2025,us,us,3.82990455239407e-08,44.99999999174473,256.0161952787307,321.25,321.25,321.25,0.0,-65.23380472126928,8.510899006881484e-10,False,0.0
af-eu-us-apac-row-ch/pf080_k050_a030,2025,us,apac,2.977237518896429e-08,49.99999999272869,187.62796209323042,257.0002836704005,271.7379398257242,321.25,14.73765615532369,-148.35969406209327,5.954475038658794e-10,False,-64.2497163295995
af-eu-us-apac-row-ch/pf080_k050_a030,2025,us,af,1.095109730298309e-06,9.999999997088786,269.16518977038567,257.0030833610415,271.2030833610415,321.25,14.2,-66.28481022961434,1.0951097306171188e-07,False,-64.24691663895851
af-eu-us-apac-row-ch/pf080_k050_a030,2025,us,row,1.847174252852943e-08,44.99999999610123,323.17052279196685,444.7411905330264,459.19101549891536,321.25,14.449824965889,-12.529302173922154,4.10483167336218e-10,False,123.49119053302638
af-eu-us-apac-row-ch/pf080_k050_a030,2025,apac,ch,6.268444536470071e-07,323.9999999929985,163.32399999705316,153.81911611307572,167.05200906336097,187.45,13.23289295028525,-37.35889295323207,1.9347051038905955e-09,False,-33.630883886924266
af-eu-us-apac-row-ch/pf080_k050_a030,2025,apac,eu,1.5772468975970486e-06,74.99999999652853,244.56843086174146,229.55915579361658,245.866329306249,187.45,16.30717351263244,40.811257349109034,2.1029958635600712e-08,False,42.109155793616594
af-eu-us-apac-row-ch/pf080_k050_a030,2025,apac,us,40.39997475991991,44.99999999174473,256.0161952787307,242.13775247314726,255.84783327999324,187.45,13.71008080684597,54.856114471884766,0.8977772170518067,True,54.68775247314727
af-eu-us-apac-row-ch/pf080_k050_a030,2025,apac,apac,49.99999977995387,49.99999999272869,187.62796209323042,187.45,187.45,187.45,0.0,0.177962093230434,0.9999999957445036,True,0.0
af-eu-us-apac-row-ch/pf080_k050_a030,2025,apac,af,2.176243889448264e-08,9.999999997088786,269.16518977038567,371.0182258618494,384.1908419987687,187.45,13.17261613691931,68.54257363346636,2.1762438900818153e-09,False,183.56822586184938
af-eu-us-apac-row-ch/pf080_k050_a030,2025,apac,row,19.599999934234813,44.99999999610123,323.17052279196685,304.14054605808656,323.0229607746445,187.45,18.88241471655794,116.83810807540891,0.43555555413184316,True,116.69054605808657
af-eu-us-apac-row-ch/pf080_k050_a030,2025,af,ch,1.5631342109890854e-08,323.9999999929985,163.32399999705316,144.7440225744896,149.2440225744896,180.93,4.5,-22.106000002946843,4.824488305626124e-11,False,-36.1859774255104
af-eu-us-apac-row-ch/pf080_k050_a030,2025,af,eu,3.08846295491985e-08,74.99999999652853,244.56843086174146,144.74495530619654,150.94495530619653,180.93,6.2,57.43843086174145,4.1179506067504047e-10,False,-36.18504469380346
af-eu-us-apac-row-ch/pf080_k050_a030,2025,af,us,3.48423629334386e-08,44.99999999174473,256.0161952787307,144.7440367119446,153.2440367119446,180.93,8.5,66.58619527873071,7.742747319962321e-10,False,-36.185963288055405
af-eu-us-apac-row-ch/pf080_k050_a030,2025,af,apac,1.808169405902762e-08,49.99999999272869,187.62796209323042,144.74399591680944,151.7685680439488,180.93,7.024572127139364,-0.32661003390894816,3.616338812331434e-10,False,-36.18600408319057
af-eu-us-apac-row-ch/pf080_k050_a030,2025,af,af,2.8822890420786497e-08,9.999999997088786,269.16518977038567,180.93,180.93,180.93,0.0,88.23518977038566,2.882289042917746e-09,False,0.0
af-eu-us-apac-row-ch/pf080_k050_a030,2025,af,row,3.399999857379292,44.99999999610123,323.17052279196685,144.74294337148154,152.24294337148154,180.93,7.5,134.74052279196684,0.07555555239275256,True,-36.18705662851846
af-eu-us-apac-row-ch/pf080_k050_a030,2025,row,ch,1.870259117604888e-08,323.9999999929985,163.32399999705316,282.70315979269617,296.82555569713304,353.38,14.12239590443686,-204.1783959073837,5.7724046840904435e-11,False,-70.67684020730383
af-eu-us-apac-row-ch/pf080_k050_a030,2025,row,eu,5.440179322586629e-08,74.99999999652853,244.56843086174146,282.70395133589125,290.8275929741165,353.38,8.123641638225255,-116.93521077648379,7.253572430451246e-10,False,-70.67604866410875
af-eu-us-apac-row-ch/pf080_k050_a030,2025,row,us,6.195775499374113e-08,44.99999999174473,256.0161952787307,282.7013182956491,296.48876198165595,353.38,13.78744368600683,-111.1512484072761,1.3768390001134957e-09,False,-70.67868170435088
af-eu-us-apac-row-ch/pf080_k050_a030,2025,row,apac,2.1998485771225836e-08,49.99999999272869,187.62796209323042,282.7035699052061,302.45628422586066,353.38,19.75271432065455,-185.50475222742412,4.3996971548849984e-10,False,-70.67643009479389
af-eu-us-apac-row-ch/pf080_k050_a030,2025,row,af,9.469515160713606e-08,9.999999997088786,269.16518977038567,282.7037814760642,295.2037814760642,353.38,12.5,-96.71481022961433,9.469515163470385e-09,False,-70.6762185239358
af-eu-us-apac-row-ch/pf080_k050_a030,2025,row,row,8.332194763845617e-08,44.99999999610123,323.17052279196685,353.38,353.38,353.38,0.0,-30.20947720803315,1.8515988365705583e-09,False,0.0
af-eu-us-apac-row-ch/pf080_k050_a030,2030,ch,ch,349.99999999534293,349.99999999971857,107.79092378768429,107.44092378697313,107.44092378697313,107.44092378697313,0.0,0.35000000071116233,0.9999999999874982,True,0.0
af-eu-us-apac-row-ch/pf080_k050_a030,2030,ch,eu,23.756179598300516,89.99999999983704,272.31557802906815,256.17382185291217,272.29182185291216,107.44092378697313,16.118,148.756654242095,0.2639575510927059,True,148.73289806593903
af-eu-us-apac-row-ch/pf080_k050_a030,2030,ch,us,6.182949774103113e-09,64.99999999960703,291.3748121395647,292.61054814927473,303.7435481492747,107.44092378697313,11.133,172.80088835259156,9.512230421754605e-11,False,185.1696243623016
af-eu-us-apac-row-ch/pf080_k050_a030,2030,ch,apac,1.898386078588194e-09,84.99999999961415,255.33291430424848,246.84429269123166,260.6247142701133,107.44092378697313,13.78042157888167,134.1115689383937,2.2333953865844847e-11,False,139.4033689042585
af-eu-us-apac-row-ch/pf080_k050_a030,2030,ch,af,13.999999776291762,13.999999999875817,234.15092220790126,223.6369222171446,234.1369222171446,107.44092378697313,10.5,116.20999842092813,0.9999999840297104,True,116.19599843017146
af-eu-us-apac-row-ch/pf080_k050_a030,2030,ch,row,3.9258727531897665e-08,69.99999999984658,232.96668334993782,221.00252059815847,235.59897290776436,107.44092378697313,14.59645230960589,110.9293072533588,5.608389647426244e-10,False,113.56159681118534
af-eu-us-apac-row-ch/pf080_k050_a030,2030,eu,ch,6.062540420014113e-10,349.99999999971857,107.79092378768429,157.799726547246,173.917726547246,197.24967143099207,16.118,-105.57674764330777,1.732154405719711e-12,False,-39.44994488374607
af-eu-us-apac-row-ch/pf080_k050_a030,2030,eu,eu,3.2105044321146266e-09,89.99999999983704,272.31557802906815,197.24967143099207,197.24967143099207,197.24967143099207,0.0,75.06590659807608,3.567227146800489e-11,False,0.0
af-eu-us-apac-row-ch/pf080_k050_a030,2030,eu,us,2.5265839375399826e-09,64.99999999960703,291.3748121395647,198.48089160616038,217.24089160616037,197.24967143099207,18.76,75.36514070857264,3.8870522116234736e-11,False,1.2312201751683176
af-eu-us-apac-row-ch/pf080_k050_a030,2030,eu,apac,2.903796898485143e-09,84.99999999961415,255.33291430424848,157.80531163545942,175.9389518386745,197.24967143099207,18.13364020321509,39.949602670041315,3.4162316452921466e-11,False,-39.44435979553265
af-eu-us-apac-row-ch/pf080_k050_a030,2030,eu,af,2.4341253329774753e-09,13.999999999875817,234.15092220790126,157.79997081724207,167.59997081724208,197.24967143099207,9.8,27.101250776909193,1.7386609521421904e-10,False,-39.44970061375
af-eu-us-apac-row-ch/pf080_k050_a030,2030,eu,row,32.60283149480215,69.99999999984658,232.96668334993782,117.11550423351794,125.55179239918063,197.24967143099207,8.436288165662685,27.280723753283073,0.4657547356410516,True,-80.13416719747413
af-eu-us-apac-row-ch/pf080_k050_a030,2030,us,ch,6.178329826487394e-10,349.99999999971857,107.79092378768429,169.40505193838334,194.13605193838333,211.75090040837495,24.731,-128.69097662069066,1.765237093283532e-12,False,-42.34584846999161
af-eu-us-apac-row-ch/pf080_k050_a030,2030,us,eu,61.06989702675613,89.99999999983704,272.31557802906815,169.32885852783764,178.72585852783763,211.75090040837495,9.397,51.167677620693205,0.67855441140963,True,-42.42204188053731
af-eu-us-apac-row-ch/pf080_k050_a030,2030,us,us,5.856845505547241e-09,64.99999999960703,291.3748121395647,211.75090040837495,211.75090040837495,211.75090040837495,0.0,79.62391173118976,9.01053154705023e-11,False,0.0
af-eu-us-apac-row-ch/pf080_k050_a030,2030,us,apac,3.8562251883218845e-09,84.99999999961415,255.33291430424848,169.05472831023434,183.79238446555803,211.75090040837495,14.73765615532369,28.84435774054984,4.5367355156934e-11,False,-42.69617209814061
af-eu-us-apac-row-ch/pf080_k050_a030,2030,us,af,2.2938404435818136e-09,13.999999999875817,234.15092220790126,169.30296901386018,183.50296901386017,211.75090040837495,14.2,8.200021799526315,1.6384574597158288e-10,False,-42.44793139451477
af-eu-us-apac-row-ch/pf080_k050_a030,2030,us,row,2.353527743845063e-09,69.99999999984658,232.96668334993782,169.68497803175396,184.13480299764296,211.75090040837495,14.449824965889,6.765957975673878,3.362182491214602e-11,False,-42.06592237662099
af-eu-us-apac-row-ch/pf080_k050_a030,2030,apac,ch,1.4087335390664105e-09,349.99999999971857,107.79092378768429,102.63261865265551,115.86551160294076,123.55706235501908,13.23289295028525,-28.99903151762004,4.0249529687644094e-12,False,-20.924443702363575
af-eu-us-apac-row-ch/pf080_k050_a030,2030,apac,eu,9.382025392883313e-10,89.99999999983704,272.31557802906815,293.0303966520947,309.33757016472714,123.55706235501908,16.30717351263244,132.45134216141665,1.0424472658778112e-11,False,169.4733342970756
af-eu-us-apac-row-ch/pf080_k050_a030,2030,apac,us,64.4917507472248,64.99999999960703,291.3748121395647,145.9093876334146,159.6194684402606,123.55706235501908,13.71008080684597,154.10766897769966,0.9921807807325338,True,22.352325278395526
af-eu-us-apac-row-ch/pf080_k050_a030,2030,apac,apac,84.99999998613285,84.99999999961415,255.33291430424848,123.55706235501908,123.55706235501908,123.55706235501908,0.0,131.77585194922938,0.9999999998413965,True,0.0
af-eu-us-apac-row-ch/pf080_k050_a030,2030,apac,af,7.817428329636097e-10,13.999999999875817,234.15092220790126,270.6016940137896,283.7743101507089,123.55706235501908,13.17261613691931,97.42124371596287,5.583877378361028e-11,False,147.04463165877053
af-eu-us-apac-row-ch/pf080_k050_a030,2030,apac,row,1.7610734021405935e-09,69.99999999984658,232.96668334993782,180.79809011434804,199.680504830906,123.55706235501908,18.88241471655794,90.52720627836081,2.5158191459206476e-11,False,57.24102775932896
af-eu-us-apac-row-ch/pf080_k050_a030,2030,af,ch,5.638575507256776e-10,349.99999999971857,107.79092378768429,95.4092603377349,99.9092603377349,119.25942540354018,4.5,-15.968501615855885,1.6110215735032315e-12,False,-23.85016506580527
af-eu-us-apac-row-ch/pf080_k050_a030,2030,af,eu,5.17392333262735,89.99999999983704,272.31557802906815,87.03826005155774,93.23826005155775,119.25942540354018,6.2,146.85615262552798,0.05748803702929687,True,-32.221165351982435
af-eu-us-apac-row-ch/pf080_k050_a030,2030,af,us,0.5082492317145973,64.99999999960703,291.3748121395647,103.80215985866144,112.30215985866144,119.25942540354018,8.5,163.61538673602453,0.007819218949502616,True,-15.457265544878737
af-eu-us-apac-row-ch/pf080_k050_a030,2030,af,apac,2.6642203961217482e-09,84.99999999961415,255.33291430424848,95.4070433580452,102.43161548518457,119.25942540354018,7.024572127139364,129.04891677356895,3.1343769366280496e-11,False,-23.852382045494977
af-eu-us-apac-row-ch/pf080_k050_a030,2030,af,af,1.1866847117257142e-09,13.999999999875817,234.15092220790126,119.25942540354018,119.25942540354018,119.25942540354018,0.0,114.89149680436108,8.476319369544574e-11,False,0.0
af-eu-us-apac-row-ch/pf080_k050_a030,2030,af,row,1.2839935755643832e-09,69.99999999984658,232.96668334993782,95.43186282666738,102.93186282666738,119.25942540354018,7.5,106.20725794639765,1.8342765365245675e-11,False,-23.827562576872793
af-eu-us-apac-row-ch/pf080_k050_a030,2030,row,ch,1.1789896731812465e-09,349.99999999971857,107.79092378768429,186.34104052807663,200.4634364325135,232.92928618307093,14.12239590443686,-139.2607582998235,3.368541923377699e-12,False,-46.588245654994296
af-eu-us-apac-row-ch/pf080_k050_a030,2030,row,eu,3.800433303146897e-08,89.99999999983704,272.31557802906815,266.88676497965923,275.0104066178845,232.92928618307093,8.123641638225255,31.262650207771966,4.222703670170865e-10,False,33.957478796588305
af-eu-us-apac-row-ch/pf080_k050_a030,2030,row,us,6.101247554694493e-09,64.99999999960703,291.3748121395647,284.07568462587,297.86312831187684,232.92928618307093,13.78744368600683,44.65808227048695,9.386534699586738e-11,False,51.14639844279907
af-eu-us-apac-row-ch/pf080_k050_a030,2030,row,apac,2.15867212635549e-09,84.99999999961415,255.33291430424848,276.7571934528904,296.50990777354497,232.92928618307093,19.75271432065455,2.6509138005229964,2.5396142663121048e-11,False,43.82790726981949
af-eu-us-apac-row-ch/pf080_k050_a030,2030,row,af,2.1688766092912038e-07,13.999999999875817,234.15092220790126,222.2859456989052,234.7859456989052,232.92928618307093,12.5,-11.278363975169668,1.5491975780788872e-08,False,-10.64334048416572
af-eu-us-apac-row-ch/pf080_k050_a030,2030,row,row,37.3971684603871,69.99999999984658,232.96668334993782,232.92928618307093,232.92928618307093,232.92928618307093,0.0,0.03739716686689576,0.5342452637209866,True,0.0
af-eu-us-apac-row-ch/pf080_k050_a030,2035,ch,ch,332.99999998514494,332.99999999964695,95.90883300246304,95.57583300040461,95.57583300040461,95.57583300040461,0.0,0.3330000020584265,0.9999999999564504,True,0.0
af-eu-us-apac-row-ch/pf080_k050_a030,2035,ch,eu,6.543330535769256e-09,94.99999999980187,213.45307929632966,217.61319679332678,233.73119679332677,95.57583300040461,16.118,101.75924629592505,6.887716353455686e-11,False,122.03736379292216
af-eu-us-apac-row-ch/pf080_k050_a030,2035,ch,us,5.306965428260971e-09,69.99999999957019,217.08123284512234,234.08944649877213,245.22244649877214,95.57583300040461,11.133,110.37239984471773,7.58137918327651e-11,False,138.51361349836753
af-eu-us-apac-row-ch/pf080_k050_a030,2035,ch,apac,1.5708380324152665e-09,102.99999999964693,110.01520795412749,192.11118376107,205.89160533995167,95.57583300040461,13.78042157888167,0.6589533748412055,1.525085468369564e-11,False,96.5353507606654
af-eu-us-apac-row-ch/pf080_k050_a030,2035,ch,af,7.688801761937271e-08,19.999999999836245,229.79738801255576,221.7795112372878,232.2795112372878,95.57583300040461,10.5,123.72155501215116,3.844400881000113e-09,False,126.20367823688319
af-eu-us-apac-row-ch/pf080_k050_a030,2035,ch,row,78.9999994049301,78.99999999980443,206.9239589502861,192.2485066402353,206.84495894984119,95.57583300040461,14.59645230960589,96.7516736402756,0.9999999924699451,True,96.67267363983068
af-eu-us-apac-row-ch/pf080_k050_a030,2035,eu,ch,1.4761922392895057e-09,332.99999999964695,95.90883300246304,140.40255225583851,156.5205522558385,175.4666750022766,16.118,-95.67584199981354,4.4330097276008135e-12,False,-35.06412274643807
af-eu-us-apac-row-ch/pf080_k050_a030,2035,eu,eu,42.481164327735364,94.99999999980187,213.45307929632966,175.4666750022766,175.4666750022766,175.4666750022766,0.0,37.986404294053074,0.4471701508191996,True,0.0
af-eu-us-apac-row-ch/pf080_k050_a030,2035,eu,us,4.006496716287963e-09,69.99999999957019,217.08123284512234,195.8088851635242,214.5688851635242,175.4666750022766,18.76,22.854557842845754,5.723566737589376e-11,False,20.342210161247607
af-eu-us-apac-row-ch/pf080_k050_a030,2035,eu,apac,1.6290499197664535e-09,102.99999999964693,110.01520795412749,142.16898268464362,160.30262288785872,175.4666750022766,18.13364020321509,-83.58510725136419,1.5816018638563473e-11,False,-33.297692317632965
af-eu-us-apac-row-ch/pf080_k050_a030,2035,eu,af,2.1493659386400085e-09,19.999999999836245,229.79738801255576,247.63476954774103,257.43476954774104,175.4666750022766,9.8,44.53071301027917,1.0746829693288035e-10,False,72.16809454546444
af-eu-us-apac-row-ch/pf080_k050_a030,2035,eu,row,1.6566353079473926e-09,78.99999999980443,206.9239589502861,246.39453763231398,254.83082579797667,175.4666750022766,8.436288165662685,23.020995782346834,2.0970067189259415e-11,False,70.9278626300374
af-eu-us-apac-row-ch/pf080_k050_a030,2035,us,ch,1.3439920637013804e-09,332.99999999964695,95.90883300246304,150.76045934755217,175.49145934755217,188.3664806833128,24.731,-117.18864768084975,4.036012203311728e-12,False,-37.60602133576063
af-eu-us-apac-row-ch/pf080_k050_a030,2035,us,eu,2.7372645456121525e-09,94.99999999980187,213.45307929632966,226.06769634780758,235.46469634780757,188.3664806833128,9.397,15.68959861301686,2.88133110065038e-11,False,37.70121566449478
af-eu-us-apac-row-ch/pf080_k050_a030,2035,us,us,65.19996156441357,69.99999999957019,217.08123284512234,188.3664806833128,188.3664806833128,188.3664806833128,0.0,28.714752161809542,0.9314280223544844,True,0.0
af-eu-us-apac-row-ch/pf080_k050_a030,2035,us,apac,1.2678790935076847e-09,102.99999999964693,110.01520795412749,180.48061599578745,195.21827215111114,188.3664806833128,14.73765615532369,-93.088928884509,1.2309505762252726e-11,False,-7.8858646875253555
af-eu-us-apac-row-ch/pf080_k050_a030,2035,us,af,6.018648353718686e-09,19.999999999836245,229.79738801255576,211.4534280419169,225.6534280419169,188.3664806833128,14.2,27.230907329242957,3.0093241768839827e-10,False,23.086947358604107
af-eu-us-apac-row-ch/pf080_k050_a030,2035,us,row,1.4742320437819024e-09,78.99999999980443,206.9239589502861,261.0028917578749,275.4527167237639,188.3664806833128,14.449824965889,4.107653301084305,1.866116511120952e-11,False,72.63641107456212
af-eu-us-apac-row-ch/pf080_k050_a030,2035,apac,ch,8.713413697709872e-09,332.99999999964695,95.90883300246304,99.67617486573516,112.90906781602041,109.9122079504653,13.23289295028525,-27.236267898287508,2.616640750065799e-11,False,-10.236033084730138
af-eu-us-apac-row-ch/pf080_k050_a030,2035,apac,eu,52.51883564244932,94.99999999980187,213.45307929632966,197.09338694590986,213.4005604585423,109.9122079504653,16.30717351263244,87.23369783323193,0.5528298488690405,True,87.18117899544455
af-eu-us-apac-row-ch/pf080_k050_a030,2035,apac,us,1.0879143850318547e-08,69.99999999957019,217.08123284512234,217.94551959206188,231.65560039890786,109.9122079504653,13.71008080684597,93.45894408781108,1.5541634071979065e-10,False,108.03331164159658
af-eu-us-apac-row-ch/pf080_k050_a030,2035,apac,apac,102.99999999270679,102.99999999964693,110.01520795412749,109.9122079504653,109.9122079504653,109.9122079504653,0.0,0.10300000366218853,0.99999999993262,True,0.0
af-eu-us-apac-row-ch/pf080_k050_a030,2035,apac,af,1.7708664657621508e-09,19.999999999836245,229.79738801255576,298.1310569900324,311.3036731269517,109.9122079504653,13.17261613691931,106.71256392517114,8.854332328883251e-11,False,188.2188490395671
af-eu-us-apac-row-ch/pf080_k050_a030,2035,apac,row,2.5457825837022268e-08,78.99999999980443,206.9239589502861,193.36299087527516,212.2454055918331,109.9122079504653,18.88241471655794,78.12933628326286,3.2225095996310494e-10,False,83.45078292480986
af-eu-us-apac-row-ch/pf080_k050_a030,2035,af,ch,1.2339124825400165e-09,332.99999999964695,95.90883300246304,84.87156002060476,89.37156002060476,106.08917463044914,4.5,-14.680341627986095,3.7054428905144886e-12,False,-21.217614609844375
af-eu-us-apac-row-ch/pf080_k050_a030,2035,af,eu,1.6237778618061557e-08,94.99999999980187,213.45307929632966,84.8713949725063,91.0713949725063,106.08917463044914,6.2,101.16390466588052,1.7092398545363602e-10,False,-21.21777965794284
af-eu-us-apac-row-ch/pf080_k050_a030,2035,af,us,4.800038412483133,69.99999999957019,217.08123284512234,84.87146768080375,93.37146768080375,106.08917463044914,8.5,102.49205821467321,0.06857197732160865,True,-21.21770694964539
af-eu-us-apac-row-ch/pf080_k050_a030,2035,af,apac,1.3305277370838964e-09,102.99999999964693,110.01520795412749,84.87097027310796,91.89554240024732,106.08917463044914,7.024572127139364,-3.09853880346101,1.2917745020276284e-11,False,-21.21820435734118
af-eu-us-apac-row-ch/pf080_k050_a030,2035,af,af,3.2483079615719985,19.999999999836245,229.79738801255576,106.08917463044914,106.08917463044914,106.08917463044914,0.0,123.70821338210662,0.16241539807992975,True,0.0
af-eu-us-apac-row-ch/pf080_k050_a030,2035,af,row,1.5121499374792674e-08,78.99999999980443,206.9239589502861,84.87154618058824,92.37154618058824,106.08917463044914,7.5,93.33478431983697,1.9141138449152035e-10,False,-21.217628449860896
af-eu-us-apac-row-ch/pf080_k050_a030,2035,row,ch,1.7345693870537478e-09,332.99999999964695,95.90883300246304,165.77250014907978,179.89489605351665,207.20606052566248,14.12239590443686,-125.4196234276363,5.208917078245005e-12,False,-41.433560376582705
af-eu-us-apac-row-ch/pf080_k050_a030,2035,row,eu,4.098813401294579e-09,94.99999999980187,213.45307929632966,239.08538730535287,247.20902894357812,207.20606052566248,8.123641638225255,-1.8766228675580727,4.3145404224243446e-11,False,31.879326779690388
af-eu-us-apac-row-ch/pf080_k050_a030,2035,row,us,2.4808729042275717e-09,69.99999999957019,217.08123284512234,261.0943827033161,274.88182638932295,207.20606052566248,13.78744368600683,-3.9122713665469657,3.544104148918292e-11,False,53.888322177653635
af-eu-us-apac-row-ch/pf080_k050_a030,2035,row,apac,1.1418606342384277e-09,102.99999999964693,110.01520795412749,217.44991581566836,237.2026301363229,207.20606052566248,19.75271432065455,-116.94356689218954,1.1086025575168366e-11,False,10.243855290005882
af-eu-us-apac-row-ch/pf080_k050_a030,2035,row,af,16.75169195143735,19.999999999836245,229.79738801255576,217.28063632598804,229.78063632598804,207.20606052566248,12.5,10.091327486893277,0.8375845975787255,True,10.074575800325562
af-eu-us-apac-row-ch/pf080_k050_a030,2035,row,row,5.51164159858816e-07,78.99999999980443,206.9239589502861,207.20606052566248,207.20606052566248,207.20606052566248,0.0,-0.28210157537637315,6.976761517217474e-09,False,0.0
af-eu-us-apac-row-ch/pf080_k050_a030,2040,ch,ch,315.9999994670749,315.9999999742183,86.65125723361481,86.33525719941149,86.33525719941149,86.33525719941149,0.0,0.3160000342033271,0.9999999983951157,True,0.0
af-eu-us-apac-row-ch/pf080_k050_a030,2040,ch,eu,2.056957713072414e-07,98.99999998655521,208.40199268722156,232.68388282301697,248.80188282301697,86.33525719941149,16.118,105.94873548781008,2.077735063991678e-09,False,146.34862562360547
af-eu-us-apac-row-ch/pf080_k050_a030,2040,ch,us,6.078411515600318e-07,74.999999972479,202.03362956085158,202.60666812731006,213.73966812731007,86.33525719941149,11.133,104.5653723614401,8.104548690441029e-09,False,116.27141092789857
af-eu-us-apac-row-ch/pf080_k050_a030,2040,ch,apac,7.667271996844817e-08,125.99999997707425,99.41154605220956,204.27594697077893,218.0563685496606,86.33525719941149,13.78042157888167,-0.7041327260835981,6.085136506539588e-10,False,117.94068977136745
af-eu-us-apac-row-ch/pf080_k050_a030,2040,ch,af,4.1242732057799895e-08,27.99999998840492,225.51528735892904,464.87439273683117,475.37439273683117,86.33525719941149,10.5,128.68003015951757,1.4729547169599616e-09,False,378.53913553741967
af-eu-us-apac-row-ch/pf080_k050_a030,2040,ch,row,3.1769829993866223e-07,88.99999998695316,187.26171945050575,201.24912696804316,215.84557927764905,86.33525719941149,14.59645230960589,86.33000994148837,3.569643820058818e-09,False,114.91386976863167
af-eu-us-apac-row-ch/pf080_k050_a030,2040,eu,ch,8.865635529427077e-08,315.9999999742183,86.65125723361481,126.83133473503443,142.94933473503443,158.50199826333673,16.118,-87.96874102972191,2.805580863971647e-10,False,-31.6706635283023
af-eu-us-apac-row-ch/pf080_k050_a030,2040,eu,eu,53.70260925566031,98.99999998655521,208.40199268722156,158.50199826333673,158.50199826333673,158.50199826333673,0.0,49.899994423884834,0.5424505986156913,True,0.0
af-eu-us-apac-row-ch/pf080_k050_a030,2040,eu,us,2.8050131647612263e-07,74.999999972479,202.03362956085158,161.1163837835971,179.87638378359708,158.50199826333673,18.76,24.771631297514848,3.740017554387355e-09,False,2.614385520260356
af-eu-us-apac-row-ch/pf080_k050_a030,2040,eu,apac,9.835258424363197e-08,125.99999997707425,99.41154605220956,123.13175155494457,141.26539175815967,158.50199826333673,18.13364020321509,-77.22409241434227,7.805760655676767e-10,False,-35.37024670839216
af-eu-us-apac-row-ch/pf080_k050_a030,2040,eu,af,2.394625199431167e-07,27.99999998840492,225.51528735892904,202.75792002295398,212.557920022954,158.50199826333673,9.8,57.213289095592316,8.552232858652875e-09,False,44.25592175961725
af-eu-us-apac-row-ch/pf080_k050_a030,2040,eu,row,1.5123895343099184e-07,88.99999998695316,187.26171945050575,187.04782698222797,195.48411514789066,158.50199826333673,8.436288165662685,20.323433021506336,1.6993140837433992e-09,False,28.545828718891244
af-eu-us-apac-row-ch/pf080_k050_a030,2040,us,ch,8.979716397278865e-08,315.9999999742183,86.65125723361481,139.27156626001457,164.00256626001456,170.1546096644843,24.731,-108.23435243086948,2.841682404434018e-10,False,-30.88304340446973
af-eu-us-apac-row-ch/pf080_k050_a030,2040,us,eu,1.487378501557238e-07,98.99999998655521,208.40199268722156,228.25351139035863,237.65051139035862,170.1546096644843,9.397,28.85038302273727,1.5024025270295282e-09,False,58.09890172587433
af-eu-us-apac-row-ch/pf080_k050_a030,2040,us,us,66.78944042679133,74.999999972479,202.03362956085158,170.1546096644843,170.1546096644843,170.1546096644843,0.0,31.879019896367282,0.8905258726839932,True,0.0
af-eu-us-apac-row-ch/pf080_k050_a030,2040,us,apac,1.7665899714628107e-08,125.99999997707425,99.41154605220956,591.3501684137864,606.08782456911,170.1546096644843,14.73765615532369,-85.48071976759843,1.402055533162097e-10,False,421.1955587493021
af-eu-us-apac-row-ch/pf080_k050_a030,2040,us,af,5.795978473301833e-08,27.99999998840492,225.51528735892904,341.11692743214024,355.31692743214023,170.1546096644843,14.2,41.16067769444474,2.0699923127507163e-09,False,170.96231776765595
af-eu-us-apac-row-ch/pf080_k050_a030,2040,us,row,4.7978459403201777e-08,88.99999998695316,187.26171945050575,339.6886928749462,354.13851784083516,170.1546096644843,14.449824965889,2.6572848201324533,5.390838135981474e-10,False,169.5340832104619
af-eu-us-apac-row-ch/pf080_k050_a030,2040,apac,ch,1.5492539221688677e-07,315.9999999742183,86.65125723361481,136.94342380028587,150.17631675057112,99.28554577932321,13.23289295028525,-25.86718149599365,4.902702285744517e-10,False,37.657878020962656
af-eu-us-apac-row-ch/pf080_k050_a030,2040,apac,eu,45.29738752424225,98.99999998655521,208.40199268722156,192.04952166335926,208.3566951759917,99.28554577932321,16.30717351263244,92.8092733952659,0.45754936899387777,True,92.76397588403604
af-eu-us-apac-row-ch/pf080_k050_a030,2040,apac,us,8.210557160129708,74.999999972479,202.03362956085158,188.31533873752878,202.02541954437476,99.28554577932321,13.71008080684597,89.0380029746824,0.10947409550856727,True,89.02979295820556
af-eu-us-apac-row-ch/pf080_k050_a030,2040,apac,apac,125.99999965631943,125.99999997707425,99.41154605220956,99.28554577932321,99.28554577932321,99.28554577932321,0.0,0.12600027288634408,0.9999999974543268,True,0.0
af-eu-us-apac-row-ch/pf080_k050_a030,2040,apac,af,17.585482152725433,27.99999998840492,225.51528735892904,212.32508652797952,225.49770266489884,99.28554577932321,13.17261613691931,113.05712544268653,0.6280529342859913,True,113.03954074865631
af-eu-us-apac-row-ch/pf080_k050_a030,2040,apac,row,6.006657325779358e-07,88.99999998695316,187.26171945050575,183.19971929418838,202.08213401074633,99.28554577932321,18.88241471655794,69.0937589546246,6.749053176022355e-09,False,83.91417351486517
af-eu-us-apac-row-ch/pf080_k050_a030,2040,af,ch,4.459754381594064e-08,315.9999999742183,86.65125723361481,76.66547490931194,81.16547490931194,95.83213549134676,4.5,-13.680878257731948,1.4113146778347863e-10,False,-19.166660582034822
af-eu-us-apac-row-ch/pf080_k050_a030,2040,af,eu,2.3620642992778586e-06,98.99999998655521,208.40199268722156,76.66431947625057,82.86431947625057,95.83213549134676,6.2,106.3698571958748,2.3859235349481222e-08,False,-19.167816015096193
af-eu-us-apac-row-ch/pf080_k050_a030,2040,af,us,9.691258865587746e-07,74.999999972479,202.03362956085158,76.66603757760518,85.16603757760518,95.83213549134676,8.5,97.70149406950482,1.2921678492191893e-08,False,-19.16609791374158
af-eu-us-apac-row-ch/pf080_k050_a030,2040,af,apac,5.229649036130711e-08,125.99999997707425,99.41154605220956,76.6667650741858,83.69133720132517,95.83213549134676,7.024572127139364,-3.4451615662765667,4.1505151087954346e-10,False,-19.165370417160958
af-eu-us-apac-row-ch/pf080_k050_a030,2040,af,af,10.414516847526139,27.99999998840492,225.51528735892904,95.83213549134676,95.83213549134676,95.83213549134676,0.0,129.6831518675823,0.3719470304228177,True,0.0
af-eu-us-apac-row-ch/pf080_k050_a030,2040,af,row,1.806420388159118e-07,88.99999998695316,187.26171945050575,76.6662983655293,84.1662983655293,95.83213549134676,7.5,83.92958395915899,2.029685829689807e-09,False,-19.16583712581746
af-eu-us-apac-row-ch/pf080_k050_a030,2040,row,ch,1.2916698281701407e-07,315.9999999742183,86.65125723361481,145.84441518525222,159.9668110896891,187.17271895170572,14.12239590443686,-114.64385762252776,4.087562747707357e-10,False,-41.3283037664535
af-eu-us-apac-row-ch/pf080_k050_a030,2040,row,eu,4.901547262932087e-07,98.99999998655521,208.40199268722156,214.9105169683827,223.03415860660795,187.17271895170572,8.123641638225255,13.105632097290592,4.951057842017926e-09,False,27.737798016676976
af-eu-us-apac-row-ch/pf080_k050_a030,2040,row,us,5.280896454797147e-07,74.999999972479,202.03362956085158,203.98559763522437,217.7730413212312,187.17271895170572,13.78744368600683,1.0734669231390317,7.041195275646605e-09,False,16.812878683518647
af-eu-us-apac-row-ch/pf080_k050_a030,2040,row,apac,7.576713578476775e-08,125.99999997707425,99.41154605220956,201.13102088084707,220.88373520150162,187.17271895170572,19.75271432065455,-107.5138872201507,6.013264745916953e-10,False,13.958301929141356
af-eu-us-apac-row-ch/pf080_k050_a030,2040,row,af,6.494883079406151e-07,27.99999998840492,225.51528735892904,228.9116433182836,241.4116433182836,187.17271895170572,12.5,25.842568407223325,2.319601100748481e-08,False,41.73892436657789
af-eu-us-apac-row-ch/pf080_k050_a030,2040,row,row,88.99999868872966,88.99999998695316,187.26171945050575,187.17271895170572,187.17271895170572,187.17271895170572,0.0,0.0890004988000328,0.9999999854132191,True,0.0
af-eu-us-apac-row-ch/pf080_k050_a040,2025,ch,ch,323.9999999884606,323.9999999994302,163.3239999997584,163.0,163.0,163.0,0.0,0.3239999997583993,0.9999999999661433,True,0.0
af-eu-us-apac-row-ch/pf080_k050_a040,2025,ch,eu,7.59999926160291,74.99999999966847,355.8174230780975,339.6918231037073,355.8098231037073,163.0,16.118,176.69942307809748,0.10133332348848673,True,176.6918231037073
af-eu-us-apac-row-ch/pf080_k050_a040,2025,ch,us,3.205261415630129e-08,44.999999999253085,294.4897921036561,287.7345107714473,298.86751077144726,163.0,11.133,120.3567921036561,7.122803145962955e-10,False,124.73451077144728
af-eu-us-apac-row-ch/pf080_k050_a040,2025,ch,apac,2.7961489256579636e-09,49.999999999341775,229.91747618554166,287.19130498573554,300.9717265646172,163.0,13.78042157888167,53.13705460665999,5.5922978513895474e-11,False,124.19130498573554
af-eu-us-apac-row-ch/pf080_k050_a040,2025,ch,af,9.999999816082402,9.999999999759105,294.89962865736726,284.38962869765305,294.88962869765305,163.0,10.5,121.39962865736726,0.9999999816323297,True,121.38962869765305
af-eu-us-apac-row-ch/pf080_k050_a040,2025,ch,row,29.999999827427846,44.999999999697785,301.5760903120445,286.94963801159975,301.5460903212056,163.0,14.59645230960589,123.97963800243863,0.6666666628362071,True,123.94963801159975
af-eu-us-apac-row-ch/pf080_k050_a040,2025,eu,ch,1.3577228698504971e-09,323.9999999994302,163.3239999997584,239.4000726185815,255.5180726185815,299.25,16.118,-152.0440000002416,4.190502684731126e-12,False,-59.849927381418496
af-eu-us-apac-row-ch/pf080_k050_a040,2025,eu,eu,21.999999911534143,74.99999999966847,355.8174230780975,299.25,299.25,299.25,0.0,56.56742307809748,0.2933333321550852,True,0.0
af-eu-us-apac-row-ch/pf080_k050_a040,2025,eu,us,8.796612074228005e-09,44.999999999253085,294.4897921036561,239.40076120297238,258.16076120297237,299.25,18.76,-23.5202078963439,1.954802683194225e-10,False,-59.849238797027624
af-eu-us-apac-row-ch/pf080_k050_a040,2025,eu,apac,2.360651684338678e-09,49.999999999341775,229.91747618554166,239.39977656487548,257.53341676809055,299.25,18.13364020321509,-87.46616401767344,4.721303368739509e-11,False,-59.85022343512452
af-eu-us-apac-row-ch/pf080_k050_a040,2025,eu,af,1.8214592681235572e-08,9.999999999759105,294.89962865736726,239.41288720392976,249.21288720392977,299.25,9.8,-14.150371342632742,1.8214592681674352e-09,False,-59.837112796070244
af-eu-us-apac-row-ch/pf080_k050_a040,2025,eu,row,5.4377158572379075e-08,44.999999999697785,301.5760903120445,239.39890264652206,247.83519081218475,299.25,8.436288165662685,-6.110197853618157,1.2083813016165393e-09,False,-59.85109735347794
af-eu-us-apac-row-ch/pf080_k050_a040,2025,us,ch,9.859577011875767e-10,323.9999999994302,163.3239999997584,257.00022453449435,281.73122453449434,321.25,24.731,-182.6570000002416,3.043079324658366e-12,False,-64.24977546550565
af-eu-us-apac-row-ch/pf080_k050_a040,2025,us,eu,41.999999988681516,74.99999999966847,355.8174230780975,257.0000553445044,266.3970553445044,321.25,9.397,25.17042307809748,0.5599999998515622,True,-64.2499446554956
af-eu-us-apac-row-ch/pf080_k050_a040,2025,us,us,1.639144928615171e-09,44.999999999253085,294.4897921036561,321.25,321.25,321.25,0.0,-26.7602078963439,3.6425442858719506e-11,False,0.0
af-eu-us-apac-row-ch/pf080_k050_a040,2025,us,apac,4.590608520864401e-10,49.999999999341775,229.91747618554166,565.4784572943961,580.2161134497197,321.25,14.73765615532369,-106.07017996978203,9.181217041849667e-12,False,244.2284572943961
af-eu-us-apac-row-ch/pf080_k050_a040,2025,us,af,2.964420891658553e-09,9.999999999759105,294.89962865736726,257.00018978718595,271.20018978718593,321.25,14.2,-40.550371342632744,2.9644208917299647e-10,False,-64.24981021281405
af-eu-us-apac-row-ch/pf080_k050_a040,2025,us,row,3.0215317473710287e-09,44.999999999697785,301.5760903120445,257.0002277977243,271.45005276361326,321.25,14.449824965889,-34.12373465384447,6.714514994202936e-11,False,-64.24977220227572
af-eu-us-apac-row-ch/pf080_k050_a040,2025,apac,ch,6.155821426358208e-09,323.9999999994302,163.3239999997584,144.01816648629188,157.25105943657712,187.45,13.23289295028525,-37.35889295052684,1.8999448846818007e-11,False,-43.43183351370811
af-eu-us-apac-row-ch/pf080_k050_a040,2025,apac,eu,7.988531446825328e-10,74.99999999966847,355.8174230780975,550.5681753277039,566.8753488403363,187.45,16.30717351263244,152.06024956546506,1.0651375262480852e-11,False,363.1181753277039
af-eu-us-apac-row-ch/pf080_k050_a040,2025,apac,us,44.99999988843502,44.999999999253085,294.4897921036561,238.31723511137417,252.02731591822015,187.45,13.71008080684597,93.32971129681015,0.9999999975373763,True,50.867235111374185
af-eu-us-apac-row-ch/pf080_k050_a040,2025,apac,apac,49.99999998960282,49.999999999341775,229.91747618554166,187.45,187.45,187.45,0.0,42.46747618554167,0.9999999998052209,True,0.0
af-eu-us-apac-row-ch/pf080_k050_a040,2025,apac,af,8.613715602846035e-10,9.999999999759105,294.89962865736726,472.4888079489831,485.6614240859024,187.45,13.17261613691931,94.27701252044795,8.613715603053536e-11,False,285.0388079489831
af-eu-us-apac-row-ch/pf080_k050_a040,2025,apac,row,15.000000108855273,44.999999999697785,301.5760903120445,240.26119942403272,259.14361414059067,187.45,18.88241471655794,95.2436755954866,0.333333335754578,True,52.811199424032736
af-eu-us-apac-row-ch/pf080_k050_a040,2025,af,ch,9.627534182124047e-10,323.9999999994302,163.3239999997584,144.74400637524624,149.24400637524624,180.93,4.5,-22.106000000241607,2.9714611673274626e-12,False,-36.18599362475376
af-eu-us-apac-row-ch/pf080_k050_a040,2025,af,eu,3.3999999904766787,74.99999999966847,355.8174230780975,144.74400888250747,150.94400888250746,180.93,6.2,168.68742307809748,0.0453333332065561,True,-36.185991117492534
af-eu-us-apac-row-ch/pf080_k050_a040,2025,af,us,2.1706278359325853e-09,44.999999999253085,294.4897921036561,144.74399805999872,153.24399805999872,180.93,8.5,105.0597921036561,4.823617413263586e-11,False,-36.18600194000129
af-eu-us-apac-row-ch/pf080_k050_a040,2025,af,apac,1.3920014237594286e-09,49.999999999341775,229.91747618554166,144.74401995296466,151.768592080104,180.93,7.024572127139364,41.96290405840229,2.7840028475555073e-11,False,-36.18598004703534
af-eu-us-apac-row-ch/pf080_k050_a040,2025,af,af,1.7942785686432368e-09,9.999999999759105,294.89962865736726,180.93,180.93,180.93,0.0,113.96962865736725,1.79427856868646e-10,False,0.0
af-eu-us-apac-row-ch/pf080_k050_a040,2025,af,row,2.3198803289717645e-09,44.999999999697785,301.5760903120445,144.74399505845398,152.24399505845398,180.93,7.5,113.14609031204452,5.155289619971877e-11,False,-36.18600494154603
af-eu-us-apac-row-ch/pf080_k050_a040,2025,row,ch,1.5073537748676804e-09,323.9999999994302,163.3239999997584,282.7046503937938,296.8270462982307,353.38,14.12239590443686,-204.17839590467847,4.652326465649171e-12,False,-70.67534960620617
af-eu-us-apac-row-ch/pf080_k050_a040,2025,row,eu,8.465743546553101e-07,74.99999999966847,355.8174230780975,348.1252013308582,356.24884296908346,353.38,8.123641638225255,-5.686218560127774,1.1287658062120697e-08,False,-5.254798669141792
af-eu-us-apac-row-ch/pf080_k050_a040,2025,row,us,6.615906039493501e-08,44.999999999253085,294.4897921036561,282.7033763633694,296.4908200493762,353.38,13.78744368600683,-72.67765158235072,1.4702013421340694e-09,False,-70.67662363663061
af-eu-us-apac-row-ch/pf080_k050_a040,2025,row,apac,2.731090703651838e-09,49.999999999341775,229.91747618554166,282.705835123177,302.45854944383154,353.38,19.75271432065455,-143.21523813511288,5.4621814073755826e-11,False,-70.674164876823
af-eu-us-apac-row-ch/pf080_k050_a040,2025,row,af,1.5984204075498865e-07,9.999999999759105,294.89962865736726,282.70025113019744,295.20025113019744,353.38,12.5,-70.98037134263274,1.5984204075883916e-08,False,-70.67974886980255
af-eu-us-apac-row-ch/pf080_k050_a040,2025,row,row,3.6961024374397343e-09,44.999999999697785,301.5760903120445,353.38,353.38,353.38,0.0,-51.80390968795547,8.21356097214346e-11,False,0.0
af-eu-us-apac-row-ch/pf080_k050_a040,2030,ch,ch,349.9999997085838,349.99999998244425,107.7909251708447,107.44092378697313,107.44092378697313,107.44092378697313,0.0,0.35000138387157165,0.9999999992175416,True,0.0
af-eu-us-apac-row-ch/pf080_k050_a040,2030,ch,eu,7.266103618549958e-08,89.9999999904557,222.29440395797928,298.2888196479479,314.4068196479479,107.44092378697313,16.118,98.73548017100616,8.07344846591168e-10,False,190.84789586097475
af-eu-us-apac-row-ch/pf080_k050_a040,2030,ch,us,5.981744951966373e-08,64.99999997557966,269.2319729650758,375.8073521366757,386.9403521366757,107.44092378697313,11.133,150.65804917810263,9.202684544944153e-10,False,268.3664283497026
af-eu-us-apac-row-ch/pf080_k050_a040,2030,ch,apac,4.6740408792434644e-08,84.9999999826235,126.48396374108214,259.1997386010655,272.9801601799472,107.44092378697313,13.78042157888167,5.262618375227335,5.4988716237635e-10,False,151.75881481409237
af-eu-us-apac-row-ch/pf080_k050_a040,2030,ch,af,5.283244624507257,13.999999991206437,316.27623639578724,305.770953053904,316.270953053904,107.44092378697313,10.5,198.3353126088141,0.3773746162732661,True,198.33002926693086
af-eu-us-apac-row-ch/pf080_k050_a040,2030,ch,row,4.389541385247736e-08,69.99999999048644,221.64267190754543,363.282836143747,377.87928845335284,107.44092378697313,14.59645230960589,99.60529581096641,6.270773408349013e-10,False,255.84191235677383
af-eu-us-apac-row-ch/pf080_k050_a040,2030,eu,ch,7.646067929156114e-08,349.99999998244425,107.7909251708447,157.8005105601428,173.9185105601428,197.24967143099207,16.118,-105.57674626014736,2.1845908370113243e-10,False,-39.449160870849255
af-eu-us-apac-row-ch/pf080_k050_a040,2030,eu,eu,35.098072713061676,89.9999999904557,222.29440395797928,197.24967143099207,197.24967143099207,197.24967143099207,0.0,25.044732526987218,0.38997858574204164,True,0.0
af-eu-us-apac-row-ch/pf080_k050_a040,2030,eu,us,5.593214475622091e-08,64.99999997557966,269.2319729650758,352.044966360941,370.80496636094097,197.24967143099207,18.76,53.22230153408371,8.604945350343767e-10,False,154.7952949299489
af-eu-us-apac-row-ch/pf080_k050_a040,2030,eu,apac,8.977457962710819e-08,84.9999999826235,126.48396374108214,157.80156532036722,175.9352055235823,197.24967143099207,18.13364020321509,-88.89934789312503,1.0561715252407147e-09,False,-39.44810611062485
af-eu-us-apac-row-ch/pf080_k050_a040,2030,eu,af,6.621233304154076e-08,13.999999991206437,316.27623639578724,380.8480555858288,390.6480555858288,197.24967143099207,9.8,109.22656496479517,4.7294523630806785e-09,False,183.5983841548367
af-eu-us-apac-row-ch/pf080_k050_a040,2030,eu,row,4.173781492126501e-08,69.99999999048644,221.64267190754543,354.12184622558533,362.558134391248,197.24967143099207,8.436288165662685,15.956712310890683,5.962544989562501e-10,False,156.87217479459326
af-eu-us-apac-row-ch/pf080_k050_a040,2030,us,ch,4.8336281295937414e-08,349.99999998244425,107.7909251708447,169.42152562957136,194.15252562957136,211.75090040837495,24.731,-128.69097523753024,1.3810366085246265e-10,False,-42.32937477880358
af-eu-us-apac-row-ch/pf080_k050_a040,2030,us,eu,5.555663477162424e-08,89.9999999904557,222.29440395797928,278.425117415376,287.822117415376,211.75090040837495,9.397,1.146503549604338,6.172959419723988e-10,False,66.67421700700106
af-eu-us-apac-row-ch/pf080_k050_a040,2030,us,us,64.99999968302347,64.99999997557966,269.2319729650758,211.75090040837495,211.75090040837495,211.75090040837495,0.0,57.48107255670084,0.9999999954991357,True,0.0
af-eu-us-apac-row-ch/pf080_k050_a040,2030,us,apac,3.2930203374494044e-08,84.9999999826235,126.48396374108214,264.4503127986471,279.18796895397077,211.75090040837495,14.73765615532369,-100.0045928226165,3.874141574261876e-10,False,52.69941239027213
af-eu-us-apac-row-ch/pf080_k050_a040,2030,us,af,2.8355592347986986,13.999999991206437,316.27623639578724,244.6573293305595,258.8573293305595,211.75090040837495,14.2,90.32533598741229,0.20253994546998189,True,32.906428922184546
af-eu-us-apac-row-ch/pf080_k050_a040,2030,us,row,2.4668378213933114e-07,69.99999999048644,221.64267190754543,183.19898404194942,197.64880900783842,211.75090040837495,14.449824965889,-4.558053466718512,3.5240540310408203e-09,False,-28.55191636642553
af-eu-us-apac-row-ch/pf080_k050_a040,2030,apac,ch,1.5027852708860284e-08,349.99999998244425,107.7909251708447,570.2696785485921,583.5025714988774,123.55706235501908,13.23289295028525,-28.99903013445963,4.293672202746877e-11,False,446.712616193573
af-eu-us-apac-row-ch/pf080_k050_a040,2030,apac,eu,17.223495462708954,89.9999999904557,222.29440395797928,203.12810581557437,219.4352793282068,123.55706235501908,16.30717351263244,82.43016809032775,0.19137217182817184,True,79.57104346055529
af-eu-us-apac-row-ch/pf080_k050_a040,2030,apac,us,3.6902971408177326e-08,64.99999997557966,269.2319729650758,448.5163306580761,462.226411464922,123.55706235501908,13.71008080684597,131.96482980321073,5.677380218775643e-10,False,324.959268303057
af-eu-us-apac-row-ch/pf080_k050_a040,2030,apac,apac,84.9999997425336,84.9999999826235,126.48396374108214,123.55706235501908,123.55706235501908,123.55706235501908,0.0,2.926901386063051,0.9999999971754129,True,0.0
af-eu-us-apac-row-ch/pf080_k050_a040,2030,apac,af,3.77089126828841e-08,13.999999991206437,316.27623639578724,486.62892595701203,499.80154209393135,123.55706235501908,13.17261613691931,179.54655790384885,2.693493764754965e-09,False,363.07186360199296
af-eu-us-apac-row-ch/pf080_k050_a040,2030,apac,row,69.99999901359628,69.99999999048644,221.64267190754543,199.84835583564652,218.73077055220446,123.55706235501908,18.88241471655794,79.20319483596842,0.9999999860444262,True,76.29129348062743
af-eu-us-apac-row-ch/pf080_k050_a040,2030,af,ch,3.4341881874510924e-08,349.99999998244425,107.7909251708447,95.40915117473533,99.90915117473533,119.25942540354018,4.5,-15.968500232695476,9.811966250352426e-11,False,-23.85027422880485
af-eu-us-apac-row-ch/pf080_k050_a040,2030,af,eu,5.912487436463054e-08,89.9999999904557,222.29440395797928,95.41052873509952,101.61052873509952,119.25942540354018,6.2,96.8349785544391,6.569430485655622e-10,False,-23.84889666844066
af-eu-us-apac-row-ch/pf080_k050_a040,2030,af,us,5.6044814621391566e-08,64.99999997557966,269.2319729650758,167.38955436690298,175.88955436690298,119.25942540354018,8.5,141.4725475615356,8.622279175761149e-10,False,48.13012896336281
af-eu-us-apac-row-ch/pf080_k050_a040,2030,af,apac,3.599050982015863e-08,84.9999999826235,126.48396374108214,95.40579848085511,102.43037060799448,119.25942540354018,7.024572127139364,0.19996621040259388,4.2341776267666053e-10,False,-23.853626922685066
af-eu-us-apac-row-ch/pf080_k050_a040,2030,af,af,5.881194731993626,13.999999991206437,316.27623639578724,119.25942540354018,119.25942540354018,119.25942540354018,0.0,197.01681099224706,0.4200853382634052,True,0.0
af-eu-us-apac-row-ch/pf080_k050_a040,2030,af,row,5.75829329268518e-08,69.99999999048644,221.64267190754543,95.40678064255138,102.90678064255138,119.25942540354018,7.5,94.88324650400526,8.226133276382539e-10,False,-23.852644760988795
af-eu-us-apac-row-ch/pf080_k050_a040,2030,row,ch,9.969376090055058e-08,349.99999998244425,107.7909251708447,173.76345596279796,187.88585186723483,232.92928618307093,14.12239590443686,-139.2607569166631,2.848393168730033e-10,False,-59.165830220272966
af-eu-us-apac-row-ch/pf080_k050_a040,2030,row,eu,37.67843162734253,89.9999999904557,222.29440395797928,214.13308399800752,222.25672563623277,232.92928618307093,8.123641638225255,-18.7585238633169,0.4186492403482027,True,-18.796202185063407
af-eu-us-apac-row-ch/pf080_k050_a040,2030,row,us,8.385878987392004e-08,64.99999997557966,269.2319729650758,347.99595606484866,361.7833997508555,232.92928618307093,13.78744368600683,22.515243095998024,1.2901352293142397e-09,False,115.06666988177773
af-eu-us-apac-row-ch/pf080_k050_a040,2030,row,apac,3.465420427244239e-08,84.9999999826235,126.48396374108214,311.81020987804015,331.5629241986947,232.92928618307093,19.75271432065455,-126.19803676264334,4.0769652093560854e-10,False,78.88092369496923
af-eu-us-apac-row-ch/pf080_k050_a040,2030,row,af,1.295985608851656e-06,13.999999991206437,316.27623639578724,306.5144881269031,319.0144881269031,232.92928618307093,12.5,70.84695021271631,9.257040069040569e-08,False,73.58520194383215
af-eu-us-apac-row-ch/pf080_k050_a040,2030,row,row,5.869902164104265e-07,69.99999999048644,221.64267190754543,232.92928618307093,232.92928618307093,232.92928618307093,0.0,-11.286614275525494,8.385574521288616e-09,False,0.0
af-eu-us-apac-row-ch/pf080_k050_a040,2035,ch,ch,332.9999999769134,332.9999999986941,95.90883303832344,95.57583300040461,95.57583300040461,95.57583300040461,0.0,0.33300003791882204,0.9999999999345925,True,0.0
af-eu-us-apac-row-ch/pf080_k050_a040,2035,ch,eu,2.652533300943022e-08,94.99999999924367,259.64925253801874,254.84106164064917,270.95906164064917,95.57583300040461,16.118,147.95541953761415,2.792140316804358e-10,False,159.26522864024457
af-eu-us-apac-row-ch/pf080_k050_a040,2035,ch,us,2.2821984987302043e-09,69.99999999854836,199.14813792839507,403.73909211264595,414.87209211264593,95.57583300040461,11.133,92.43930492799046,3.260283569682188e-11,False,308.16325911224135
af-eu-us-apac-row-ch/pf080_k050_a040,2035,ch,apac,2.505902746666378e-09,102.99999999876292,110.01520826981343,293.8417432831281,307.62216486200975,95.57583300040461,13.78042157888167,0.6589536905271434,2.4329152880548302e-11,False,198.2659102827235
af-eu-us-apac-row-ch/pf080_k050_a040,2035,ch,af,1.0049227086488192e-08,19.999999999370996,238.86043477584676,259.1050434927308,269.6050434927308,95.57583300040461,10.5,132.78460177544213,5.024613543402122e-10,False,163.52921049232617
af-eu-us-apac-row-ch/pf080_k050_a040,2035,ch,row,2.4939787934647025e-09,78.99999999930857,207.23674353965225,392.2855909006773,406.88204321028314,95.57583300040461,14.59645230960589,97.06445822964174,3.15693518162852e-11,False,296.7097579002727
af-eu-us-apac-row-ch/pf080_k050_a040,2035,eu,ch,3.236772691173525e-09,332.9999999986941,95.90883303832344,140.3717920584046,156.4897920584046,175.4666750022766,16.118,-95.67584196395315,9.720038111670325e-12,False,-35.094882943871994
af-eu-us-apac-row-ch/pf080_k050_a040,2035,eu,eu,1.284313610236552e-08,94.99999999924367,259.64925253801874,175.4666750022766,175.4666750022766,175.4666750022766,0.0,84.18257753574215,1.3519090634176597e-10,False,0.0
af-eu-us-apac-row-ch/pf080_k050_a040,2035,eu,us,2.77465692264928e-09,69.99999999854836,199.14813792839507,259.8383194616895,278.59831946168947,175.4666750022766,18.76,4.921462926118483,3.963795603866886e-11,False,84.37164445941289
af-eu-us-apac-row-ch/pf080_k050_a040,2035,eu,apac,4.498041836672111e-09,102.99999999876292,110.01520826981343,84.21844866361138,102.35208886682648,175.4666750022766,18.13364020321509,-83.58510693567825,4.3670309094428496e-11,False,-91.2482263386652
af-eu-us-apac-row-ch/pf080_k050_a040,2035,eu,af,3.5289930127951233e-09,19.999999999370996,238.86043477584676,233.25540332121753,243.05540332121754,175.4666750022766,9.8,53.59375977357017,1.7644965064530556e-10,False,57.78872831894094
af-eu-us-apac-row-ch/pf080_k050_a040,2035,eu,row,48.3169725900194,78.99999999930857,207.23674353965225,84.1835100206421,92.61979818630479,175.4666750022766,8.436288165662685,23.33378037171298,0.611607247980282,True,-91.28316498163449
af-eu-us-apac-row-ch/pf080_k050_a040,2035,us,ch,6.114711788196357e-09,332.9999999986941,95.90883303832344,150.74663079494647,175.47763079494646,188.3664806833128,24.731,-117.18864764498937,1.8362497862523535e-11,False,-37.61984988836633
af-eu-us-apac-row-ch/pf080_k050_a040,2035,us,eu,18.167735058321625,94.99999999924367,259.64925253801874,239.52242757985113,248.91942757985112,188.3664806833128,9.397,61.88577185470594,0.19123931640490804,True,51.155946896538325
af-eu-us-apac-row-ch/pf080_k050_a040,2035,us,us,69.9999999813331,69.99999999854836,199.14813792839507,188.3664806833128,188.3664806833128,188.3664806833128,0.0,10.781657245082272,0.9999999997540677,True,0.0
af-eu-us-apac-row-ch/pf080_k050_a040,2035,us,apac,7.229771855557183e-09,102.99999999876292,110.01520826981343,149.8092669508451,164.5469231061688,188.3664806833128,14.73765615532369,-93.08892856882306,7.019195976353414e-11,False,-38.55721373246769
af-eu-us-apac-row-ch/pf080_k050_a040,2035,us,af,6.120867324253143e-09,19.999999999370996,238.86043477584676,279.20924200160505,293.40924200160504,188.3664806833128,14.2,36.29395409253395,3.060433662222823e-10,False,90.84276131829225
af-eu-us-apac-row-ch/pf080_k050_a040,2035,us,row,4.378394484487747e-09,78.99999999930857,207.23674353965225,295.9851533894973,310.4349783553863,188.3664806833128,14.449824965889,4.420437890450451,5.542271499400086e-11,False,107.61867270618453
af-eu-us-apac-row-ch/pf080_k050_a040,2035,apac,ch,2.838271976815962e-09,332.9999999986941,95.90883303832344,282.0267974043987,295.2596903546839,109.9122079504653,13.23289295028525,-27.236267862427113,8.52333926975103e-12,False,172.11458945393338
af-eu-us-apac-row-ch/pf080_k050_a040,2035,apac,eu,68.4616515122263,94.99999999924367,259.64925253801874,243.273617057273,259.58079056990545,109.9122079504653,16.30717351263244,133.429871074921,0.72064896329233,True,133.36140910680768
af-eu-us-apac-row-ch/pf080_k050_a040,2035,apac,us,3.3481116519797216e-09,69.99999999854836,199.14813792839507,343.86313462595433,357.5732154328003,109.9122079504653,13.71008080684597,75.5258491710838,4.7830166457845054e-11,False,233.95092667548903
af-eu-us-apac-row-ch/pf080_k050_a040,2035,apac,apac,102.99999997706489,102.99999999876292,110.01520826981343,109.9122079504653,109.9122079504653,109.9122079504653,0.0,0.10300031934812637,0.9999999997893395,True,0.0
af-eu-us-apac-row-ch/pf080_k050_a040,2035,apac,af,19.999999859547664,19.999999999370996,238.86043477584676,225.66781833924597,238.84043447616529,109.9122079504653,13.17261613691931,115.77561068846214,0.9999999930088335,True,115.75561038878067
af-eu-us-apac-row-ch/pf080_k050_a040,2035,apac,row,2.3970381113496708e-09,78.99999999930857,207.23674353965225,403.4973309920096,422.37974570856755,109.9122079504653,18.88241471655794,78.442120872629,3.034225457431203e-11,False,293.5851230415443
af-eu-us-apac-row-ch/pf080_k050_a040,2035,af,ch,3.397655176580735e-09,332.9999999986941,95.90883303832344,84.87135279448185,89.37135279448185,106.08917463044914,4.5,-14.6803415921257,1.020316869848066e-11,False,-21.217821835967285
af-eu-us-apac-row-ch/pf080_k050_a040,2035,af,eu,8.370613366975398,94.99999999924367,259.64925253801874,84.87460355138245,91.07460355138245,106.08917463044914,6.2,147.36007790756963,0.0881117196530741,True,-21.214571079066687
af-eu-us-apac-row-ch/pf080_k050_a040,2035,af,us,3.6377458363327124e-09,69.99999999854836,199.14813792839507,154.73777200680723,163.23777200680723,106.08917463044914,8.5,84.55896329794594,5.196779766297358e-11,False,48.6485973763581
af-eu-us-apac-row-ch/pf080_k050_a040,2035,af,apac,3.1644649676153777e-09,102.99999999876292,110.01520826981343,84.87013972237688,91.89471184951624,106.08917463044914,7.024572127139364,-3.0985384877750723,3.072296085100373e-11,False,-21.21903490807226
af-eu-us-apac-row-ch/pf080_k050_a040,2035,af,af,9.605619359140531e-09,19.999999999370996,238.86043477584676,106.08917463044914,106.08917463044914,106.08917463044914,0.0,132.7712601453976,4.802809679721315e-10,False,0.0
af-eu-us-apac-row-ch/pf080_k050_a040,2035,af,row,7.915419315508923e-09,78.99999999930857,207.23674353965225,84.87612069836587,92.37612069836587,106.08917463044914,7.5,93.64756890920312,1.0019518120985065e-10,False,-21.21305393208327
af-eu-us-apac-row-ch/pf080_k050_a040,2035,row,ch,6.1933396260370784e-09,332.9999999986941,95.90883303832344,167.09962835174335,181.22202425618022,207.20606052566248,14.12239590443686,-125.4196233917759,1.859861749567978e-11,False,-40.10643217391913
af-eu-us-apac-row-ch/pf080_k050_a040,2035,row,eu,2.235188349194992e-08,94.99999999924367,259.64925253801874,268.1697999510281,276.29344158925335,207.20606052566248,8.123641638225255,44.31955037413101,2.352829841276618e-10,False,60.96373942536562
af-eu-us-apac-row-ch/pf080_k050_a040,2035,row,us,5.1725459330466466e-09,69.99999999854836,199.14813792839507,284.7709498062113,298.55839349221816,207.20606052566248,13.78744368600683,-21.845366283274238,7.389351333077019e-11,False,77.56488928054884
af-eu-us-apac-row-ch/pf080_k050_a040,2035,row,apac,4.299844467930001e-09,102.99999999876292,110.01520826981343,200.6242110324498,220.37692535310435,207.20606052566248,19.75271432065455,-116.9435665765036,4.17460627959383e-11,False,-6.5818494932126725
af-eu-us-apac-row-ch/pf080_k050_a040,2035,row,af,1.1051862197286297e-07,19.999999999370996,238.86043477584676,230.50741369095203,243.00741369095203,207.20606052566248,12.5,19.154374250184276,5.52593109881694e-09,False,23.301353165289555
af-eu-us-apac-row-ch/pf080_k050_a040,2035,row,row,30.68302739210435,78.99999999930857,207.23674353965225,207.20606052566248,207.20606052566248,207.20606052566248,0.0,0.03068301398977269,0.3883927518021886,True,0.0
af-eu-us-apac-row-ch/pf080_k050_a040,2040,ch,ch,315.999999995095,315.9999999997041,86.65125720080286,86.33525719941149,86.33525719941149,86.33525719941149,0.0,0.3160000013913731,0.9999999999854142,True,0.0
af-eu-us-apac-row-ch/pf080_k050_a040,2040,ch,eu,1.8018168092131393e-08,98.99999999982191,275.17675075302424,263.16105411938054,279.27905411938053,86.33525719941149,16.118,172.72349355361274,1.820016979006445e-10,False,176.82579691996904
af-eu-us-apac-row-ch/pf080_k050_a040,2040,ch,us,7.556673636884842e-10,74.99999999966842,170.22960966916582,334.0837539944928,345.21675399449276,86.33525719941149,11.133,72.76135246975434,1.0075564849224335e-11,False,247.74849679508128
af-eu-us-apac-row-ch/pf080_k050_a040,2040,ch,apac,5.220428614227068e-10,125.99999999971759,99.4115457823362,309.89764175727544,323.6780633361571,86.33525719941149,13.78042157888167,-0.704132995956952,4.143197312887912e-12,False,223.56238455786394
af-eu-us-apac-row-ch/pf080_k050_a040,2040,ch,af,2.623080962303221e-08,27.999999999862343,248.51507597173534,245.7256284982756,256.22562849827557,86.33525719941149,10.5,151.67981877232387,9.368146293986132e-10,False,159.39037129886412
af-eu-us-apac-row-ch/pf080_k050_a040,2040,ch,row,1.922084148808443e-09,88.99999999983689,209.46732294405862,250.45550978981507,265.05196209942096,86.33525719941149,14.59645230960589,108.53561343504124,2.1596451110246808e-11,False,164.1202525904036
af-eu-us-apac-row-ch/pf080_k050_a040,2040,eu,ch,7.237845243371586e-10,315.9999999997041,86.65125720080286,124.52501483011963,140.64301483011963,158.50199826333673,16.118,-87.96874106253387,2.2904573554994824e-12,False,-33.9769834332171
af-eu-us-apac-row-ch/pf080_k050_a040,2040,eu,eu,61.48045867409533,98.99999999982191,275.17675075302424,158.50199826333673,158.50199826333673,158.50199826333673,0.0,116.6747524896875,0.6210147340828882,True,0.0
af-eu-us-apac-row-ch/pf080_k050_a040,2040,eu,us,8.358208742576519e-10,74.99999999966842,170.22960966916582,191.49374724999439,210.25374724999438,158.50199826333673,18.76,-7.032388594170907,1.114427832348463e-11,False,32.991748986657655
af-eu-us-apac-row-ch/pf080_k050_a040,2040,eu,apac,7.279159665797473e-10,125.99999999971759,99.4115457823362,127.08960121780794,145.22324142102303,158.50199826333673,18.13364020321509,-77.22409268421562,5.7771108458839585e-12,False,-31.41239704552879
af-eu-us-apac-row-ch/pf080_k050_a040,2040,eu,af,3.0920827810826343e-10,27.999999999862343,248.51507597173534,492.62313645242864,502.42313645242865,158.50199826333673,9.8,80.21307770839861,1.1043152789635129e-11,False,334.1211381890919
af-eu-us-apac-row-ch/pf080_k050_a040,2040,eu,row,2.495147793627908e-09,88.99999999983689,209.46732294405862,131.81450509931022,140.2507932649729,158.50199826333673,8.436288165662685,42.529036515059204,2.8035368467780688e-11,False,-26.687493164026506
af-eu-us-apac-row-ch/pf080_k050_a040,2040,us,ch,1.4375572095830215e-09,315.9999999997041,86.65125720080286,135.3088110203047,160.03981102030468,170.1546096644843,24.731,-108.23435246368143,4.549231675899898e-12,False,-34.84579864417961
af-eu-us-apac-row-ch/pf080_k050_a040,2040,us,eu,6.024630805338186e-09,98.99999999982191,275.17675075302424,281.52568134835946,290.92268134835945,170.1546096644843,9.397,95.62514108853993,6.085485661968711e-11,False,111.37107168387516
af-eu-us-apac-row-ch/pf080_k050_a040,2040,us,us,74.9999999954026,74.99999999966842,170.22960966916582,170.1546096644843,170.1546096644843,170.1546096644843,0.0,0.07500000468152734,0.9999999999431225,True,0.0
af-eu-us-apac-row-ch/pf080_k050_a040,2040,us,apac,1.8470963677302535e-09,125.99999999971759,99.4115457823362,137.06427345831403,151.80192961363772,170.1546096644843,14.73765615532369,-85.48072003747178,1.4659494982018997e-11,False,-33.090336206170264
af-eu-us-apac-row-ch/pf080_k050_a040,2040,us,af,6.8037628546383985e-09,27.999999999862343,248.51507597173534,252.17077874788183,266.37077874788184,170.1546096644843,14.2,64.16046630725104,2.4299153052399456e-10,False,82.01616908339753
af-eu-us-apac-row-ch/pf080_k050_a040,2040,us,row,1.986811390247959e-09,88.99999999983689,209.46732294405862,243.07154579409263,257.5213707599816,170.1546096644843,14.449824965889,24.862888313685325,2.2323723485973034e-11,False,72.91693612960833
af-eu-us-apac-row-ch/pf080_k050_a040,2040,apac,ch,7.369593082813475e-10,315.9999999997041,86.65125720080286,252.14413651255433,265.3770294628396,99.28554577932321,13.23289295028525,-25.867181528805602,2.332149709753284e-12,False,152.8585907332311
af-eu-us-apac-row-ch/pf080_k050_a040,2040,apac,eu,10.09248232117093,98.99999999982191,275.17675075302424,258.8594847735749,275.16665828620734,99.28554577932321,16.30717351263244,159.58403146106858,0.10194426587059682,True,159.57393899425165
af-eu-us-apac-row-ch/pf080_k050_a040,2040,apac,us,8.751787581584945e-10,74.99999999966842,170.22960966916582,317.2451687617847,330.9552495686307,99.28554577932321,13.71008080684597,57.233983082996644,1.1669050108831516e-11,False,217.9596229824615
af-eu-us-apac-row-ch/pf080_k050_a040,2040,apac,apac,125.9999999946567,125.99999999971759,99.4115457823362,99.28554577932321,99.28554577932321,99.28554577932321,0.0,0.1260000030129902,0.9999999999598342,True,0.0
af-eu-us-apac-row-ch/pf080_k050_a040,2040,apac,af,27.99999996118313,27.999999999862343,248.51507597173534,235.3144598353184,248.4870759722377,99.28554577932321,13.17261613691931,136.05691405549283,0.9999999986185995,True,136.0289140559952
af-eu-us-apac-row-ch/pf080_k050_a040,2040,apac,row,4.781537713767051e-09,88.99999999983689,209.46732294405862,213.48408060392967,232.36649532048762,99.28554577932321,18.88241471655794,91.29936244817748,5.372514285141364e-11,False,114.19853482460645
af-eu-us-apac-row-ch/pf080_k050_a040,2040,af,ch,4.663465486083354e-10,315.9999999997041,86.65125720080286,76.6654117056229,81.1654117056229,95.83213549134676,4.5,-13.680878290543902,1.4757802171163675e-12,False,-19.16672378572386
af-eu-us-apac-row-ch/pf080_k050_a040,2040,af,eu,10.860031796285178,98.99999999982191,275.17675075302424,76.66484791959218,82.86484791959218,95.83213549134676,6.2,173.14461526167747,0.10969729087176479,True,-19.167287571754585
af-eu-us-apac-row-ch/pf080_k050_a040,2040,af,us,6.769721216512771e-10,74.99999999966842,170.22960966916582,116.79422987301658,125.29422987301658,95.83213549134676,8.5,65.89747417781906,9.026294955390268e-12,False,20.962094381669814
af-eu-us-apac-row-ch/pf080_k050_a040,2040,af,apac,5.099950915936927e-10,125.99999999971759,99.4115457823362,76.66573262977886,83.69030475691822,95.83213549134676,7.024572127139364,-3.4451618361499206,4.047580092022507e-12,False,-19.166402861567903
af-eu-us-apac-row-ch/pf080_k050_a040,2040,af,af,1.6458883094835613e-09,27.999999999862343,248.51507597173534,95.83213549134676,95.83213549134676,95.83213549134676,0.0,152.6829404803886,5.878172533898761e-11,False,0.0
af-eu-us-apac-row-ch/pf080_k050_a040,2040,af,row,6.068624372521798e-10,88.99999999983689,209.46732294405862,76.66592392010556,84.16592392010556,95.83213549134676,7.5,106.13518745271186,6.818679070261707e-12,False,-19.166211571241206
af-eu-us-apac-row-ch/pf080_k050_a040,2040,row,ch,1.2444004257736044e-09,315.9999999997041,86.65125720080286,150.00598888148647,164.12838478592334,187.17271895170572,14.12239590443686,-114.64385765533972,3.937976030932816e-12,False,-37.166730070219245
af-eu-us-apac-row-ch/pf080_k050_a040,2040,row,eu,16.567027184227687,98.99999999982191,275.17675075302424,244.83093809921272,252.95457973743797,187.17271895170572,8.123641638225255,79.88039016309327,0.16734370893189382,True,57.658219147507
af-eu-us-apac-row-ch/pf080_k050_a040,2040,row,us,1.1221709504217512e-09,74.99999999966842,170.22960966916582,249.83838500182398,263.6258286878308,187.17271895170572,13.78744368600683,-30.730552968546725,1.4962279339022833e-11,False,62.66566605011826
af-eu-us-apac-row-ch/pf080_k050_a040,2040,row,apac,1.4538314781209948e-09,125.99999999971759,99.4115457823362,134.37092197486615,154.1236362955207,187.17271895170572,19.75271432065455,-107.51388749002406,1.1538345064478201e-11,False,-52.80179697683957
af-eu-us-apac-row-ch/pf080_k050_a040,2040,row,af,3.689541903738951e-09,27.999999999862343,248.51507597173534,231.83063252763534,244.33063252763534,187.17271895170572,12.5,48.842357020029624,1.3176935370561035e-10,False,44.657913575929626
af-eu-us-apac-row-ch/pf080_k050_a040,2040,row,row,88.99999998804444,88.99999999983689,209.46732294405862,187.17271895170572,187.17271895170572,187.17271895170572,0.0,22.294603992352904,0.9999999998675005,True,0.0
af-eu-us-apac-row-ch/pf100_k050_a030,2025,ch,ch,323.9999999388958,323.99999999370607,163.3239999967558,163.0,163.0,163.0,0.0,0.32399999675578783,0.9999999998308325,True,0.0
af-eu-us-apac-row-ch/pf100_k050_a030,2025,ch,eu,4.768755798259329e-08,74.99999999623347,369.6806838649666,400.9572540715537,417.0752540715537,163.0,16.118,190.56268386496663,6.358341064665091e-10,False,237.95725407155368
af-eu-us-apac-row-ch/pf100_k050_a030,2025,ch,us,2.5990463588356865,44.99999998708849,386.3300348608648,375.1944366492761,386.3274366492761,163.0,11.133,212.19703486086482,0.0577565857684758,True,212.1944366492761
af-eu-us-apac-row-ch/pf100_k050_a030,2025,ch,apac,7.495144586138022e-08,49.99999999034507,300.55243329834724,316.9401768007807,330.72059837966236,163.0,13.78042157888167,123.77201171946557,1.4990289175170649e-09,False,153.9401768007807
af-eu-us-apac-row-ch/pf100_k050_a030,2025,ch,af,3.3246272690788707e-08,9.999999996956204,394.09882995302837,451.4275134033367,461.9275134033367,163.0,10.5,220.59882995302837,3.3246272700908194e-09,False,288.4275134033367
af-eu-us-apac-row-ch/pf100_k050_a030,2025,ch,row,5.2606016228055495e-08,44.999999996343455,353.4249999588232,381.73289715334096,396.3293494629468,163.0,14.59645230960589,175.8285476492173,1.1690225829406685e-09,False,218.73289715334096
af-eu-us-apac-row-ch/pf100_k050_a030,2025,eu,ch,1.0108244615729242e-08,323.99999999370607,163.3239999967558,299.25040400826583,315.3684040082658,299.25,16.118,-152.0440000032442,3.119828585162223e-11,False,0.0004040082658320898
af-eu-us-apac-row-ch/pf100_k050_a030,2025,eu,eu,21.99999959988356,74.99999999623347,369.6806838649666,299.25,299.25,299.25,0.0,70.43068386496662,0.29333332801317874,True,0.0
af-eu-us-apac-row-ch/pf100_k050_a030,2025,eu,us,1.1944294009987629e-08,44.99999998708849,386.3300348608648,485.7429125631641,504.5029125631641,299.25,18.76,68.32003486086482,2.654287558536603e-10,False,186.4929125631641
af-eu-us-apac-row-ch/pf100_k050_a030,2025,eu,apac,2.577724360180007e-08,49.99999999034507,300.55243329834724,299.252319946188,317.38596014940305,299.25,18.13364020321509,-16.83120690486785,5.155448721355524e-10,False,0.002319946187981259
af-eu-us-apac-row-ch/pf100_k050_a030,2025,eu,af,3.0949046468640865e-07,9.999999996956204,394.09882995302837,321.2223261345403,331.0223261345403,299.25,9.8,85.04882995302837,3.0949046478061123e-08,False,21.97232613454031
af-eu-us-apac-row-ch/pf100_k050_a030,2025,eu,row,1.1107902405435843e-08,44.999999996343455,353.4249999588232,477.10987144744195,485.54615961310463,299.25,8.436288165662685,45.73871179316052,2.468422756964096e-10,False,177.85987144744195
af-eu-us-apac-row-ch/pf100_k050_a030,2025,us,ch,9.07226235917784e-09,323.99999999370607,163.3239999967558,321.2494568347728,345.9804568347728,321.25,24.731,-182.6570000032442,2.8000809751092826e-11,False,-0.0005431652272136489
af-eu-us-apac-row-ch/pf100_k050_a030,2025,us,eu,8.601903417027516e-08,74.99999999623347,369.6806838649666,321.2555821909077,330.6525821909077,321.25,9.397,39.033683864966626,1.1469204556612675e-09,False,0.005582190907716722
af-eu-us-apac-row-ch/pf100_k050_a030,2025,us,us,41.99999948605402,44.99999998708849,386.3300348608648,321.25,321.25,321.25,0.0,65.08003486086483,0.9333333221801058,True,0.0
af-eu-us-apac-row-ch/pf100_k050_a030,2025,us,apac,2.2364998990763753e-08,49.99999999034507,300.55243329834724,321.2522222934354,335.9898784487591,321.25,14.73765615532369,-35.43522285697645,4.472999799016481e-10,False,0.0022222934354090285
af-eu-us-apac-row-ch/pf100_k050_a030,2025,us,af,3.52348513143044e-07,9.999999996956204,394.09882995302837,321.2498820893279,335.4498820893279,321.25,14.2,58.64882995302837,3.523485132502917e-08,False,-0.00011791067208832828
af-eu-us-apac-row-ch/pf100_k050_a030,2025,us,row,9.583874811471595e-09,44.999999996343455,353.4249999588232,508.4004171901656,522.8502421560546,321.25,14.449824965889,17.725174992934207,2.1297499582778552e-10,False,187.15041719016563
af-eu-us-apac-row-ch/pf100_k050_a030,2025,apac,ch,1.5083722890098983e-08,323.99999999370607,163.3239999967558,186.3149320142345,199.54782496451975,187.45,13.23289295028525,-37.35889295352945,4.655470027898764e-11,False,-1.1350679857654882
af-eu-us-apac-row-ch/pf100_k050_a030,2025,apac,eu,52.999047447605044,74.99999999623347,369.6806838649666,240.26807794493362,256.5752514575661,187.45,16.30717351263244,165.9235103523342,0.7066539660035557,True,52.818077944933634
af-eu-us-apac-row-ch/pf100_k050_a030,2025,apac,us,0.40095407240974884,44.99999998708849,386.3300348608648,259.56713613472874,273.2772169415747,187.45,13.71008080684597,185.16995405401886,0.008910090500550923,True,72.11713613472875
af-eu-us-apac-row-ch/pf100_k050_a030,2025,apac,apac,49.99999981357315,49.99999999034507,300.55243329834724,187.45,187.45,187.45,0.0,113.10243329834725,0.9999999964645616,True,0.0
af-eu-us-apac-row-ch/pf100_k050_a030,2025,apac,af,6.599998588693913,9.999999996956204,394.09882995302837,267.8671808133014,281.0397969502207,187.45,13.17261613691931,193.47621381610907,0.6599998590702818,True,80.4171808133014
af-eu-us-apac-row-ch/pf100_k050_a030,2025,apac,row,4.263252303899587e-08,44.999999996343455,353.4249999588232,274.15233617749954,293.0347508940575,187.45,18.88241471655794,147.09258524226527,9.473894009435564e-10,False,86.70233617749955
af-eu-us-apac-row-ch/pf100_k050_a030,2025,af,ch,9.55613407261413e-09,323.99999999370607,163.3239999967558,180.913958742174,185.413958742174,180.93,4.5,-22.10600000324422,2.949424096543137e-11,False,-0.01604125782600363
af-eu-us-apac-row-ch/pf100_k050_a030,2025,af,eu,7.281064692392647e-08,74.99999999623347,369.6806838649666,180.88257734136812,187.0825773413681,180.93,6.2,182.55068386496663,9.708086257011074e-10,False,-0.04742265863188777
af-eu-us-apac-row-ch/pf100_k050_a030,2025,af,us,2.051816583002586e-08,44.99999998708849,386.3300348608648,275.05431020579266,283.55431020579266,180.93,8.5,196.90003486086482,4.5595924079806625e-10,False,94.12431020579265
af-eu-us-apac-row-ch/pf100_k050_a030,2025,af,apac,2.2473378590853858e-08,49.99999999034507,300.55243329834724,180.8807256459589,187.90529777309825,180.93,7.024572127139364,112.59786117120787,4.4946757190386876e-10,False,-0.0492743540411027
af-eu-us-apac-row-ch/pf100_k050_a030,2025,af,af,3.3999998180810285,9.999999996956204,394.09882995302837,180.93,180.93,180.93,0.0,213.16882995302836,0.3399999819115919,True,0.0
af-eu-us-apac-row-ch/pf100_k050_a030,2025,af,row,4.6058788342626674e-08,44.999999996343455,353.4249999588232,180.88065181046474,188.38065181046474,180.93,7.5,164.9949999588232,1.0235286299193168e-09,False,-0.049348189535265874
af-eu-us-apac-row-ch/pf100_k050_a030,2025,row,ch,1.0989860738856356e-08,323.99999999370607,163.3239999967558,353.9885218492588,368.1109177536957,353.38,14.12239590443686,-204.17839590768108,3.3919323268734077e-11,False,0.6085218492588069
af-eu-us-apac-row-ch/pf100_k050_a030,2025,row,eu,0.0009527422276470527,74.99999999623347,369.6806838649666,361.5632792946172,369.68692093284244,353.38,8.123641638225255,8.177042226741374,1.2703229702598664e-05,False,8.183279294617194
af-eu-us-apac-row-ch/pf100_k050_a030,2025,row,us,3.7326559967619544e-08,44.99999998708849,386.3300348608648,433.13873874232297,446.9261824283298,353.38,13.78744368600683,19.162591174858,8.294791106295415e-10,False,79.75873874232298
af-eu-us-apac-row-ch/pf100_k050_a030,2025,row,apac,3.120484952510312e-08,49.99999999034507,300.55243329834724,353.2443808609895,372.99709518164406,353.38,19.75271432065455,-72.5802810223073,6.240969906225748e-10,False,-0.13561913901048683
af-eu-us-apac-row-ch/pf100_k050_a030,2025,row,af,8.950960257820731e-07,9.999999996956204,394.09882995302837,384.0774268377139,396.5774268377139,353.38,12.5,28.218829953028376,8.950960260545221e-08,False,30.69742683771392
af-eu-us-apac-row-ch/pf100_k050_a030,2025,row,row,44.99999983435435,44.999999996343455,353.4249999588232,353.38,353.38,353.38,0.0,0.04499995882321173,0.9999999964002421,True,0.0
af-eu-us-apac-row-ch/pf100_k050_a030,2030,ch,ch,349.9999999947351,349.99999999958806,107.79092380415264,107.44092378697313,107.44092378697313,107.44092378697313,0.0,0.3500000171795108,0.9999999999861344,True,0.0
af-eu-us-apac-row-ch/pf100_k050_a030,2030,ch,eu,1.050099615429842e-09,89.99999999975617,322.1824598061354,430.9151695698047,447.03316956980467,107.44092378697313,16.118,198.62353601916226,1.1667773504807634e-11,False,323.47424578283153
af-eu-us-apac-row-ch/pf100_k050_a030,2030,ch,us,9.51427361606689e-10,64.99999999945842,292.2571836698902,423.9635398588367,435.0965398588367,107.44092378697313,11.133,173.68325988291704,1.4637344024840252e-11,False,316.5226160718636
af-eu-us-apac-row-ch/pf100_k050_a030,2030,ch,apac,6.604099154244581e-10,84.99999999957241,188.08558102171287,383.3270491700883,397.10747074896994,107.44092378697313,13.78042157888167,66.86423565585807,7.769528416797416e-12,False,275.88612538311514
af-eu-us-apac-row-ch/pf100_k050_a030,2030,ch,af,6.447207340153896e-10,13.999999999814928,313.7254201686178,536.6740830245483,547.1740830245483,107.44092378697313,10.5,195.78449638164466,4.605148100170803e-11,False,429.23315923757514
af-eu-us-apac-row-ch/pf100_k050_a030,2030,ch,row,6.215616987592405e-10,69.99999999978917,232.98073753004448,439.7824286097995,454.3788809194054,107.44092378697313,14.59645230960589,110.94336143346545,8.879452839444465e-12,False,332.3415048228264
af-eu-us-apac-row-ch/pf100_k050_a030,2030,eu,ch,6.275152406439059e-10,349.99999999958806,107.79092380415264,197.24927227521613,213.36727227521612,197.24967143099207,16.118,-105.57674762683942,1.7929006875561273e-12,False,-0.0003991557759377429
af-eu-us-apac-row-ch/pf100_k050_a030,2030,eu,eu,34.757675812528184,89.99999999975617,322.1824598061354,197.24967143099207,197.24967143099207,197.24967143099207,0.0,124.93278837514333,0.3861963979180261,True,0.0
af-eu-us-apac-row-ch/pf100_k050_a030,2030,eu,us,1.3206132391429538e-09,64.99999999945842,292.2571836698902,233.96072060696508,252.72072060696507,197.24967143099207,18.76,76.24751223889812,2.0317126756214726e-11,False,36.71104917597302
af-eu-us-apac-row-ch/pf100_k050_a030,2030,eu,apac,9.078920299712964e-10,84.99999999957241,188.08558102171287,197.25410319413152,215.3877433973466,197.24967143099207,18.13364020321509,-27.297730612494288,1.0681082705598394e-11,False,0.004431763139450595
af-eu-us-apac-row-ch/pf100_k050_a030,2030,eu,af,2.976043449370197e-09,13.999999999814928,313.7254201686178,223.0205945740267,232.8205945740267,197.24967143099207,9.8,106.67574873762574,2.1257453210068132e-10,False,25.770923143034622
af-eu-us-apac-row-ch/pf100_k050_a030,2030,eu,row,1.2695424487222143e-09,69.99999999978917,232.98073753004448,197.24897537743067,205.68526354309336,197.24967143099207,8.436288165662685,27.294777933389728,1.8136320696086257e-11,False,-0.0006960535613984575
af-eu-us-apac-row-ch/pf100_k050_a030,2030,us,ch,7.448494323778752e-10,349.99999999958806,107.79092380415264,214.34754445225315,239.07854445225314,211.75090040837495,24.731,-128.6909766042223,2.1281412353678626e-12,False,2.5966440438782
af-eu-us-apac-row-ch/pf100_k050_a030,2030,us,eu,2.394752242871159,89.99999999975617,322.1824598061354,232.3417818500181,241.73878185001809,211.75090040837495,9.397,101.03455939776045,0.02660835825419608,True,20.59088144164315
af-eu-us-apac-row-ch/pf100_k050_a030,2030,us,us,64.99999999010706,64.99999999945842,292.2571836698902,211.75090040837495,211.75090040837495,211.75090040837495,0.0,80.50628326151525,0.9999999998561329,True,0.0
af-eu-us-apac-row-ch/pf100_k050_a030,2030,us,apac,1.096171192331914e-09,84.99999999957241,188.08558102171287,229.48478171366574,244.22243786898943,211.75090040837495,14.73765615532369,-38.40297554198577,1.289613167455798e-11,False,17.733881305290794
af-eu-us-apac-row-ch/pf100_k050_a030,2030,us,af,1.7981951817843031e-09,13.999999999814928,313.7254201686178,300.3459147589058,314.5459147589058,211.75090040837495,14.2,87.77451976024285,1.28442512986291e-10,False,88.59501435053085
af-eu-us-apac-row-ch/pf100_k050_a030,2030,us,row,1.3778954935353192e-09,69.99999999978917,232.98073753004448,245.7453487329439,260.1951736988329,211.75090040837495,14.449824965889,6.780012155780533,1.9684221336278133e-11,False,33.994448324568964
af-eu-us-apac-row-ch/pf100_k050_a030,2030,apac,ch,1.6269105794703068e-09,349.99999999958806,107.79092380415264,127.39804805539686,140.6309410056821,123.55706235501908,13.23289295028525,-28.99903150115169,4.648315941349205e-12,False,3.8409857003777716
af-eu-us-apac-row-ch/pf100_k050_a030,2030,apac,eu,46.97319595454895,89.99999999975617,322.1824598061354,241.38479442939285,257.6919679420253,123.55706235501908,16.30717351263244,182.3182239384839,0.5219243994964023,True,117.82773207437377
af-eu-us-apac-row-ch/pf100_k050_a030,2030,apac,us,4.64425009540204e-09,64.99999999945842,292.2571836698902,241.35213864656498,255.06221945341096,123.55706235501908,13.71008080684597,154.99004050802515,7.145000146831901e-11,False,117.7950762915459
af-eu-us-apac-row-ch/pf100_k050_a030,2030,apac,apac,84.99999999383951,84.99999999957241,188.08558102171287,123.55706235501908,123.55706235501908,123.55706235501908,0.0,64.52851866669378,0.9999999999325541,True,0.0
af-eu-us-apac-row-ch/pf100_k050_a030,2030,apac,af,13.999999819629457,13.999999999814928,313.7254201686178,236.09528537547862,249.26790151239794,123.55706235501908,13.17261613691931,176.99574167667942,0.9999999871296091,True,112.53822302045954
af-eu-us-apac-row-ch/pf100_k050_a030,2030,apac,row,18.54865417102812,69.99999999978917,232.98073753004448,149.63625551791395,168.5186702344719,123.55706235501908,18.88241471655794,90.54126045846746,0.26498077387262836,True,26.079193162894867
af-eu-us-apac-row-ch/pf100_k050_a030,2030,af,ch,7.112748296519679e-10,349.99999999958806,107.79092380415264,119.25965339365769,123.75965339365769,119.25942540354018,4.5,-15.968501599387537,2.0322137990080142e-12,False,0.0002279901175086252
af-eu-us-apac-row-ch/pf100_k050_a030,2030,af,eu,5.87437588433208,89.99999999975617,322.1824598061354,119.27342204965319,125.4734220496532,119.25942540354018,6.2,196.72303440259523,0.06527084315942216,True,0.013996646113014322
af-eu-us-apac-row-ch/pf100_k050_a030,2030,af,us,4.2144055578216946e-10,64.99999999945842,292.2571836698902,139.26836316612324,147.76836316612324,119.25942540354018,8.5,164.49775826635002,6.4837008582412445e-12,False,20.00893776258306
af-eu-us-apac-row-ch/pf100_k050_a030,2030,af,apac,8.946995914064993e-10,84.99999999957241,188.08558102171287,119.2596613024069,126.28423342954626,119.25942540354018,7.024572127139364,61.80158349103333,1.0525877546011766e-11,False,0.00023589886671970817
af-eu-us-apac-row-ch/pf100_k050_a030,2030,af,af,1.596115889536668e-07,13.999999999814928,313.7254201686178,119.25942540354018,119.25942540354018,119.25942540354018,0.0,194.46599476507762,1.1400827782555484e-08,False,0.0
af-eu-us-apac-row-ch/pf100_k050_a030,2030,af,row,1.1028563975504938e-09,69.99999999978917,232.98073753004448,119.26697333519326,126.76697333519326,119.25942540354018,7.5,106.2213121265043,1.5755091393625936e-11,False,0.0075479316530788765
af-eu-us-apac-row-ch/pf100_k050_a030,2030,row,ch,1.1424031870414953e-09,349.99999999958806,107.79092380415264,233.40142718242078,247.52382308685765,232.92928618307093,14.12239590443686,-139.26075828335516,3.2640091058366856e-12,False,0.4721409993498469
af-eu-us-apac-row-ch/pf100_k050_a030,2030,row,eu,1.04425714286652e-07,89.99999999975617,322.1824598061354,314.60785758977573,322.731499228001,232.92928618307093,8.123641638225255,81.12953198483922,1.1602857142992767e-09,False,81.6785714067048
af-eu-us-apac-row-ch/pf100_k050_a030,2030,row,us,2.0136348507118072e-09,64.99999999945842,292.2571836698902,345.18193514791744,358.9693788339243,232.92928618307093,13.78744368600683,45.540453800812436,3.0978997703516686e-11,False,112.25264896484651
af-eu-us-apac-row-ch/pf100_k050_a030,2030,row,apac,2.1737284891099613e-09,84.99999999957241,188.08558102171287,230.8701136627261,250.62282798338066,232.92928618307093,19.75271432065455,-64.5964194820126,2.557327634259878e-11,False,-2.0591725203448163
af-eu-us-apac-row-ch/pf100_k050_a030,2030,row,af,1.5154924881545776e-08,13.999999999814928,313.7254201686178,311.3473495953407,323.8473495953407,232.92928618307093,12.5,68.29613398554687,1.0824946344104369e-09,False,78.41806341226976
af-eu-us-apac-row-ch/pf100_k050_a030,2030,row,row,51.45134582438918,69.99999999978917,232.98073753004448,232.92928618307093,232.92928618307093,232.92928618307093,0.0,0.05145134697355047,0.7350192260649163,True,0.0
af-eu-us-apac-row-ch/pf100_k050_a030,2035,ch,ch,332.9999999930845,332.9999999996353,95.90883300684636,95.57583300040461,95.57583300040461,95.57583300040461,0.0,0.33300000644175043,0.999999999980328,True,0.0
af-eu-us-apac-row-ch/pf100_k050_a030,2035,ch,eu,2.2639865784551656e-09,94.99999999978097,285.306849228773,329.6698304398739,345.7878304398739,95.57583300040461,16.118,173.6130162283684,2.3831437668004056e-11,False,234.09399743946932
af-eu-us-apac-row-ch/pf100_k050_a030,2035,ch,us,9.594438100387689e-10,69.99999999955735,233.44165235531992,351.6551589746749,362.7881589746749,95.57583300040461,11.133,126.73281935491529,1.3706340143497658e-11,False,256.0793259742703
af-eu-us-apac-row-ch/pf100_k050_a030,2035,ch,apac,8.755267069617153e-10,102.99999999964497,110.01520795374942,263.1052890353788,276.88571061426046,95.57583300040461,13.78042157888167,0.65895337446314,8.500259290919739e-12,False,167.5294560349742
af-eu-us-apac-row-ch/pf100_k050_a030,2035,ch,af,7.783512188533252e-10,19.99999999984539,279.12564927338315,353.99188740207535,364.49188740207535,95.57583300040461,10.5,173.04981627297855,3.891756094296711e-11,False,258.41605440167075
af-eu-us-apac-row-ch/pf100_k050_a030,2035,ch,row,8.630189888283307e-10,78.99999999980473,207.28506052676335,355.31933828108873,369.9157905906946,95.57583300040461,14.59645230960589,97.11277521675284,1.0924290997853973e-11,False,259.74350528068413
af-eu-us-apac-row-ch/pf100_k050_a030,2035,eu,ch,6.907684556016853e-10,332.9999999996353,95.90883300684636,175.46663657249246,191.58463657249246,175.4666750022766,16.118,-95.67584199543022,2.0743797465538793e-12,False,-3.842978412649245e-05
af-eu-us-apac-row-ch/pf100_k050_a030,2035,eu,eu,47.84364588067773,94.99999999978097,285.306849228773,175.4666750022766,175.4666750022766,175.4666750022766,0.0,109.8401742264964,0.5036173250609267,True,0.0
af-eu-us-apac-row-ch/pf100_k050_a030,2035,eu,us,4.881577350888273e-10,69.99999999955735,233.44165235531992,391.6179448368616,410.3779448368616,175.4666750022766,18.76,39.214977353043324,6.97368192988449e-12,False,216.15126983458504
af-eu-us-apac-row-ch/pf100_k050_a030,2035,eu,apac,7.424813472766236e-10,102.99999999964497,110.01520795374942,175.4667321970104,193.6003724002255,175.4666750022766,18.13364020321509,-83.58510725174226,7.208556769700804e-12,False,5.7194733813048515e-05
af-eu-us-apac-row-ch/pf100_k050_a030,2035,eu,af,1.7213653467280298e-09,19.99999999984539,279.12564927338315,211.63708167840286,221.43708167840288,175.4666750022766,9.8,93.85897427110656,8.606826733706684e-11,False,36.17040667612628
af-eu-us-apac-row-ch/pf100_k050_a030,2035,eu,row,1.4444051327982271e-09,78.99999999980473,207.28506052676335,175.46501426085686,183.90130242651955,175.4666750022766,8.436288165662685,23.382097358824073,1.828360927597212e-11,False,-0.001660741419726719
af-eu-us-apac-row-ch/pf100_k050_a030,2035,us,ch,7.98381631282529e-10,332.9999999996353,95.90883300684636,188.4440170445329,213.1750170445329,188.3664806833128,24.731,-117.18864767646645,2.3975424362864967e-12,False,0.07753636122009766
af-eu-us-apac-row-ch/pf100_k050_a030,2035,us,eu,6.701866615922939e-09,94.99999999978097,285.306849228773,249.95069514264094,259.34769514264093,188.3664806833128,9.397,87.54336854546018,7.054596437829885e-11,False,61.58421445932814
af-eu-us-apac-row-ch/pf100_k050_a030,2035,us,us,69.9999999959949,69.99999999955735,233.44165235531992,188.3664806833128,188.3664806833128,188.3664806833128,0.0,45.075171672007116,0.9999999999491079,True,0.0
af-eu-us-apac-row-ch/pf100_k050_a030,2035,us,apac,9.500525165626897e-10,102.99999999964497,110.01520795374942,188.29972686724744,203.03738302257113,188.3664806833128,14.73765615532369,-93.08892888488707,9.223810840446257e-12,False,-0.0667538160653578
af-eu-us-apac-row-ch/pf100_k050_a030,2035,us,af,15.199075165306525,19.99999999984539,279.12564927338315,219.90527857201693,234.1052785720169,188.3664806833128,14.2,76.55916859007034,0.759953758271201,True,31.538797888704124
af-eu-us-apac-row-ch/pf100_k050_a030,2035,us,row,2.254241917466757e-09,78.99999999980473,207.28506052676335,192.10044280733518,206.5502677732242,188.3664806833128,14.449824965889,4.468754877561544,2.853470781610543e-11,False,3.7339621240223835
af-eu-us-apac-row-ch/pf100_k050_a030,2035,apac,ch,3.230739043878765e-09,332.9999999996353,95.90883300684636,123.07218118181052,136.30507413209577,109.9122079504653,13.23289295028525,-27.236267893904184,9.701919050697608e-12,False,13.15997323134522
af-eu-us-apac-row-ch/pf100_k050_a030,2035,apac,eu,43.5986480314308,94.99999999978097,285.306849228773,268.9560770676193,285.26325058025174,109.9122079504653,16.30717351263244,159.08746776567526,0.4589331371740139,True,159.04386911715397
af-eu-us-apac-row-ch/pf100_k050_a030,2035,apac,us,1.0471823657549543e-09,69.99999999955735,233.44165235531992,311.7237648283785,325.43384563522443,109.9122079504653,13.71008080684597,109.81936359800865,1.495974808230823e-11,False,201.81155687791318
af-eu-us-apac-row-ch/pf100_k050_a030,2035,apac,apac,102.99999999620154,102.99999999964497,110.01520795374942,109.9122079504653,109.9122079504653,109.9122079504653,0.0,0.10300000328412295,0.9999999999665686,True,0.0
af-eu-us-apac-row-ch/pf100_k050_a030,2035,apac,af,5.498926084342634e-10,19.99999999984539,279.12564927338315,376.2354981034594,389.4081142403787,109.9122079504653,13.17261613691931,156.04082518599853,2.749463042192572e-11,False,266.3232901529941
af-eu-us-apac-row-ch/pf100_k050_a030,2035,apac,row,6.761832866299512e-08,78.99999999980473,207.28506052676335,191.31770778468808,210.20012250124603,109.9122079504653,18.88241471655794,78.4904378597401,8.559282109261045e-10,False,81.40549983422278
af-eu-us-apac-row-ch/pf100_k050_a030,2035,af,ch,6.12482969429535e-10,332.9999999996353,95.90883300684636,106.09002375526737,110.59002375526737,106.08917463044914,4.5,-14.680341623602772,1.8392881964871046e-12,False,0.0008491248182309619
af-eu-us-apac-row-ch/pf100_k050_a030,2035,af,eu,3.557706066053263,94.99999999978097,285.306849228773,106.07161773297722,112.27161773297722,106.08917463044914,6.2,173.01767459832388,0.037449537537489114,True,-0.017556897471919797
af-eu-us-apac-row-ch/pf100_k050_a030,2035,af,us,3.7472089731089497e-10,69.99999999955735,233.44165235531992,106.09430829824787,114.59430829824787,106.08917463044914,8.5,118.85247772487078,5.353155675903779e-12,False,0.005133667798730812
af-eu-us-apac-row-ch/pf100_k050_a030,2035,af,apac,6.456783932105514e-10,102.99999999964497,110.01520795374942,106.09091490091393,113.1154870280533,106.08917463044914,7.024572127139364,-3.0985388038390758,6.268722264201718e-12,False,0.0017402704647935252
af-eu-us-apac-row-ch/pf100_k050_a030,2035,af,af,4.8009248298179275,19.99999999984539,279.12564927338315,106.08917463044914,106.08917463044914,106.08917463044914,0.0,173.03647464293402,0.24004624149275205,True,0.0
af-eu-us-apac-row-ch/pf100_k050_a030,2035,af,row,1.5838376959938051e-09,78.99999999980473,207.28506052676335,106.09288168761273,113.59288168761273,106.08917463044914,7.5,93.69588589631421,2.0048578430350886e-11,False,0.0037070571635950955
af-eu-us-apac-row-ch/pf100_k050_a030,2035,row,ch,1.2183980704136835e-09,332.9999999996353,95.90883300684636,203.41821124639802,217.5406071508349,207.20606052566248,14.12239590443686,-125.41962342325297,3.658853064309363e-12,False,-3.7878492792644636
af-eu-us-apac-row-ch/pf100_k050_a030,2035,row,eu,1.2653318931679586e-08,94.99999999978097,285.306849228773,281.6059895892452,289.72963122747046,207.20606052566248,8.123641638225255,69.97714706488526,1.3319283086009222e-10,False,74.39992906358273
af-eu-us-apac-row-ch/pf100_k050_a030,2035,row,us,6.929556858384714e-10,69.99999999955735,233.44165235531992,285.75612833640565,299.5435720224125,207.20606052566248,13.78744368600683,12.448148143650608,9.89936694061219e-12,False,78.55006781074317
af-eu-us-apac-row-ch/pf100_k050_a030,2035,row,apac,2.2969014457529087e-10,102.99999999964497,110.01520795374942,740.8286416189551,760.5813559396097,207.20606052566248,19.75271432065455,-116.9435668925676,2.230001403651287e-12,False,533.6225810932926
af-eu-us-apac-row-ch/pf100_k050_a030,2035,row,af,1.671325349493137e-09,19.99999999984539,279.12564927338315,308.6167639999776,321.1167639999776,207.20606052566248,12.5,59.41958874772067,8.356626747530286e-11,False,101.41070347431511
af-eu-us-apac-row-ch/pf100_k050_a030,2035,row,row,78.9999999260409,78.99999999980473,207.28506052676335,207.20606052566248,207.20606052566248,207.20606052566248,0.0,0.0790000011008658,0.9999999990662807,True,0.0
af-eu-us-apac-row-ch/pf100_k050_a030,2040,ch,ch,315.99999991444815,315.999999994379,86.65125725489888,86.33525719941149,86.33525719941149,86.33525719941149,0.0,0.3160000554873932,0.9999999997470543,True,0.0
af-eu-us-apac-row-ch/pf100_k050_a030,2040,ch,eu,1.5792812832193583e-08,98.99999999647396,357.77203922578127,409.29281397185497,425.41081397185496,86.33525719941149,16.118,255.31878202636977,1.59523361947031e-10,False,322.95755677244347
af-eu-us-apac-row-ch/pf100_k050_a030,2040,ch,us,1.6314429712993078e-08,74.999999994332,170.22961028633458,291.68334910553347,302.81634910553345,86.33525719941149,11.133,72.7613530869231,2.175257295230135e-10,False,205.34809190612197
af-eu-us-apac-row-ch/pf100_k050_a030,2040,ch,apac,1.1636180446734074e-08,125.99999999473296,99.41154578980587,268.0157503015346,281.79617188041624,86.33525719941149,13.78042157888167,-0.7041329884872862,9.235063847000387e-11,False,181.68049310212308
af-eu-us-apac-row-ch/pf100_k050_a030,2040,ch,af,1.444276562767121e-08,27.999999997077776,313.6750511090471,375.1542757321963,385.6542757321963,86.33525719941149,10.5,216.8397939096356,5.158130581849476e-10,False,288.8190185327848
af-eu-us-apac-row-ch/pf100_k050_a030,2040,ch,row,1.2429832383603327e-08,88.99999999683108,289.57561583211975,366.4372700646406,381.03372237424645,86.33525719941149,14.59645230960589,188.64390632310236,1.3966103802298766e-10,False,280.1020128652291
af-eu-us-apac-row-ch/pf100_k050_a030,2040,eu,ch,9.975503979444805e-09,315.999999994379,86.65125725489888,158.50204697586042,174.62004697586042,158.50199826333673,16.118,-87.96874100843785,3.156805056842484e-11,False,4.871252369298418e-05
af-eu-us-apac-row-ch/pf100_k050_a030,2040,eu,eu,60.92967078392694,98.99999999647396,357.77203922578127,158.50199826333673,158.50199826333673,158.50199826333673,0.0,199.27004096244454,0.6154512200615863,True,0.0
af-eu-us-apac-row-ch/pf100_k050_a030,2040,eu,us,1.4821224532983448e-08,74.999999994332,170.22961028633458,158.5020122655209,177.2620122655209,158.50199826333673,18.76,-7.032387977002156,1.976163271213805e-10,False,1.4002184173023124e-05
af-eu-us-apac-row-ch/pf100_k050_a030,2040,eu,apac,9.582036619262343e-09,125.99999999473296,99.41154578980587,158.50196669517396,176.63560689838906,158.50199826333673,18.13364020321509,-77.22409267674595,7.60479096798642e-11,False,-3.156816276828067e-05
af-eu-us-apac-row-ch/pf100_k050_a030,2040,eu,af,2.0556913134032587e-08,27.999999997077776,313.6750511090471,158.50262139685913,168.30262139685914,158.50199826333673,9.8,145.37305284571036,7.341754691492147e-10,False,0.0006231335223958467
af-eu-us-apac-row-ch/pf100_k050_a030,2040,eu,row,2.9754580747481154e-08,88.99999999683108,289.57561583211975,158.5024637841645,166.93875194982718,158.50199826333673,8.436288165662685,122.63732940312033,3.343211320060741e-10,False,0.0004655208277597467
af-eu-us-apac-row-ch/pf100_k050_a030,2040,us,ch,2.3587027505337613e-08,315.999999994379,86.65125725489888,168.26052478900598,192.99152478900598,170.1546096644843,24.731,-108.23435240958543,7.464249210682652e-11,False,-1.8940848754783133
af-eu-us-apac-row-ch/pf100_k050_a030,2040,us,eu,6.846625877475747,98.99999999647396,357.77203922578127,348.3681920119581,357.7651920119581,170.1546096644843,9.397,178.22042956129698,0.06915783714868283,True,178.21358234747382
af-eu-us-apac-row-ch/pf100_k050_a030,2040,us,us,74.99999991969469,74.999999994332,170.22961028633458,170.1546096644843,170.1546096644843,170.1546096644843,0.0,0.075000621850279,0.9999999990048358,True,0.0
af-eu-us-apac-row-ch/pf100_k050_a030,2040,us,apac,2.9158345020314616e-08,125.99999999473296,99.41154578980587,166.81963831515074,181.55729447047443,170.1546096644843,14.73765615532369,-85.48072003000212,2.314154366788372e-10,False,-3.334971349333557
af-eu-us-apac-row-ch/pf100_k050_a030,2040,us,af,9.287575798507623e-08,27.999999997077776,313.6750511090471,327.82426455486933,342.0242645548693,170.1546096644843,14.2,129.32044144456282,3.3169913569560436e-09,False,157.66965489038503
af-eu-us-apac-row-ch/pf100_k050_a030,2040,us,row,4.581988970107276e-09,88.99999999683108,289.57561583211975,707.4791503700797,721.9289753359686,170.1546096644843,14.449824965889,104.97118120174645,5.14830221378699e-11,False,537.3245407055954
af-eu-us-apac-row-ch/pf100_k050_a030,2040,apac,ch,2.9174499313256657e-08,315.999999994379,86.65125725489888,161.88397588851683,175.11686883880208,99.28554577932321,13.23289295028525,-25.867181474709582,9.232436491701144e-11,False,62.598430109193615
af-eu-us-apac-row-ch/pf100_k050_a030,2040,apac,eu,1.2176008624790724e-08,98.99999999647396,357.77203922578127,464.7035261512604,481.01069966389286,99.28554577932321,16.30717351263244,242.1793199338256,1.229899861133777e-10,False,365.4179803719372
af-eu-us-apac-row-ch/pf100_k050_a030,2040,apac,us,1.6902233618191243e-08,74.999999994332,170.22961028633458,294.43578780120174,308.1458686080477,99.28554577932321,13.71008080684597,57.233983700165396,2.2536311492624801e-10,False,195.1502420218785
af-eu-us-apac-row-ch/pf100_k050_a030,2040,apac,apac,125.99999992715328,125.99999999473296,99.41154578980587,99.28554577932321,99.28554577932321,99.28554577932321,0.0,0.12600001048265597,0.9999999994636534,True,0.0
af-eu-us-apac-row-ch/pf100_k050_a030,2040,apac,af,9.14786400559328e-09,27.999999997077776,313.6750511090471,475.4317615534362,488.60437769035553,99.28554577932321,13.17261613691931,201.21688919280456,3.267094288052856e-10,False,376.146215774113
af-eu-us-apac-row-ch/pf100_k050_a030,2040,apac,row,8.167595194273658e-09,88.99999999683108,289.57561583211975,320.243148147756,339.12556286431396,99.28554577932321,18.88241471655794,171.40765533623858,9.177073252319632e-11,False,220.9576023684328
af-eu-us-apac-row-ch/pf100_k050_a030,2040,af,ch,4.735649990530831e-09,315.999999994379,86.65125725489888,95.8246553338202,100.3246553338202,95.83213549134676,4.5,-13.680878236447882,1.4986234147516042e-11,False,-0.007480157526558173
af-eu-us-apac-row-ch/pf100_k050_a030,2040,af,eu,10.84288735382434,98.99999999647396,357.77203922578127,96.28394458123535,102.48394458123535,95.83213549134676,6.2,255.7399037344345,0.10952411468899521,True,0.4518090898885845
af-eu-us-apac-row-ch/pf100_k050_a030,2040,af,us,2.7445567277296498e-09,74.999999994332,170.22961028633458,96.08174080803349,104.58174080803349,95.83213549134676,8.5,65.89747479498782,3.659408970582753e-11,False,0.2496053166867256
af-eu-us-apac-row-ch/pf100_k050_a030,2040,af,apac,5.239607423770266e-09,125.99999999473296,99.41154578980587,95.84868021955585,102.87325234669521,95.83213549134676,7.024572127139364,-3.445161828680255,4.1584185904676914e-11,False,0.016544728209083814
af-eu-us-apac-row-ch/pf100_k050_a030,2040,af,af,1.7415891087740608e-07,27.999999997077776,313.6750511090471,95.83213549134676,95.83213549134676,95.83213549134676,0.0,217.84291561770033,6.21996110341365e-09,False,0.0
af-eu-us-apac-row-ch/pf100_k050_a030,2040,af,row,2.473126472380615e-08,88.99999999683108,289.57561583211975,96.02477458901147,103.52477458901147,95.83213549134676,7.5,186.24348034077298,2.7787937892906436e-10,False,0.19263909766470988
af-eu-us-apac-row-ch/pf100_k050_a030,2040,row,ch,1.2458184279228139e-08,315.999999994379,86.65125725489888,195.8040834402949,209.92647934473177,187.17271895170572,14.12239590443686,-114.6438576012437,3.942463379572704e-11,False,8.631364488589185
af-eu-us-apac-row-ch/pf100_k050_a030,2040,row,eu,20.38081595327811,98.99999999647396,357.77203922578127,247.31412013773314,255.4377617759584,187.17271895170572,8.123641638225255,162.4756786358503,0.20586682781822227,True,60.14140118602742
af-eu-us-apac-row-ch/pf100_k050_a030,2040,row,us,2.3854870796947537e-08,74.999999994332,170.22961028633458,189.72348006315337,203.5109237491602,187.17271895170572,13.78744368600683,-30.730552351377973,3.1806494398333773e-10,False,2.550761111447656
af-eu-us-apac-row-ch/pf100_k050_a030,2040,row,apac,1.1963496282511902e-08,125.99999999473296,99.41154578980587,187.7530732169675,207.50578753762204,187.17271895170572,19.75271432065455,-107.5138874825544,9.494838319850792e-11,False,0.580354265261775
af-eu-us-apac-row-ch/pf100_k050_a030,2040,row,af,27.99999968589556,27.999999997077776,313.6750511090471,198.8331543132156,211.3331543132156,187.17271895170572,12.5,114.00233215734139,0.9999999888863494,True,11.660435361509883
af-eu-us-apac-row-ch/pf100_k050_a030,2040,row,row,88.99999991716581,88.99999999683108,289.57561583211975,187.17271895170572,187.17271895170572,187.17271895170572,0.0,102.40289688041403,0.9999999991048846,True,0.0
af-eu-us-apac-row-ch/pf100_k050_a040,2025,ch,ch,323.9999999816839,323.99999999807284,163.32399999910615,163.0,163.0,163.0,0.0,0.3239999991061495,0.9999999999494169,True,0.0
af-eu-us-apac-row-ch/pf100_k050_a040,2025,ch,eu,7.599999445271301,74.99999999885351,372.70070216474943,356.5751022087999,372.69310220879987,163.0,16.118,193.58270216474943,0.10133332593849971,True,193.57510220879988
af-eu-us-apac-row-ch/pf100_k050_a040,2025,ch,us,8.264776650344067e-08,44.99999999676037,358.9256506847747,352.28457440213407,363.41757440213405,163.0,11.133,184.7926506847747,1.836617033542014e-09,False,189.28457440213407
af-eu-us-apac-row-ch/pf100_k050_a040,2025,ch,apac,5.514738219993867e-08,49.99999999678065,329.9525855796888,322.5480527014512,336.32847428033284,163.0,13.78042157888167,153.17216400080713,1.1029476440697888e-09,False,159.54805270145118
af-eu-us-apac-row-ch/pf100_k050_a040,2025,ch,af,9.999999888643728,9.999999999164803,343.4205737629717,332.91057393192347,343.41057393192347,163.0,10.5,169.92057376297169,0.9999999889478925,True,169.91057393192347
af-eu-us-apac-row-ch/pf100_k050_a040,2025,ch,row,4.8924719720178404e-08,44.99999999890133,353.40999991703916,347.6623617518797,362.25881406148557,163.0,14.59645230960589,175.81354760743326,1.0872159938082866e-09,False,184.6623617518797
af-eu-us-apac-row-ch/pf100_k050_a040,2025,eu,ch,3.0049034135584246e-09,323.99999999807284,163.32399999910615,299.2508886891583,315.36888868915827,299.25,16.118,-152.04400000089385,9.274393251778697e-12,False,0.0008886891582733369
af-eu-us-apac-row-ch/pf100_k050_a040,2025,eu,eu,21.999999926930588,74.99999999885351,372.70070216474943,299.25,299.25,299.25,0.0,73.45070216474943,0.2933333323635586,True,0.0
af-eu-us-apac-row-ch/pf100_k050_a040,2025,eu,us,1.7450936899804034e-08,44.99999999676037,358.9256506847747,299.25179311002114,318.01179311002113,299.25,18.76,40.91565068477472,3.877985978013413e-10,False,0.0017931100211399098
af-eu-us-apac-row-ch/pf100_k050_a040,2025,eu,apac,1.0080997974151129e-08,49.99999999678065,329.9525855796888,299.25216932527644,317.3858095284915,299.25,18.13364020321509,12.568945376473696,2.0161995949600428e-10,False,0.002169325276440759
af-eu-us-apac-row-ch/pf100_k050_a040,2025,eu,af,1.3676396656302929e-08,9.999999999164803,343.4205737629717,299.2384920067309,309.0384920067309,299.25,9.8,34.37057376297169,1.3676396657445177e-09,False,-0.01150799326910601
af-eu-us-apac-row-ch/pf100_k050_a040,2025,eu,row,1.998475681962458e-08,44.99999999890133,353.40999991703916,299.2531794250811,307.6894675907438,299.25,8.436288165662685,45.72371175137647,4.4410570711361126e-10,False,0.003179425081100362
af-eu-us-apac-row-ch/pf100_k050_a040,2025,us,ch,3.1029238626102165e-09,323.99999999807284,163.32399999910615,321.2513673009188,345.9823673009188,321.25,24.731,-182.65700000089385,9.576925501940348e-12,False,0.0013673009187868956
af-eu-us-apac-row-ch/pf100_k050_a040,2025,us,eu,41.99999983524055,74.99999999885351,372.70070216474943,321.2398693663296,330.63686936632956,321.25,9.397,42.05370216474943,0.5599999978117678,True,-0.010130633670428324
af-eu-us-apac-row-ch/pf100_k050_a040,2025,us,us,9.308193527420482e-08,44.99999999676037,358.9256506847747,321.25,321.25,321.25,0.0,37.67565068477472,2.0684874506867987e-09,False,0.0
af-eu-us-apac-row-ch/pf100_k050_a040,2025,us,apac,1.2984593342828073e-08,49.99999999678065,329.9525855796888,321.25185414263217,335.98951029795586,321.25,14.73765615532369,-6.035070575634903,2.596918668732822e-10,False,0.001854142632168987
af-eu-us-apac-row-ch/pf100_k050_a040,2025,us,af,1.53788599073496e-08,9.999999999164803,343.4205737629717,321.24246027780515,335.44246027780514,321.25,14.2,7.970573762971686,1.5378859908634038e-09,False,-0.007539722194849219
af-eu-us-apac-row-ch/pf100_k050_a040,2025,us,row,2.3342923847284167e-08,44.99999999890133,353.40999991703916,321.2520119668818,335.7018369327708,321.25,14.449824965889,17.710174951150158,5.18731641063424e-10,False,0.0020119668818097125
af-eu-us-apac-row-ch/pf100_k050_a040,2025,apac,ch,4.16229532138152e-09,323.99999999807284,163.32399999910615,187.51404095348457,200.74693390376981,187.45,13.23289295028525,-37.35889295117909,1.2846590498167523e-11,False,0.06404095348457872
af-eu-us-apac-row-ch/pf100_k050_a040,2025,apac,eu,1.9937786726495336e-08,74.99999999885351,372.70070216474943,258.7660766005197,275.07325011315214,187.45,16.30717351263244,168.943528652117,2.6583715635733486e-10,False,71.3160766005197
af-eu-us-apac-row-ch/pf100_k050_a040,2025,apac,us,44.99999971219663,44.99999999676037,358.9256506847747,202.71798429964196,216.42806510648794,187.45,13.71008080684597,157.76556987792875,0.9999999936763614,True,15.267984299641967
af-eu-us-apac-row-ch/pf100_k050_a040,2025,apac,apac,49.999999889144846,49.99999999678065,329.9525855796888,187.45,187.45,187.45,0.0,142.5025855796888,0.9999999978472839,True,0.0
af-eu-us-apac-row-ch/pf100_k050_a040,2025,apac,af,3.207415193049601e-08,9.999999999164803,343.4205737629717,192.02057521947177,205.19319135639108,187.45,13.17261613691931,142.79795762605238,3.2074151933174835e-09,False,4.5705752194717775
af-eu-us-apac-row-ch/pf100_k050_a040,2025,apac,row,15.000000336084568,44.99999999890133,353.40999991703916,192.05999964255776,210.9424143591157,187.45,18.88241471655794,147.07758520048122,0.3333333408100176,True,4.609999642557767
af-eu-us-apac-row-ch/pf100_k050_a040,2025,af,ch,2.8000222759525447e-09,323.99999999807284,163.32399999910615,180.90857832981845,185.40857832981845,180.93,4.5,-22.106000000893857,8.642044061633332e-12,False,-0.021421670181553054
af-eu-us-apac-row-ch/pf100_k050_a040,2025,af,eu,3.399999878288254,74.99999999885351,372.70070216474943,180.86444902446192,187.0644490244619,180.93,6.2,185.57070216474943,0.04533333171120304,True,-0.06555097553808764
af-eu-us-apac-row-ch/pf100_k050_a040,2025,af,us,4.104018741698362e-08,44.99999999676037,358.9256506847747,180.87703455852122,189.37703455852122,180.93,8.5,169.49565068477472,9.120041648875149e-10,False,-0.0529654414787899
af-eu-us-apac-row-ch/pf100_k050_a040,2025,af,apac,1.5204715641073784e-08,49.99999999678065,329.9525855796888,180.86514793349727,187.88972006063662,180.93,7.024572127139364,141.99801345254943,3.0409431284105537e-10,False,-0.06485206650273767
af-eu-us-apac-row-ch/pf100_k050_a040,2025,af,af,2.643291321222428e-08,9.999999999164803,343.4205737629717,180.93,180.93,180.93,0.0,162.49057376297168,2.643291321443195e-09,False,0.0
af-eu-us-apac-row-ch/pf100_k050_a040,2025,af,row,3.317013932045565e-08,44.99999999890133,353.40999991703916,180.8622971824755,188.3622971824755,180.93,7.5,164.97999991703915,7.371142071392333e-10,False,-0.06770281752451979
af-eu-us-apac-row-ch/pf100_k050_a040,2025,row,ch,3.3187681293594676e-09,323.99999999807284,163.32399999910615,353.3804254316408,367.50282133607766,353.38,14.12239590443686,-204.17839590533072,1.0243111510429653e-11,False,0.00042543164079233975
af-eu-us-apac-row-ch/pf100_k050_a040,2025,row,eu,8.931850116747354e-07,74.99999999885351,372.70070216474943,365.44953786036547,373.5731794985907,353.38,8.123641638225255,11.19706052652418,1.1909133489178521e-08,False,12.069537860365472
af-eu-us-apac-row-ch/pf100_k050_a040,2025,row,us,5.034291856445638e-08,44.99999999676037,358.9256506847747,353.3800476639577,367.16749134996456,353.38,13.78744368600683,-8.241793001232102,1.1187315237351257e-09,False,4.766395773003751e-05
af-eu-us-apac-row-ch/pf100_k050_a040,2025,row,apac,1.4218111353831865e-08,49.99999999678065,329.9525855796888,353.38007238014484,373.1327867007994,353.38,19.75271432065455,-43.180128740965756,2.843622270949465e-10,False,7.238014484300948e-05
af-eu-us-apac-row-ch/pf100_k050_a040,2025,row,af,2.2958753705930468e-08,9.999999999164803,343.4205737629717,353.37935288292806,365.87935288292806,353.38,12.5,-22.45942623702831,2.2958753707847975e-09,False,-0.0006471170719350994
af-eu-us-apac-row-ch/pf100_k050_a040,2025,row,row,29.999999537394213,44.99999999890133,353.40999991703916,353.38,353.38,353.38,0.0,0.029999917039162938,0.6666666564028146,True,0.0
af-eu-us-apac-row-ch/pf100_k050_a040,2030,ch,ch,349.99999989387027,349.9999999912997,107.79092388826979,107.44092378697313,107.44092378697313,107.44092378697313,0.0,0.3500001012966578,0.9999999997216301,True,0.0
af-eu-us-apac-row-ch/pf100_k050_a040,2030,ch,eu,7.161991298597708e-08,89.99999999488821,282.1510455303047,312.0857421170997,328.2037421170997,107.44092378697313,16.118,158.59212174333157,7.957768110004991e-10,False,204.64481833012655
af-eu-us-apac-row-ch/pf100_k050_a040,2030,ch,us,5.1185589089279507e-08,64.99999998380368,348.69462871083743,403.65736382836593,414.7903638283659,107.44092378697313,11.133,230.12070492386428,7.874706015697483e-10,False,296.2164400413928
af-eu-us-apac-row-ch/pf100_k050_a040,2030,ch,apac,3.843203744305718e-08,84.99999998877925,228.49680095799815,300.70868029958547,314.4891018784671,107.44092378697313,13.78042157888167,107.27545559214335,4.5214161703682996e-10,False,193.26775651261232
af-eu-us-apac-row-ch/pf100_k050_a040,2030,ch,af,2.71227908679856e-06,13.99999999586184,285.8469648021525,276.3993638860037,286.8993638860037,107.44092378697313,10.5,167.90604101517937,1.9373422054287592e-07,False,168.95844009903055
af-eu-us-apac-row-ch/pf100_k050_a040,2030,ch,row,6.190119729698794e-08,69.99999999526413,232.98533683016052,272.2138295504552,286.8102818600611,107.44092378697313,14.59645230960589,110.9479607335815,8.843028185882268e-10,False,164.77290576348207
af-eu-us-apac-row-ch/pf100_k050_a040,2030,eu,ch,1.791537273883928e-08,349.9999999912997,107.79092388826979,197.24966756758516,213.36766756758516,197.24967143099207,16.118,-105.57674754272227,5.118677925509891e-11,False,-3.863406902837596e-06
af-eu-us-apac-row-ch/pf100_k050_a040,2030,eu,eu,33.114434515475565,89.99999999488821,282.1510455303047,197.24967143099207,197.24967143099207,197.24967143099207,0.0,84.90137409931265,0.36793816130395984,True,0.0
af-eu-us-apac-row-ch/pf100_k050_a040,2030,eu,us,1.0469170223551897e-07,64.99999998380368,348.69462871083743,272.50072342841395,291.26072342841394,197.24967143099207,18.76,132.68495727984538,1.6106415732554682e-09,False,75.25105199742188
af-eu-us-apac-row-ch/pf100_k050_a040,2030,eu,apac,4.3369141253157275e-08,84.99999998877925,228.49680095799815,197.24970361408398,215.38334381729908,197.24967143099207,18.13364020321509,13.11348932379099,5.102251912809692e-10,False,3.218309191765911e-05
af-eu-us-apac-row-ch/pf100_k050_a040,2030,eu,af,9.379129590275048e-08,13.99999999586184,285.8469648021525,228.11980550450193,237.91980550450194,197.24967143099207,9.8,78.79729337116045,6.699378280748112e-09,False,30.87013407350986
af-eu-us-apac-row-ch/pf100_k050_a040,2030,eu,row,5.410425292784062e-08,69.99999999526413,232.98533683016052,197.24975502612028,205.68604319178297,197.24967143099207,8.436288165662685,27.29937723350577,7.729178990214437e-10,False,8.359512821698445e-05
af-eu-us-apac-row-ch/pf100_k050_a040,2030,us,ch,1.304794553570654e-08,349.9999999912997,107.79092388826979,211.73069026076695,236.46169026076694,211.75090040837495,24.731,-128.69097652010515,3.727984438865967e-11,False,-0.020210147607997442
af-eu-us-apac-row-ch/pf100_k050_a040,2030,us,eu,4.575999932191815e-08,89.99999999488821,282.1510455303047,211.7249668348084,221.1219668348084,211.75090040837495,9.397,61.00314512192977,5.084444369390802e-10,False,-0.02593357356653314
af-eu-us-apac-row-ch/pf100_k050_a040,2030,us,us,64.29187913049795,64.99999998380368,348.69462871083743,211.75090040837495,211.75090040837495,211.75090040837495,0.0,136.9437283024625,0.9891058330233512,True,0.0
af-eu-us-apac-row-ch/pf100_k050_a040,2030,us,apac,2.564266819904497e-08,84.99999998877925,228.49680095799815,211.71567181853288,226.45332797385657,211.75090040837495,14.73765615532369,2.0082443942995116,3.016784494403533e-10,False,-0.03522858984206323
af-eu-us-apac-row-ch/pf100_k050_a040,2030,us,af,4.2974921231505186e-08,13.99999999586184,285.8469648021525,211.72096155529727,225.92096155529725,211.75090040837495,14.2,59.896064393777564,3.0696372317291313e-09,False,-0.02993885307768096
af-eu-us-apac-row-ch/pf100_k050_a040,2030,us,row,2.662926350821911e-08,69.99999999526413,232.98533683016052,211.73305671009035,226.18288167597936,211.75090040837495,14.449824965889,6.784611455896574,3.8041805014315313e-10,False,-0.017843698284593756
af-eu-us-apac-row-ch/pf100_k050_a040,2030,apac,ch,2.3789643966675824e-08,349.9999999912997,107.79092388826979,132.33936783393085,145.5722607842161,123.55706235501908,13.23289295028525,-28.999031417034544,6.79704113350491e-11,False,8.782305478911766
af-eu-us-apac-row-ch/pf100_k050_a040,2030,apac,eu,56.885564790837385,89.99999999488821,282.1510455303047,160.93224786731315,177.23942137994558,123.55706235501908,16.30717351263244,142.2868096626532,0.6320618310452039,True,37.37518551229407
af-eu-us-apac-row-ch/pf100_k050_a040,2030,apac,us,1.29263573510701e-07,64.99999998380368,348.69462871083743,255.24500386814051,268.9550846749865,123.55706235501908,13.71008080684597,211.42748554897238,1.9886703621986174e-09,False,131.68794151312142
af-eu-us-apac-row-ch/pf100_k050_a040,2030,apac,apac,84.99999979099569,84.99999998877925,228.49680095799815,123.55706235501908,123.55706235501908,123.55706235501908,0.0,104.93973860297906,0.9999999976731345,True,0.0
af-eu-us-apac-row-ch/pf100_k050_a040,2030,apac,af,3.145200798447543e-07,13.99999999586184,285.8469648021525,178.94301368726246,192.11562982418178,123.55706235501908,13.17261613691931,149.11728631021413,2.2465719995551503e-08,False,55.38595133224338
af-eu-us-apac-row-ch/pf100_k050_a040,2030,apac,row,13.949404010398801,69.99999999526413,232.98533683016052,109.23423430300201,128.11664901955996,123.55706235501908,18.88241471655794,90.5458597585835,0.19927720016203646,True,-14.322828052017073
af-eu-us-apac-row-ch/pf100_k050_a040,2030,af,ch,1.8575820360034335e-08,349.9999999912997,107.79092388826979,119.25973533052823,123.75973533052823,119.25942540354018,4.5,-15.96850151527039,5.307377245856026e-11,False,0.00030992698805221153
af-eu-us-apac-row-ch/pf100_k050_a040,2030,af,eu,3.1727615519468933e-07,89.99999999488821,282.1510455303047,119.27609975971083,125.47609975971083,119.25942540354018,6.2,156.69162012676455,3.525290613474554e-09,False,0.016674356170653937
af-eu-us-apac-row-ch/pf100_k050_a040,2030,af,us,2.8482302510859694e-06,64.99999998380368,348.69462871083743,175.12924184263682,183.62924184263682,119.25942540354018,8.5,220.93520330729726,4.381892695070269e-08,False,55.86981643909664
af-eu-us-apac-row-ch/pf100_k050_a040,2030,af,apac,4.1337285950497303e-08,84.99999998877925,228.49680095799815,119.2592392660124,126.28381139315177,119.25942540354018,7.024572127139364,102.2128034273186,4.863210112465199e-10,False,-0.0001861375277769639
af-eu-us-apac-row-ch/pf100_k050_a040,2030,af,af,5.658197483288866,13.99999999586184,285.8469648021525,119.25942540354018,119.25942540354018,119.25942540354018,0.0,166.58753939861234,0.4041569632115237,True,0.0
af-eu-us-apac-row-ch/pf100_k050_a040,2030,af,row,4.51120987091377e-08,69.99999999526413,232.98533683016052,119.25903180304083,126.75903180304083,119.25942540354018,7.5,106.22591142662034,6.444585530312825e-10,False,-0.00039360049935055486
af-eu-us-apac-row-ch/pf100_k050_a040,2030,row,ch,2.4100722188702462e-08,349.9999999912997,107.79092388826979,236.6742743675253,250.79667027196217,232.92928618307093,14.12239590443686,-139.260758199238,6.88592062551473e-11,False,3.744988184454371
af-eu-us-apac-row-ch/pf100_k050_a040,2030,row,eu,2.5391918731029586e-07,89.99999999488821,282.1510455303047,287.0933488744381,295.21699051266336,232.92928618307093,8.123641638225255,41.098117709008534,2.821324303607976e-09,False,54.16406269136718
af-eu-us-apac-row-ch/pf100_k050_a040,2030,row,us,0.708117719934621,64.99999998380368,348.69462871083743,334.9064830739702,348.69392675997705,232.92928618307093,13.78744368600683,101.97789884175968,0.010894118770939473,True,101.97719689089928
af-eu-us-apac-row-ch/pf100_k050_a040,2030,row,apac,4.900243482361202e-08,84.99999998877925,228.49680095799815,276.85340770208813,296.6061220227427,232.92928618307093,19.75271432065455,-24.185199545727333,5.764992332950679e-10,False,43.924121519017206
af-eu-us-apac-row-ch/pf100_k050_a040,2030,row,af,8.34179934900759,13.99999999586184,285.8469648021525,273.33862339989435,285.83862339989435,232.92928618307093,12.5,40.417678619081585,0.5958428108195203,True,40.40933721682342
af-eu-us-apac-row-ch/pf100_k050_a040,2030,row,row,56.05059579711851,69.99999999526413,232.98533683016052,232.92928618307093,232.92928618307093,232.92928618307093,0.0,0.05605064708959162,0.8007227971558661,True,0.0
af-eu-us-apac-row-ch/pf100_k050_a040,2035,ch,ch,332.9999999291513,332.9999999945383,95.90883304962756,95.57583300040461,95.57583300040461,95.57583300040461,0.0,0.3330000492229459,0.9999999998036425,True,0.0
af-eu-us-apac-row-ch/pf100_k050_a040,2035,ch,eu,2.6978206564481366e-08,94.99999999702456,243.84816021957994,291.6263762820194,307.7443762820194,95.57583300040461,16.118,132.15432721917534,2.8398112174027723e-10,False,196.0505432816148
af-eu-us-apac-row-ch/pf100_k050_a040,2035,ch,us,7.816971373348317e-09,69.99999999408546,232.79405571157793,433.6232408505068,444.7562408505068,95.57583300040461,11.133,126.08522271117333,1.1167101962869715e-10,False,338.0474078501022
af-eu-us-apac-row-ch/pf100_k050_a040,2035,ch,apac,1.3782231071434249e-08,102.99999999412478,190.78704507570862,307.7129023623053,321.49332394118693,95.57583300040461,13.78042157888167,81.43079049642233,1.3380806866233398e-10,False,212.13706936190067
af-eu-us-apac-row-ch/pf100_k050_a040,2035,ch,af,1.774330939219411e-07,19.999999997261874,277.72277431040243,276.40691553621366,286.90691553621366,95.57583300040461,10.5,171.64694130999783,8.87165469731164e-09,False,180.83108253580906
af-eu-us-apac-row-ch/pf100_k050_a040,2035,ch,row,2.2942456501560704e-08,78.99999999720674,207.2255663914782,269.75987346671326,284.3563257763191,95.57583300040461,14.59645230960589,97.05328108146769,2.904108418021759e-10,False,174.18404046630866
af-eu-us-apac-row-ch/pf100_k050_a040,2035,eu,ch,1.1367578492782322e-08,332.9999999945383,95.90883304962756,175.4891986644491,191.6071986644491,175.4666750022766,16.118,-95.67584195264902,3.413687235125756e-11,False,0.022523662172517334
af-eu-us-apac-row-ch/pf100_k050_a040,2035,eu,eu,45.42632442485226,94.99999999702456,243.84816021957994,175.4666750022766,175.4666750022766,175.4666750022766,0.0,68.38148521730335,0.47817183606605296,True,0.0
af-eu-us-apac-row-ch/pf100_k050_a040,2035,eu,us,2.5148440010889207e-08,69.99999999408546,232.79405571157793,204.84179353717502,223.601793537175,175.4666750022766,18.76,38.56738070930133,3.592634287573441e-10,False,29.375118534898434
af-eu-us-apac-row-ch/pf100_k050_a040,2035,eu,apac,2.152495767992601e-08,102.99999999412478,190.78704507570862,175.46749377299068,193.60113397620577,175.4666750022766,18.13364020321509,-2.81327012978306,2.0898017166168753e-10,False,0.0008187707140905331
af-eu-us-apac-row-ch/pf100_k050_a040,2035,eu,af,3.8985166789421334e-08,19.999999997261874,277.72277431040243,245.21045538109166,255.01045538109167,175.4666750022766,9.8,92.45609930812584,1.9492583397379326e-09,False,69.74378037881507
af-eu-us-apac-row-ch/pf100_k050_a040,2035,eu,row,3.3629444752246505e-08,78.99999999720674,207.2255663914782,176.54020255859075,184.97649072425344,175.4666750022766,8.436288165662685,23.322603223538923,4.2568917409412106e-10,False,1.0735275563141613
af-eu-us-apac-row-ch/pf100_k050_a040,2035,us,ch,1.2582674060963957e-08,332.9999999945383,95.90883304962756,188.64745860432635,213.37845860432634,188.3664806833128,24.731,-117.18864763368524,3.778580799150249e-11,False,0.2809779210135446
af-eu-us-apac-row-ch/pf100_k050_a040,2035,us,eu,3.4295566492536147,94.99999999702456,243.84816021957994,190.09015635513475,199.48715635513474,188.3664806833128,9.397,46.08467953626714,0.036100596309063475,True,1.723675671821951
af-eu-us-apac-row-ch/pf100_k050_a040,2035,us,us,69.9999998959482,69.99999999408546,232.79405571157793,188.3664806833128,188.3664806833128,188.3664806833128,0.0,44.427575028265125,0.9999999985980393,True,0.0
af-eu-us-apac-row-ch/pf100_k050_a040,2035,us,apac,2.6814675165241134e-08,102.99999999412478,190.78704507570862,198.70339013667132,213.441046291995,188.3664806833128,14.73765615532369,-12.317091762927872,2.603366521045696e-10,False,10.336909453358516
af-eu-us-apac-row-ch/pf100_k050_a040,2035,us,af,11.977886191436571,19.999999997261874,277.72277431040243,219.15322164992932,233.3532216499293,188.3664806833128,14.2,75.15629362708962,0.598894309653821,True,30.78674096661652
af-eu-us-apac-row-ch/pf100_k050_a040,2035,us,row,5.193072729687226e-08,78.99999999720674,207.2255663914782,184.06008488133344,198.50990984722245,188.3664806833128,14.449824965889,4.409260742276395,6.573509784646635e-10,False,-4.306395801979363
af-eu-us-apac-row-ch/pf100_k050_a040,2035,apac,ch,1.2388371757682177e-08,332.9999999945383,95.90883304962756,175.27926031998868,188.51215327027393,109.9122079504653,13.23289295028525,-27.23626785112299,3.720231759124734e-11,False,65.36705236952338
af-eu-us-apac-row-ch/pf100_k050_a040,2035,apac,eu,46.144118574190685,94.99999999702456,243.84816021957994,146.72300548818677,163.0301790008192,109.9122079504653,16.30717351263244,117.6287787564822,0.4857275639540625,True,36.81079753772147
af-eu-us-apac-row-ch/pf100_k050_a040,2035,apac,us,2.7056039730016647e-09,69.99999999408546,232.79405571157793,847.0482858865719,860.7583666934179,109.9122079504653,13.71008080684597,109.17176695426666,3.8651485331861005e-11,False,737.1360779361066
af-eu-us-apac-row-ch/pf100_k050_a040,2035,apac,apac,102.99999988529852,102.99999999412478,190.78704507570862,109.9122079504653,109.9122079504653,109.9122079504653,0.0,80.87483712524332,0.9999999989434344,True,0.0
af-eu-us-apac-row-ch/pf100_k050_a040,2035,apac,af,1.8667867234969073e-08,19.999999997261874,277.72277431040243,295.5593152135491,308.7319313504684,109.9122079504653,13.17261613691931,154.6379502230178,9.333933618762411e-10,False,185.6471072630838
af-eu-us-apac-row-ch/pf100_k050_a040,2035,apac,row,59.494081981639525,78.99999999720674,207.2255663914782,107.51182048336705,126.39423519992499,109.9122079504653,18.88241471655794,78.43094372445495,0.7530896453638367,True,-2.4003874670982555
af-eu-us-apac-row-ch/pf100_k050_a040,2035,af,ch,1.1895936634670341e-08,332.9999999945383,95.90883304962756,106.0900578115685,110.5900578115685,106.08917463044914,4.5,-14.680341580821576,3.572353343803439e-11,False,0.0008831811193630301
af-eu-us-apac-row-ch/pf100_k050_a040,2035,af,eu,2.140418001623273e-08,94.99999999702456,243.84816021957994,106.05993346250632,112.25993346250632,106.08917463044914,6.2,131.55898558913083,2.253071580726644e-10,False,-0.029241167942814172
af-eu-us-apac-row-ch/pf100_k050_a040,2035,af,us,2.2492913621430126e-08,69.99999999408546,232.79405571157793,106.0905897410442,114.5905897410442,106.08917463044914,8.5,118.20488108112879,3.2132733747615186e-10,False,0.0014151105950617193
af-eu-us-apac-row-ch/pf100_k050_a040,2035,af,apac,1.7508643002318846e-08,102.99999999412478,190.78704507570862,106.09166822267346,113.11624034981283,106.08917463044914,7.024572127139364,77.67329831812012,1.6998682527492771e-10,False,0.00249359222432588
af-eu-us-apac-row-ch/pf100_k050_a040,2035,af,af,8.02211352099088,19.999999997261874,277.72277431040243,106.08917463044914,106.08917463044914,106.08917463044914,0.0,171.6335996799533,0.4011056761044579,True,0.0
af-eu-us-apac-row-ch/pf100_k050_a040,2035,af,row,1.949730754156261e-08,78.99999999720674,207.2255663914782,106.09163400480071,113.59163400480071,106.08917463044914,7.5,93.63639176102906,2.46801361294329e-10,False,0.0024593743515737287
af-eu-us-apac-row-ch/pf100_k050_a040,2035,row,ch,1.7152475473649885e-08,332.9999999945383,95.90883304962756,207.2302258418299,221.35262174626678,207.20606052566248,14.12239590443686,-125.41962338047178,5.150893535715078e-11,False,0.024165316167426454
af-eu-us-apac-row-ch/pf100_k050_a040,2035,row,eu,3.003456040053259e-07,94.99999999702456,243.84816021957994,241.20254758297497,249.32618922120022,207.20606052566248,8.123641638225255,28.518458055692204,3.161532673839293e-09,False,33.99648705731249
af-eu-us-apac-row-ch/pf100_k050_a040,2035,row,us,3.997331432131449e-08,69.99999999408546,232.79405571157793,269.02897307103154,282.8164167570384,207.20606052566248,13.78744368600683,11.800551499908616,5.710473474955996e-10,False,61.822912545369064
af-eu-us-apac-row-ch/pf100_k050_a040,2035,row,apac,2.9195769939882444e-08,102.99999999412478,190.78704507570862,231.3308119261644,251.08352624681893,207.20606052566248,19.75271432065455,-36.17172977060841,2.834540771024058e-10,False,24.124751400501907
af-eu-us-apac-row-ch/pf100_k050_a040,2035,row,af,4.974829675780581e-08,19.999999997261874,277.72277431040243,269.35906503792967,281.85906503792967,207.20606052566248,12.5,58.01671378473995,2.4874148382308334e-09,False,62.15300451226719
af-eu-us-apac-row-ch/pf100_k050_a040,2035,row,row,19.505917887567293,78.99999999720674,207.2255663914782,207.20606052566248,207.20606052566248,207.20606052566248,0.0,0.01950586581571656,0.2469103530159111,True,0.0
af-eu-us-apac-row-ch/pf100_k050_a040,2040,ch,ch,315.99999979136976,315.9999999850906,86.65125738182662,86.33525719941149,86.33525719941149,86.33525719941149,0.0,0.31600018241513794,0.9999999993869594,True,0.0
af-eu-us-apac-row-ch/pf100_k050_a040,2040,ch,eu,1.4749592431327818e-07,98.99999999089992,260.07887905231394,282.505062968651,298.62306296865097,86.33525719941149,16.118,157.62562185290244,1.489857821483192e-09,False,196.16980576923947
af-eu-us-apac-row-ch/pf100_k050_a040,2040,ch,us,7.064789091270026e-08,74.99999998417985,170.1843320334,238.83068723160918,249.96368723160919,86.33525719941149,11.133,72.71607483398853,9.419718790346985e-10,False,152.4954300321977
af-eu-us-apac-row-ch/pf100_k050_a040,2040,ch,apac,7.344713243871415e-08,125.99999998548115,105.93406441907103,166.10449187766872,179.88491345655038,86.33525719941149,13.78042157888167,5.818385640777878,5.829137495807729e-10,False,79.76923467825723
af-eu-us-apac-row-ch/pf100_k050_a040,2040,ch,af,6.496875846970296e-08,27.999999993111008,185.16144299528256,261.67983365649246,272.17983365649246,86.33525719941149,10.5,88.32618579587107,2.3203128030602704e-09,False,175.34457645708096
af-eu-us-apac-row-ch/pf100_k050_a040,2040,ch,row,7.639360372408406e-08,88.99999999184983,187.26171895117164,252.84685158778325,267.4433038973891,86.33525719941149,14.59645230960589,86.33000944215426,8.583550981020201e-10,False,166.51159438837175
af-eu-us-apac-row-ch/pf100_k050_a040,2040,eu,ch,3.238049237062687e-08,315.9999999850906,86.65125738182662,158.50195876254867,174.61995876254866,158.50199826333673,16.118,-87.9687408815101,1.024699125701096e-10,False,-3.95007880626963e-05
af-eu-us-apac-row-ch/pf100_k050_a040,2040,eu,eu,57.04614869519611,98.99999999089992,260.07887905231394,158.50199826333673,158.50199826333673,158.50199826333673,0.0,101.5768807889772,0.5762237242468665,True,0.0
af-eu-us-apac-row-ch/pf100_k050_a040,2040,eu,us,4.94030483000681e-08,74.99999998417985,170.1843320334,158.5020747896332,177.2620747896332,158.50199826333673,18.76,-7.077666229936721,6.587073108065193e-10,False,7.652629648191578e-05
af-eu-us-apac-row-ch/pf100_k050_a040,2040,eu,apac,3.313739254994435e-08,125.99999998548115,105.93406441907103,158.50199284517652,176.6356330483916,158.50199826333673,18.13364020321509,-70.70157404748079,2.6299517899811694e-10,False,-5.418160213821466e-06
af-eu-us-apac-row-ch/pf100_k050_a040,2040,eu,af,5.3834223555969324e-08,27.999999993111008,185.16144299528256,158.5021323367335,168.3021323367335,158.50199826333673,9.8,16.859444731945825,1.922650841757659e-09,False,0.0001340733967651886
af-eu-us-apac-row-ch/pf100_k050_a040,2040,eu,row,6.853821576195152e-08,88.99999999184983,187.26171895117164,158.50235811188196,166.93864627754465,158.50199826333673,8.436288165662685,20.32343252217223,7.700923120025607e-10,False,0.00035984854523007925
af-eu-us-apac-row-ch/pf100_k050_a040,2040,us,ch,5.0770406617323417e-08,315.9999999850906,86.65125738182662,172.6360830653801,197.3670830653801,170.1546096644843,24.731,-108.23435228265768,1.606658437332875e-10,False,2.481473400895794
af-eu-us-apac-row-ch/pf100_k050_a040,2040,us,eu,31.567804973331754,98.99999999089992,260.07887905231394,250.65031108138652,260.0473110813865,170.1546096644843,9.397,80.52726938782963,0.31886671693165114,True,80.49570141690222
af-eu-us-apac-row-ch/pf100_k050_a040,2040,us,us,29.722348066831557,74.99999998417985,170.1843320334,170.1546096644843,170.1546096644843,170.1546096644843,0.0,0.02972236891571356,0.396297974308014,True,0.0
af-eu-us-apac-row-ch/pf100_k050_a040,2040,us,apac,6.68039717545585e-08,125.99999998548115,105.93406441907103,168.43512272617176,183.17277888149545,170.1546096644843,14.73765615532369,-78.95820140073695,5.301902520813989e-10,False,-1.7194869383125422
af-eu-us-apac-row-ch/pf100_k050_a040,2040,us,af,1.8067633069261677e-06,27.999999993111008,185.16144299528256,176.52628530372738,190.72628530372737,170.1546096644843,14.2,0.8068333307982591,6.452726097752484e-08,False,6.37167563924308
af-eu-us-apac-row-ch/pf100_k050_a040,2040,us,row,1.6082975560769058e-07,88.99999999184983,187.26171895117164,200.5025268986551,214.9523518645441,170.1546096644843,14.449824965889,2.6572843207983468,1.8070759058698714e-09,False,30.347917234170808
af-eu-us-apac-row-ch/pf100_k050_a040,2040,apac,ch,4.0842467329076035e-08,315.9999999850906,86.65125738182662,209.546691482892,222.77958443317723,99.28554577932321,13.23289295028525,-25.867181347781838,1.2924831433861726e-10,False,110.26114570356877
af-eu-us-apac-row-ch/pf100_k050_a040,2040,apac,eu,1.8527602846957513e-08,98.99999999089992,260.07887905231394,567.4736274188703,583.7808009315027,99.28554577932321,16.30717351263244,144.48615976035828,1.8714750352182392e-10,False,468.188081639547
af-eu-us-apac-row-ch/pf100_k050_a040,2040,apac,us,45.27765167248061,74.99999998417985,170.1843320334,149.9064550811975,163.61653588804347,99.28554577932321,13.71008080684597,57.18870544723083,0.6037020224270835,True,50.62090930187428
af-eu-us-apac-row-ch/pf100_k050_a040,2040,apac,apac,125.99999973439198,125.99999998548115,105.93406441907103,99.28554577932321,99.28554577932321,99.28554577932321,0.0,6.64851863974782,0.9999999980072287,True,0.0
af-eu-us-apac-row-ch/pf100_k050_a040,2040,apac,af,27.999997916275724,27.999999993111008,185.16144299528256,165.43830840241566,178.61092453933497,99.28554577932321,13.17261613691931,72.70328107904004,0.9999999258273113,True,66.15276262309244
af-eu-us-apac-row-ch/pf100_k050_a040,2040,apac,row,5.011218980763309e-08,88.99999999184983,187.26171895117164,289.9277246307524,308.8101393473103,99.28554577932321,18.88241471655794,69.0937584552905,5.630583124968776e-10,False,190.64217885142915
af-eu-us-apac-row-ch/pf100_k050_a040,2040,af,ch,1.8537783162788387e-08,315.9999999850906,86.65125738182662,95.83256198556168,100.33256198556168,95.83213549134676,4.5,-13.680878109520137,5.866387077108555e-11,False,0.0004264942149205808
af-eu-us-apac-row-ch/pf100_k050_a040,2040,af,eu,10.386045646084689,98.99999999089992,260.07887905231394,95.94338919925688,102.14338919925689,95.83213549134676,6.2,158.04674356096717,0.10490955199029671,True,0.11125370791012301
af-eu-us-apac-row-ch/pf100_k050_a040,2040,af,us,2.7927055185489297e-08,74.99999998417985,170.1843320334,95.83409968145018,104.33409968145018,95.83213549134676,8.5,65.85219654205325,3.7236073588506796e-10,False,0.00196419010342197
af-eu-us-apac-row-ch/pf100_k050_a040,2040,af,apac,2.2947108744742795e-08,125.99999998548115,105.93406441907103,95.83233551304576,102.85690764018513,95.83213549134676,7.024572127139364,3.0773568005849095,1.8211991069354736e-10,False,0.00020002169900124045
af-eu-us-apac-row-ch/pf100_k050_a040,2040,af,af,4.0179061584640426e-08,27.999999993111008,185.16144299528256,95.83213549134676,95.83213549134676,95.83213549134676,0.0,89.3293075039358,1.434966485518782e-09,False,0.0
af-eu-us-apac-row-ch/pf100_k050_a040,2040,af,row,7.188355170281393e-09,88.99999999184983,187.26171895117164,95.82941563201399,103.32941563201399,95.83213549134676,7.5,83.92958345982488,8.076803562853557e-11,False,-0.0027198593327710796
af-eu-us-apac-row-ch/pf100_k050_a040,2040,row,ch,5.1189787221876335e-08,315.9999999850906,86.65125738182662,187.06632039086446,201.18871629530133,187.17271895170572,14.12239590443686,-114.64385747431595,1.6199299754522643e-10,False,-0.10639856084125654
af-eu-us-apac-row-ch/pf100_k050_a040,2040,row,eu,5.102638418015957e-07,98.99999999089992,260.07887905231394,269.5070904778196,277.63073211604484,187.17271895170572,8.123641638225255,64.78251846238297,5.15418022069191e-09,False,82.33437152611387
af-eu-us-apac-row-ch/pf100_k050_a040,2040,row,us,9.688968265135797e-08,74.99999998417985,170.1843320334,215.62898437178063,229.41642805778747,187.17271895170572,13.78744368600683,-30.77583060431254,1.2918624356239391e-09,False,28.456265420074914
af-eu-us-apac-row-ch/pf100_k050_a040,2040,row,apac,5.4753560461570415e-08,125.99999998548115,105.93406441907103,187.16308103025426,206.9157953509088,187.17271895170572,19.75271432065455,-100.99136885328923,4.3455206720539375e-10,False,-0.009637921451457032
af-eu-us-apac-row-ch/pf100_k050_a040,2040,row,af,1.1108993583718203e-07,27.999999993111008,185.16144299528256,220.46430194156375,232.96430194156375,187.17271895170572,12.5,-14.511275956423162,3.967497709446932e-09,False,33.29158298985803
af-eu-us-apac-row-ch/pf100_k050_a040,2040,row,row,88.99999962878772,88.99999999184983,187.26171895117164,187.17271895170572,187.17271895170572,187.17271895170572,0.0,0.0889999994659263,0.9999999959206504,True,0.0
af-eu-us-apac-row-ch/pf100_k100_a030,2025,ch,ch,323.99999986642985,323.9999999870227,163.32399999348485,163.0,163.0,163.0,0.0,0.323999993484847,0.9999999996277998,True,0.0
af-eu-us-apac-row-ch/pf100_k100_a030,2025,ch,eu,1.8368208451437913e-07,74.99999999235217,365.1700558381001,370.4055154177429,386.5235154177429,163.0,16.118,186.0520558381001,2.4490944604414583e-09,False,207.4055154177429
af-eu-us-apac-row-ch/pf100_k100_a030,2025,ch,us,2.59999550916956,44.999999979678314,336.43362789715724,325.29803183984,336.43103183984,163.0,11.133,162.30062789715723,0.05777767800763778,True,162.29803183984
af-eu-us-apac-row-ch/pf100_k100_a030,2025,ch,apac,4.798445098110558e-08,49.99999998256672,271.37882436475957,350.98763195648655,364.7680535353682,163.0,13.78042157888167,94.5984027858779,9.596890199567221e-10,False,187.98763195648655
af-eu-us-apac-row-ch/pf100_k100_a030,2025,ch,af,2.882214650944492e-07,9.999999994006926,364.85030317185965,366.3637194183276,376.8637194183276,163.0,10.5,191.35030317185965,2.8822146526718245e-08,False,203.3637194183276
af-eu-us-apac-row-ch/pf100_k100_a030,2025,ch,row,1.6383448764439442e-06,44.99999999247005,353.42499989752565,341.531200537708,356.12765284731387,163.0,14.59645230960589,175.82854758791976,3.640766392706871e-08,False,178.531200537708
af-eu-us-apac-row-ch/pf100_k100_a030,2025,eu,ch,2.166009297069786e-08,323.9999999870227,163.32399999348485,299.24999185289516,315.36799185289516,299.25,16.118,-152.04400000651515,6.685213880112785e-11,False,-8.147104836098151e-06
af-eu-us-apac-row-ch/pf100_k100_a030,2025,eu,eu,21.99999905127299,74.99999999235217,365.1700558381001,299.25,299.25,299.25,0.0,65.9200558381001,0.2933333207135514,True,0.0
af-eu-us-apac-row-ch/pf100_k100_a030,2025,eu,us,9.641876449584044e-08,44.999999979678314,336.43362789715724,299.2499694525252,318.0099694525252,299.25,18.76,18.423627897157235,2.1426392119862773e-09,False,-3.0547474807463004e-05
af-eu-us-apac-row-ch/pf100_k100_a030,2025,eu,apac,4.1472265980127635e-08,49.99999998256672,271.37882436475957,299.249977413623,317.3836176168381,299.25,18.13364020321509,-46.00481583845553,8.294453198917517e-10,False,-2.258637698560051e-05
af-eu-us-apac-row-ch/pf100_k100_a030,2025,eu,af,4.6532084356352967e-07,9.999999994006926,364.85030317185965,299.2497995819889,309.0497995819889,299.25,9.8,55.80030317185965,4.653208438423999e-08,False,-0.00020041801110437518
af-eu-us-apac-row-ch/pf100_k100_a030,2025,eu,row,2.497492948065934e-07,44.99999999247005,353.42499989752565,299.2501434403347,307.68643160599737,299.25,8.436288165662685,45.73871173186296,5.549984329964099e-09,False,0.00014344033468205453
af-eu-us-apac-row-ch/pf100_k100_a030,2025,us,ch,1.764397911908341e-08,323.9999999870227,163.32399999348485,321.6349086138293,346.3659086138293,321.25,24.731,-182.65700000651515,5.445672567836455e-11,False,0.3849086138292819
af-eu-us-apac-row-ch/pf100_k100_a030,2025,us,eu,41.99999977682797,74.99999999235217,365.1700558381001,271.7362085007352,281.1332085007352,321.25,9.397,34.5230558381001,0.5599999970814767,True,-49.51379149926481
af-eu-us-apac-row-ch/pf100_k100_a030,2025,us,us,6.710266569072222e-08,44.999999979678314,336.43362789715724,321.25,321.25,321.25,0.0,15.183627897157237,1.491170349356118e-09,False,0.0
af-eu-us-apac-row-ch/pf100_k100_a030,2025,us,apac,3.0988992020166774e-08,49.99999998256672,271.37882436475957,322.3154430226859,337.0530991780096,321.25,14.73765615532369,-64.60883179056412,6.197798406194314e-10,False,1.0654430226858835
af-eu-us-apac-row-ch/pf100_k100_a030,2025,us,af,3.8715975627642754e-08,9.999999994006926,364.85030317185965,385.81430677899954,400.0143067789995,321.25,14.2,29.40030317185965,3.871597565084552e-09,False,64.56430677899954
af-eu-us-apac-row-ch/pf100_k100_a030,2025,us,row,1.1824589424918137e-08,44.99999999247005,353.42499989752565,650.7037455404005,665.1535705062895,321.25,14.449824965889,17.72517493163665,2.6276865393103937e-10,False,329.4537455404005
af-eu-us-apac-row-ch/pf100_k100_a030,2025,apac,ch,3.6350268794033716e-08,323.9999999870227,163.32399999348485,197.21304098007673,210.44593393036197,187.45,13.23289295028525,-37.35889295680039,1.1219218764040021e-10,False,9.763040980076738
af-eu-us-apac-row-ch/pf100_k100_a030,2025,apac,eu,10.999998724269604,74.99999999235217,365.1700558381001,264.97305822267805,281.2802317353105,187.45,16.30717351263244,161.41288232546768,0.1466666496718838,True,77.52305822267806
af-eu-us-apac-row-ch/pf100_k100_a030,2025,apac,us,42.400004047843694,44.999999979678314,336.43362789715724,238.8023227584719,252.51240356531787,187.45,13.71008080684597,135.27354709031127,0.9422223125998054,True,51.3523227584719
af-eu-us-apac-row-ch/pf100_k100_a030,2025,apac,apac,49.99999977303318,49.99999998256672,271.37882436475957,187.45,187.45,187.45,0.0,83.92882436475958,0.9999999958093292,True,0.0
af-eu-us-apac-row-ch/pf100_k100_a030,2025,apac,af,6.599996002646106,9.999999994006926,364.85030317185965,267.79226287244995,280.96487900936927,187.45,13.17261613691931,164.22768703494035,0.6599996006601533,True,80.34226287244996
af-eu-us-apac-row-ch/pf100_k100_a030,2025,apac,row,1.3572542834817155e-06,44.99999999247005,353.42499989752565,254.35284209876787,273.2352568153258,187.45,18.88241471655794,147.09258518096772,3.0161206304640615e-08,False,66.90284209876788
af-eu-us-apac-row-ch/pf100_k100_a030,2025,af,ch,2.2306346929922843e-08,323.9999999870227,163.32399999348485,180.91484517592133,185.41484517592133,180.93,4.5,-22.10600000651516,6.884674978647002e-11,False,-0.015154824078678075
af-eu-us-apac-row-ch/pf100_k100_a030,2025,af,eu,7.751693472226747e-07,74.99999999235217,365.1700558381001,180.88475545715613,187.08475545715612,180.93,6.2,178.0400558381001,1.033559129735626e-08,False,-0.045244542843875024
af-eu-us-apac-row-ch/pf100_k100_a030,2025,af,us,1.2474161088393897e-07,44.999999979678314,336.43362789715724,180.89257129643687,189.39257129643687,180.93,8.5,147.00362789715723,2.772035798672698e-09,False,-0.03742870356313688
af-eu-us-apac-row-ch/pf100_k100_a030,2025,af,apac,4.4874729550073e-08,49.99999998256672,271.37882436475957,180.88342337746266,187.907995504602,180.93,7.024572127139364,83.4242522376202,8.974945913143855e-10,False,-0.04657662253734429
af-eu-us-apac-row-ch/pf100_k100_a030,2025,af,af,3.3999987044909448,9.999999994006926,364.85030317185965,180.93,180.93,180.93,0.0,183.92030317185964,0.3399998706528589,True,0.0
af-eu-us-apac-row-ch/pf100_k100_a030,2025,af,row,3.035395791042052e-07,44.99999999247005,353.42499989752565,180.8824987142949,188.3824987142949,180.93,7.5,164.99499989752564,6.745323981222159e-09,False,-0.0475012857050956
af-eu-us-apac-row-ch/pf100_k100_a030,2025,row,ch,2.263216937831905e-08,323.9999999870227,163.32399999348485,353.3799291615333,367.5023250659702,353.38,14.12239590443686,-204.17839591095202,6.985237462723933e-11,False,-7.083846668365368e-05
af-eu-us-apac-row-ch/pf100_k100_a030,2025,row,eu,1.4811301730157112e-06,74.99999999235217,365.1700558381001,358.2962222899991,366.41986392822434,353.38,8.123641638225255,3.666414199874847,1.9748402308889915e-08,False,4.916222289999098
af-eu-us-apac-row-ch/pf100_k100_a030,2025,row,us,1.3440201837640556e-07,44.999999979678314,336.43362789715724,353.38003162756723,367.1674753135741,353.38,13.78744368600683,-30.73381578884959,2.986711520824457e-09,False,3.1627567238956544e-05
af-eu-us-apac-row-ch/pf100_k100_a030,2025,row,apac,4.42130976686623e-08,49.99999998256672,271.37882436475957,353.38005178403273,373.1327661046873,353.38,19.75271432065455,-101.75388995589498,8.842619536815578e-10,False,5.178403273475851e-05
af-eu-us-apac-row-ch/pf100_k100_a030,2025,row,af,4.494611584190548e-06,9.999999994006926,364.85030317185965,353.38225605169725,365.88225605169725,353.38,12.5,-1.0296968281403451,4.494611586884203e-07,False,0.002256051697258954
af-eu-us-apac-row-ch/pf100_k100_a030,2025,row,row,44.999996431757424,44.99999999247005,353.42499989752565,353.38,353.38,353.38,0.0,0.04499989752565625,0.9999999208730527,True,0.0
af-eu-us-apac-row-ch/pf100_k100_a030,2030,ch,ch,349.9999999508672,349.9999999966809,107.79092388000738,107.44092378697313,107.44092378697313,107.44092378697313,0.0,0.3500000930342537,0.9999999998691037,True,0.0
af-eu-us-apac-row-ch/pf100_k100_a030,2030,ch,eu,7.162133614661938e-09,89.99999999802765,274.26943189092793,447.8958726987642,464.0138726987642,107.44092378697313,16.118,150.7105081039548,7.957926238687662e-11,False,340.45494891179106
af-eu-us-apac-row-ch/pf100_k100_a030,2030,ch,us,6.169615022537547e-09,64.9999999955977,262.8051289259126,456.9832120399941,468.1162120399941,107.44092378697313,11.133,144.23120513893943,9.491715419931385e-11,False,349.54228825302096
af-eu-us-apac-row-ch/pf100_k100_a030,2030,ch,apac,6.861986038523545e-09,84.99999999633019,161.22204041651455,344.47357756570284,358.2539991445845,107.44092378697313,13.78042157888167,40.00069505065974,8.072924751552713e-11,False,237.0326537787297
af-eu-us-apac-row-ch/pf100_k100_a030,2030,ch,af,9.166094232033331e-09,13.999999998386771,273.6295282027241,405.6034335207318,416.1034335207318,107.44092378697313,10.5,155.68860441575094,6.547210166492532e-10,False,298.16250973375867
af-eu-us-apac-row-ch/pf100_k100_a030,2030,ch,row,6.3015945045708286e-09,69.999999998156,232.98476017463486,430.6135477660967,445.21000007570257,107.44092378697313,14.59645230960589,110.94738407805583,9.002277863909758e-11,False,323.17262397912356
af-eu-us-apac-row-ch/pf100_k100_a030,2030,eu,ch,7.402945450630733e-09,349.9999999966809,107.79092388000738,197.25051599068692,213.36851599068692,197.24967143099207,16.118,-105.57674755098468,2.115127271628839e-11,False,0.0008445596948547518
af-eu-us-apac-row-ch/pf100_k100_a030,2030,eu,eu,33.923500615828615,89.99999999802765,274.26943189092793,197.24967143099207,197.24967143099207,197.24967143099207,0.0,77.01976045993587,0.37692778462857834,True,0.0
af-eu-us-apac-row-ch/pf100_k100_a030,2030,eu,us,2.7623901336751287e-08,64.9999999955977,262.8051289259126,201.43833697004857,220.19833697004856,197.24967143099207,18.76,46.79545749492051,4.249830975172644e-10,False,4.188665539056501
af-eu-us-apac-row-ch/pf100_k100_a030,2030,eu,apac,1.0043228516736813e-08,84.99999999633019,161.22204041651455,197.25195762179192,215.385597825007,197.24967143099207,18.13364020321509,-54.161271217692615,1.1815562961376966e-10,False,0.002286190799850374
af-eu-us-apac-row-ch/pf100_k100_a030,2030,eu,af,7.523669555600875e-08,13.999999998386771,273.6295282027241,204.771473781294,214.571473781294,197.24967143099207,9.8,66.57985677173203,5.374049683191309e-09,False,7.521802350301925
af-eu-us-apac-row-ch/pf100_k100_a030,2030,eu,row,2.509730844606478e-08,69.999999998156,232.98476017463486,197.260407449393,205.6966956150557,197.24967143099207,8.436288165662685,27.298800577980106,3.5853297781037024e-10,False,0.010736018400933744
af-eu-us-apac-row-ch/pf100_k100_a030,2030,us,ch,7.49647558183113e-09,349.9999999966809,107.79092388000738,212.31215217445072,237.0431521744507,211.75090040837495,24.731,-128.69097652836757,2.1418501662577767e-11,False,0.5612517660757703
af-eu-us-apac-row-ch/pf100_k100_a030,2030,us,eu,0.7099980484373711,89.99999999802765,274.26943189092793,213.8824970311622,223.27949703116218,211.75090040837495,9.397,53.12153148255299,0.007888867205032565,True,2.1315966227872423
af-eu-us-apac-row-ch/pf100_k100_a030,2030,us,us,64.99999985478803,64.9999999955977,262.8051289259126,211.75090040837495,211.75090040837495,211.75090040837495,0.0,51.05422851753764,0.9999999978336973,True,0.0
af-eu-us-apac-row-ch/pf100_k100_a030,2030,us,apac,1.2477489996312588e-08,84.99999999633019,161.22204041651455,212.36798885655247,227.10564501187616,211.75090040837495,14.73765615532369,-65.26651614718409,1.467939999629564e-10,False,0.6170884481775261
af-eu-us-apac-row-ch/pf100_k100_a030,2030,us,af,2.3556913092900742e-07,13.999999998386771,273.6295282027241,211.16051018735953,225.36051018735952,211.75090040837495,14.2,47.67862779434914,1.6826366496868014e-08,False,-0.5903902210154115
af-eu-us-apac-row-ch/pf100_k100_a030,2030,us,row,3.679500924756272e-08,69.999999998156,232.98476017463486,211.65837847280207,226.10820343869108,211.75090040837495,14.449824965889,6.784034800370911,5.25642989264743e-10,False,-0.09252193557287569
af-eu-us-apac-row-ch/pf100_k100_a030,2030,apac,ch,1.349404346346928e-08,349.9999999966809,107.79092388000738,149.3094698271283,162.54236277741356,123.55706235501908,13.23289295028525,-28.99903142529695,3.855440989599213e-11,False,25.752407472109226
af-eu-us-apac-row-ch/pf100_k100_a030,2030,apac,eu,55.36650097464385,89.99999999802765,274.26943189092793,220.3269138222555,236.63408733488794,123.55706235501908,16.30717351263244,134.40519602327643,0.6151833441761911,True,96.76985146723642
af-eu-us-apac-row-ch/pf100_k100_a030,2030,apac,us,4.61626232622702e-08,64.9999999955977,262.8051289259126,233.04081025322216,246.75089106006814,123.55706235501908,13.71008080684597,125.53798576404755,7.10194204083026e-10,False,109.48374789820308
af-eu-us-apac-row-ch/pf100_k100_a030,2030,apac,apac,84.99999994156303,84.99999999633019,161.22204041651455,123.55706235501908,123.55706235501908,123.55706235501908,0.0,37.66497806149546,0.9999999993556805,True,0.0
af-eu-us-apac-row-ch/pf100_k100_a030,2030,apac,af,8.1499960205085,13.999999998386771,273.6295282027241,222.86878412841676,236.04140026533608,123.55706235501908,13.17261613691931,136.8998497107857,0.582142572960545,True,99.31172177339768
af-eu-us-apac-row-ch/pf100_k100_a030,2030,apac,row,14.526095810406458,69.999999998156,232.98476017463486,176.50784138682636,195.3902561033843,123.55706235501908,18.88241471655794,90.54528310305784,0.20751565443984454,True,52.95077903180727
af-eu-us-apac-row-ch/pf100_k100_a030,2030,af,ch,8.290305025890093e-09,349.9999999966809,107.79092388000738,119.2595986964935,123.7595986964935,119.25942540354018,4.5,-15.968501523532794,2.368658578848203e-11,False,0.00017329295332046968
af-eu-us-apac-row-ch/pf100_k100_a030,2030,af,eu,1.928035567684759e-07,89.99999999802765,274.26943189092793,119.26574968195352,125.46574968195353,119.25942540354018,6.2,148.81000648738777,2.142261741918902e-09,False,0.006324278413345041
af-eu-us-apac-row-ch/pf100_k100_a030,2030,af,us,1.9779921269375023e-08,64.9999999955977,262.8051289259126,147.1318868890205,155.6318868890205,119.25942540354018,8.5,135.0457035223724,3.04306481087918e-10,False,27.87246148548033
af-eu-us-apac-row-ch/pf100_k100_a030,2030,af,apac,1.1204010113406947e-08,84.99999999633019,161.22204041651455,119.25907690147332,126.28364902861269,119.25942540354018,7.024572127139364,34.938042885835,1.3181188369283143e-10,False,-0.00034850206685632656
af-eu-us-apac-row-ch/pf100_k100_a030,2030,af,af,5.850003447600476,13.999999998386771,273.6295282027241,119.25942540354018,119.25942540354018,119.25942540354018,0.0,154.3701027991839,0.4178573891624697,True,0.0
af-eu-us-apac-row-ch/pf100_k100_a030,2030,af,row,2.652895418478065e-08,69.999999998156,232.98476017463486,119.25776460481154,126.75776460481154,119.25942540354018,7.5,106.22533477109468,3.7898505979256427e-10,False,-0.0016607987286363368
af-eu-us-apac-row-ch/pf100_k100_a030,2030,row,ch,9.129847159152187e-09,349.9999999966809,107.79092388000738,233.1281444029716,247.25054030740847,232.92928618307093,14.12239590443686,-139.2607582075004,2.6085277597825046e-11,False,0.19885821990067143
af-eu-us-apac-row-ch/pf100_k100_a030,2030,row,eu,1.5915211157871027e-07,89.99999999802765,274.26943189092793,274.34064864269817,282.4642902809234,232.92928618307093,8.123641638225255,33.21650406963175,1.7683567953577566e-09,False,41.41136245962724
af-eu-us-apac-row-ch/pf100_k100_a030,2030,row,us,4.1073631138839175e-08,64.9999999955977,262.8051289259126,273.3013860915643,287.08882977757116,232.92928618307093,13.78744368600683,16.088399056834824,6.319020175633999e-10,False,40.3720999084934
af-eu-us-apac-row-ch/pf100_k100_a030,2030,row,apac,1.4180438705253536e-08,84.99999999633019,161.22204041651455,234.33299835116054,254.0857126718151,232.92928618307093,19.75271432065455,-91.45996008721093,1.668286906572443e-10,False,1.403712168089612
af-eu-us-apac-row-ch/pf100_k100_a030,2030,row,af,2.1030587501220773e-07,13.999999998386771,273.6295282027241,267.68243375614617,280.18243375614617,232.92928618307093,12.5,28.20024201965316,1.502184821688867e-08,False,34.75314757307524
af-eu-us-apac-row-ch/pf100_k100_a030,2030,row,row,55.473904093026675,69.999999998156,232.98476017463486,232.92928618307093,232.92928618307093,232.92928618307093,0.0,0.05547399156392885,0.7924843442069717,True,0.0
af-eu-us-apac-row-ch/pf100_k100_a030,2035,ch,ch,332.9999999675969,332.9999999980933,95.90883305202557,95.57583300040461,95.57583300040461,95.57583300040461,0.0,0.3330000516209566,0.9999999999084193,True,0.0
af-eu-us-apac-row-ch/pf100_k100_a030,2035,ch,eu,5.71646204936746e-09,94.99999999884108,261.14289987116814,363.29121524466706,379.40921524466705,95.57583300040461,16.118,149.44906687076355,6.017328473091785e-11,False,267.71538224426246
af-eu-us-apac-row-ch/pf100_k100_a030,2035,ch,us,3.320337871888703e-09,69.99999999786573,201.15422366571542,373.3968503029971,384.5298503029971,95.57583300040461,11.133,94.44539066531081,4.743339817128484e-11,False,277.8210173025925
af-eu-us-apac-row-ch/pf100_k100_a030,2035,ch,apac,2.9309725543008936e-09,102.99999999799155,147.78036426946596,375.7992554585944,389.5796770374761,95.57583300040461,13.78042157888167,38.42410969017968,2.845604421706841e-11,False,280.2234224581898
af-eu-us-apac-row-ch/pf100_k100_a030,2035,ch,af,8.13800044563698e-09,19.9999999988548,280.3987046216002,387.1625271966659,397.6625271966659,95.57583300040461,10.5,174.3228716211956,4.069000223051481e-10,False,291.5866941962613
af-eu-us-apac-row-ch/pf100_k100_a030,2035,ch,row,3.412080449468316e-09,78.9999999989556,207.21299963384834,393.8644755471603,408.46092785676615,95.57583300040461,14.59645230960589,97.04071432383783,4.319089176599271e-11,False,298.2886425467557
af-eu-us-apac-row-ch/pf100_k100_a030,2035,eu,ch,4.656748442073074e-09,332.9999999980933,95.90883305202557,175.4666314502207,191.58463145022068,175.4666750022766,16.118,-95.67584195025101,1.3984229555855067e-11,False,-4.355205589945399e-05
af-eu-us-apac-row-ch/pf100_k100_a030,2035,eu,eu,46.73477701628657,94.99999999884108,261.14289987116814,175.4666750022766,175.4666750022766,175.4666750022766,0.0,85.67622486889155,0.4919450212300705,True,0.0
af-eu-us-apac-row-ch/pf100_k100_a030,2035,eu,us,6.645147546475759e-09,69.99999999786573,201.15422366571542,207.25324937286666,226.01324937286665,175.4666750022766,18.76,6.927548663438831,9.493067923826238e-11,False,31.786574370590074
af-eu-us-apac-row-ch/pf100_k100_a030,2035,eu,apac,5.816767480708211e-09,102.99999999799155,147.78036426946596,175.4663338230688,193.5999740262839,175.4666750022766,18.13364020321509,-45.81995093602572,5.6473470687588695e-11,False,-0.0003411792077940845
af-eu-us-apac-row-ch/pf100_k100_a030,2035,eu,af,2.4920555464927963e-08,19.9999999988548,280.3987046216002,210.24441857193494,220.04441857193495,175.4666750022766,9.8,95.1320296193236,1.2460277733177456e-09,False,34.777743569658355
af-eu-us-apac-row-ch/pf100_k100_a030,2035,eu,row,1.118679495210457e-08,78.9999999989556,207.21299963384834,179.34952677577368,187.78581494143637,175.4666750022766,8.436288165662685,23.310036465909068,1.4160499939560079e-10,False,3.8828517734970944
af-eu-us-apac-row-ch/pf100_k100_a030,2035,us,ch,5.936562100676937e-09,332.9999999980933,95.90883305202557,189.1328614314317,213.8638614314317,188.3664806833128,24.731,-117.18864763128724,1.7827513815948734e-11,False,0.7663807481189053
af-eu-us-apac-row-ch/pf100_k100_a030,2035,us,eu,1.285254825377177,94.99999999884108,261.14289987116814,239.02687247798866,248.42387247798865,188.3664806833128,9.397,63.37941918785534,0.013528998162030063,True,50.66039179467586
af-eu-us-apac-row-ch/pf100_k100_a030,2035,us,us,69.99999996230619,69.99999999786573,201.15422366571542,188.3664806833128,188.3664806833128,188.3664806833128,0.0,12.78774298240262,0.9999999994920066,True,0.0
af-eu-us-apac-row-ch/pf100_k100_a030,2035,us,apac,1.1068099039928887e-08,102.99999999799155,147.78036426946596,189.34347573316444,204.08113188848813,188.3664806833128,14.73765615532369,-55.32377256917053,1.0745727223441466e-10,False,0.976995049851638
af-eu-us-apac-row-ch/pf100_k100_a030,2035,us,af,11.671183809057256,19.9999999988548,280.3987046216002,253.46929050686916,267.6692905068692,188.3664806833128,14.2,77.83222393828738,0.5835591904862774,True,65.10280982355636
af-eu-us-apac-row-ch/pf100_k100_a030,2035,us,row,2.0908741911150882e-08,78.9999999989556,207.21299963384834,221.5956292208182,236.04545418670722,188.3664806833128,14.449824965889,4.396693984646539,2.646676191319911e-10,False,33.22914853750541
af-eu-us-apac-row-ch/pf100_k100_a030,2035,apac,ch,8.584101334987305e-09,332.9999999980933,95.90883305202557,132.3841878295145,145.61708077979975,109.9122079504653,13.23289295028525,-27.236267848724978,2.5778082087196564e-11,False,22.4719798790492
af-eu-us-apac-row-ch/pf100_k100_a030,2035,apac,eu,46.979967966466745,94.99999999884108,261.14289987116814,207.02359008102636,223.3307635936588,109.9122079504653,16.30717351263244,134.9235184080704,0.49452597860041964,True,97.11138213056105
af-eu-us-apac-row-ch/pf100_k100_a030,2035,apac,us,1.068498654705821e-08,69.99999999786573,201.15422366571542,228.43809999608973,242.1481808029357,109.9122079504653,13.71008080684597,77.53193490840415,1.5264266496262845e-10,False,118.52589204562443
af-eu-us-apac-row-ch/pf100_k100_a030,2035,apac,apac,102.99999996849046,102.99999999799155,147.78036426946596,109.9122079504653,109.9122079504653,109.9122079504653,0.0,37.86815631900066,0.9999999997135816,True,0.0
af-eu-us-apac-row-ch/pf100_k100_a030,2035,apac,af,4.175520407460178e-08,19.9999999988548,280.3987046216002,245.7654804335911,258.9380965705104,109.9122079504653,13.17261613691931,157.31388053421557,2.0877602038496344e-09,False,135.8532724831258
af-eu-us-apac-row-ch/pf100_k100_a030,2035,apac,row,72.06089492734534,78.9999999989556,207.21299963384834,150.49336770688095,169.3757824234389,109.9122079504653,18.88241471655794,78.4183769668251,0.9121632269404811,True,40.581159756415644
af-eu-us-apac-row-ch/pf100_k100_a030,2035,af,ch,4.653637188094611e-09,332.9999999980933,95.90883305202557,106.09065501945386,110.59065501945386,106.08917463044914,4.5,-14.680341578423565,1.3974886450814585e-11,False,0.0014803890047261348
af-eu-us-apac-row-ch/pf100_k100_a030,2035,af,eu,1.3438361889609191e-08,94.99999999884108,261.14289987116814,106.0397834109709,112.2397834109709,106.08917463044914,6.2,148.85372524071903,1.414564409449803e-10,False,-0.04939121947823821
af-eu-us-apac-row-ch/pf100_k100_a030,2035,af,us,5.457601120235587e-09,69.99999999786573,201.15422366571542,131.1979182516426,139.6979182516426,106.08917463044914,8.5,86.56504903526628,7.796573029145695e-11,False,25.108743621193454
af-eu-us-apac-row-ch/pf100_k100_a030,2035,af,apac,5.138207629655354e-09,102.99999999799155,147.78036426946596,106.09421918478546,113.11879131192482,106.08917463044914,7.024572127139364,34.66661751187746,4.9885510968500453e-11,False,0.005044554336322449
af-eu-us-apac-row-ch/pf100_k100_a030,2035,af,af,8.32881608326793,19.9999999988548,280.3987046216002,106.08917463044914,106.08917463044914,106.08917463044914,0.0,174.30952999115107,0.41644080418724183,True,0.0
af-eu-us-apac-row-ch/pf100_k100_a030,2035,af,row,7.665450691491638e-09,78.9999999989556,207.21299963384834,106.09458905960096,113.59458905960096,106.08917463044914,7.5,93.6238250033992,9.703102141256932e-11,False,0.005414429151826994
af-eu-us-apac-row-ch/pf100_k100_a030,2035,row,ch,6.665437588678164e-09,332.9999999980933,95.90883305202557,207.19993394941898,221.32232985385585,207.20606052566248,14.12239590443686,-125.41962337807377,2.001632909524423e-11,False,-0.006126576243502768
af-eu-us-apac-row-ch/pf100_k100_a030,2035,row,eu,1.7155575181856475e-07,94.99999999884108,261.14289987116814,258.5583691229653,266.68201076119055,207.20606052566248,8.123641638225255,45.81319770728041,1.8058500191648168e-09,False,51.35230859730282
af-eu-us-apac-row-ch/pf100_k100_a030,2035,row,us,9.451467845402435e-09,69.99999999786573,201.15422366571542,263.52269499969947,277.3101386857063,207.20606052566248,13.78744368600683,-19.83928054595389,1.3502096922415152e-10,False,56.31663447403699
af-eu-us-apac-row-ch/pf100_k100_a030,2035,row,apac,4.54706134484482e-09,102.99999999799155,147.78036426946596,295.04787898596175,314.8005933066163,207.20606052566248,19.75271432065455,-79.17841057685106,4.4146226649839665e-11,False,87.84181846029927
af-eu-us-apac-row-ch/pf100_k100_a030,2035,row,af,3.171585712930913e-08,19.9999999988548,280.3987046216002,275.75094313581354,288.25094313581354,207.20606052566248,12.5,60.69264409593771,1.585792856556259e-09,False,68.54488261015106
af-eu-us-apac-row-ch/pf100_k100_a030,2035,row,row,6.939105028437183,78.9999999989556,207.21299963384834,207.20606052566248,207.20606052566248,207.20606052566248,0.0,0.006939108185861187,0.0878367725130243,True,0.0
af-eu-us-apac-row-ch/pf100_k100_a030,2040,ch,ch,315.99999964578404,315.99999998179624,86.65125740629061,86.33525719941149,86.33525719941149,86.33525719941149,0.0,0.31600020687912433,0.9999999989366702,True,0.0
af-eu-us-apac-row-ch/pf100_k100_a030,2040,ch,eu,5.646931665779522e-08,98.99999998903635,243.63468109488727,346.7237603195691,362.8417603195691,86.33525719941149,16.118,141.1814238954758,5.703971380206954e-10,False,260.3885031201576
af-eu-us-apac-row-ch/pf100_k100_a030,2040,ch,us,5.10077218511906e-08,74.99999997740713,226.94480552085912,331.104470576796,342.237470576796,86.33525719941149,11.133,129.4765483214476,6.801029582207476e-10,False,244.76921337738452
af-eu-us-apac-row-ch/pf100_k100_a030,2040,ch,apac,4.3088497267775277e-08,125.99999998264018,99.41154668927209,243.05406212295236,256.834483701834,86.33525719941149,13.78042157888167,-0.7041320890210709,3.419722005850147e-10,False,156.71880492354086
af-eu-us-apac-row-ch/pf100_k100_a030,2040,ch,af,5.8454028965704e-07,27.99999998861417,309.3135402051489,318.18255031060016,328.68255031060016,86.33525719941149,10.5,212.4782830057374,2.0876438924811984e-08,False,231.84729311118866
af-eu-us-apac-row-ch/pf100_k100_a030,2040,ch,row,4.4120687282161026e-08,88.99999999000933,181.15137128876427,318.84326013961436,333.4397124492202,86.33525719941149,14.59645230960589,80.21966177974689,4.957380594057728e-10,False,232.50800294020286
af-eu-us-apac-row-ch/pf100_k100_a030,2040,eu,ch,4.0709623181862574e-08,315.99999998179624,86.65125740629061,158.5044347070211,174.62243470702109,158.50199826333673,16.118,-87.96874085704611,1.2882792146901179e-10,False,0.0024364436843598014
af-eu-us-apac-row-ch/pf100_k100_a030,2040,eu,eu,58.61582136042807,98.99999998903635,243.63468109488727,158.50199826333673,158.50199826333673,158.50199826333673,0.0,85.13268283155054,0.5920790037062568,True,0.0
af-eu-us-apac-row-ch/pf100_k100_a030,2040,eu,us,8.366651063125939e-08,74.99999997740713,226.94480552085912,158.47447998886668,177.23447998886667,158.50199826333673,18.76,49.682807257522384,1.115553475419506e-09,False,-0.027518274470054394
af-eu-us-apac-row-ch/pf100_k100_a030,2040,eu,apac,4.013441890137055e-08,125.99999998264018,99.41154668927209,158.49617010327177,176.62981030648686,158.50199826333673,18.13364020321509,-77.22409177727974,3.1852713418174704e-10,False,-0.0058281600649650045
af-eu-us-apac-row-ch/pf100_k100_a030,2040,eu,af,3.1290712424085686e-08,27.99999998861417,309.3135402051489,397.5544078944863,407.3544078944863,158.50199826333673,9.8,141.01154194181217,1.1175254441717728e-09,False,239.05240963114957
af-eu-us-apac-row-ch/pf100_k100_a030,2040,eu,row,5.657630220536119e-08,88.99999999000933,181.15137128876427,158.56820154927885,167.00448971494154,158.50199826333673,8.436288165662685,14.213084859764852,6.356887888956421e-10,False,0.0662032859421231
af-eu-us-apac-row-ch/pf100_k100_a030,2040,us,ch,4.2550308589301924e-08,315.99999998179624,86.65125740629061,170.076485584352,194.807485584352,170.1546096644843,24.731,-108.2343522581937,1.3465287529035795e-10,False,-0.07812408013228378
af-eu-us-apac-row-ch/pf100_k100_a030,2040,us,eu,27.04094936186577,98.99999998903635,243.63468109488727,177.49544487744666,186.89244487744665,170.1546096644843,9.397,64.08307143040297,0.27314090267535746,True,7.340835212962361
af-eu-us-apac-row-ch/pf100_k100_a030,2040,us,us,74.99999724179631,74.99999997740713,226.94480552085912,170.1546096644843,170.1546096644843,170.1546096644843,0.0,56.79019585637482,0.999999963525189,True,0.0
af-eu-us-apac-row-ch/pf100_k100_a030,2040,us,apac,4.7285927094271184e-08,125.99999998264018,99.41154668927209,170.4830718730537,185.22072802837738,170.1546096644843,14.73765615532369,-85.4807191305359,3.7528513572052435e-10,False,0.3284622085693911
af-eu-us-apac-row-ch/pf100_k100_a030,2040,us,af,9.375790777496507e-08,27.99999998861417,309.3135402051489,300.12551613817936,314.32551613817935,170.1546096644843,14.2,124.95893054066461,3.3484967076103743e-09,False,129.97090647369507
af-eu-us-apac-row-ch/pf100_k100_a030,2040,us,row,1.0952882285484306e-07,88.99999999000933,181.15137128876427,173.7876742308553,188.2374991967443,170.1546096644843,14.449824965889,-3.453063341609031,1.2306609310914404e-09,False,3.63306456637099
af-eu-us-apac-row-ch/pf100_k100_a030,2040,apac,ch,1.4491087400943037e-07,315.99999998179624,86.65125740629061,121.18710941363547,134.42000236392073,99.28554577932321,13.23289295028525,-25.86718132331785,4.5857871524613364e-10,False,21.901563634312254
af-eu-us-apac-row-ch/pf100_k100_a030,2040,apac,eu,13.343229061107769,98.99999998903635,243.63468109488727,227.31416389559422,243.62133740822665,99.28554577932321,16.30717351263244,128.04196180293164,0.13478009154126716,True,128.028618116271
af-eu-us-apac-row-ch/pf100_k100_a030,2040,apac,us,2.2278978773775104e-06,74.99999997740713,226.94480552085912,218.41165219302184,232.12173299986782,99.28554577932321,13.71008080684597,113.94917893468994,2.9705305040648514e-08,False,119.12610641369862
af-eu-us-apac-row-ch/pf100_k100_a030,2040,apac,apac,125.99999974867656,125.99999998264018,99.41154668927209,99.28554577932321,99.28554577932321,99.28554577932321,0.0,0.12600090994887125,0.9999999981431459,True,0.0
af-eu-us-apac-row-ch/pf100_k100_a030,2040,apac,af,17.192369169177795,27.99999998861417,309.3135402051489,296.1237311390998,309.2963472760191,99.28554577932321,13.17261613691931,196.85537828890637,0.614013184863173,True,196.83818535977656
af-eu-us-apac-row-ch/pf100_k100_a030,2040,apac,row,88.99999873688778,88.99999999000933,181.15137128876427,162.17995566297935,181.0623703795373,99.28554577932321,18.88241471655794,62.98341079288311,0.9999999859199825,True,62.89440988365614
af-eu-us-apac-row-ch/pf100_k100_a030,2040,af,ch,3.7726553013819366e-08,315.99999998179624,86.65125740629061,95.83043314552204,100.33043314552204,95.83213549134676,4.5,-13.68087808505615,1.1938782599997683e-10,False,-0.001702345824725171
af-eu-us-apac-row-ch/pf100_k100_a030,2040,af,eu,4.656282940508333e-08,98.99999998903635,243.63468109488727,95.84638024575075,102.04638024575075,95.83213549134676,6.2,141.60254560354053,4.703316102044432e-10,False,0.014244754403989646
af-eu-us-apac-row-ch/pf100_k100_a030,2040,af,us,4.4785239253038964e-08,74.99999997740713,226.94480552085912,95.82837188865652,104.32837188865652,95.83213549134676,8.5,122.61267002951234,5.971365235537332e-10,False,-0.003763602690241896
af-eu-us-apac-row-ch/pf100_k100_a030,2040,af,apac,3.5005269844995394e-08,125.99999998264018,99.41154668927209,95.82900789234876,102.85358001948812,95.83213549134676,7.024572127139364,-3.4451609292140395,2.778196019826849e-10,False,-0.003127598998005965
af-eu-us-apac-row-ch/pf100_k100_a030,2040,af,af,10.807630049685809,27.99999998861417,309.3135402051489,95.83213549134676,95.83213549134676,95.83213549134676,0.0,213.48140471380214,0.3859867876457353,True,0.0
af-eu-us-apac-row-ch/pf100_k100_a030,2040,af,row,4.2071763113065056e-08,88.99999999000933,181.15137128876427,95.83127358899192,103.33127358899192,95.83213549134676,7.5,77.8192357974175,4.727164395257058e-10,False,-0.0008619023548419591
af-eu-us-apac-row-ch/pf100_k100_a030,2040,row,ch,7.011477545834927e-08,315.99999998179624,86.65125740629061,187.78050581690735,201.90290172134422,187.17271895170572,14.12239590443686,-114.64385744985196,2.2188220083034291e-10,False,0.607786865201632
af-eu-us-apac-row-ch/pf100_k100_a030,2040,row,eu,1.0260260676006912e-07,98.99999998903635,243.63468109488727,313.76172807826646,321.8853697164917,187.17271895170572,8.123641638225255,48.3383205049563,1.0363899673881992e-09,False,126.58900912656074
af-eu-us-apac-row-ch/pf100_k100_a030,2040,row,us,3.2825347090154887e-07,74.99999997740713,226.94480552085912,235.9381090204564,249.72555270646325,187.17271895170572,13.78744368600683,25.98464288314657,4.376712946672418e-09,False,48.76539006875069
af-eu-us-apac-row-ch/pf100_k100_a030,2040,row,apac,6.844950630963366e-08,125.99999998264018,99.41154668927209,187.8349199205417,207.58763424119624,187.17271895170572,19.75271432065455,-107.51388658308818,5.432500501513046e-10,False,0.6622009688359753
af-eu-us-apac-row-ch/pf100_k100_a030,2040,row,af,6.016165828108683e-08,27.99999998861417,309.3135402051489,398.5249011523059,411.0249011523059,187.17271895170572,12.5,109.64082125344319,2.1486306537696706e-09,False,211.3521822006002
af-eu-us-apac-row-ch/pf100_k100_a030,2040,row,row,1.0008239756836139e-06,88.99999999000933,181.15137128876427,187.17271895170572,187.17271895170572,187.17271895170572,0.0,-6.0213476629414515,1.1245213211190575e-08,False,0.0
af-eu-us-apac-row-ch/pf100_k100_a040,2025,ch,ch,323.9999999271297,323.99999999243437,163.32399999682625,163.0,163.0,163.0,0.0,0.32399999682624525,0.9999999997984423,True,0.0
af-eu-us-apac-row-ch/pf100_k100_a040,2025,ch,eu,1.6900256695818245e-07,74.99999999544724,379.41428009525015,380.0667672823183,396.1847672823183,163.0,16.118,200.29628009525015,2.2533675595792198e-09,False,217.06676728231832
af-eu-us-apac-row-ch/pf100_k100_a040,2025,ch,us,8.625657376484847e-05,44.99999998908768,319.8872030494165,308.7985985939998,319.9315985939998,163.0,11.133,145.75420304941647,1.9168127507947853e-06,False,145.79859859399983
af-eu-us-apac-row-ch/pf100_k100_a040,2025,ch,apac,3.552844391857207e-08,49.99999999055404,251.95309442182614,313.6887424726135,327.46916405149517,163.0,13.78042157888167,75.17267284294446,7.105688785056815e-10,False,150.6887424726135
af-eu-us-apac-row-ch/pf100_k100_a040,2025,ch,af,9.999997458490107,9.999999996505617,371.817224288753,361.3072245823189,371.8072245823189,163.0,10.5,198.31722428875298,0.9999997461984489,True,198.3072245823189
af-eu-us-apac-row-ch/pf100_k100_a040,2025,ch,row,37.599913824211676,44.99999999590901,314.6308902307822,299.99683807790245,314.5932903875083,163.0,14.59645230960589,137.0344379211763,0.8355536406139982,True,136.99683807790245
af-eu-us-apac-row-ch/pf100_k100_a040,2025,eu,ch,1.1335010698429889e-08,323.99999999243437,163.32399999682625,299.2498598333148,315.3678598333148,299.25,16.118,-152.04400000317375,3.498460092189682e-11,False,-0.00014016668518479491
af-eu-us-apac-row-ch/pf100_k100_a040,2025,eu,eu,21.99999985737971,74.99999999544724,379.41428009525015,299.25,299.25,299.25,0.0,80.16428009525015,0.29333333144953583,True,0.0
af-eu-us-apac-row-ch/pf100_k100_a040,2025,eu,us,2.9895892369155915e-08,44.99999998908768,319.8872030494165,299.2496582487305,318.0096582487305,299.25,18.76,1.877203049416483,6.643531639201234e-10,False,-0.0003417512695023106
af-eu-us-apac-row-ch/pf100_k100_a040,2025,eu,apac,1.7326039546236802e-08,49.99999999055404,251.95309442182614,299.2489152402692,317.38255544348425,299.25,18.13364020321509,-65.43054578138896,3.465207909902005e-10,False,-0.0010847597308156764
af-eu-us-apac-row-ch/pf100_k100_a040,2025,eu,af,2.239535179627825e-08,9.999999996505617,371.817224288753,394.7449407029221,404.54494070292213,299.25,9.8,62.767224288752985,2.2395351804104044e-09,False,95.49494070292212
af-eu-us-apac-row-ch/pf100_k100_a040,2025,eu,row,3.182708968439174e-08,44.99999999590901,314.6308902307822,299.2514729257216,307.6877610913843,299.25,8.436288165662685,6.944602065119515,7.072686597174482e-10,False,0.0014729257216004044
af-eu-us-apac-row-ch/pf100_k100_a040,2025,us,ch,1.166550214410054e-08,323.99999999243437,163.32399999682625,321.25065792890035,345.98165792890035,321.25,24.731,-182.65700000317375,3.600463624806463e-11,False,0.0006579289003525446
af-eu-us-apac-row-ch/pf100_k100_a040,2025,us,eu,41.999999796776216,74.99999999544724,379.41428009525015,321.26442386858446,330.66142386858445,321.25,9.397,48.76728009525015,0.5599999973243435,True,0.014423868584458432
af-eu-us-apac-row-ch/pf100_k100_a040,2025,us,us,4.887972060662096e-08,44.99999998908768,319.8872030494165,321.25,321.25,321.25,0.0,-1.3627969505835154,1.0862160137438689e-09,False,0.0
af-eu-us-apac-row-ch/pf100_k100_a040,2025,us,apac,1.9914166773272546e-08,49.99999999055404,251.95309442182614,321.24950540761074,335.98716156293443,321.25,14.73765615532369,-84.03456173349755,3.982833355406943e-10,False,-0.0004945923892591964
af-eu-us-apac-row-ch/pf100_k100_a040,2025,us,af,2.844968531887072e-08,9.999999996505617,371.817224288753,398.35319297903436,412.55319297903435,321.25,14.2,36.36722428875298,2.844968532881213e-09,False,77.10319297903436
af-eu-us-apac-row-ch/pf100_k100_a040,2025,us,row,3.613137161263515e-08,44.99999999590901,314.6308902307822,321.24959645558306,335.69942142147204,321.25,14.449824965889,-21.0689347351068,8.029193692426642e-10,False,-0.00040354441694034904
af-eu-us-apac-row-ch/pf100_k100_a040,2025,apac,ch,1.88518589015078e-08,323.99999999243437,163.32399999682625,227.2905702737277,240.52346322401294,187.45,13.23289295028525,-37.35889295345899,5.8184749697370385e-11,False,39.84057027372771
af-eu-us-apac-row-ch/pf100_k100_a040,2025,apac,eu,7.600000479713407,74.99999999544724,379.41428009525015,298.646412503823,314.95358601645546,187.45,16.30717351263244,175.65710658261773,0.10133333973566339,True,111.19641250382301
af-eu-us-apac-row-ch/pf100_k100_a040,2025,apac,us,44.999913546239476,44.99999998908768,319.8872030494165,241.67902788175468,255.38910868860066,187.45,13.71008080684597,118.72712224257053,0.9999980790478173,True,54.22902788175469
af-eu-us-apac-row-ch/pf100_k100_a040,2025,apac,apac,49.99999987579904,49.99999999055404,251.95309442182614,187.45,187.45,187.45,0.0,64.50309442182615,0.9999999977049001,True,0.0
af-eu-us-apac-row-ch/pf100_k100_a040,2025,apac,af,4.923228731542776e-08,9.999999996505617,371.817224288753,346.19990716746986,359.3725233043892,187.45,13.17261613691931,171.19460815183368,4.923228733263141e-09,False,158.74990716746987
af-eu-us-apac-row-ch/pf100_k100_a040,2025,apac,row,7.400085988799919,44.99999999590901,314.6308902307822,231.2879843717975,250.17039908835545,187.45,18.88241471655794,108.29847551422426,0.16444635532161483,True,43.83798437179752
af-eu-us-apac-row-ch/pf100_k100_a040,2025,af,ch,1.0627657033463169e-08,323.99999999243437,163.32399999682625,180.90988926280335,185.40988926280335,180.93,4.5,-22.10600000317376,3.280141059787448e-11,False,-0.02011073719666001
af-eu-us-apac-row-ch/pf100_k100_a040,2025,af,eu,3.3999975352737866,74.99999999544724,379.41428009525015,180.86038258071034,187.06038258071032,180.93,6.2,192.28428009525015,0.04533330047306904,True,-0.06961741928967058
af-eu-us-apac-row-ch/pf100_k100_a040,2025,af,us,5.25923861661777e-08,44.99999998908768,319.8872030494165,180.87758623092546,189.37758623092546,180.93,8.5,130.45720304941648,1.1687196928651366e-09,False,-0.052413769074547645
af-eu-us-apac-row-ch/pf100_k100_a040,2025,af,apac,1.958161326629919e-08,49.99999999055404,251.95309442182614,180.86744112994285,187.8920132570822,180.93,7.024572127139364,63.998522294686765,3.9163226539997065e-10,False,-0.06255887005715977
af-eu-us-apac-row-ch/pf100_k100_a040,2025,af,af,2.3225723195659748e-06,9.999999996505617,371.817224288753,180.93,180.93,180.93,0.0,190.88722428875298,2.3225723203775706e-07,False,0.0
af-eu-us-apac-row-ch/pf100_k100_a040,2025,af,row,4.7821799119119363e-08,44.99999999590901,314.6308902307822,180.87528071254155,188.37528071254155,180.93,7.5,126.20089023078219,1.062706647188153e-09,False,-0.05471928745845389
af-eu-us-apac-row-ch/pf100_k100_a040,2025,row,ch,1.2824655539083288e-08,323.99999999243437,163.32399999682625,353.38001148441174,367.5024073888486,353.38,14.12239590443686,-204.17839590761062,3.95822701832801e-11,False,1.1484411743367673e-05
af-eu-us-apac-row-ch/pf100_k100_a040,2025,row,eu,2.1573015601237365e-06,74.99999999544724,379.41428009525015,372.1195152618469,380.24315690007217,353.38,8.123641638225255,17.9106384570249,2.8764020803395896e-08,False,18.73951526184692
af-eu-us-apac-row-ch/pf100_k100_a040,2025,row,us,5.490643903508074e-08,44.99999998908768,319.8872030494165,353.3800006988497,367.16744438485654,353.38,13.78744368600683,-47.28024063659034,1.2201430899643409e-09,False,6.988497034399188e-07
af-eu-us-apac-row-ch/pf100_k100_a040,2025,row,apac,2.2404736790660237e-08,49.99999999055404,251.95309442182614,353.3801007116018,373.13281503225636,353.38,19.75271432065455,-121.1796198988284,4.480947358978585e-10,False,0.00010071160181723826
af-eu-us-apac-row-ch/pf100_k100_a040,2025,row,af,1.1536586529393603e-07,9.999999996505617,371.817224288753,375.0197808286066,387.5197808286066,353.38,12.5,5.9372242887529865,1.1536586533424927e-08,False,21.639780828606604
af-eu-us-apac-row-ch/pf100_k100_a040,2025,row,row,6.711715174080821e-08,44.99999999590901,314.6308902307822,353.38,353.38,353.38,0.0,-38.749109769217796,1.491492261042442e-09,False,0.0
af-eu-us-apac-row-ch/pf100_k100_a040,2030,ch,ch,349.99999992673884,349.9999999939568,107.79092384490492,107.44092378697313,107.44092378697313,107.44092378697313,0.0,0.3500000579317941,0.9999999998079486,True,0.0
af-eu-us-apac-row-ch/pf100_k100_a040,2030,ch,eu,4.951447848883181e-07,89.9999999962342,329.7308838694682,316.76043668727556,332.87843668727555,107.44092378697313,16.118,206.17196008249505,5.501608721211513e-09,False,209.3195129003024
af-eu-us-apac-row-ch/pf100_k100_a040,2030,ch,us,6.448935753732872e-09,64.99999999263048,285.098774463717,593.7488770715069,604.8818770715069,107.44092378697313,11.133,166.52485067674385,9.921439622252361e-11,False,486.3079532845337
af-eu-us-apac-row-ch/pf100_k100_a040,2030,ch,apac,2.168792210956388e-08,84.99999999256482,218.4864382994166,307.16746222380505,320.9478838026867,107.44092378697313,13.78042157888167,97.26509293356179,2.5515202484071745e-10,False,199.7265384368319
af-eu-us-apac-row-ch/pf100_k100_a040,2030,ch,af,12.518914844307233,13.999999997288235,300.69158801322953,290.17906949541197,300.67906949541197,107.44092378697313,10.5,182.7506642262564,0.8942082033380082,True,182.73814570843882
af-eu-us-apac-row-ch/pf100_k100_a040,2030,ch,row,4.049155982059769e-08,69.99999999674662,232.96395831340485,271.4930027784537,286.08945508805954,107.44092378697313,14.59645230960589,110.92658221682582,5.784508546068515e-10,False,164.05207899148053
af-eu-us-apac-row-ch/pf100_k100_a040,2030,eu,ch,9.730403729678666e-09,349.9999999939568,107.79092384490492,197.24967683606644,213.36767683606644,197.24967143099207,16.118,-105.57674758608714,2.780115351384764e-11,False,5.405074375630647e-06
af-eu-us-apac-row-ch/pf100_k100_a040,2030,eu,eu,34.360426669427376,89.9999999962342,329.7308838694682,197.24967143099207,197.24967143099207,197.24967143099207,0.0,132.48121243847612,0.3817825185651677,True,0.0
af-eu-us-apac-row-ch/pf100_k100_a040,2030,eu,us,1.2979346250223925e-08,64.99999999263048,285.098774463717,206.84478321292843,225.60478321292842,197.24967143099207,18.76,69.08910303272494,1.996822500260844e-10,False,9.595111781936367
af-eu-us-apac-row-ch/pf100_k100_a040,2030,eu,apac,1.683409767596551e-08,84.99999999256482,218.4864382994166,197.2496102066585,215.3832504098736,197.24967143099207,18.13364020321509,3.103126665209434,1.9804820796985922e-10,False,-6.122433356381407e-05
af-eu-us-apac-row-ch/pf100_k100_a040,2030,eu,af,4.028304405149487e-08,13.999999997288235,300.69158801322953,197.24968185487296,207.04968185487297,197.24967143099207,9.8,93.64191658223747,2.877360289949828e-09,False,1.0423880894450122e-05
af-eu-us-apac-row-ch/pf100_k100_a040,2030,eu,row,2.035098103901868e-08,69.99999999674662,232.96395831340485,197.24982511421044,205.68611327987313,197.24967143099207,8.436288165662685,27.277998716750094,2.9072830057092183e-10,False,0.00015368321837172516
af-eu-us-apac-row-ch/pf100_k100_a040,2030,us,ch,1.3591462024155192e-08,349.9999999939568,107.79092384490492,211.74795054863534,236.47895054863534,211.75090040837495,24.731,-128.69097656347003,3.88327486411139e-11,False,-0.0029498597396013793
af-eu-us-apac-row-ch/pf100_k100_a040,2030,us,eu,1.3799909193029048e-08,89.9999999962342,329.7308838694682,440.15767100633116,449.55467100633115,211.75090040837495,9.397,108.58298346109324,1.533323243734052e-10,False,228.4067705979562
af-eu-us-apac-row-ch/pf100_k100_a040,2030,us,us,64.99999994249657,64.99999999263048,285.098774463717,211.75090040837495,211.75090040837495,211.75090040837495,0.0,73.34787405534206,0.9999999992287092,True,0.0
af-eu-us-apac-row-ch/pf100_k100_a040,2030,us,apac,3.6677363151360034e-08,84.99999999256482,218.4864382994166,211.67696772905816,226.41462388438185,211.75090040837495,14.73765615532369,-8.002118264282045,4.3149839005374474e-10,False,-0.07393267931678338
af-eu-us-apac-row-ch/pf100_k100_a040,2030,us,af,1.4810846934925084,13.999999997288235,300.69158801322953,213.20723456403408,227.40723456403407,211.75090040837495,14.2,74.74068760485459,0.10579176384138506,True,1.4563341556591354
af-eu-us-apac-row-ch/pf100_k100_a040,2030,us,row,4.599372024785336e-08,69.99999999674662,232.96395831340485,211.71937989514936,226.16920486103837,211.75090040837495,14.449824965889,6.763232939140899,6.570531464284429e-10,False,-0.03152051322558691
af-eu-us-apac-row-ch/pf100_k100_a040,2030,apac,ch,1.9648092402674928e-08,349.9999999939568,107.79092384490492,124.83057728425288,138.06347023453813,123.55706235501908,13.23289295028525,-28.999031460399408,5.613740686575479e-11,False,1.273514929233798
af-eu-us-apac-row-ch/pf100_k100_a040,2030,apac,eu,49.80563511882284,89.9999999962342,329.7308838694682,218.52952878838073,234.83670230101316,123.55706235501908,16.30717351263244,189.86664800181669,0.5533959457878536,True,94.97246643336165
af-eu-us-apac-row-ch/pf100_k100_a040,2030,apac,us,1.3485986406135858e-08,64.99999999263048,285.098774463717,297.1286004276625,310.83868123450844,123.55706235501908,13.71008080684597,147.83163130185196,2.0747671396407482e-10,False,173.57153807264342
af-eu-us-apac-row-ch/pf100_k100_a040,2030,apac,apac,84.99999987027961,84.99999999256482,218.4864382994166,123.55706235501908,123.55706235501908,123.55706235501908,0.0,94.9293759443975,0.9999999985613505,True,0.0
af-eu-us-apac-row-ch/pf100_k100_a040,2030,apac,af,2.2500071144705065e-07,13.999999997288235,300.69158801322953,202.03698428815886,215.20960042507818,123.55706235501908,13.17261613691931,163.96190952129115,1.6071479392188053e-08,False,78.47992193313978
af-eu-us-apac-row-ch/pf100_k100_a040,2030,apac,row,35.3278238596159,69.99999999674662,232.96395831340485,119.20183986732461,138.08425458388254,123.55706235501908,18.88241471655794,90.52448124182783,0.5046831980179689,True,-4.355222487694476
af-eu-us-apac-row-ch/pf100_k100_a040,2030,af,ch,7.151131881089998e-09,349.9999999939568,107.79092384490492,119.25979705498108,123.75979705498108,119.25942540354018,4.5,-15.968501558635253,2.0431805374895633e-11,False,0.0003716514409006777
af-eu-us-apac-row-ch/pf100_k100_a040,2030,af,eu,5.83393754212296,89.9999999962342,329.7308838694682,113.51669367915059,119.7166936791506,119.25942540354018,6.2,204.27145846592802,0.06482152824852294,True,-5.742731724389586
af-eu-us-apac-row-ch/pf100_k100_a040,2030,af,us,9.882264278903047e-09,64.99999999263048,285.098774463717,147.2419586242812,155.7419586242812,119.25942540354018,8.5,157.33934906017683,1.5203483507728415e-10,False,27.982533220741033
af-eu-us-apac-row-ch/pf100_k100_a040,2030,af,apac,9.88710836581092e-09,84.99999999256482,218.4864382994166,119.2608538836554,126.28542601079477,119.25942540354018,7.024572127139364,92.20244076873705,1.1631892196089143e-10,False,0.0014284801152228965
af-eu-us-apac-row-ch/pf100_k100_a040,2030,af,af,1.0582031453111727e-07,13.999999997288235,300.69158801322953,119.25942540354018,119.25942540354018,119.25942540354018,0.0,181.43216260968936,7.558593896543885e-09,False,0.0
af-eu-us-apac-row-ch/pf100_k100_a040,2030,af,row,1.028789080540458e-08,69.99999999674662,232.96395831340485,119.2606919794298,126.7606919794298,119.25942540354018,7.5,106.20453290986467,1.4696986865546755e-10,False,0.001266575889616206
af-eu-us-apac-row-ch/pf100_k100_a040,2030,row,ch,1.709683785689852e-08,349.9999999939568,107.79092384490492,232.1902634911961,246.31265939563298,232.92928618307093,14.12239590443686,-139.26075824260286,4.8848108163410627e-11,False,-0.7390226918748226
af-eu-us-apac-row-ch/pf100_k100_a040,2030,row,eu,1.5691632156656694e-07,89.9999999962342,329.7308838694682,332.14528531964555,340.2689269578708,232.92928618307093,8.123641638225255,88.677956048172,1.7435146841459186e-09,False,99.21599913657462
af-eu-us-apac-row-ch/pf100_k100_a040,2030,row,us,7.337370638326884e-09,64.99999999263048,285.098774463717,328.16194204561805,341.9493857316249,232.92928618307093,13.78744368600683,38.38204459463925,1.1288262521782731e-10,False,95.23265586254712
af-eu-us-apac-row-ch/pf100_k100_a040,2030,row,apac,3.71987185583287e-08,84.99999999256482,218.4864382994166,256.7088877650665,276.46160208572104,232.92928618307093,19.75271432065455,-34.195562204308885,4.37631983077442e-10,False,23.779601581995564
af-eu-us-apac-row-ch/pf100_k100_a040,2030,row,af,8.838442590451292e-08,13.999999997288235,300.69158801322953,304.61481043788234,317.11481043788234,232.92928618307093,12.5,55.262301830158606,6.313173280116626e-09,False,71.68552425481141
af-eu-us-apac-row-ch/pf100_k100_a040,2030,row,row,34.67217602000657,69.99999999674662,232.96395831340485,232.92928618307093,232.92928618307093,232.92928618307093,0.0,0.034672130333916584,0.49531680030882885,True,0.0
af-eu-us-apac-row-ch/pf100_k100_a040,2035,ch,ch,332.9999999769118,332.9999999986961,95.90883301189304,95.57583300040461,95.57583300040461,95.57583300040461,0.0,0.33300001148842284,0.9999999999345816,True,0.0
af-eu-us-apac-row-ch/pf100_k100_a040,2035,ch,eu,7.4269548710379705e-09,94.99999999924495,261.09337699968984,306.59164278761733,322.7096427876173,95.57583300040461,16.118,149.39954399928524,7.817847232733683e-11,False,211.01580978721273
af-eu-us-apac-row-ch/pf100_k100_a040,2035,ch,us,1.7736613945749662e-09,69.99999999838901,245.27101946468716,525.4959481228991,536.6289481228991,95.57583300040461,11.133,138.56218646428252,2.533801992308265e-11,False,429.9201151224945
af-eu-us-apac-row-ch/pf100_k100_a040,2035,ch,apac,2.4388207249556613e-09,102.99999999871436,119.58046094314571,324.01206900560754,337.7924905844892,95.57583300040461,13.78042157888167,10.224206363859425,2.3677871116369928e-11,False,228.43623600520294
af-eu-us-apac-row-ch/pf100_k100_a040,2035,ch,af,1.8114458903600113e-08,19.99999999942067,268.94598470071855,288.7187789964378,299.2187789964378,95.57583300040461,10.5,162.87015170031395,9.057229452062413e-10,False,193.14294599603318
af-eu-us-apac-row-ch/pf100_k100_a040,2035,ch,row,5.635663821148878e-09,78.99999999930431,207.22379625610836,265.09582773366776,279.6922800432736,95.57583300040461,14.59645230960589,97.05151094609785,7.133751672403173e-11,False,169.51999473326316
af-eu-us-apac-row-ch/pf100_k100_a040,2035,eu,ch,2.8355979415860737e-09,332.9999999986961,95.90883301189304,175.46667540620723,191.58467540620723,175.4666750022766,16.118,-95.67584199038355,8.515309133925456e-12,False,4.0393064182353555e-07
af-eu-us-apac-row-ch/pf100_k100_a040,2035,eu,eu,47.33671218872192,94.99999999924495,261.09337699968984,175.4666750022766,175.4666750022766,175.4666750022766,0.0,85.62670199741325,0.4982811809378752,True,0.0
af-eu-us-apac-row-ch/pf100_k100_a040,2035,eu,us,1.2203269826688051e-08,69.99999999838901,245.27101946468716,175.46678809060296,194.22678809060295,175.4666750022766,18.76,51.044344462410564,1.7433242609955568e-10,False,0.00011308832637269006
af-eu-us-apac-row-ch/pf100_k100_a040,2035,eu,apac,2.993341507418958e-09,102.99999999871436,119.58046094314571,175.46669825910942,193.60033846232452,175.4666750022766,18.13364020321509,-74.01985426234597,2.9061568033556512e-11,False,2.3256832832885266e-05
af-eu-us-apac-row-ch/pf100_k100_a040,2035,eu,af,6.973364693744058e-09,19.99999999942067,268.94598470071855,235.75779852146985,245.55779852146986,175.4666750022766,9.8,83.67930969844197,3.486682346973026e-10,False,60.29112351919326
af-eu-us-apac-row-ch/pf100_k100_a040,2035,eu,row,6.2181330707617785e-09,78.99999999930431,207.22379625610836,175.46680213968466,183.90309030534735,175.4666750022766,8.436288165662685,23.320833088169085,7.871054520020933e-11,False,0.00012713740807157592
af-eu-us-apac-row-ch/pf100_k100_a040,2035,us,ch,3.1393046321986914e-09,332.9999999986961,95.90883301189304,188.44675553072983,213.17775553072983,188.3664806833128,24.731,-117.18864767141977,9.427341237870821e-12,False,0.08027484741703006
af-eu-us-apac-row-ch/pf100_k100_a040,2035,us,eu,47.66328774546874,94.99999999924495,261.09337699968984,194.77989719865758,204.17689719865757,188.3664806833128,9.397,63.32989631637704,0.5017188183773428,True,6.413416515344778
af-eu-us-apac-row-ch/pf100_k100_a040,2035,us,us,35.72227596671627,69.99999999838901,245.27101946468716,188.3664806833128,188.3664806833128,188.3664806833128,0.0,56.904538781374356,0.5103182281076912,True,0.0
af-eu-us-apac-row-ch/pf100_k100_a040,2035,us,apac,3.754264213741347e-09,102.99999999871436,119.58046094314571,185.64304041197232,200.380696567296,188.3664806833128,14.73765615532369,-83.52367589549078,3.644916712415735e-11,False,-2.723440271340479
af-eu-us-apac-row-ch/pf100_k100_a040,2035,us,af,4.259330770135161e-09,19.99999999942067,268.94598470071855,306.45493393731704,320.654933937317,188.3664806833128,14.2,66.37950401740575,2.1296653851292694e-10,False,118.08845325400424
af-eu-us-apac-row-ch/pf100_k100_a040,2035,us,row,9.03659789506175e-09,78.99999999930431,207.22379625610836,187.47061558768337,201.92044055357238,188.3664806833128,14.449824965889,4.407490606906556,1.1438731512837123e-10,False,-0.8958650956294321
af-eu-us-apac-row-ch/pf100_k100_a040,2035,apac,ch,9.378628669127199e-09,332.9999999986961,95.90883301189304,137.62362151963754,150.8565144699228,109.9122079504653,13.23289295028525,-27.236267888857512,2.8164050057549315e-11,False,27.711413569172237
af-eu-us-apac-row-ch/pf100_k100_a040,2035,apac,eu,3.090239788880578e-08,94.99999999924495,261.09337699968984,248.34051800369298,264.64769151632544,109.9122079504653,16.30717351263244,134.8739955365921,3.2528839883211985e-10,False,138.42831005322768
af-eu-us-apac-row-ch/pf100_k100_a040,2035,apac,us,34.27772391364856,69.99999999838901,245.27101946468716,221.9614079516894,235.6714887585354,109.9122079504653,13.71008080684597,121.64873070737589,0.489681770206249,True,112.04920000122411
af-eu-us-apac-row-ch/pf100_k100_a040,2035,apac,apac,102.99999998380801,102.99999999871436,119.58046094314571,109.9122079504653,109.9122079504653,109.9122079504653,0.0,9.668252992680408,0.9999999998552782,True,0.0
af-eu-us-apac-row-ch/pf100_k100_a040,2035,apac,af,11.694058312073809,19.99999999942067,268.94598470071855,246.19642160444022,259.36903774135953,109.9122079504653,13.17261613691931,145.86116061333394,0.5847029156206273,True,136.28421365397492
af-eu-us-apac-row-ch/pf100_k100_a040,2035,apac,row,61.26427420417558,78.99999999930431,207.22379625610836,178.71486427949287,197.59727899605082,109.9122079504653,18.88241471655794,78.42917358908511,0.7754971418318365,True,68.80265632902757
af-eu-us-apac-row-ch/pf100_k100_a040,2035,af,ch,2.2398184561184322e-09,332.9999999986961,95.90883301189304,106.08965454921542,110.58965454921542,106.08917463044914,4.5,-14.680341618556099,6.726181549931539e-12,False,0.0004799187662882787
af-eu-us-apac-row-ch/pf100_k100_a040,2035,af,eu,1.1699590224949131e-08,94.99999999924495,261.09337699968984,106.10026418245513,112.30026418245514,106.08917463044914,6.2,148.80420236924073,1.2315358131623283e-10,False,0.011089552005998371
af-eu-us-apac-row-ch/pf100_k100_a040,2035,af,us,8.813167543101428e-09,69.99999999838901,245.27101946468716,106.09047473695084,114.59047473695084,106.08917463044914,8.5,130.681844834238,1.2590239347577509e-10,False,0.0013001065017022029
af-eu-us-apac-row-ch/pf100_k100_a040,2035,af,apac,2.3885539798982753e-09,102.99999999871436,119.58046094314571,106.09354329046037,113.11811541759974,106.08917463044914,7.024572127139364,6.466714185557209,2.3189844465321254e-11,False,0.004368660011238035
af-eu-us-apac-row-ch/pf100_k100_a040,2035,af,af,8.305941609625492,19.99999999942067,268.94598470071855,106.08917463044914,106.08917463044914,106.08917463044914,0.0,162.85681007026943,0.4152970804933043,True,0.0
af-eu-us-apac-row-ch/pf100_k100_a040,2035,af,row,4.642862401404719e-09,78.99999999930431,207.22379625610836,106.09413794635097,113.59413794635097,106.08917463044914,7.5,93.63462162565922,5.877041014488107e-11,False,0.004963315901832743
af-eu-us-apac-row-ch/pf100_k100_a040,2035,row,ch,4.190975949926927e-09,332.9999999986961,95.90883301189304,207.21071210358326,221.33310800802013,207.20606052566248,14.12239590443686,-125.4196234182063,1.2585513363193203e-11,False,0.004651577920782302
af-eu-us-apac-row-ch/pf100_k100_a040,2035,row,eu,1.5025319423945608e-08,94.99999999924495,261.09337699968984,278.9879576149166,287.11159925314183,207.20606052566248,8.123641638225255,45.76367483580211,1.5816125709542135e-10,False,71.7818970892541
af-eu-us-apac-row-ch/pf100_k100_a040,2035,row,us,9.523408818672433e-08,69.99999999838901,245.27101946468716,236.456335002,250.24377868800684,207.20606052566248,13.78744368600683,24.277515253017846,1.3604869741273722e-09,False,29.250274476337523
af-eu-us-apac-row-ch/pf100_k100_a040,2035,row,apac,3.3313923869362828e-09,102.99999999871436,119.58046094314571,248.20290283314517,267.9556171537997,207.20606052566248,19.75271432065455,-107.37831390317132,3.234361540755209e-11,False,40.996842307482694
af-eu-us-apac-row-ch/pf100_k100_a040,2035,row,af,4.837421503861465e-08,19.99999999942067,268.94598470071855,267.23503366808404,279.73503366808404,207.20606052566248,12.5,49.239924175056075,2.418710752000794e-09,False,60.02897314242156
af-eu-us-apac-row-ch/pf100_k100_a040,2035,row,row,17.735725769595444,78.99999999930431,207.22379625610836,207.20606052566248,207.20606052566248,207.20606052566248,0.0,0.017735730445878062,0.22450285784495733,True,0.0
af-eu-us-apac-row-ch/pf100_k100_a040,2040,ch,ch,315.9999998309578,315.999999992917,86.65125733901115,86.33525719941149,86.33525719941149,86.33525719941149,0.0,0.3160001395996659,0.9999999994874708,True,0.0
af-eu-us-apac-row-ch/pf100_k100_a040,2040,ch,eu,3.5588799545850326e-08,98.99999999591007,222.38412924055794,286.37169141000317,302.48969141000316,86.33525719941149,16.118,119.93087204114647,3.5948282371030895e-10,False,200.03643421059166
af-eu-us-apac-row-ch/pf100_k100_a040,2040,ch,us,7.816722797199678e-08,74.99999999145336,216.49627322104777,235.61652871909808,246.7495287190981,86.33525719941149,11.133,119.02801602163628,1.0422297064120577e-09,False,149.28127151968658
af-eu-us-apac-row-ch/pf100_k100_a040,2040,ch,apac,2.2500428981034505e-07,125.9999999929927,99.4115457916764,97.75140834143247,111.53182992031414,86.33525719941149,13.78042157888167,-0.704132986616754,1.785748331927447e-09,False,11.41615114202098
af-eu-us-apac-row-ch/pf100_k100_a040,2040,ch,af,27.999998885327557,27.99999999691798,170.13312434523203,159.60512435209756,170.10512435209756,86.33525719941149,10.5,73.29786714582055,0.9999999603003421,True,73.26986715268607
af-eu-us-apac-row-ch/pf100_k100_a040,2040,ch,row,5.673816763868409e-08,88.99999999587921,230.78315473954888,266.89026034486085,281.4867126544667,86.33525719941149,14.59645230960589,129.85144523053148,6.375075015877655e-10,False,180.55500314544935
af-eu-us-apac-row-ch/pf100_k100_a040,2040,eu,ch,1.9230432473841864e-08,315.999999992917,86.65125733901115,158.50164081963175,174.61964081963174,158.50199826333673,16.118,-87.96874092432557,6.085579896921805e-11,False,-0.0003574437049849166
af-eu-us-apac-row-ch/pf100_k100_a040,2040,eu,eu,49.61426948412823,98.99999999591007,222.38412924055794,158.50199826333673,158.50199826333673,158.50199826333673,0.0,63.88213097722121,0.5011542372341203,True,0.0
af-eu-us-apac-row-ch/pf100_k100_a040,2040,eu,us,7.411909907721742e-08,74.99999999145336,216.49627322104777,170.71164451322943,189.47164451322942,158.50199826333673,18.76,39.23427495771104,9.882546544755157e-10,False,12.2096462498927
af-eu-us-apac-row-ch/pf100_k100_a040,2040,eu,apac,2.0401036100226477e-08,125.9999999929927,99.4115457916764,158.50166112084958,176.63530132406467,158.50199826333673,18.13364020321509,-77.22409267487542,1.619129849314369e-10,False,-0.0003371424871545514
af-eu-us-apac-row-ch/pf100_k100_a040,2040,eu,af,3.848699427225548e-08,27.99999999691798,170.13312434523203,158.50235285828302,168.30235285828303,158.50199826333673,9.8,1.8311260818953023,1.3745355098747081e-09,False,0.0003545949462875342
af-eu-us-apac-row-ch/pf100_k100_a040,2040,eu,row,10.033976053726791,88.99999999587921,230.78315473954888,158.50431622846915,166.94060439413184,158.50199826333673,8.436288165662685,63.84486831054946,0.11274130397967837,True,0.0023179651324198858
af-eu-us-apac-row-ch/pf100_k100_a040,2040,us,ch,1.920252728321111e-08,315.999999992917,86.65125733901115,170.14001147217135,194.87101147217135,170.1546096644843,24.731,-108.23435232547314,6.076749140392887e-11,False,-0.014598192312945457
af-eu-us-apac-row-ch/pf100_k100_a040,2040,us,eu,9.428092790083496e-07,98.99999999591007,222.38412924055794,170.10956624757495,179.50656624757494,170.1546096644843,9.397,42.83251957607364,9.523326050982822e-09,False,-0.04504341690935121
af-eu-us-apac-row-ch/pf100_k100_a040,2040,us,us,74.99999970702538,74.99999999145336,216.49627322104777,170.1546096644843,170.1546096644843,170.1546096644843,0.0,46.341663556563475,0.9999999962076269,True,0.0
af-eu-us-apac-row-ch/pf100_k100_a040,2040,us,apac,2.2012969317213984e-08,125.9999999929927,99.4115457916764,170.12884668330895,184.86650283863264,170.1546096644843,14.73765615532369,-85.48072002813159,1.747061057018905e-10,False,-0.025762981175347477
af-eu-us-apac-row-ch/pf100_k100_a040,2040,us,af,4.303947962049273e-08,27.99999999691798,170.13312434523203,170.0338686293111,184.23386862931108,170.1546096644843,14.2,-14.221485319252263,1.5371242723296493e-09,False,-0.12074103517321078
af-eu-us-apac-row-ch/pf100_k100_a040,2040,us,row,9.059314452611122,88.99999999587921,230.78315473954888,170.05760693163785,184.50743189752686,170.1546096644843,14.449824965889,46.17872010917558,0.10179005003405144,True,-0.09700273284644823
af-eu-us-apac-row-ch/pf100_k100_a040,2040,apac,ch,9.101937610893082e-08,315.999999992917,86.65125733901115,106.26556765781339,119.49846060809864,99.28554577932321,13.23289295028525,-25.86718139059731,2.88036000351174e-10,False,6.980021878490177
af-eu-us-apac-row-ch/pf100_k100_a040,2040,apac,eu,38.60778175130382,98.99999999591007,222.38412924055794,206.0383479850628,222.34552149769524,99.28554577932321,16.30717351263244,106.79140994860228,0.3899775934636242,True,106.7528022057396
af-eu-us-apac-row-ch/pf100_k100_a040,2040,apac,us,6.43150124434895e-08,74.99999999145336,216.49627322104777,236.94349578987143,250.65357659671741,99.28554577932321,13.71008080684597,103.50064663487859,8.575334993442471e-10,False,137.65795001054823
af-eu-us-apac-row-ch/pf100_k100_a040,2040,apac,apac,125.99999969098909,125.9999999929927,99.4115457916764,99.28554577932321,99.28554577932321,99.28554577932321,0.0,0.12600001235318814,0.999999997603146,True,0.0
af-eu-us-apac-row-ch/pf100_k100_a040,2040,apac,af,9.74685927123395e-07,27.99999999691798,170.13312434523203,159.98495758780683,173.15757372472615,99.28554577932321,13.17261613691931,57.67496242898951,3.481021168681003e-08,False,60.69941180848362
af-eu-us-apac-row-ch/pf100_k100_a040,2040,apac,row,1.020936806520217e-07,88.99999999587921,230.78315473954888,240.15030759491987,259.0327223114778,99.28554577932321,18.88241471655794,112.6151942436677,1.1471200073791993e-09,False,140.86476181559664
af-eu-us-apac-row-ch/pf100_k100_a040,2040,af,ch,1.3850873771785917e-08,315.999999992917,86.65125733901115,95.83209783129372,100.33209783129372,95.83213549134676,4.5,-13.680878152335609,4.3831879025621446e-11,False,-3.7660053038734986e-05
af-eu-us-apac-row-ch/pf100_k100_a040,2040,af,eu,10.777947681402615,98.99999999591007,222.38412924055794,57.497479063177956,63.69747906317796,95.83213549134676,6.2,120.35199374921118,0.10886815840250381,True,-38.334656428168806
af-eu-us-apac-row-ch/pf100_k100_a040,2040,af,us,1.8416097650349123e-08,74.99999999145336,216.49627322104777,142.62828256347515,151.12828256347515,95.83213549134676,8.5,112.16413772970101,2.455479686993031e-10,False,46.79614707212839
af-eu-us-apac-row-ch/pf100_k100_a040,2040,af,apac,1.5291289958012958e-08,125.9999999929927,99.4115457916764,95.83245565068081,102.85702777782018,95.83213549134676,7.024572127139364,-3.4451618268097226,1.213594441179632e-10,False,0.0003201593340520503
af-eu-us-apac-row-ch/pf100_k100_a040,2040,af,af,2.2997766196385386e-08,27.99999999691798,170.13312434523203,95.83213549134676,95.83213549134676,95.83213549134676,0.0,74.30098885388527,8.213487928184572e-10,False,0.0
af-eu-us-apac-row-ch/pf100_k100_a040,2040,af,row,4.6517903665850925e-08,88.99999999587921,230.78315473954888,95.83177413292682,103.33177413292682,95.83213549134676,7.5,127.4510192482021,5.226730749214017e-10,False,-0.0003613584199371189
af-eu-us-apac-row-ch/pf100_k100_a040,2040,row,ch,1.8655960971475205e-08,315.999999992917,86.65125733901115,187.13002336785866,201.25241927229553,187.17271895170572,14.12239590443686,-114.64385751713142,5.903785117687775e-11,False,-0.04269558384706329
af-eu-us-apac-row-ch/pf100_k100_a040,2040,row,eu,1.0067733125009342e-07,98.99999999591007,222.38412924055794,195.04376982916287,203.16741146738812,187.17271895170572,8.123641638225255,27.087768650626966,1.0169427399419458e-09,False,7.871050877457151
af-eu-us-apac-row-ch/pf100_k100_a040,2040,row,us,4.941053009709876e-08,74.99999999145336,216.49627322104777,217.2199209066053,231.00736459261213,187.17271895170572,13.78744368600683,15.536110583335224,6.588070680363913e-10,False,30.047201954899577
af-eu-us-apac-row-ch/pf100_k100_a040,2040,row,apac,1.9294041954647127e-08,125.9999999929927,99.4115457916764,187.24915075547807,207.00186507613262,187.17271895170572,19.75271432065455,-107.51388748068386,1.5312731710888997e-10,False,0.07643180377235126
af-eu-us-apac-row-ch/pf100_k100_a040,2040,row,af,3.2380256041656926e-08,27.99999999691798,170.13312434523203,187.33184720692475,199.83184720692475,187.17271895170572,12.5,-29.539594606473685,1.1564377159007534e-09,False,0.15912825521903073
af-eu-us-apac-row-ch/pf100_k100_a040,2040,row,row,69.90670928419155,88.99999999587921,230.78315473954888,187.17271895170572,187.17271895170572,187.17271895170572,0.0,43.61043578784316,0.7854686436789697,True,0.0
af-eu-us-apac-row-ch/pf120_k050_a030,2025,ch,ch,323.99999999208615,323.9999999991333,163.32399999970033,163.0,163.0,163.0,0.0,0.3239999997003338,0.9999999999782495,True,0.0
af-eu-us-apac-row-ch/pf120_k050_a030,2025,ch,eu,1.407760962360493e-06,74.9999999995305,312.8044206332911,296.93066908745027,313.04866908745026,163.0,16.118,133.6864206332911,1.8770146164924073e-08,False,133.93066908745027
af-eu-us-apac-row-ch/pf120_k050_a030,2025,ch,us,37.99999863663191,44.99999999873203,319.40523291399336,308.2342329214813,319.3672329214813,163.0,11.133,145.27223291399335,0.8444444141711698,True,145.2342329214813
af-eu-us-apac-row-ch/pf120_k050_a030,2025,ch,apac,5.320464271526501e-08,49.99999999888821,256.4266964668727,247.96329480654651,261.7437163854282,163.0,13.78042157888167,79.64627488799105,1.0640928543289613e-09,False,84.96329480654651
af-eu-us-apac-row-ch/pf120_k050_a030,2025,ch,af,6.599999975170123,9.999999999595621,371.09017043972096,360.58357050653456,371.08357050653456,163.0,10.5,197.59017043972096,0.6599999975437013,True,197.58357050653456
af-eu-us-apac-row-ch/pf120_k050_a030,2025,ch,row,44.999999699992166,44.99999999952702,315.5620537604944,300.9206014571577,315.5170537667636,163.0,14.59645230960589,137.9656014508885,0.99999999334367,True,137.92060145715772
af-eu-us-apac-row-ch/pf120_k050_a030,2025,eu,ch,1.3442005151294292e-09,323.9999999991333,163.32399999970033,359.10002027850715,375.21802027850714,299.25,16.118,-152.04400000029966,4.148767022015509e-12,False,59.850020278507145
af-eu-us-apac-row-ch/pf120_k050_a030,2025,eu,eu,21.999999948527496,74.9999999995305,312.8044206332911,299.25,299.25,299.25,0.0,13.554420633291102,0.2933333326488695,True,0.0
af-eu-us-apac-row-ch/pf120_k050_a030,2025,eu,us,3.980216730424347e-09,44.99999999873203,319.40523291399336,359.1000211675648,377.8600211675648,299.25,18.76,1.3952329139933575,8.844926067858884e-11,False,59.85002116756482
af-eu-us-apac-row-ch/pf120_k050_a030,2025,eu,apac,2.2041154663805223e-09,49.99999999888821,256.4266964668727,359.1000204414799,377.23366064469496,299.25,18.13364020321509,-60.95694373634237,4.4082309328590654e-11,False,59.8500204414799
af-eu-us-apac-row-ch/pf120_k050_a030,2025,eu,af,1.9437290355254542e-08,9.999999999595621,371.09017043972096,359.0999950007008,368.8999950007008,299.25,9.8,62.04017043972097,1.9437290356040546e-09,False,59.8499950007008
af-eu-us-apac-row-ch/pf120_k050_a030,2025,eu,row,4.328348319220023e-09,44.99999999952702,315.5620537604944,359.10002137621166,367.53630954187435,299.25,8.436288165662685,7.875765594831709,9.618551820590038e-11,False,59.85002137621166
af-eu-us-apac-row-ch/pf120_k050_a030,2025,us,ch,1.2556604723590858e-09,323.9999999991333,163.32399999970033,385.49999411388546,410.23099411388546,321.25,24.731,-182.65700000029966,3.875495285069274e-12,False,64.24999411388546
af-eu-us-apac-row-ch/pf120_k050_a030,2025,us,eu,3.6567391395171613e-09,74.9999999995305,312.8044206332911,385.4999822562531,394.89698225625307,321.25,9.397,-17.842579366708897,4.875652186053403e-11,False,64.24998225625308
af-eu-us-apac-row-ch/pf120_k050_a030,2025,us,us,2.1828505016252635e-07,44.99999999873203,319.40523291399336,321.25,321.25,321.25,0.0,-1.844767086006641,4.850778892637267e-09,False,0.0
af-eu-us-apac-row-ch/pf120_k050_a030,2025,us,apac,2.1173493589139635e-09,49.99999999888821,256.4266964668727,385.4999986447519,400.2376548000756,321.25,14.73765615532369,-79.56095968845096,4.2346987179220894e-11,False,64.24999864475188
af-eu-us-apac-row-ch/pf120_k050_a030,2025,us,af,8.007595660772533e-09,9.999999999595621,371.09017043972096,385.4999789531221,399.69997895312207,321.25,14.2,35.64017043972096,8.007595661096343e-10,False,64.24997895312208
af-eu-us-apac-row-ch/pf120_k050_a030,2025,us,row,3.490783890317568e-09,44.99999999952702,315.5620537604944,385.49998362547507,399.94980859136405,321.25,14.449824965889,-20.137771205394607,7.757297534120574e-11,False,64.24998362547507
af-eu-us-apac-row-ch/pf120_k050_a030,2025,apac,ch,2.243205769747405e-09,323.9999999991333,163.32399999970033,216.8562715727947,230.08916452307994,187.45,13.23289295028525,-37.3588929505849,6.9234745980043375e-12,False,29.406271572794708
af-eu-us-apac-row-ch/pf120_k050_a030,2025,apac,eu,52.9999986350851,74.9999999995305,312.8044206332911,227.517550651257,243.82472416388944,187.45,16.30717351263244,109.04724712065868,0.706666648472225,True,40.06755065125702
af-eu-us-apac-row-ch/pf120_k050_a030,2025,apac,us,7.000001135348741,44.99999999873203,319.40523291399336,236.761455687148,250.47153649399397,187.45,13.71008080684597,118.2451521071474,0.1555555807899107,True,49.311455687148
af-eu-us-apac-row-ch/pf120_k050_a030,2025,apac,apac,49.99999993820082,49.99999999888821,256.4266964668727,187.45,187.45,187.45,0.0,68.97669646687274,0.9999999987862523,True,0.0
af-eu-us-apac-row-ch/pf120_k050_a030,2025,apac,af,2.3618749071047425e-09,9.999999999595621,371.09017043972096,414.1009128630145,427.27352899993383,187.45,13.17261613691931,170.46755430280166,2.361874907200252e-10,False,226.65091286301453
af-eu-us-apac-row-ch/pf120_k050_a030,2025,apac,row,2.821016099391376e-07,44.99999999952702,315.5620537604944,229.21038017786427,248.0927948944222,187.45,18.88241471655794,109.22963904393646,6.268924665380059e-09,False,41.76038017786428
af-eu-us-apac-row-ch/pf120_k050_a030,2025,af,ch,1.1084471339511929e-09,323.9999999991333,163.32399999970033,217.11599264897478,221.61599264897478,180.93,4.5,-22.106000000299673,3.4211331294881416e-12,False,36.185992648974775
af-eu-us-apac-row-ch/pf120_k050_a030,2025,af,eu,1.9101519243697275e-09,74.9999999995305,312.8044206332911,217.11598007039325,223.31598007039324,180.93,6.2,125.67442063329109,2.5468692325089133e-11,False,36.18598007039324
af-eu-us-apac-row-ch/pf120_k050_a030,2025,af,us,1.862472187963052e-09,44.99999999873203,319.40523291399336,217.11600127138058,225.61600127138058,180.93,8.5,129.97523291399335,4.138827084478958e-11,False,36.186001271380576
af-eu-us-apac-row-ch/pf120_k050_a030,2025,af,apac,1.4764818074304398e-09,49.99999999888821,256.4266964668727,217.1160039713613,224.14057609850065,180.93,7.024572127139364,68.47212433973336,2.952963614926541e-11,False,36.18600397136129
af-eu-us-apac-row-ch/pf120_k050_a030,2025,af,af,3.399999990362497,9.999999999595621,371.09017043972096,180.93,180.93,180.93,0.0,190.16017043972096,0.3399999990499986,True,0.0
af-eu-us-apac-row-ch/pf120_k050_a030,2025,af,row,1.8326474662966191e-09,44.99999999952702,315.5620537604944,217.11600419569749,224.61600419569749,180.93,7.5,127.13205376049439,4.0725499251464035e-11,False,36.18600419569748
af-eu-us-apac-row-ch/pf120_k050_a030,2025,row,ch,1.0956188041346619e-09,323.9999999991333,163.32399999970033,424.05599879329225,438.1783946977291,353.38,14.12239590443686,-204.17839590473653,3.381539518943187e-12,False,70.67599879329225
af-eu-us-apac-row-ch/pf120_k050_a030,2025,row,eu,2.5900466554338362e-09,74.9999999995305,312.8044206332911,424.05599999323897,432.1796416314642,353.38,8.123641638225255,-48.699221004934145,3.4533955406000664e-11,False,70.67599999323897
af-eu-us-apac-row-ch/pf120_k050_a030,2025,row,us,2.623638736344966e-09,44.99999999873203,319.40523291399336,424.0559987423808,437.8434424283876,353.38,13.78744368600683,-47.76221077201347,5.830308303153095e-11,False,70.67599874238078
af-eu-us-apac-row-ch/pf120_k050_a030,2025,row,apac,1.6847969280062648e-09,49.99999999888821,256.4266964668727,424.0560000431426,443.80871436379715,353.38,19.75271432065455,-116.70601785378182,3.3695938560874556e-11,False,70.67600004314261
af-eu-us-apac-row-ch/pf120_k050_a030,2025,row,af,4.256239300390527e-09,9.999999999595621,371.09017043972096,424.05599581491106,436.55599581491106,353.38,12.5,5.210170439720969,4.2562393005626406e-10,False,70.67599581491106
af-eu-us-apac-row-ch/pf120_k050_a030,2025,row,row,7.781456683061449e-09,44.99999999952702,315.5620537604944,353.38,353.38,353.38,0.0,-37.8179462395056,1.7292125962540527e-10,False,0.0
af-eu-us-apac-row-ch/pf120_k050_a030,2030,ch,ch,349.9999997982795,349.99999998408396,107.79092383534524,107.44092378697313,107.44092378697313,107.44092378697313,0.0,0.3500000483721095,0.9999999994691301,True,0.0
af-eu-us-apac-row-ch/pf120_k050_a030,2030,ch,eu,6.766576970828317e-07,89.99999999097419,240.94371052731958,230.49171466373872,246.6097146637387,107.44092378697313,16.118,117.38478674034644,7.518418857229905e-09,False,123.05079087676559
af-eu-us-apac-row-ch/pf120_k050_a030,2030,ch,us,6.197495010663421e-07,64.99999997988274,235.85527327163825,231.85235605166451,242.98535605166452,107.44092378697313,11.133,117.28134948466514,9.534607711663882e-09,False,124.41143226469138
af-eu-us-apac-row-ch/pf120_k050_a030,2030,ch,apac,1.4355668656536944e-07,84.99999998244148,162.91379138889408,192.91170092459265,206.6921225034743,107.44092378697313,13.78042157888167,41.69244602303928,1.6889021952355773e-09,False,85.47077713761952
af-eu-us-apac-row-ch/pf120_k050_a030,2030,ch,af,1.7558496086076036,13.999999992233677,279.17222625423597,268.6704766660688,279.1704766660688,107.44092378697313,10.5,161.23130246726282,0.12541782925583136,True,161.22955287909565
af-eu-us-apac-row-ch/pf120_k050_a030,2030,ch,row,69.99999851293069,69.99999999116505,227.4439171993411,212.7774649229234,227.3739172325293,107.44092378697313,14.59645230960589,105.40654110276206,0.9999999788823661,True,105.33654113595027
af-eu-us-apac-row-ch/pf120_k050_a030,2030,eu,ch,3.5408661636342e-08,349.99999998408396,107.79092383534524,236.69963911936162,252.81763911936162,197.24967143099207,16.118,-105.57674759564682,1.011676046798634e-10,False,39.449967688369554
af-eu-us-apac-row-ch/pf120_k050_a030,2030,eu,eu,32.05037156093275,89.99999999097419,240.94371052731958,197.24967143099207,197.24967143099207,197.24967143099207,0.0,43.694039096327515,0.3561152396016331,True,0.0
af-eu-us-apac-row-ch/pf120_k050_a030,2030,eu,us,9.848246482565764e-08,64.99999997988274,235.85527327163825,236.69964262251244,255.45964262251243,197.24967143099207,18.76,19.845601840646186,1.5151148439405784e-09,False,39.449971191520376
af-eu-us-apac-row-ch/pf120_k050_a030,2030,eu,apac,4.7418618441309916e-08,84.99999998244148,162.91379138889408,236.69964267477488,254.83328287798997,197.24967143099207,18.13364020321509,-52.46952024531308,5.578660994247673e-10,False,39.44997124378281
af-eu-us-apac-row-ch/pf120_k050_a030,2030,eu,af,5.91384753375069e-07,13.999999992233677,279.17222625423597,236.69954405625248,246.4995440562525,197.24967143099207,9.8,72.1225548232439,4.2241768121652295e-08,False,39.44987262526041
af-eu-us-apac-row-ch/pf120_k050_a030,2030,eu,row,1.0376174671200444e-07,69.99999999116505,227.4439171993411,236.69963656764128,245.13592473330397,197.24967143099207,8.436288165662685,21.757957602686336,1.4823106675014368e-09,False,39.44996513664921
af-eu-us-apac-row-ch/pf120_k050_a030,2030,us,ch,3.4087944309327673e-08,349.99999998408396,107.79092383534524,254.0994012460984,278.8304012460984,211.75090040837495,24.731,-128.6909765730297,9.739412660250801e-11,False,42.34850083772346
af-eu-us-apac-row-ch/pf120_k050_a030,2030,us,eu,1.3608344417487753e-07,89.99999999097419,240.94371052731958,254.09189588733494,263.48889588733493,211.75090040837495,9.397,19.795810118944637,1.5120382687613878e-09,False,42.34099547896
af-eu-us-apac-row-ch/pf120_k050_a030,2030,us,us,46.200349312156916,64.99999997988274,235.85527327163825,211.75090040837495,211.75090040837495,211.75090040837495,0.0,24.104372863263308,0.7107746050223962,True,0.0
af-eu-us-apac-row-ch/pf120_k050_a030,2030,us,apac,4.990326807190405e-08,84.99999998244148,162.91379138889408,254.09828633154058,268.83594248686427,211.75090040837495,14.73765615532369,-63.574765174804554,5.870972715554424e-10,False,42.34738592316563
af-eu-us-apac-row-ch/pf120_k050_a030,2030,us,af,5.026651320741566e-07,13.999999992233677,279.17222625423597,253.92990043173864,268.12990043173863,211.75090040837495,14.2,53.22132584586102,3.590465231092883e-08,False,42.1790000233637
af-eu-us-apac-row-ch/pf120_k050_a030,2030,us,row,9.986040749465782e-08,69.99999999116505,227.4439171993411,254.0808038741288,268.5306288400178,211.75090040837495,14.449824965889,1.2431918250771403,1.4265772501037365e-09,False,42.32990346575386
af-eu-us-apac-row-ch/pf120_k050_a030,2030,apac,ch,4.892813333986958e-08,349.99999998408396,107.79092383534524,188.7904914431983,202.02338439348355,123.55706235501908,13.23289295028525,-28.999031469959093,1.3979466669169875e-10,False,65.23342908817922
af-eu-us-apac-row-ch/pf120_k050_a030,2030,apac,eu,57.94962740497041,89.99999999097419,240.94371052731958,185.30685838757267,201.6140319002051,123.55706235501908,16.30717351263244,101.07947465966805,0.6438847490086888,True,61.74979603255359
af-eu-us-apac-row-ch/pf120_k050_a030,2030,apac,us,18.799649766973676,64.99999997988274,235.85527327163825,182.8546640479326,196.56474485477858,123.55706235501908,13.71008080684597,98.5881301097732,0.2892253811198784,True,59.29760169291352
af-eu-us-apac-row-ch/pf120_k050_a030,2030,apac,apac,84.99999965237731,84.99999998244148,162.91379138889408,123.55706235501908,123.55706235501908,123.55706235501908,0.0,39.356729033875,0.9999999961168922,True,0.0
af-eu-us-apac-row-ch/pf120_k050_a030,2030,apac,af,6.447092065635897,13.999999992233677,279.17222625423597,226.72143475277784,239.89405088969716,123.55706235501908,13.17261613691931,142.44254776229758,0.46050657637231,True,103.16437239775875
af-eu-us-apac-row-ch/pf120_k050_a030,2030,apac,row,8.414672605008572e-08,69.99999999116505,227.4439171993411,246.58131610263516,265.4637308191931,123.55706235501908,18.88241471655794,85.00444012776407,1.2020960865815169e-09,False,123.02425374761607
af-eu-us-apac-row-ch/pf120_k050_a030,2030,af,ch,3.161655017344655e-08,349.99999998408396,107.79092383534524,143.1113031577911,147.6113031577911,119.25942540354018,4.5,-15.968501568194938,9.033300049966942e-11,False,23.85187775425092
af-eu-us-apac-row-ch/pf120_k050_a030,2030,af,eu,7.856794826139242e-08,89.99999999097419,240.94371052731958,143.11131545083552,149.3113154508355,119.25942540354018,6.2,115.4842851237794,8.729772029919084e-10,False,23.851890047295342
af-eu-us-apac-row-ch/pf120_k050_a030,2030,af,us,7.344744644913767e-08,64.99999997988274,235.85527327163825,143.11131461835342,151.61131461835342,119.25942540354018,8.5,108.09584786809808,1.1299607149518367e-09,False,23.85188921481324
af-eu-us-apac-row-ch/pf120_k050_a030,2030,af,apac,4.182703258019054e-08,84.99999998244148,162.91379138889408,143.11131198521932,150.13588411235867,119.25942540354018,7.024572127139364,36.62979385821454,4.920827363391857e-10,False,23.85188658167914
af-eu-us-apac-row-ch/pf120_k050_a030,2030,af,af,5.797056805290152,13.999999992233677,279.17222625423597,119.25942540354018,119.25942540354018,119.25942540354018,0.0,159.9128008506958,0.41407548632185687,True,0.0
af-eu-us-apac-row-ch/pf120_k050_a030,2030,af,row,6.697149711936902e-08,69.99999999116505,227.4439171993411,143.11131679649796,150.61131679649796,119.25942540354018,7.5,100.68449179580091,9.567356732545962e-10,False,23.851891392957782
af-eu-us-apac-row-ch/pf120_k050_a030,2030,row,ch,3.576310437213491e-08,349.99999998408396,107.79092383534524,279.515162083394,293.63755798783086,232.92928618307093,14.12239590443686,-139.26075825216256,1.0218029821074634e-10,False,46.58587590032306
af-eu-us-apac-row-ch/pf120_k050_a030,2030,row,eu,1.3376191508257868e-07,89.99999999097419,240.94371052731958,279.51514350591157,287.6387851441368,232.92928618307093,8.123641638225255,-0.10921729397660229,1.4862435010665916e-09,False,46.58585732284064
af-eu-us-apac-row-ch/pf120_k050_a030,2030,row,us,1.090727486380043e-07,64.99999997988274,235.85527327163825,279.5151436278873,293.30258731389415,232.92928618307093,13.78744368600683,-10.861456597439505,1.6780422872578754e-09,False,46.585857444816384
af-eu-us-apac-row-ch/pf120_k050_a030,2030,row,apac,4.735853775075805e-08,84.99999998244148,162.91379138889408,279.5151477532638,299.26786207391837,232.92928618307093,19.75271432065455,-89.7682091148314,5.571592677710699e-10,False,46.58586157019289
af-eu-us-apac-row-ch/pf120_k050_a030,2030,row,af,4.186501342153143e-07,13.999999992233677,279.17222625423597,279.51513729941996,292.01513729941996,232.92928618307093,12.5,33.74294007116504,2.9903581031968224e-08,False,46.58585111634903
af-eu-us-apac-row-ch/pf120_k050_a030,2030,row,row,1.1234940149022928e-06,69.99999999116505,227.4439171993411,232.92928618307093,232.92928618307093,232.92928618307093,0.0,-5.485368983729842,1.6049914500629897e-08,False,0.0
af-eu-us-apac-row-ch/pf120_k050_a030,2035,ch,ch,332.99999997959395,332.999999998512,95.90883300438605,95.57583300040461,95.57583300040461,95.57583300040461,0.0,0.33300000398143936,0.999999999943189,True,0.0
af-eu-us-apac-row-ch/pf120_k050_a030,2035,ch,eu,1.9017907433289422e-07,94.99999999914655,226.32567846967152,212.3817324135848,228.4997324135848,95.57583300040461,16.118,114.63184546926692,2.001884992995818e-09,False,116.8058994131802
af-eu-us-apac-row-ch/pf120_k050_a030,2035,ch,us,1.6290562578059817,69.99999999803798,245.48554881028406,234.35092037396018,245.4839203739602,95.57583300040461,11.133,138.77671580987945,0.02327223225502346,True,138.77508737355555
af-eu-us-apac-row-ch/pf120_k050_a030,2035,ch,apac,1.453778664901716e-08,102.99999999829994,161.7348014612698,190.125150260688,203.90557183956966,95.57583300040461,13.78042157888167,52.37854688198351,1.4114355970152537e-10,False,94.54931726028339
af-eu-us-apac-row-ch/pf120_k050_a030,2035,ch,af,11.805886041995656,19.999999999274852,257.79953759369687,247.2877317616086,257.7877317616086,95.57583300040461,10.5,151.72370459329227,0.5902943021211853,True,151.711898761204
af-eu-us-apac-row-ch/pf120_k050_a030,2035,ch,row,2.0189869303620196e-08,78.99999999916986,207.21503751884538,222.60360835353228,237.20006066313817,95.57583300040461,14.59645230960589,97.04275220883487,2.555679658712956e-10,False,127.02777535312767
af-eu-us-apac-row-ch/pf120_k050_a030,2035,eu,ch,3.443324826167684e-09,332.999999998512,95.90883300438605,210.55998401175844,226.67798401175844,175.4666750022766,16.118,-95.67584199789053,1.0340314793342554e-11,False,35.09330900948186
af-eu-us-apac-row-ch/pf120_k050_a030,2035,eu,eu,43.59358300451857,94.99999999914655,226.32567846967152,175.4666750022766,175.4666750022766,175.4666750022766,0.0,50.85900346739493,0.4588798211043179,True,0.0
af-eu-us-apac-row-ch/pf120_k050_a030,2035,eu,us,1.5491868511385066e-08,69.99999999803798,245.48554881028406,210.5601347781642,229.3201347781642,175.4666750022766,18.76,51.258873808007465,2.2131240731170408e-10,False,35.093459775887624
af-eu-us-apac-row-ch/pf120_k050_a030,2035,eu,apac,5.2751907647038175e-09,102.99999999829994,161.7348014612698,210.56001093531228,228.69365113852737,175.4666750022766,18.13364020321509,-31.865513744221882,5.1215444318358126e-11,False,35.09333593303569
af-eu-us-apac-row-ch/pf120_k050_a030,2035,eu,af,4.875833280455704e-08,19.999999999274852,257.79953759369687,210.56003006330323,220.36003006330324,175.4666750022766,9.8,72.53286259142028,2.4379166403162445e-09,False,35.09335506102664
af-eu-us-apac-row-ch/pf120_k050_a030,2035,eu,row,1.004144120289783e-08,78.99999999916986,207.21503751884538,210.5600533611102,218.99634152677288,175.4666750022766,8.436288165662685,23.312074350906105,1.2710685067092844e-10,False,35.093378358833604
af-eu-us-apac-row-ch/pf120_k050_a030,2035,us,ch,2.9940982674070665e-09,332.999999998512,95.90883300438605,226.16607268557686,250.89707268557686,188.3664806833128,24.731,-117.18864767892674,8.991286088349686e-12,False,37.79959200226406
af-eu-us-apac-row-ch/pf120_k050_a030,2035,us,eu,9.731095317668287e-09,94.99999999914655,226.32567846967152,225.10633175666473,234.50333175666472,188.3664806833128,9.397,28.562197786358716,1.0243258229216534e-10,False,36.73985107335193
af-eu-us-apac-row-ch/pf120_k050_a030,2035,us,us,68.37094360712568,69.99999999803798,245.48554881028406,188.3664806833128,188.3664806833128,188.3664806833128,0.0,57.11906812697126,0.9767277658434578,True,0.0
af-eu-us-apac-row-ch/pf120_k050_a030,2035,us,apac,4.6222202008848134e-09,102.99999999829994,161.7348014612698,226.21016356576231,240.947819721086,188.3664806833128,14.73765615532369,-41.369335377366696,4.487592428117578e-11,False,37.843682882449514
af-eu-us-apac-row-ch/pf120_k050_a030,2035,us,af,1.520265936636866e-08,19.999999999274852,257.79953759369687,233.6636880556732,247.86368805567318,188.3664806833128,14.2,55.233056910384065,7.601329683459935e-10,False,45.29720737236039
af-eu-us-apac-row-ch/pf120_k050_a030,2035,us,row,7.009223130201155e-09,78.99999999916986,207.21503751884538,225.70853919941106,240.15836416530007,188.3664806833128,14.449824965889,4.398731869643576,8.872434342120011e-11,False,37.34205851609826
af-eu-us-apac-row-ch/pf120_k050_a030,2035,apac,ch,5.430472829211321e-09,332.999999998512,95.90883300438605,149.21780574638063,162.45069869666588,109.9122079504653,13.23289295028525,-27.236267896364495,1.630772621392068e-11,False,39.30559779591533
af-eu-us-apac-row-ch/pf120_k050_a030,2035,apac,eu,51.40641676520517,94.99999999914655,226.32567846967152,158.24750503535273,174.55467854798516,109.9122079504653,16.30717351263244,100.10629700657378,0.5411201764807052,True,48.33529708488743
af-eu-us-apac-row-ch/pf120_k050_a030,2035,apac,us,8.16018562165525e-08,69.99999999803798,245.48554881028406,184.56164156469978,198.27172237154576,109.9122079504653,13.71008080684597,121.86326005297279,1.1657408031262816e-09,False,74.64943361423448
af-eu-us-apac-row-ch/pf120_k050_a030,2035,apac,apac,102.99999996324345,102.99999999829994,161.7348014612698,109.9122079504653,109.9122079504653,109.9122079504653,0.0,51.822593510804495,0.9999999996596457,True,0.0
af-eu-us-apac-row-ch/pf120_k050_a030,2035,apac,af,1.806875927185703e-08,19.999999999274852,257.79953759369687,228.64399665784816,241.81661279476748,109.9122079504653,13.17261613691931,134.71471350631225,9.034379636256078e-10,False,118.73178870738286
af-eu-us-apac-row-ch/pf120_k050_a030,2035,apac,row,70.02294927899821,78.99999999916986,207.21503751884538,136.54300634555972,155.42542106211766,109.9122079504653,18.88241471655794,78.42041485182213,0.8863664465789116,True,26.630798395094416
af-eu-us-apac-row-ch/pf120_k050_a030,2035,af,ch,3.3100459603428874e-09,332.999999998512,95.90883300438605,127.27957663377259,131.7795766337726,106.08917463044914,4.5,-14.680341626063083,9.940077959032067e-12,False,21.190402003323456
af-eu-us-apac-row-ch/pf120_k050_a030,2035,af,eu,9.615242542357864e-09,94.99999999914655,226.32567846967152,127.16060577584742,133.3606057758474,106.08917463044914,6.2,114.03650383922238,1.0121307939414994e-10,False,21.07143114539828
af-eu-us-apac-row-ch/pf120_k050_a030,2035,af,us,1.2602177628115379e-08,69.99999999803798,245.48554881028406,128.6929014608179,137.1929014608179,106.08917463044914,8.5,130.89637417983494,1.8003110897812292e-10,False,22.603726830368757
af-eu-us-apac-row-ch/pf120_k050_a030,2035,af,apac,4.845899518966603e-09,102.99999999829994,161.7348014612698,127.15861911026207,134.18319123740142,106.08917463044914,7.024572127139364,48.621054703681295,4.7047568146083366e-11,False,21.06944447981293
af-eu-us-apac-row-ch/pf120_k050_a030,2035,af,af,8.194113717003036,19.999999999274852,257.79953759369687,106.08917463044914,106.08917463044914,106.08917463044914,0.0,151.71036296324775,0.40970568586500666,True,0.0
af-eu-us-apac-row-ch/pf120_k050_a030,2035,af,row,7.355544168733832e-09,78.99999999916986,207.21503751884538,127.20939037204798,134.70939037204798,106.08917463044914,7.5,93.62586288839624,9.310815403558386e-11,False,21.12021574159884
af-eu-us-apac-row-ch/pf120_k050_a030,2035,row,ch,3.740082733238562e-09,332.999999998512,95.90883300438605,248.64727516968802,262.76967107412486,207.20606052566248,14.12239590443686,-125.41962342571328,1.1231479679445269e-11,False,41.441214644025536
af-eu-us-apac-row-ch/pf120_k050_a030,2035,row,eu,1.9897416557892563e-08,94.99999999914655,226.32567846967152,248.6472712852986,256.77091292352384,207.20606052566248,8.123641638225255,10.995976305783781,2.094464900849612e-10,False,41.44121075963611
af-eu-us-apac-row-ch/pf120_k050_a030,2035,row,us,2.341042947729187e-08,69.99999999803798,245.48554881028406,248.6472831100013,262.43472679600814,207.20606052566248,13.78744368600683,24.492044598614747,3.344347068278291e-10,False,41.44122258433882
af-eu-us-apac-row-ch/pf120_k050_a030,2035,row,apac,5.775385037394284e-09,102.99999999829994,161.7348014612698,248.64727046809207,268.3999847887466,207.20606052566248,19.75271432065455,-65.22397338504723,5.6071699393103006e-11,False,41.441209942429595
af-eu-us-apac-row-ch/pf120_k050_a030,2035,row,af,1.582464063082354e-07,19.999999999274852,257.79953759369687,248.6472356674696,261.1472356674696,207.20606052566248,12.5,38.09347706803439,7.91232031569865e-09,False,41.44117514180712
af-eu-us-apac-row-ch/pf120_k050_a030,2035,row,row,8.977050675575578,78.99999999916986,207.21503751884538,207.20606052566248,207.20606052566248,207.20606052566248,0.0,0.00897699318289824,0.11363355285658114,True,0.0
af-eu-us-apac-row-ch/pf120_k050_a030,2040,ch,ch,315.99999994237,315.9999999958431,86.65125720693706,86.33525719941149,86.33525719941149,86.33525719941149,0.0,0.3160000075255738,0.9999999998307812,True,0.0
af-eu-us-apac-row-ch/pf120_k050_a030,2040,ch,eu,7.840938581839215e-08,98.99999999793881,218.8821947502913,215.39191153507699,231.50991153507698,86.33525719941149,16.118,116.42893755087982,7.92013998182067e-10,False,129.05665433566548
af-eu-us-apac-row-ch/pf120_k050_a030,2040,ch,us,9.746066301868057e-08,74.99999999594023,211.00620941526344,210.51869936044972,221.65169936044973,86.33525719941149,11.133,113.53795221585196,1.2994755069860818e-09,False,124.18344216103823
af-eu-us-apac-row-ch/pf120_k050_a030,2040,ch,apac,1.3110350382896632e-08,125.9999999961604,150.95481771567975,227.17452603410814,240.9549476129898,86.33525719941149,13.78042157888167,50.83913893738659,1.0405039986742972e-10,False,140.83926883469667
af-eu-us-apac-row-ch/pf120_k050_a030,2040,ch,af,7.72953020274955e-08,27.999999998292882,227.5382206049759,236.7743892972435,247.2743892972435,86.33525719941149,10.5,130.7029634055644,2.7605465011502886e-09,False,150.439132097832
af-eu-us-apac-row-ch/pf120_k050_a030,2040,ch,row,3.255388827370746e-08,88.9999999980588,187.18893852347665,206.75937197246867,221.35582428207456,86.33525719941149,14.59645230960589,86.25722901445927,3.657740255552528e-10,False,120.42411477305718
af-eu-us-apac-row-ch/pf120_k050_a030,2040,eu,ch,7.635585817721273e-09,315.9999999958431,86.65125720693706,190.20239931894304,206.32039931894303,158.50199826333673,16.118,-87.96874105639967,2.4163246258929484e-11,False,31.700401055606306
af-eu-us-apac-row-ch/pf120_k050_a030,2040,eu,eu,54.85238866819044,98.99999999793881,218.8821947502913,158.50199826333673,158.50199826333673,158.50199826333673,0.0,60.38019648695456,0.5540645320134593,True,0.0
af-eu-us-apac-row-ch/pf120_k050_a030,2040,eu,us,1.9382592471085468e-08,74.99999999594023,211.00620941526344,190.20240042846206,208.96240042846205,158.50199826333673,18.76,33.744211151926706,2.584345662951287e-10,False,31.700402165125325
af-eu-us-apac-row-ch/pf120_k050_a030,2040,eu,apac,9.998392567304865e-09,125.9999999961604,150.95481771567975,190.20240291327582,208.3360431164909,158.50199826333673,18.13364020321509,-25.68082075087207,7.935232196515513e-11,False,31.700404649939088
af-eu-us-apac-row-ch/pf120_k050_a030,2040,eu,af,3.4305417236666504e-08,27.999999998292882,227.5382206049759,190.202398692975,200.00239869297502,158.50199826333673,9.8,59.23622234163916,1.2251934728127877e-09,False,31.70040042963828
af-eu-us-apac-row-ch/pf120_k050_a030,2040,eu,row,1.4352594880402152e-08,88.9999999980588,187.18893852347665,190.20240063678406,198.63868880244675,158.50199826333673,8.436288165662685,20.250652094477235,1.6126511101927192e-10,False,31.700402373447332
af-eu-us-apac-row-ch/pf120_k050_a030,2040,us,ch,7.04969143053622e-09,315.9999999958431,86.65125720693706,204.18558144489538,228.91658144489537,170.1546096644843,24.731,-108.23435245754723,2.2309150096927078e-11,False,34.03097178041108
af-eu-us-apac-row-ch/pf120_k050_a030,2040,us,eu,2.6192563789976545e-08,98.99999999793881,218.8821947502913,203.69005921945526,213.08705921945526,170.1546096644843,9.397,39.330585085806995,2.645713514194129e-10,False,33.53544955497097
af-eu-us-apac-row-ch/pf120_k050_a030,2040,us,us,72.36509725041356,74.99999999594023,211.00620941526344,170.1546096644843,170.1546096644843,170.1546096644843,0.0,40.851599750779144,0.964867963391076,True,0.0
af-eu-us-apac-row-ch/pf120_k050_a030,2040,us,apac,1.0416079724082054e-08,125.9999999961604,150.95481771567975,204.18532766078533,218.92298381610902,170.1546096644843,14.73765615532369,-33.93744810412824,8.266729939999574e-11,False,34.030717996301036
af-eu-us-apac-row-ch/pf120_k050_a030,2040,us,af,2.1328581248495542e-08,27.999999998292882,227.5382206049759,221.7829380101307,235.98293801013068,170.1546096644843,14.2,43.18361094049159,7.617350446355684e-10,False,51.628328345646395
af-eu-us-apac-row-ch/pf120_k050_a030,2040,us,row,1.3957865736998229e-08,88.9999999980588,187.18893852347665,204.18596558841557,218.63579055430458,170.1546096644843,14.449824965889,2.584503893103353,1.5682995210452437e-10,False,34.03135592393127
af-eu-us-apac-row-ch/pf120_k050_a030,2040,apac,ch,2.0590060311700148e-08,315.9999999958431,86.65125720693706,93.07707584039082,106.30996879067607,99.28554577932321,13.23289295028525,-25.8671815226714,6.5158418708769e-11,False,-6.208469938932396
af-eu-us-apac-row-ch/pf120_k050_a030,2040,apac,eu,44.14761111930247,98.99999999793881,218.8821947502913,150.98760170629942,167.29477521893185,99.28554577932321,16.30717351263244,103.28947545833563,0.4459354658608245,True,51.7020559269762
af-eu-us-apac-row-ch/pf120_k050_a030,2040,apac,us,2.6349025451617143,74.99999999594023,211.00620941526344,145.7502218251885,159.46030263203448,99.28554577932321,13.71008080684597,98.01058282909426,0.035132033937391234,True,46.46467604586529
af-eu-us-apac-row-ch/pf120_k050_a030,2040,apac,apac,125.99999993833222,125.9999999961604,150.95481771567975,99.28554577932321,99.28554577932321,99.28554577932321,0.0,51.66927193635654,0.9999999995410462,True,0.0
af-eu-us-apac-row-ch/pf120_k050_a030,2040,apac,af,17.40882951200384,27.999999998292882,227.5382206049759,162.80492381048415,175.97753994740347,99.28554577932321,13.17261613691931,115.08005868873335,0.6217439111809011,True,63.51937803116094
af-eu-us-apac-row-ch/pf120_k050_a030,2040,apac,row,72.78045216732278,88.9999999980588,187.18893852347665,116.69047142900268,135.57288614556063,99.28554577932321,18.88241471655794,69.0209780275955,0.817757889538317,True,17.40492564967947
af-eu-us-apac-row-ch/pf120_k050_a030,2040,af,ch,9.28632377794261e-09,315.9999999958431,86.65125720693706,114.99859474075798,119.49859474075798,95.83213549134676,4.5,-13.680878284409701,2.938710056349611e-11,False,19.16645924941122
af-eu-us-apac-row-ch/pf120_k050_a030,2040,af,eu,1.2078461103240095e-08,98.99999999793881,218.8821947502913,114.9986477961904,121.1986477961904,95.83213549134676,6.2,116.85005925894453,1.2200465761102595e-10,False,19.166512304843636
af-eu-us-apac-row-ch/pf120_k050_a030,2040,af,us,2.5307854580671556e-08,74.99999999594023,211.00620941526344,114.99849890795396,123.49849890795396,95.83213549134676,8.5,106.67407392391668,3.3743806109388636e-10,False,19.166363416607197
af-eu-us-apac-row-ch/pf120_k050_a030,2040,af,apac,1.1470045733459961e-08,125.9999999961604,150.95481771567975,114.99856219056797,122.02313431770733,95.83213549134676,7.024572127139364,48.098110097193626,9.103210899848801e-11,False,19.166426699221205
af-eu-us-apac-row-ch/pf120_k050_a030,2040,af,af,10.591170247645627,27.999999998292882,227.5382206049759,95.83213549134676,95.83213549134676,95.83213549134676,0.0,131.70608511362911,0.3782560802961198,True,0.0
af-eu-us-apac-row-ch/pf120_k050_a030,2040,af,row,1.4199360935552125e-08,88.9999999980588,187.18893852347665,114.99853622422117,122.49853622422117,95.83213549134676,7.5,83.85680303212989,1.5954338130181833e-10,False,19.166400732874408
af-eu-us-apac-row-ch/pf120_k050_a030,2040,row,ch,8.911411914111215e-09,315.9999999958431,86.65125720693706,224.60961304278553,238.7320089472224,187.17271895170572,14.12239590443686,-114.64385764920551,2.820067061464697e-11,False,37.43689409107981
af-eu-us-apac-row-ch/pf120_k050_a030,2040,row,eu,9.37655040491445e-08,98.99999999793881,218.8821947502913,224.6105954452102,232.73423708343546,187.17271895170572,8.123641638225255,23.585834160360317,9.471263035464313e-10,False,37.43787649350449
af-eu-us-apac-row-ch/pf120_k050_a030,2040,row,us,5.821383139299806e-08,74.99999999594023,211.00620941526344,224.62477523652456,238.4122189225314,187.17271895170572,13.78744368600683,10.046046777550893,7.761844186153226e-10,False,37.45205628481884
af-eu-us-apac-row-ch/pf120_k050_a030,2040,row,apac,1.2833320968229807e-08,125.9999999961604,150.95481771567975,224.60788646247238,244.36060078312693,187.17271895170572,19.75271432065455,-55.970615556680514,1.0185175371921332e-10,False,37.43516751076666
af-eu-us-apac-row-ch/pf120_k050_a030,2040,row,af,1.0571410658600646e-07,27.999999998292882,227.5382206049759,224.61694451672355,237.11694451672355,187.17271895170572,12.5,27.865501653270172,3.7755038068732745e-09,False,37.44422556501783
af-eu-us-apac-row-ch/pf120_k050_a030,2040,row,row,16.219547755672316,88.9999999980588,187.18893852347665,187.17271895170572,187.17271895170572,187.17271895170572,0.0,0.01621957177093236,0.18224210961827061,True,0.0
af-eu-us-apac-row-ch/pf120_k100_a030,2025,ch,ch,323.99999999348944,323.99999999929634,163.32399999988144,163.0,163.0,163.0,0.0,0.3239999998814369,0.9999999999820774,True,0.0
af-eu-us-apac-row-ch/pf120_k100_a030,2025,ch,eu,74.9999999634276,74.99999999963946,286.27146709086134,270.0784670932427,286.1964670932427,163.0,16.118,107.15346709086134,0.9999999995171752,True,107.0784670932427
af-eu-us-apac-row-ch/pf120_k100_a030,2025,ch,us,3.412244783093395e-07,44.99999999905961,307.136614546247,296.4721238350428,307.6051238350428,163.0,11.133,133.003614546247,7.58276618481045e-09,False,133.4721238350428
af-eu-us-apac-row-ch/pf120_k100_a030,2025,ch,apac,2.162983237067734e-08,49.999999999117485,261.066740065876,258.75516159609606,272.5355831749777,163.0,13.78042157888167,84.28631848699432,4.3259664742118224e-10,False,95.75516159609606
af-eu-us-apac-row-ch/pf120_k100_a030,2025,ch,af,1.0852409263346712e-07,9.999999999696467,321.9459739491483,314.06354240169264,324.56354240169264,163.0,10.5,148.4459739491483,1.0852409263676119e-08,False,151.06354240169264
af-eu-us-apac-row-ch/pf120_k100_a030,2025,ch,row,36.599999496417034,44.99999999961986,319.97931656523997,305.34626425785933,319.9427165674652,163.0,14.59645230960589,142.38286425563408,0.8133333221494714,True,142.34626425785933
af-eu-us-apac-row-ch/pf120_k100_a030,2025,eu,ch,1.1301008491039563e-09,323.99999999929634,163.32399999988144,359.10000139588817,375.21800139588817,299.25,16.118,-152.04400000011856,3.487965583661761e-12,False,59.85000139588817
af-eu-us-apac-row-ch/pf120_k100_a030,2025,eu,eu,1.869074987232576e-08,74.99999999963946,286.27146709086134,299.25,299.25,299.25,0.0,-12.978532909138664,2.492099982988748e-10,False,0.0
af-eu-us-apac-row-ch/pf120_k100_a030,2025,eu,us,3.234652008974477e-09,44.99999999905961,307.136614546247,359.10000329305376,377.86000329305375,299.25,18.76,-10.873385453752984,7.188115575649052e-11,False,59.85000329305376
af-eu-us-apac-row-ch/pf120_k100_a030,2025,eu,apac,1.945660062327672e-09,49.999999999117485,261.066740065876,359.1000037332796,377.2336439364947,299.25,18.13364020321509,-56.316900137339104,3.891320124724027e-11,False,59.85000373327961
af-eu-us-apac-row-ch/pf120_k100_a030,2025,eu,af,5.669389207907247e-09,9.999999999696467,321.9459739491483,359.0999996233701,368.8999996233701,299.25,9.8,12.89597394914831,5.669389208079332e-10,False,59.84999962337008
af-eu-us-apac-row-ch/pf120_k100_a030,2025,eu,row,5.0643329867658325e-09,44.99999999961986,319.97931656523997,359.1000002544855,367.5362884201482,299.25,8.436288165662685,12.293028399577285,1.1254073304019142e-10,False,59.85000025448551
af-eu-us-apac-row-ch/pf120_k100_a030,2025,us,ch,1.025508102148812e-09,323.99999999929634,163.32399999988144,385.4999998949697,410.23099989496967,321.25,24.731,-182.65700000011856,3.1651484634291335e-12,False,64.24999989496968
af-eu-us-apac-row-ch/pf120_k100_a030,2025,us,eu,2.1953031631476973e-09,74.99999999963946,286.27146709086134,385.5000005799522,394.8970005799522,321.25,9.397,-44.37553290913866,2.927070884211001e-11,False,64.2500005799522
af-eu-us-apac-row-ch/pf120_k100_a030,2025,us,us,1.59157943715846e-08,44.99999999905961,307.136614546247,321.25,321.25,321.25,0.0,-14.113385453752983,3.5368431937593785e-10,False,0.0
af-eu-us-apac-row-ch/pf120_k100_a030,2025,us,apac,1.6722582744584031e-09,49.999999999117485,261.066740065876,385.5000033624065,400.2376595177302,321.25,14.73765615532369,-74.9209160894477,3.344516548975838e-11,False,64.25000336240652
af-eu-us-apac-row-ch/pf120_k100_a030,2025,us,af,3.1889894734299798e-09,9.999999999696467,321.9459739491483,385.5000021121954,399.70000211219536,321.25,14.2,-13.504026050851689,3.188989473526776e-10,False,64.25000211219538
af-eu-us-apac-row-ch/pf120_k100_a030,2025,us,row,2.820193231891857e-09,44.99999999961986,319.97931656523997,385.50000035606035,399.94982532194933,321.25,14.449824965889,-15.720508400649031,6.267096070923735e-11,False,64.25000035606035
af-eu-us-apac-row-ch/pf120_k100_a030,2025,apac,ch,1.7424945014766301e-09,323.99999999929634,163.32399999988144,224.71258774398365,237.9454806942689,187.45,13.23289295028525,-37.3588929504038,5.378069449013625e-12,False,37.26258774398366
af-eu-us-apac-row-ch/pf120_k100_a030,2025,apac,eu,1.1307071195990154e-08,74.99999999963946,286.27146709086134,220.2548586005204,236.56203211315284,187.45,16.30717351263244,82.51429357822892,1.5076094928059347e-10,False,32.80485860052042
af-eu-us-apac-row-ch/pf120_k100_a030,2025,apac,us,44.99999963450886,44.99999999905961,307.136614546247,219.81479367107303,233.524874477919,187.45,13.71008080684597,105.97653373940106,0.9999999918988722,True,32.364793671073045
af-eu-us-apac-row-ch/pf120_k100_a030,2025,apac,apac,49.99999997050497,49.999999999117485,261.066740065876,187.45,187.45,187.45,0.0,73.616740065876,0.9999999994277498,True,0.0
af-eu-us-apac-row-ch/pf120_k100_a030,2025,apac,af,6.5999998912565685,9.999999999696467,321.9459739491483,235.20001776923286,248.37263390615217,187.45,13.17261613691931,121.323357812229,0.65999998914569,True,47.75001776923287
af-eu-us-apac-row-ch/pf120_k100_a030,2025,apac,row,8.400000486123494,44.99999999961986,319.97931656523997,227.52176185074572,246.40417656730367,187.45,18.88241471655794,113.64690184868203,0.18666667747098786,True,40.07176185074573
af-eu-us-apac-row-ch/pf120_k100_a030,2025,af,ch,1.0756574556826218e-09,323.99999999929634,163.32399999988144,217.11600000002156,221.61600000002156,180.93,4.5,-22.10600000011857,3.3199304187807345e-12,False,36.18600000002155
af-eu-us-apac-row-ch/pf120_k100_a030,2025,af,eu,2.3192413115282577e-09,74.99999999963946,286.27146709086134,217.11600000003244,223.31600000003243,180.93,6.2,99.14146709086133,3.092321748719209e-11,False,36.186000000032436
af-eu-us-apac-row-ch/pf120_k100_a030,2025,af,us,2.3274655561273684e-09,44.99999999905961,307.136614546247,217.11600000003105,225.61600000003105,180.93,8.5,117.70661454624701,5.1721456803911257e-11,False,36.186000000031044
af-eu-us-apac-row-ch/pf120_k100_a030,2025,af,apac,2.0069545011991664e-09,49.999999999117485,261.066740065876,217.11600000003114,224.1405721271705,180.93,7.024572127139364,73.11216793873662,4.0139090024691795e-11,False,36.18600000003113
af-eu-us-apac-row-ch/pf120_k100_a030,2025,af,af,3.3999999889937755,9.999999999696467,321.9459739491483,180.93,180.93,180.93,0.0,141.0159739491483,0.3399999989096977,True,0.0
af-eu-us-apac-row-ch/pf120_k100_a030,2025,af,row,1.9279210144433655e-09,44.99999999961986,319.97931656523997,217.11600000003477,224.61600000003477,180.93,7.5,131.54931656523996,4.2842689210214484e-11,False,36.18600000003477
af-eu-us-apac-row-ch/pf120_k100_a030,2025,row,ch,8.330956477563026e-10,323.99999999929634,163.32399999988144,424.0560049922708,438.17840089670767,353.38,14.12239590443686,-204.17839590455543,2.571282863450963e-12,False,70.6760049922708
af-eu-us-apac-row-ch/pf120_k100_a030,2025,row,eu,1.699490234866708e-09,74.99999999963946,286.27146709086134,424.056004708582,432.17964634680726,353.38,8.123641638225255,-75.23217454736391,2.2659869798331704e-11,False,70.67600470858201
af-eu-us-apac-row-ch/pf120_k100_a030,2025,row,us,1.8483699185999616e-09,44.99999999905961,307.136614546247,424.05600234867904,437.8434460346859,353.38,13.78744368600683,-60.03082913975981,4.107488708085751e-11,False,70.67600234867905
af-eu-us-apac-row-ch/pf120_k100_a030,2025,row,apac,1.3578040457901367e-09,49.999999999117485,261.066740065876,424.0560087816488,443.80872310230336,353.38,19.75271432065455,-112.06597425477855,2.7156080916282048e-11,False,70.67600878164882
af-eu-us-apac-row-ch/pf120_k100_a030,2025,row,af,2.06365121130069e-09,9.999999999696467,321.9459739491483,424.0559975617637,436.5559975617637,353.38,12.5,-43.934026050851685,2.0636512113633286e-10,False,70.67599756176372
af-eu-us-apac-row-ch/pf120_k100_a030,2025,row,row,7.266885712393529e-09,44.99999999961986,319.97931656523997,353.38,353.38,353.38,0.0,-33.400683434760026,1.614863491656648e-10,False,0.0
af-eu-us-apac-row-ch/pf120_k100_a030,2030,ch,ch,349.999999935218,349.9999999945944,107.79092379626243,107.44092378697313,107.44092378697313,107.44092378697313,0.0,0.3500000092893032,0.999999999830353,True,0.0
af-eu-us-apac-row-ch/pf120_k100_a030,2030,ch,eu,6.455502685160923,89.99999999685191,268.0139468022063,251.88949158805917,268.00749158805917,107.44092378697313,16.118,144.45502301523317,0.07172780761540809,True,144.44856780108603
af-eu-us-apac-row-ch/pf120_k100_a030,2030,ch,us,2.7546333456534965e-06,64.99999999265533,262.99696822525607,252.66447601265259,263.79747601265257,107.44092378697313,11.133,144.42304443828291,4.237897455330394e-08,False,145.22355222567944
af-eu-us-apac-row-ch/pf120_k100_a030,2030,ch,apac,2.1055595725701444e-07,84.999999993059,218.36784007398003,214.73051824969335,228.510939828575,107.44092378697313,13.78042157888167,97.14649470812523,2.4771289091083316e-09,False,107.28959446272022
af-eu-us-apac-row-ch/pf120_k100_a030,2030,ch,af,13.999997844010167,13.999999997550445,236.82023991865995,226.30624012971856,236.80624012971856,107.44092378697313,10.5,118.87931613168683,0.9999998461756944,True,118.86531634274543
af-eu-us-apac-row-ch/pf120_k100_a030,2030,ch,row,69.99999957695981,69.99999999704421,225.25171303456747,210.58526074217752,225.18171305178342,107.44092378697313,14.59645230960589,103.21433693798845,0.9999999939987942,True,103.1443369552044
af-eu-us-apac-row-ch/pf120_k100_a030,2030,eu,ch,1.0069665829878792e-08,349.9999999945944,107.79092379626243,236.69964164188895,252.81764164188894,197.24967143099207,16.118,-105.57674763472963,2.8770473800098037e-11,False,39.44997021089688
af-eu-us-apac-row-ch/pf120_k100_a030,2030,eu,eu,23.224956541119926,89.99999999685191,268.0139468022063,197.24967143099207,197.24967143099207,197.24967143099207,0.0,70.76427537121424,0.2580550726881367,True,0.0
af-eu-us-apac-row-ch/pf120_k100_a030,2030,eu,us,3.371124684943817e-08,64.99999999265533,262.99696822525607,236.69965538504442,255.4596553850444,197.24967143099207,18.76,46.987296794264,5.186345669730364e-10,False,39.44998395405236
af-eu-us-apac-row-ch/pf120_k100_a030,2030,eu,apac,1.989526100920467e-08,84.999999993059,218.36784007398003,236.69961409126984,254.83325429448493,197.24967143099207,18.13364020321509,2.984528439772877,2.3406189424505054e-10,False,39.44994266027777
af-eu-us-apac-row-ch/pf120_k100_a030,2030,eu,af,2.6612805298830827e-08,13.999999997550445,236.82023991865995,236.699642835815,246.49964283581502,197.24967143099207,9.8,29.770568487667884,1.9009146645348017e-09,False,39.449971404822946
af-eu-us-apac-row-ch/pf120_k100_a030,2030,eu,row,2.355257304840183e-08,69.99999999704421,225.25171303456747,236.69965837935075,245.13594654501344,197.24967143099207,8.436288165662685,19.565753437912722,3.3646532927709073e-10,False,39.449986948358685
af-eu-us-apac-row-ch/pf120_k100_a030,2030,us,ch,9.867715643607494e-09,349.9999999945944,107.79092379626243,254.0174324658147,278.7484324658147,211.75090040837495,24.731,-128.6909766121125,2.8193473267885417e-11,False,42.26653205743975
af-eu-us-apac-row-ch/pf120_k100_a030,2030,us,eu,4.493692739013568e-08,89.99999999685191,268.0139468022063,254.26394309254837,263.6609430925484,211.75090040837495,9.397,46.86604639383136,4.992991932411947e-10,False,42.51304268417343
af-eu-us-apac-row-ch/pf120_k100_a030,2030,us,us,36.47869659013247,64.99999999265533,262.99696822525607,211.75090040837495,211.75090040837495,211.75090040837495,0.0,51.24606781688112,0.5612107168346827,True,0.0
af-eu-us-apac-row-ch/pf120_k100_a030,2030,us,apac,2.101557816556839e-08,84.999999993059,218.36784007398003,253.95153577958962,268.6891919349133,211.75090040837495,14.73765615532369,-8.120716489718601,2.472420960857e-10,False,42.20063537121467
af-eu-us-apac-row-ch/pf120_k100_a030,2030,us,af,2.5995949529530684e-08,13.999999997550445,236.82023991865995,254.12527583141528,268.3252758314153,211.75090040837495,14.2,10.869339510285005,1.8568535381485106e-09,False,42.374375423040334
af-eu-us-apac-row-ch/pf120_k100_a030,2030,us,row,2.2561134012801747e-08,69.99999999704421,225.25171303456747,254.1938025870367,268.6436275529257,211.75090040837495,14.449824965889,-0.9490123396964734,3.2230191448220573e-10,False,42.44290217866177
af-eu-us-apac-row-ch/pf120_k100_a030,2030,apac,ch,1.4688465725325834e-08,349.9999999945944,107.79092379626243,147.6175546121658,160.85044756245105,123.55706235501908,13.23289295028525,-28.9990315090419,4.196704493015054e-11,False,24.06049225714672
af-eu-us-apac-row-ch/pf120_k100_a030,2030,apac,eu,54.41956042830733,89.99999999685191,268.0139468022063,156.92657602806335,173.23374954069578,123.55706235501908,16.30717351263244,128.1497109345548,0.6046617825578984,True,33.36951367304427
af-eu-us-apac-row-ch/pf120_k100_a030,2030,apac,us,28.521300290634297,64.99999999265533,262.99696822525607,154.53258844664595,168.24266925349193,123.55706235501908,13.71008080684597,125.72982506339103,0.4387892352901086,True,30.97552609162686
af-eu-us-apac-row-ch/pf120_k100_a030,2030,apac,apac,84.99999967764772,84.999999993059,218.36784007398003,123.55706235501908,123.55706235501908,123.55706235501908,0.0,94.81077771896095,0.999999996289279,True,0.0
af-eu-us-apac-row-ch/pf120_k100_a030,2030,apac,af,1.0298299318410657e-07,13.999999997550445,236.82023991865995,146.2921290624864,159.4647451994057,123.55706235501908,13.17261613691931,100.09056142672156,7.355928085866095e-09,False,22.73506670746731
af-eu-us-apac-row-ch/pf120_k100_a030,2030,apac,row,5.8690433686472764e-08,69.99999999704421,225.25171303456747,148.43591945819105,167.318334174749,123.55706235501908,18.88241471655794,82.81223596299046,8.384347669850143e-10,False,24.878857103171967
af-eu-us-apac-row-ch/pf120_k100_a030,2030,af,ch,1.3112072006663377e-08,349.9999999945944,107.79092379626243,143.1113104842796,147.6113104842796,119.25942540354018,4.5,-15.968501607277744,3.7463062876759675e-11,False,23.851885080739436
af-eu-us-apac-row-ch/pf120_k100_a030,2030,af,eu,5.8999801887663885,89.99999999685191,268.0139468022063,143.11131047411186,149.31131047411185,119.25942540354018,6.2,142.55452139866614,0.0655553354330307,True,23.851885070571683
af-eu-us-apac-row-ch/pf120_k100_a030,2030,af,us,2.532265207313126e-07,64.99999999265533,262.99696822525607,143.11131048436073,151.61131048436073,119.25942540354018,8.5,135.2375428217159,3.8957926270757835e-09,False,23.85188508082055
af-eu-us-apac-row-ch/pf120_k100_a030,2030,af,apac,3.750566051406437e-08,84.999999993059,218.36784007398003,143.11131048437005,150.1358826115094,119.25942540354018,7.024572127139364,92.08384254330049,4.412430649073769e-10,False,23.851885080829874
af-eu-us-apac-row-ch/pf120_k100_a030,2030,af,af,1.9593442254573125e-06,13.999999997550445,236.82023991865995,119.25942540354018,119.25942540354018,119.25942540354018,0.0,117.56081451511977,1.3995315898572395e-07,False,0.0
af-eu-us-apac-row-ch/pf120_k100_a030,2030,af,row,3.9809492757014866e-08,69.99999999704421,225.25171303456747,143.11131048437136,150.61131048437136,119.25942540354018,7.5,98.4922876310273,5.687070394099406e-10,False,23.85188508083118
af-eu-us-apac-row-ch/pf120_k100_a030,2030,row,ch,1.1638553348159257e-08,349.9999999945944,107.79092379626243,279.51512601438105,293.6375219188179,232.92928618307093,14.12239590443686,-139.26075829124537,3.3253009566682884e-11,False,46.585839831310125
af-eu-us-apac-row-ch/pf120_k100_a030,2030,row,eu,1.0856041826905184e-07,89.99999999685191,268.0139468022063,279.51511890155894,287.6387605397842,232.92928618307093,8.123641638225255,26.961018980910122,1.206226869698324e-09,False,46.58583271848801
af-eu-us-apac-row-ch/pf120_k100_a030,2030,row,us,7.031746621264634e-08,64.99999999265533,262.99696822525607,279.51511017285037,293.3025538588572,232.92928618307093,13.78744368600683,16.28023835617831,1.08180717262449e-09,False,46.58582398977944
af-eu-us-apac-row-ch/pf120_k100_a030,2030,row,apac,2.6438835901409223e-08,84.999999993059,218.36784007398003,279.5151170580004,299.26783137865493,232.92928618307093,19.75271432065455,-34.31416042974544,3.1104512827727276e-10,False,46.58583087492946
af-eu-us-apac-row-ch/pf120_k100_a030,2030,row,af,3.860430590562669e-08,13.999999997550445,236.82023991865995,279.515113953186,292.015113953186,232.92928618307093,12.5,-8.609046264410978,2.7574504223129443e-09,False,46.58582777011509
af-eu-us-apac-row-ch/pf120_k100_a030,2030,row,row,2.754707731684541e-07,69.99999999704421,225.25171303456747,232.92928618307093,232.92928618307093,232.92928618307093,0.0,-7.6775731485034555,3.935296759715515e-09,False,0.0
af-eu-us-apac-row-ch/pf120_k100_a030,2035,ch,ch,332.99999968244884,332.99999997537157,95.90883301759112,95.57583300040461,95.57583300040461,95.57583300040461,0.0,0.3330000171865066,0.9999999991203522,True,0.0
af-eu-us-apac-row-ch/pf120_k100_a030,2035,ch,eu,7.618831215555178e-07,94.99999998741205,228.30429256831698,222.09273585475083,238.21073585475082,95.57583300040461,16.118,116.61045956791236,8.01982233322601e-09,False,126.51690285434621
af-eu-us-apac-row-ch/pf120_k100_a030,2035,ch,us,2.6452495218181975e-06,69.9999999737879,217.66885085554705,209.44128846009613,220.57428846009614,95.57583300040461,11.133,110.96001785514244,3.778927889726763e-08,False,113.86545545969152
af-eu-us-apac-row-ch/pf120_k100_a030,2035,ch,apac,4.1111767957469294e-07,102.99999997509053,170.62514088021817,175.81884196218536,189.59926354106702,95.57583300040461,13.78042157888167,61.26888630093188,3.991433783243859e-09,False,80.24300896178075
af-eu-us-apac-row-ch/pf120_k100_a030,2035,ch,af,11.600023550609416,19.999999989153558,241.10632440422032,230.59472503471952,241.09472503471952,95.57583300040461,10.5,135.0304914038157,0.5800011778450183,True,135.0188920343149
af-eu-us-apac-row-ch/pf120_k100_a030,2035,ch,row,8.025874588804475e-07,78.99999998785196,207.26125878093586,202.58943537696737,217.18588768657327,95.57583300040461,14.59645230960589,97.08897347092535,1.0159334924099538e-08,False,107.01360237656276
af-eu-us-apac-row-ch/pf120_k100_a030,2035,eu,ch,5.0345114775592205e-08,332.99999997537157,95.90883301759112,210.56003161595626,226.67803161595626,175.4666750022766,16.118,-95.67584198468546,1.511865308688159e-10,False,35.093356613679674
af-eu-us-apac-row-ch/pf120_k100_a030,2035,eu,eu,31.995906002166613,94.99999998741205,228.30429256831698,175.4666750022766,175.4666750022766,175.4666750022766,0.0,52.83761756604039,0.33679901059374967,True,0.0
af-eu-us-apac-row-ch/pf120_k100_a030,2035,eu,us,1.0827137591157179e-07,69.9999999737879,217.66885085554705,210.5599880724546,229.31998807245458,175.4666750022766,18.76,23.44217585327046,1.5467339421730705e-09,False,35.093313070178
af-eu-us-apac-row-ch/pf120_k100_a030,2035,eu,apac,6.936490252344638e-08,102.99999997509053,170.62514088021817,210.560012505539,228.6936527087541,175.4666750022766,18.13364020321509,-22.97517432527351,6.734456557303064e-10,False,35.093337503262404
af-eu-us-apac-row-ch/pf120_k100_a030,2035,eu,af,2.339351940382411e-07,19.999999989153558,241.10632440422032,210.55999416267946,220.35999416267947,175.4666750022766,9.8,55.83964940194373,1.1696759708255466e-08,False,35.09331916040287
af-eu-us-apac-row-ch/pf120_k100_a030,2035,eu,row,1.0809017007908382e-07,78.99999998785196,207.26125878093586,210.55997454489778,218.99626271056047,175.4666750022766,8.436288165662685,23.35829561299659,1.3682300012114572e-09,False,35.093299542621196
af-eu-us-apac-row-ch/pf120_k100_a030,2035,us,ch,5.0163802423602535e-08,332.99999997537157,95.90883301759112,226.0397870401879,250.77078704018788,188.3664806833128,24.731,-117.18864766572167,1.506420493312691e-10,False,37.67330635687509
af-eu-us-apac-row-ch/pf120_k100_a030,2035,us,eu,1.9836410715372457e-07,94.99999998741205,228.30429256831698,226.03974198042636,235.43674198042635,188.3664806833128,9.397,30.54081188500418,2.0880432334737763e-09,False,37.673261297113555
af-eu-us-apac-row-ch/pf120_k100_a030,2035,us,us,36.47812140008552,69.9999999737879,217.66885085554705,188.3664806833128,188.3664806833128,188.3664806833128,0.0,29.302370172234248,0.5211160201963582,True,0.0
af-eu-us-apac-row-ch/pf120_k100_a030,2035,us,apac,7.843389935735925e-08,102.99999997509053,170.62514088021817,226.03977233256538,240.77742848788907,188.3664806833128,14.73765615532369,-32.478995958418324,7.614941687022103e-10,False,37.673291649252576
af-eu-us-apac-row-ch/pf120_k100_a030,2035,us,af,2.7166451439979484e-07,19.999999989153558,241.10632440422032,226.03976848741377,240.23976848741376,188.3664806833128,14.2,38.53984372090751,1.3583225727356225e-08,False,37.673287804100966
af-eu-us-apac-row-ch/pf120_k100_a030,2035,us,row,1.1899707316093618e-07,78.99999998785196,207.26125878093586,226.0397526522111,240.4895776181001,188.3664806833128,14.449824965889,4.44495313173406,1.5062920655599326e-09,False,37.67327196889829
af-eu-us-apac-row-ch/pf120_k100_a030,2035,apac,ch,8.980234026259017e-08,332.99999997537157,95.90883301759112,121.89608407701624,135.1289770273015,109.9122079504653,13.23289295028525,-27.236267883159428,2.6967669750520086e-10,False,11.983876126550939
af-eu-us-apac-row-ch/pf120_k100_a030,2035,apac,eu,63.004092668364,94.99999998741205,228.30429256831698,151.32418208362108,167.6313555962535,109.9122079504653,16.30717351263244,102.08491110521925,0.6632009755443404,True,41.41197413315578
af-eu-us-apac-row-ch/pf120_k100_a030,2035,apac,us,33.52187554376312,69.9999999737879,217.66885085554705,143.31531525369806,157.02539606054404,109.9122079504653,13.71008080684597,94.04656209823578,0.4788839365187954,True,33.40310730323276
af-eu-us-apac-row-ch/pf120_k100_a030,2035,apac,apac,102.9999992601622,102.99999997509053,170.62514088021817,109.9122079504653,109.9122079504653,109.9122079504653,0.0,60.71293292975287,0.9999999930589483,True,0.0
af-eu-us-apac-row-ch/pf120_k100_a030,2035,apac,af,6.689191730933886e-06,19.999999989153558,241.10632440422032,170.0968626558567,183.26947879277603,109.9122079504653,13.17261613691931,118.0215003168357,3.344595867280791e-07,False,60.18465470539141
af-eu-us-apac-row-ch/pf120_k100_a030,2035,apac,row,23.80222212633976,78.99999998785196,207.26125878093586,127.7451091865979,146.62752390315583,109.9122079504653,18.88241471655794,78.46663611391261,0.3012939510126568,True,17.8329012361326
af-eu-us-apac-row-ch/pf120_k100_a030,2035,af,ch,5.170931779227873e-08,332.99999997537157,95.90883301759112,127.3070095565734,131.8070095565734,106.08917463044914,4.5,-14.680341612858015,1.5528323662493427e-10,False,21.21783492612427
af-eu-us-apac-row-ch/pf120_k100_a030,2035,af,eu,9.259714207826963e-08,94.99999998741205,228.30429256831698,127.30700955669386,133.50700955669384,106.08917463044914,6.2,116.01511793786784,9.74706758847781e-10,False,21.21783492624472
af-eu-us-apac-row-ch/pf120_k100_a030,2035,af,us,1.0595695702694158e-07,69.9999999737879,217.66885085554705,127.30700955658116,135.80700955658116,106.08917463044914,8.5,103.07967622509791,1.513670815237401e-09,False,21.217834926132028
af-eu-us-apac-row-ch/pf120_k100_a030,2035,af,apac,7.511115666385162e-08,102.99999997509053,170.62514088021817,127.30700955658367,134.33158168372302,106.08917463044914,7.024572127139364,57.51139412262967,7.292345308933637e-10,False,21.21783492613453
af-eu-us-apac-row-ch/pf120_k100_a030,2035,af,af,8.399968852030357,19.999999989153558,241.10632440422032,106.08917463044914,106.08917463044914,106.08917463044914,0.0,135.01714977377117,0.4199984428292923,True,0.0
af-eu-us-apac-row-ch/pf120_k100_a030,2035,af,row,9.741264251453395e-08,78.99999998785196,207.26125878093586,127.30700955656445,134.80700955656445,106.08917463044914,7.5,93.67208415048673,1.2330714244242194e-09,False,21.217834926115316
af-eu-us-apac-row-ch/pf120_k100_a030,2035,row,ch,5.0902193028397666e-08,332.99999997537157,95.90883301759112,248.64786383998205,262.7702597444189,207.20606052566248,14.12239590443686,-125.41962341250822,1.5285943853502208e-10,False,41.44180331431957
af-eu-us-apac-row-ch/pf120_k100_a030,2035,row,eu,2.640370475219597e-07,94.99999998741205,228.30429256831698,248.65152053912118,256.77516217734643,207.20606052566248,8.123641638225255,12.974590404429247,2.7793373427046934e-09,False,41.4454600134587
af-eu-us-apac-row-ch/pf120_k100_a030,2035,row,us,1.7046138082910415e-07,69.9999999737879,217.66885085554705,248.65363292604945,262.4410766120563,207.20606052566248,13.78744368600683,-3.32465335612226,2.435162584184784e-09,False,41.447572400386974
af-eu-us-apac-row-ch/pf120_k100_a030,2035,row,apac,8.090068286577594e-08,102.99999997509053,170.62514088021817,248.6481352791609,268.40084959981544,207.20606052566248,19.75271432065455,-56.33363396609886,7.854435231586497e-10,False,41.44207475349842
af-eu-us-apac-row-ch/pf120_k100_a030,2035,row,af,3.917223501929506e-07,19.999999989153558,241.10632440422032,248.6641174889123,261.1641174889123,207.20606052566248,12.5,21.400263878557837,1.9586117520269512e-08,False,41.45805696324982
af-eu-us-apac-row-ch/pf120_k100_a030,2035,row,row,55.19777673442486,78.99999998785196,207.26125878093586,207.20606052566248,207.20606052566248,207.20606052566248,0.0,0.05519825527338185,0.6987060347204148,True,0.0
af-eu-us-apac-row-ch/pf120_k100_a030,2040,ch,ch,315.99999995761954,315.9999999977185,86.65125720179591,86.33525719941149,86.33525719941149,86.33525719941149,0.0,0.3160000023844276,0.9999999998731046,True,0.0
af-eu-us-apac-row-ch/pf120_k100_a030,2040,ch,eu,48.19400949853849,98.99999999873025,202.55261893171706,186.386424934102,202.504424934102,86.33525719941149,16.118,100.09936173230558,0.4868081767591578,True,100.05116773469051
af-eu-us-apac-row-ch/pf120_k100_a030,2040,ch,us,1.3898383435808652e-07,74.99999999752184,177.393514556331,170.80121284941265,181.93421284941266,86.33525719941149,11.133,79.92525735691953,1.8531177915023846e-09,False,84.46595565000116
af-eu-us-apac-row-ch/pf120_k100_a030,2040,ch,apac,3.5170746990169554e-08,125.99999999763743,126.04046103238892,135.5721550085512,149.35257658743285,86.33525719941149,13.78042157888167,25.92478225409576,2.7913291262562717e-10,False,49.236897809139705
af-eu-us-apac-row-ch/pf120_k100_a030,2040,ch,af,1.1682829934049367e-07,27.999999999013564,166.95449068820275,161.4772137179522,171.9772137179522,86.33525719941149,10.5,70.11923348879127,4.1724392623074825e-09,False,75.14195651854071
af-eu-us-apac-row-ch/pf120_k100_a030,2040,ch,row,3.242314723815755e-08,88.99999999877156,180.22833832203332,190.8222728709908,205.41872518059668,86.33525719941149,14.59645230960589,79.29662881301594,3.6430502515286605e-10,False,104.4870156715793
af-eu-us-apac-row-ch/pf120_k100_a030,2040,eu,ch,5.2433568447749604e-09,315.9999999977185,86.65125720179591,190.20213239472406,206.32013239472406,158.50199826333673,16.118,-87.96874106154081,1.65929014076355e-11,False,31.70013413138733
af-eu-us-apac-row-ch/pf120_k100_a030,2040,eu,eu,38.80439229375863,98.99999999873025,202.55261893171706,158.50199826333673,158.50199826333673,158.50199826333673,0.0,44.05062066838033,0.3919635585278417,True,0.0
af-eu-us-apac-row-ch/pf120_k100_a030,2040,eu,us,1.1085867555682426e-08,74.99999999752184,177.393514556331,190.20195057962724,208.96195057962723,158.50199826333673,18.76,0.1315162929942808,1.4781156741398302e-10,False,31.699952316290506
af-eu-us-apac-row-ch/pf120_k100_a030,2040,eu,apac,6.727374010251601e-09,125.99999999763743,126.04046103238892,190.20206868409173,208.33570888730682,158.50199826333673,18.13364020321509,-50.595177434162906,5.3391857225220177e-11,False,31.700070420754997
af-eu-us-apac-row-ch/pf120_k100_a030,2040,eu,af,1.1020128311435547e-08,27.999999999013564,166.95449068820275,190.20213851385853,200.00213851385854,158.50199826333673,9.8,-1.347507575133978,3.9357601113656375e-10,False,31.700140250521798
af-eu-us-apac-row-ch/pf120_k100_a030,2040,eu,row,1.3148272988559299e-08,88.99999999877156,180.22833832203332,190.20192170616326,198.63820987182595,158.50199826333673,8.436288165662685,13.290051893033908,1.4773340436787394e-10,False,31.69992344282653
af-eu-us-apac-row-ch/pf120_k100_a030,2040,us,ch,6.3871232400294875e-09,315.9999999977185,86.65125720179591,204.18552526044493,228.91652526044493,170.1546096644843,24.731,-108.23435246268838,2.0212415316694946e-11,False,34.030915595960636
af-eu-us-apac-row-ch/pf120_k100_a030,2040,us,eu,5.947262866212226e-08,98.99999999873025,202.55261893171706,204.18549921219605,213.58249921219604,170.1546096644843,9.397,23.001009267232767,6.007336228574246e-10,False,34.03088954771175
af-eu-us-apac-row-ch/pf120_k100_a030,2040,us,us,36.47704093533423,74.99999999752184,177.393514556331,170.1546096644843,170.1546096644843,170.1546096644843,0.0,7.238904891846715,0.4863605458205268,True,0.0
af-eu-us-apac-row-ch/pf120_k100_a030,2040,us,apac,9.189542567078608e-09,125.99999999763743,126.04046103238892,204.18551272080862,218.9231688761323,170.1546096644843,14.73765615532369,-58.85180478741907,7.293287751786442e-11,False,34.03090305632432
af-eu-us-apac-row-ch/pf120_k100_a030,2040,us,af,1.4768658664094525e-08,27.999999999013564,166.95449068820275,204.185519524277,218.385519524277,170.1546096644843,14.2,-17.400118976281544,5.274520951648151e-10,False,34.0309098597927
af-eu-us-apac-row-ch/pf120_k100_a030,2040,us,row,1.995889536934791e-08,88.99999999877156,180.22833832203332,204.18551772862583,218.63534269451483,170.1546096644843,14.449824965889,-4.376096308339974,2.242572513440831e-10,False,34.03090806414153
af-eu-us-apac-row-ch/pf120_k100_a030,2040,apac,ch,1.4242390231405412e-08,315.9999999977185,86.65125720179591,118.91920035660054,132.1520933068858,99.28554577932321,13.23289295028525,-25.867181527812548,4.507085516300077e-11,False,19.633654577277326
af-eu-us-apac-row-ch/pf120_k100_a030,2040,apac,eu,1.1016298509432292,98.99999999873025,202.55261893171706,159.61542935632355,175.92260286895598,99.28554577932321,16.30717351263244,86.9598996397614,0.01112757425209453,True,60.32988357700033
af-eu-us-apac-row-ch/pf120_k100_a030,2040,apac,us,38.52295887566921,74.99999999752184,177.393514556331,137.01599555190847,150.72607635875445,99.28554577932321,13.71008080684597,64.39788797016183,0.5136394516925612,True,37.73044977258526
af-eu-us-apac-row-ch/pf120_k100_a030,2040,apac,apac,125.99999992805259,125.99999999763743,126.04046103238892,99.28554577932321,99.28554577932321,99.28554577932321,0.0,26.754915253065704,0.9999999994477393,True,0.0
af-eu-us-apac-row-ch/pf120_k100_a030,2040,apac,af,27.999999822899614,27.999999999013564,166.95449068820275,127.12495935394018,140.2975754908595,99.28554577932321,13.17261613691931,54.49632877196023,0.9999999937102161,True,27.83941357461697
af-eu-us-apac-row-ch/pf120_k100_a030,2040,apac,row,88.99999980223377,88.99999999877156,180.22833832203332,134.6280083564923,153.51042307305025,99.28554577932321,18.88241471655794,62.06037782615217,0.9999999977917103,True,35.34246257716909
af-eu-us-apac-row-ch/pf120_k100_a030,2040,af,ch,8.041560581429988e-09,315.9999999977185,86.65125720179591,114.99856258963965,119.49856258963965,95.83213549134676,4.5,-13.680878289550847,2.5447976523696354e-11,False,19.166427098292885
af-eu-us-apac-row-ch/pf120_k100_a030,2040,af,eu,10.899968267209381,98.99999999873025,202.55261893171706,114.99856258929023,121.19856258929023,95.83213549134676,6.2,100.5204834403703,0.11010068956918366,True,19.16642709794347
af-eu-us-apac-row-ch/pf120_k100_a030,2040,af,us,2.2389821676926712e-08,74.99999999752184,177.393514556331,114.99856258965406,123.49856258965406,95.83213549134676,8.5,73.06137906498425,2.9853095570222026e-10,False,19.166427098307295
af-eu-us-apac-row-ch/pf120_k100_a030,2040,af,apac,1.0866118284685978e-08,125.99999999763743,126.04046103238892,114.99856258964772,122.02313471678708,95.83213549134676,7.024572127139364,23.183753413902792,8.62390340070613e-11,False,19.166427098300957
af-eu-us-apac-row-ch/pf120_k100_a030,2040,af,af,2.1568281851900196e-08,27.999999999013564,166.95449068820275,95.83213549134676,95.83213549134676,95.83213549134676,0.0,71.12235519685599,7.702957804521444e-10,False,0.0
af-eu-us-apac-row-ch/pf120_k100_a030,2040,af,row,2.304349150851139e-08,88.99999999877156,180.22833832203332,114.99856258956174,122.49856258956174,95.83213549134676,7.5,76.89620283068656,2.58915634930668e-10,False,19.16642709821498
af-eu-us-apac-row-ch/pf120_k100_a030,2040,row,ch,6.1845607523845485e-09,315.9999999977185,86.65125720179591,224.60726678927938,238.72966269371625,187.17271895170572,14.12239590443686,-114.64385765434666,1.9571394786168358e-11,False,37.43454783757366
af-eu-us-apac-row-ch/pf120_k100_a030,2040,row,eu,2.880789344842389e-08,98.99999999873025,202.55261893171706,224.60722958561962,232.73087122384487,187.17271895170572,8.123641638225255,7.25625834178609,2.9098882271508456e-10,False,37.4345106339139
af-eu-us-apac-row-ch/pf120_k100_a030,2040,row,us,1.4058876807752515e-08,74.99999999752184,177.393514556331,224.6072943976367,238.39473808364355,187.17271895170572,13.78744368600683,-23.566648081381537,1.8745169077622734e-10,False,37.43457544593099
af-eu-us-apac-row-ch/pf120_k100_a030,2040,row,apac,7.631065355508382e-09,125.99999999763743,126.04046103238892,224.60723399326682,244.35994831392136,187.17271895170572,19.75271432065455,-80.88497223997135,6.056401075913863e-11,False,37.4345150415611
af-eu-us-apac-row-ch/pf120_k100_a030,2040,row,af,1.1928584818973019e-08,27.999999999013564,166.95449068820275,224.6072497889753,237.1072497889753,187.17271895170572,12.5,-32.718228263502965,4.260208864069022e-10,False,37.43453083726959
af-eu-us-apac-row-ch/pf120_k100_a030,2040,row,row,1.0796395860524533e-07,88.99999999877156,180.22833832203332,187.17271895170572,187.17271895170572,187.17271895170572,0.0,-6.944380629672395,1.213078186592534e-09,False,0.0
af-eu-us-apac-row-ch/pf120_k100_a040,2025,ch,ch,323.99999999339985,323.9999999992345,163.32399999975217,163.0,163.0,163.0,0.0,0.32399999975217497,0.9999999999819918,True,0.0
af-eu-us-apac-row-ch/pf120_k100_a040,2025,ch,eu,37.99999980748287,74.99999999956846,342.5430519097836,326.3870519126084,342.5050519126084,163.0,16.118,163.42505190978363,0.5066666641026869,True,163.3870519126084
af-eu-us-apac-row-ch/pf120_k100_a040,2025,ch,us,1.0881091049969083e-07,44.999999998930946,318.62030961312223,308.1548155945678,319.2878155945678,163.0,11.133,144.48730961312222,2.4180202333839073e-09,False,145.15481559456782
af-eu-us-apac-row-ch/pf120_k100_a040,2025,ch,apac,6.107375778374259e-09,49.9999999990598,252.63858657424086,277.0898453259668,290.87026690484845,163.0,13.78042157888167,75.85816499535919,1.2214751556978205e-10,False,114.08984532596679
af-eu-us-apac-row-ch/pf120_k100_a040,2025,ch,af,6.599999938974234,9.999999999651878,392.1901376031869,381.6835376411356,392.1835376411356,163.0,10.5,218.69013760318688,0.6599999939203994,True,218.68353764113562
af-eu-us-apac-row-ch/pf120_k100_a040,2025,ch,row,44.999999908063735,44.999999999568445,348.4999234180348,333.85847111840724,348.4549234280131,163.0,14.59645230960589,170.90347110842893,0.999999997966562,True,170.85847111840724
af-eu-us-apac-row-ch/pf120_k100_a040,2025,eu,ch,1.041686292585354e-09,323.9999999992345,163.32399999975217,359.1000098784464,375.21800987844637,299.25,16.118,-152.04400000024782,3.2150811499623927e-12,False,59.85000987844637
af-eu-us-apac-row-ch/pf120_k100_a040,2025,eu,eu,21.999999975078865,74.99999999956846,342.5430519097836,299.25,299.25,299.25,0.0,43.29305190978363,0.29333333300273934,True,0.0
af-eu-us-apac-row-ch/pf120_k100_a040,2025,eu,us,2.209849171115072e-09,44.999999998930946,318.62030961312223,359.0999847913666,377.85998479136657,299.25,18.76,0.6103096131222294,4.910775935927936e-11,False,59.84998479136658
af-eu-us-apac-row-ch/pf120_k100_a040,2025,eu,apac,1.4786169085783868e-09,49.9999999990598,252.63858657424086,359.10000106880534,377.2336412720204,299.25,18.13364020321509,-64.74505362897423,2.957233817212381e-11,False,59.85000106880534
af-eu-us-apac-row-ch/pf120_k100_a040,2025,eu,af,1.1924785405299674e-08,9.999999999651878,392.1901376031869,359.0998400980926,368.8998400980926,299.25,9.8,83.14013760318689,1.1924785405714802e-09,False,59.84984009809261
af-eu-us-apac-row-ch/pf120_k100_a040,2025,eu,row,3.2662520974425972e-09,44.999999999568445,348.4999234180348,359.09996967735265,367.53625784301533,299.25,8.436288165662685,40.81363525237214,7.258337994386491e-11,False,59.84996967735265
af-eu-us-apac-row-ch/pf120_k100_a040,2025,us,ch,1.0743494594741145e-09,323.9999999992345,163.32399999975217,385.492875145041,410.223875145041,321.25,24.731,-182.65700000024782,3.3158933934464595e-12,False,64.24287514504101
af-eu-us-apac-row-ch/pf120_k100_a040,2025,us,eu,4.57122105956021e-09,74.99999999956846,342.5430519097836,385.4926743923231,394.8896743923231,321.25,9.397,11.896051909783628,6.094961412782015e-11,False,64.24267439232312
af-eu-us-apac-row-ch/pf120_k100_a040,2025,us,us,1.2776488273231287e-07,44.999999998930946,318.62030961312223,321.25,321.25,321.25,0.0,-2.629690386877769,2.83921961634107e-09,False,0.0
af-eu-us-apac-row-ch/pf120_k100_a040,2025,us,apac,1.7146651863868138e-09,49.9999999990598,252.63858657424086,385.5000352843796,400.23769143970327,321.25,14.73765615532369,-83.34906958108283,3.4293303728381125e-11,False,64.25003528437958
af-eu-us-apac-row-ch/pf120_k100_a040,2025,us,af,4.605032654105581e-08,9.999999999651878,392.1901376031869,385.48309300395397,399.68309300395396,321.25,14.2,56.74013760318688,4.605032654265892e-09,False,64.23309300395397
af-eu-us-apac-row-ch/pf120_k100_a040,2025,us,row,4.537816189183802e-09,44.999999999568445,348.4999234180348,385.49466186111476,399.94448682700374,321.25,14.449824965889,12.800098452145825,1.0084035976060712e-10,False,64.24466186111476
af-eu-us-apac-row-ch/pf120_k100_a040,2025,apac,ch,1.907819471645313e-09,323.9999999992345,163.32399999975217,225.98184670789666,239.2147396581819,187.45,13.23289295028525,-37.35889295053306,5.888331702622903e-12,False,38.531846707896676
af-eu-us-apac-row-ch/pf120_k100_a040,2025,apac,eu,15.000000208320937,74.99999999956846,342.5430519097836,261.08229186025153,277.389465372884,187.45,16.30717351263244,138.7858783971512,0.2000000027787633,True,73.63229186025154
af-eu-us-apac-row-ch/pf120_k100_a040,2025,apac,us,44.99999975674775,44.999999998930946,318.62030961312223,239.72664223138054,253.43672303822652,187.45,13.71008080684597,117.46022880627628,0.9999999946181511,True,52.27664223138055
af-eu-us-apac-row-ch/pf120_k100_a040,2025,apac,apac,49.999999987201186,49.9999999990598,252.63858657424086,187.45,187.45,187.45,0.0,65.18858657424087,0.9999999997628276,True,0.0
af-eu-us-apac-row-ch/pf120_k100_a040,2025,apac,af,4.399383256361584e-09,9.999999999651878,392.1901376031869,360.2547230021823,373.4273391391016,187.45,13.17261613691931,191.56752146626758,4.3993832565147356e-10,False,172.8047230021823
af-eu-us-apac-row-ch/pf120_k100_a040,2025,apac,row,3.7383927822612364e-08,44.999999999568445,348.4999234180348,269.9075923787796,288.79000709533756,187.45,18.88241471655794,142.1675087014769,8.307539516215752e-10,False,82.45759237877962
af-eu-us-apac-row-ch/pf120_k100_a040,2025,af,ch,8.454878322720368e-10,323.9999999992345,163.32399999975217,217.11600000003136,221.61600000003136,180.93,4.5,-22.106000000247832,2.6095303465247976e-12,False,36.186000000031356
af-eu-us-apac-row-ch/pf120_k100_a040,2025,af,eu,1.1638548284015259e-09,74.99999999956846,342.5430519097836,217.11600000003503,223.31600000003502,180.93,6.2,155.41305190978363,1.55180643787763e-11,False,36.18600000003502
af-eu-us-apac-row-ch/pf120_k100_a040,2025,af,us,1.2363919454540123e-09,44.999999998930946,318.62030961312223,217.11600000003602,225.61600000003602,180.93,8.5,129.19030961312222,2.7475376566297445e-11,False,36.18600000003602
af-eu-us-apac-row-ch/pf120_k100_a040,2025,af,apac,1.1423637159613494e-09,49.9999999990598,252.63858657424086,217.11600000004432,224.14057212718367,180.93,7.024572127139364,64.68401444710149,2.2847274319656607e-11,False,36.18600000004432
af-eu-us-apac-row-ch/pf120_k100_a040,2025,af,af,3.399999993706736,9.999999999651878,392.1901376031869,180.93,180.93,180.93,0.0,211.26013760318688,0.3399999993825097,True,0.0
af-eu-us-apac-row-ch/pf120_k100_a040,2025,af,row,8.871026760757394e-10,44.999999999568445,348.4999234180348,217.1160000000662,224.6160000000662,180.93,7.5,160.06992341803482,1.971339280187215e-11,False,36.1860000000662
af-eu-us-apac-row-ch/pf120_k100_a040,2025,row,ch,9.653299992847816e-10,323.9999999992345,163.32399999975217,424.0559969055299,438.1783928099668,353.38,14.12239590443686,-204.1783959046847,2.979413578046489e-12,False,70.67599690552993
af-eu-us-apac-row-ch/pf120_k100_a040,2025,row,eu,2.950706112913787e-09,74.99999999956846,342.5430519097836,424.0560027294995,432.17964436772473,353.38,8.123641638225255,-18.960589728441622,3.93427481724102e-11,False,70.67600272949949
af-eu-us-apac-row-ch/pf120_k100_a040,2025,row,us,2.161163915802982e-09,44.999999998930946,318.62030961312223,424.0560037025356,437.8434473885424,353.38,13.78744368600683,-48.547134072884596,4.802586479676276e-11,False,70.67600370253558
af-eu-us-apac-row-ch/pf120_k100_a040,2025,row,apac,1.4155914823073432e-09,49.9999999990598,252.63858657424086,424.0560063408518,443.80872066150636,353.38,19.75271432065455,-120.49412774641368,2.831182964667924e-11,False,70.67600634085181
af-eu-us-apac-row-ch/pf120_k100_a040,2025,row,af,4.596412784765621e-09,9.999999999651878,392.1901376031869,424.05600371637024,436.55600371637024,353.38,12.5,26.310137603186888,4.5964127849256316e-10,False,70.67600371637025
af-eu-us-apac-row-ch/pf120_k100_a040,2025,row,row,4.5429613299028785e-08,44.999999999568445,348.4999234180348,353.38,353.38,353.38,0.0,-4.88007658196517,1.0095469622103213e-09,False,0.0
af-eu-us-apac-row-ch/pf120_k100_a040,2030,ch,ch,349.9999998666788,349.99999998548265,107.79092393609515,107.44092378697313,107.44092378697313,107.44092378697313,0.0,0.3500001491220246,0.9999999996605605,True,0.0
af-eu-us-apac-row-ch/pf120_k100_a040,2030,ch,eu,3.7611946513992775e-07,89.99999999093085,323.5541753971977,319.87171083578227,335.98971083578226,107.44092378697313,16.118,199.99525161022456,4.179105168642541e-09,False,212.43078704880912
af-eu-us-apac-row-ch/pf120_k100_a040,2030,ch,us,3.6224750645616592,64.99999998023969,270.8150560251407,259.67843675493225,270.81143675493223,107.44092378697313,11.133,152.24113223816752,0.05573038562558321,True,152.2375129679591
af-eu-us-apac-row-ch/pf120_k100_a040,2030,ch,apac,9.460244323876578,84.99999998066333,234.32706499529073,220.5371833589528,234.31760493783446,107.44092378697313,13.78042157888167,113.10571962943592,0.11129699207092578,True,113.09625957197967
af-eu-us-apac-row-ch/pf120_k100_a040,2030,ch,af,2.2720981166240275e-07,13.999999992936967,322.92768375710966,339.64512634419,350.14512634419,107.44092378697313,10.5,204.98675997013652,1.62292722697879e-08,False,232.20420255721683
af-eu-us-apac-row-ch/pf120_k100_a040,2030,ch,row,2.3593070960592838e-07,69.99999999145865,290.9627812153157,298.8491994964859,313.44565180609175,107.44092378697313,14.59645230960589,168.92540511873668,3.3704387090673783e-09,False,191.40827570951274
af-eu-us-apac-row-ch/pf120_k100_a040,2030,eu,ch,2.0540594392965476e-08,349.99999998548265,107.79092393609515,236.69963823290436,252.81763823290436,197.24967143099207,16.118,-105.5767474948969,5.868741255376418e-11,False,39.449966801912296
af-eu-us-apac-row-ch/pf120_k100_a040,2030,eu,eu,33.285459788347744,89.99999999093085,323.5541753971977,197.24967143099207,197.24967143099207,197.24967143099207,0.0,126.30450396620563,0.3698384421300207,True,0.0
af-eu-us-apac-row-ch/pf120_k100_a040,2030,eu,us,4.7042412262236634e-08,64.99999998023969,270.8150560251407,236.69959319901622,255.4595931990162,197.24967143099207,18.76,54.805384594148606,7.237294196390423e-10,False,39.449921768024154
af-eu-us-apac-row-ch/pf120_k100_a040,2030,eu,apac,3.6628098518705785e-08,84.99999998066333,234.32706499529073,236.6995686283748,254.8332088315899,197.24967143099207,18.13364020321509,18.94375336108357,4.309188062004508e-10,False,39.44989719738274
af-eu-us-apac-row-ch/pf120_k100_a040,2030,eu,af,1.1339860168574098e-07,13.999999992936967,322.92768375710966,236.699863386296,246.499863386296,197.24967143099207,9.8,115.8780123261176,8.099900124496488e-09,False,39.45019195530392
af-eu-us-apac-row-ch/pf120_k100_a040,2030,eu,row,6.47935967371995e-08,69.99999999145865,290.9627812153157,236.6996615412433,245.135949706906,197.24967143099207,8.436288165662685,85.27682161866096,9.256228106443653e-10,False,39.449990110251235
af-eu-us-apac-row-ch/pf120_k100_a040,2030,us,ch,2.4768515484765386e-08,349.99999998548265,107.79092393609515,252.43636507721243,277.1673650772124,211.75090040837495,24.731,-128.6909764722798,7.076718710226496e-11,False,40.68546466883748
af-eu-us-apac-row-ch/pf120_k100_a040,2030,us,eu,4.921754401832604e-05,89.99999999093085,323.5541753971977,255.38393942821895,264.78093942821897,211.75090040837495,9.397,102.40627498882274,5.46861600258729e-07,False,43.633039019844006
af-eu-us-apac-row-ch/pf120_k100_a040,2030,us,us,61.377524666302016,64.99999998023969,270.8150560251407,211.75090040837495,211.75090040837495,211.75090040837495,0.0,59.06415561676573,0.9442696105378626,True,0.0
af-eu-us-apac-row-ch/pf120_k100_a040,2030,us,apac,6.094378221242032e-08,84.99999998066333,234.32706499529073,252.16197895922448,266.8996351145482,211.75090040837495,14.73765615532369,7.838508431592091,7.169856732504051e-10,False,40.41107855084954
af-eu-us-apac-row-ch/pf120_k100_a040,2030,us,af,3.7234017634527875e-07,13.999999992936967,322.92768375710966,253.93021631506582,268.1302163150658,211.75090040837495,14.2,96.97678334873471,2.6595726895223233e-08,False,42.179315906690874
af-eu-us-apac-row-ch/pf120_k100_a040,2030,us,row,1.5446893136322201e-07,69.99999999145865,290.9627812153157,252.80967352360005,267.25949848948903,211.75090040837495,14.449824965889,64.76205584105176,2.20669901974386e-09,False,41.05877311522511
af-eu-us-apac-row-ch/pf120_k100_a040,2030,apac,ch,2.9375959155319106e-08,349.99999998548265,107.79092393609515,171.84001044945467,185.07290339973991,123.55706235501908,13.23289295028525,-28.999031369209177,8.393131187582161e-11,False,48.28294809443558
af-eu-us-apac-row-ch/pf120_k100_a040,2030,apac,eu,56.71449021617024,89.99999999093085,323.5541753971977,196.49582448333933,212.80299799597177,123.55706235501908,16.30717351263244,183.6899395295462,0.6301610024653919,True,72.93876212832025
af-eu-us-apac-row-ch/pf120_k100_a040,2030,apac,us,8.337750986752605e-08,64.99999998023969,270.8150560251407,210.50142433496518,224.21150514181116,123.55706235501908,13.71008080684597,133.54791286327563,1.2827309214288186e-09,False,86.9443619799461
af-eu-us-apac-row-ch/pf120_k100_a040,2030,apac,apac,75.53975547259597,84.99999998066333,234.32706499529073,123.55706235501908,123.55706235501908,123.55706235501908,0.0,110.77000264027164,0.8887030057621238,True,0.0
af-eu-us-apac-row-ch/pf120_k100_a040,2030,apac,af,8.10001693593539,13.999999992936967,322.92768375710966,199.05250545468348,212.2251215916028,123.55706235501908,13.17261613691931,186.19800526517128,0.5785726385729906,True,75.4954430996644
af-eu-us-apac-row-ch/pf120_k100_a040,2030,apac,row,30.831806552601435,69.99999999145865,290.9627812153157,161.35507190893017,180.23748662548812,123.55706235501908,18.88241471655794,148.5233041437387,0.4404543793766216,True,37.798009553911086
af-eu-us-apac-row-ch/pf120_k100_a040,2030,af,ch,2.152619958499878e-08,349.99999998548265,107.79092393609515,143.1113104842636,147.6113104842636,119.25942540354018,4.5,-15.968501467445023,6.150342738826184e-11,False,23.851885080723434
af-eu-us-apac-row-ch/pf120_k100_a040,2030,af,eu,1.5211612033303366e-07,89.99999999093085,323.5541753971977,143.11131048417795,149.31131048417794,119.25942540354018,6.2,198.09474999365753,1.6901791149818018e-09,False,23.85188508063777
af-eu-us-apac-row-ch/pf120_k100_a040,2030,af,us,5.493467157101135e-08,64.99999998023969,270.8150560251407,143.11131048428513,151.61131048428513,119.25942540354018,8.5,143.0556306216005,8.451487936571038e-10,False,23.85188508074495
af-eu-us-apac-row-ch/pf120_k100_a040,2030,af,apac,4.302289370570754e-08,84.99999998066333,234.32706499529073,143.11131048427234,150.1358826114117,119.25942540354018,7.024572127139364,108.04306746461118,5.061516907705274e-10,False,23.85188508073216
af-eu-us-apac-row-ch/pf120_k100_a040,2030,af,af,5.89998213190471,13.999999992936967,322.92768375710966,119.25942540354018,119.25942540354018,119.25942540354018,0.0,203.66825835356948,0.42142729534866175,True,0.0
af-eu-us-apac-row-ch/pf120_k100_a040,2030,af,row,7.996999840069105e-08,69.99999999145865,290.9627812153157,143.11131048428223,150.61131048428223,119.25942540354018,7.5,164.20335581177554,1.1424285487206991e-09,False,23.85188508074205
af-eu-us-apac-row-ch/pf120_k100_a040,2030,row,ch,2.2592541062366217e-08,349.99999998548265,107.79092393609515,279.51385028319794,293.6362461876348,232.92928618307093,14.12239590443686,-139.26075815141263,6.455011732372376e-11,False,46.58456410012701
af-eu-us-apac-row-ch/pf120_k100_a040,2030,row,eu,2.406332425668441e-07,89.99999999093085,323.5541753971977,279.5228874179661,287.64652905619135,232.92928618307093,8.123641638225255,82.50124757590152,2.6737026954565815e-09,False,46.593601234895175
af-eu-us-apac-row-ch/pf120_k100_a040,2030,row,us,6.402142093010407e-08,64.99999998023969,270.8150560251407,279.53317587619244,293.3206195621993,232.92928618307093,13.78744368600683,24.098326156062917,9.849449376856444e-10,False,46.603889693121516
af-eu-us-apac-row-ch/pf120_k100_a040,2030,row,apac,4.359599645443916e-08,84.99999998066333,234.32706499529073,279.51547020478347,299.268184525438,232.92928618307093,19.75271432065455,-18.354935508434753,5.128940760512567e-10,False,46.58618402171254
af-eu-us-apac-row-ch/pf120_k100_a040,2030,row,af,2.1214827777530967e-07,13.999999992936967,322.92768375710966,279.51148804580566,292.01148804580566,232.92928618307093,12.5,77.49839757403873,1.5153448420167068e-08,False,46.582201862734735
af-eu-us-apac-row-ch/pf120_k100_a040,2030,row,row,39.16819290369399,69.99999999145865,290.9627812153157,232.92928618307093,232.92928618307093,232.92928618307093,0.0,58.03349503224479,0.5595456129781895,True,0.0
af-eu-us-apac-row-ch/pf120_k100_a040,2035,ch,ch,332.99999997003016,332.99999999772274,95.90883302354375,95.57583300040461,95.57583300040461,95.57583300040461,0.0,0.33300002313913524,0.9999999999168391,True,0.0
af-eu-us-apac-row-ch/pf120_k100_a040,2035,ch,eu,1.7009866336539187e-07,94.99999999871696,244.79776566018762,234.3356765346311,250.4536765346311,95.57583300040461,16.118,133.10393265978303,1.7905122459756755e-09,False,138.7598435342265
af-eu-us-apac-row-ch/pf120_k100_a040,2035,ch,us,1.584426948756549e-08,69.99999999704882,253.35269227833987,297.5810814218999,308.7140814218999,95.57583300040461,11.133,146.64385927793526,2.2634670697476403e-10,False,202.0052484214953
af-eu-us-apac-row-ch/pf120_k100_a040,2035,ch,apac,3.0610323164219952e-09,102.9999999977058,151.7811759251868,394.6367278564105,408.4171494352922,95.57583300040461,13.78042157888167,42.424921345900515,2.9718760354273556e-11,False,299.0608948560059
af-eu-us-apac-row-ch/pf120_k100_a040,2035,ch,af,2.3706181721456616e-08,19.99999999891013,247.93144048540566,281.27064335230517,291.77064335230517,95.57583300040461,10.5,141.85560748500103,1.1853090861374224e-09,False,185.69481035190057
af-eu-us-apac-row-ch/pf120_k100_a040,2035,ch,row,22.528265063281747,78.99999999879763,206.7604252862015,192.14144471772858,206.73789702733447,95.57583300040461,14.59645230960589,96.58813997619099,0.28516791219778004,True,96.56561171732396
af-eu-us-apac-row-ch/pf120_k100_a040,2035,eu,ch,4.315690825457992e-09,332.99999999772274,95.90883302354375,210.56002557727123,226.67802557727123,175.4666750022766,16.118,-95.67584197873283,1.2960032508971489e-11,False,35.093350574994645
af-eu-us-apac-row-ch/pf120_k100_a040,2035,eu,eu,45.597361019949936,94.99999999871696,244.79776566018762,175.4666750022766,175.4666750022766,175.4666750022766,0.0,69.33109065791103,0.47997222126911326,True,0.0
af-eu-us-apac-row-ch/pf120_k100_a040,2035,eu,us,1.3769929467555339e-08,69.99999999704882,253.35269227833987,210.56001102997038,229.32001102997037,175.4666750022766,18.76,59.12601727606328,1.967132781162268e-10,False,35.093336027693795
af-eu-us-apac-row-ch/pf120_k100_a040,2035,eu,apac,5.349446739373282e-09,102.9999999977058,151.7811759251868,210.56001986787015,228.69366007108525,175.4666750022766,18.13364020321509,-41.81913928030488,5.1936376111577035e-11,False,35.093344865593565
af-eu-us-apac-row-ch/pf120_k100_a040,2035,eu,af,1.9104036296213386e-08,19.99999999891013,247.93144048540566,210.56001851361998,220.36001851362,175.4666750022766,9.8,62.664765483129074,9.552018148627216e-10,False,35.09334351134339
af-eu-us-apac-row-ch/pf120_k100_a040,2035,eu,row,8.201990998938286e-09,78.99999999879763,206.7604252862015,210.56000009139794,218.99628825706063,175.4666750022766,8.436288165662685,22.857462118262223,1.0382267087421669e-10,False,35.09332508912135
af-eu-us-apac-row-ch/pf120_k100_a040,2035,us,ch,4.337622255345165e-09,332.99999999772274,95.90883302354375,226.01148963523647,250.74248963523647,188.3664806833128,24.731,-117.18864765976906,1.3025892658783269e-11,False,37.64500895192367
af-eu-us-apac-row-ch/pf120_k100_a040,2035,us,eu,1.3220657076057439e-08,94.99999999871696,244.79776566018762,225.6934556722053,235.09045567220528,188.3664806833128,9.397,47.03428497687482,1.3916481132879993e-10,False,37.32697498889249
af-eu-us-apac-row-ch/pf120_k100_a040,2035,us,us,64.4491712277983,69.99999999704882,253.35269227833987,188.3664806833128,188.3664806833128,188.3664806833128,0.0,64.98621159502707,0.9207024461502209,True,0.0
af-eu-us-apac-row-ch/pf120_k100_a040,2035,us,apac,5.649226952093825e-09,102.9999999977058,151.7811759251868,226.0353412363375,240.7729973916612,188.3664806833128,14.73765615532369,-51.32296091344969,5.4846863613783054e-11,False,37.6688605530247
af-eu-us-apac-row-ch/pf120_k100_a040,2035,us,af,1.3522620925447654e-08,19.99999999891013,247.93144048540566,225.73295524235044,239.93295524235043,188.3664806833128,14.2,45.364959802092855,6.761310463092274e-10,False,37.36647455903764
af-eu-us-apac-row-ch/pf120_k100_a040,2035,us,row,8.088306273377704e-09,78.99999999879763,206.7604252862015,226.02974455554534,240.47956952143434,188.3664806833128,14.449824965889,3.9441196369996945,1.0238362371520008e-10,False,37.663263872232534
af-eu-us-apac-row-ch/pf120_k100_a040,2035,apac,ch,8.184035409234906e-09,332.99999999772274,95.90883302354375,156.57047434217145,169.8033672924567,109.9122079504653,13.23289295028525,-27.2362678772068,2.4576682910783403e-11,False,46.65826639170615
af-eu-us-apac-row-ch/pf120_k100_a040,2035,apac,eu,49.40263870930196,94.99999999871696,244.79776566018762,186.67522154158365,202.98239505421608,109.9122079504653,16.30717351263244,118.57838419708989,0.5200277758944124,True,76.76301359111835
af-eu-us-apac-row-ch/pf120_k100_a040,2035,apac,us,5.550828614772009,69.99999999704882,253.35269227833987,197.87109276786873,211.5811735747147,109.9122079504653,13.71008080684597,129.7304035210286,0.0792975516429433,True,87.95888481740343
af-eu-us-apac-row-ch/pf120_k100_a040,2035,apac,apac,102.99999997037749,102.9999999977058,151.7811759251868,109.9122079504653,109.9122079504653,109.9122079504653,0.0,41.8689679747215,0.9999999997346766,True,0.0
af-eu-us-apac-row-ch/pf120_k100_a040,2035,apac,af,11.60003059172411,19.99999999891013,247.93144048540566,192.98125641947254,206.15387255639186,109.9122079504653,13.17261613691931,124.84661639802104,0.5800015296178118,True,83.06904846900724
af-eu-us-apac-row-ch/pf120_k100_a040,2035,apac,row,56.47173234486356,78.99999999879763,206.7604252862015,146.05557087451788,164.93798559107583,109.9122079504653,18.88241471655794,77.96580261917825,0.7148320550091526,True,36.14336292405258
af-eu-us-apac-row-ch/pf120_k100_a040,2035,af,ch,5.425100542139326e-09,332.99999999772274,95.90883302354375,127.3070095565657,131.8070095565657,106.08917463044914,4.5,-14.680341606905387,1.629159321974903e-11,False,21.217834926116566
af-eu-us-apac-row-ch/pf120_k100_a040,2035,af,eu,9.222256544665146e-09,94.99999999871696,244.79776566018762,127.30700955663393,133.50700955663393,106.08917463044914,6.2,132.5085910297385,9.707638468199684e-11,False,21.217834926184793
af-eu-us-apac-row-ch/pf120_k100_a040,2035,af,us,2.4151031546056696e-08,69.99999999704882,253.35269227833987,127.30700955652853,135.80700955652853,106.08917463044914,8.5,138.76351764789075,3.4501473638678425e-10,False,21.21783492607939
af-eu-us-apac-row-ch/pf120_k100_a040,2035,af,apac,6.374414058440886e-09,102.9999999977058,151.7811759251868,127.30700955656184,134.3315816837012,106.08917463044914,7.024572127139364,38.6674291675983,6.18875151318725e-11,False,21.2178349261127
af-eu-us-apac-row-ch/pf120_k100_a040,2035,af,af,8.399969282774816,19.99999999891013,247.93144048540566,106.08917463044914,106.08917463044914,106.08917463044914,0.0,141.8422658549565,0.41999846416162795,True,0.0
af-eu-us-apac-row-ch/pf120_k100_a040,2035,af,row,9.447277425629615e-09,78.99999999879763,206.7604252862015,127.30700955652688,134.80700955652688,106.08917463044914,7.5,93.17125065575236,1.195857901996633e-10,False,21.217834926077742
af-eu-us-apac-row-ch/pf120_k100_a040,2035,row,ch,5.430062806186583e-09,332.99999999772274,95.90883302354375,248.6472648042532,262.7696607086901,207.20606052566248,14.12239590443686,-125.41962340655559,1.6306494913584735e-11,False,41.44120427859073
af-eu-us-apac-row-ch/pf120_k100_a040,2035,row,eu,7.692352109076468e-08,94.99999999871696,244.79776566018762,248.6472241480547,256.77086578627996,207.20606052566248,8.123641638225255,29.468063496299887,8.09721274650564e-10,False,41.441163622392224
af-eu-us-apac-row-ch/pf120_k100_a040,2035,row,us,1.007132707961876e-07,69.99999999704882,253.35269227833987,248.64721774165702,262.43466142766385,207.20606052566248,13.78744368600683,32.35918806667056,1.4387610114347663e-09,False,41.44115721599454
af-eu-us-apac-row-ch/pf120_k100_a040,2035,row,apac,6.894189901388664e-09,102.9999999977058,151.7811759251868,248.64725431052938,268.3999686311839,207.20606052566248,19.75271432065455,-75.17759892113023,6.693388253924488e-11,False,41.4411937848669
af-eu-us-apac-row-ch/pf120_k100_a040,2035,row,af,6.807836876526345e-08,19.99999999891013,247.93144048540566,248.64712782628726,261.14712782628726,207.20606052566248,12.5,28.22537995974318,3.4039184384486638e-09,False,41.44106730062478
af-eu-us-apac-row-ch/pf120_k100_a040,2035,row,row,2.5649147472608057e-06,78.99999999879763,206.7604252862015,207.20606052566248,207.20606052566248,207.20606052566248,0.0,-0.4456352394609837,3.2467275282276496e-08,False,0.0
af-eu-us-apac-row-ch/pf120_k100_a040,2040,ch,ch,315.99999994043594,315.9999999967725,86.65125721547763,86.33525719941149,86.33525719941149,86.33525719941149,0.0,0.31600001606614114,0.9999999998217198,True,0.0
af-eu-us-apac-row-ch/pf120_k100_a040,2040,ch,eu,1.2682721497427255e-07,98.99999999820847,189.13440449433634,173.51651919659818,189.63451919659818,86.33525719941149,16.118,86.68114729492486,1.2810829795612894e-09,False,87.1812619971867
af-eu-us-apac-row-ch/pf120_k100_a040,2040,ch,us,2.1398320811890247e-07,74.99999999605954,211.94956430347307,206.33501865570508,217.4680186557051,86.33525719941149,11.133,114.48130710406159,2.853109441735267e-09,False,119.9997614562936
af-eu-us-apac-row-ch/pf120_k100_a040,2040,ch,apac,3.040726190386847e-08,125.99999999665002,118.18344681040347,149.71504964142702,163.49547122030867,86.33525719941149,13.78042157888167,18.06776803211031,2.4132747543394376e-10,False,63.37979244201553
af-eu-us-apac-row-ch/pf120_k100_a040,2040,ch,af,5.6481828480807446,27.999999998524377,195.94990412107725,185.44425610827196,195.94425610827196,86.33525719941149,10.5,99.11464692166577,0.20172081601351458,True,99.10899890886047
af-eu-us-apac-row-ch/pf120_k100_a040,2040,ch,row,1.1083600799772674e-07,88.99999999821975,186.88576462161777,184.84528875060215,199.44174106020805,86.33525719941149,14.59645230960589,85.95405511260039,1.2453484044937502e-09,False,98.51003155119066
af-eu-us-apac-row-ch/pf120_k100_a040,2040,eu,ch,9.142754658144852e-09,315.9999999967725,86.65125721547763,190.202340955843,206.320340955843,158.50199826333673,16.118,-87.9687410478591,2.8932767905817192e-11,False,31.70034269250627
af-eu-us-apac-row-ch/pf120_k100_a040,2040,eu,eu,45.881112660738644,98.99999999820847,189.13440449433634,158.50199826333673,158.50199826333673,158.50199826333673,0.0,30.632406230999607,0.46344558244009015,True,0.0
af-eu-us-apac-row-ch/pf120_k100_a040,2040,eu,us,4.594939160042209e-08,74.99999999605954,211.94956430347307,190.20219683437682,208.9621968343768,158.50199826333673,18.76,34.68756604013633,6.126585547044832e-10,False,31.70019857104009
af-eu-us-apac-row-ch/pf120_k100_a040,2040,eu,apac,1.1247600168405076e-08,125.99999999665002,118.18344681040347,190.20227734146044,208.33591754467554,158.50199826333673,18.13364020321509,-58.45219165614836,8.926666800558823e-11,False,31.700279078123714
af-eu-us-apac-row-ch/pf120_k100_a040,2040,eu,af,3.725854716801539e-08,27.999999998524377,195.94990412107725,190.20231654278007,200.00231654278008,158.50199826333673,9.8,27.647905857740522,1.3306623989278196e-09,False,31.700318279443337
af-eu-us-apac-row-ch/pf120_k100_a040,2040,eu,row,3.1306922607112564e-08,88.99999999821975,186.88576462161777,190.20223624379844,198.63852440946113,158.50199826333673,8.436288165662685,19.94747819261835,3.5176317536785157e-10,False,31.700237980461708
af-eu-us-apac-row-ch/pf120_k100_a040,2040,us,ch,7.659980644235494e-09,315.9999999967725,86.65125721547763,204.18012923438704,228.91112923438703,170.1546096644843,24.731,-108.23435244900668,2.4240445076942186e-11,False,34.02551956990274
af-eu-us-apac-row-ch/pf120_k100_a040,2040,us,eu,2.147878189577188e-08,98.99999999820847,189.13440449433634,204.1805366398724,213.5775366398724,170.1546096644843,9.397,9.58279482985204,2.169573928905108e-10,False,34.0259269753881
af-eu-us-apac-row-ch/pf120_k100_a040,2040,us,us,66.70318827909942,74.99999999605954,211.94956430347307,170.1546096644843,170.1546096644843,170.1546096644843,0.0,41.79495463898877,0.8893758437680529,True,0.0
af-eu-us-apac-row-ch/pf120_k100_a040,2040,us,apac,9.853061761185829e-09,125.99999999665002,118.18344681040347,204.1820526474185,218.91970880274218,170.1546096644843,14.73765615532369,-66.70881900940452,7.819890286863328e-11,False,34.02744298293419
af-eu-us-apac-row-ch/pf120_k100_a040,2040,us,af,2.1625032020886655e-08,27.999999998524377,195.94990412107725,204.18021844566047,218.38021844566046,170.1546096644843,14.2,11.595294456592956,7.723225722152254e-10,False,34.025608781176174
af-eu-us-apac-row-ch/pf120_k100_a040,2040,us,row,1.9354130942696538e-08,88.99999999821975,186.88576462161777,204.1757146534191,218.6255396193081,170.1546096644843,14.449824965889,2.281329991244469,2.1746214542790646e-10,False,34.02110498893481
af-eu-us-apac-row-ch/pf120_k100_a040,2040,apac,ch,2.0948970848737795e-08,315.9999999967725,86.65125721547763,122.1132869700201,135.34617992030536,99.28554577932321,13.23289295028525,-25.867181514130834,6.629421154731569e-11,False,22.827741190696884
af-eu-us-apac-row-ch/pf120_k100_a040,2040,apac,eu,53.11888712690918,98.99999999820847,189.13440449433634,154.0022110786055,170.30938459123794,99.28554577932321,16.30717351263244,73.54168520238068,0.5365544154330347,True,54.7166652992823
af-eu-us-apac-row-ch/pf120_k100_a040,2040,apac,us,8.296811318443524,74.99999999605954,211.94956430347307,179.45928575513227,193.16936656197825,99.28554577932321,13.71008080684597,98.95393771730389,0.11062415091839245,True,80.17373997580906
af-eu-us-apac-row-ch/pf120_k100_a040,2040,apac,apac,125.99999992205764,125.99999999665002,118.18344681040347,99.28554577932321,99.28554577932321,99.28554577932321,0.0,18.897901031080252,0.999999999407997,True,0.0
af-eu-us-apac-row-ch/pf120_k100_a040,2040,apac,af,11.451848935596889,27.999999998524377,195.94990412107725,163.9939352820067,177.16655141892602,99.28554577932321,13.17261613691931,83.49174220483474,0.4089946048643004,True,64.70838950268349
af-eu-us-apac-row-ch/pf120_k100_a040,2040,apac,row,88.99999392028816,88.99999999821975,186.88576462161777,149.14244887782627,168.02486359438421,99.28554577932321,18.88241471655794,68.71780412573662,0.9999999317086339,True,49.856903098503054
af-eu-us-apac-row-ch/pf120_k100_a040,2040,af,ch,9.709508821740731e-09,315.9999999967725,86.65125721547763,114.99856258964965,119.49856258964965,95.83213549134676,4.5,-13.680878275869134,3.0726293739999685e-11,False,19.16642709830289
af-eu-us-apac-row-ch/pf120_k100_a040,2040,af,eu,3.215762959941812e-08,98.99999999820847,189.13440449433634,114.99856258971141,121.19856258971141,95.83213549134676,6.2,87.10226900298957,3.2482454141414196e-10,False,19.16642709836465
af-eu-us-apac-row-ch/pf120_k100_a040,2040,af,us,8.899801397974904e-08,74.99999999605954,211.94956430347307,114.99856258967708,123.49856258967708,95.83213549134676,8.5,107.6174288121263,1.1866401864589992e-09,False,19.166427098330317
af-eu-us-apac-row-ch/pf120_k100_a040,2040,af,apac,1.2441875803833593e-08,125.99999999665002,118.18344681040347,114.9985625896535,122.02313471679287,95.83213549134676,7.024572127139364,15.32673919191734,9.874504606479672e-11,False,19.16642709830674
af-eu-us-apac-row-ch/pf120_k100_a040,2040,af,af,10.899968124459894,27.999999998524377,195.94990412107725,95.83213549134676,95.83213549134676,95.83213549134676,0.0,100.11776862973049,0.3892845758940833,True,0.0
af-eu-us-apac-row-ch/pf120_k100_a040,2040,af,row,3.03253521527872e-08,88.99999999821975,186.88576462161777,114.9985625896643,122.4985625896643,95.83213549134676,7.5,83.553629130271,3.4073429385835724e-10,False,19.16642709831754
af-eu-us-apac-row-ch/pf120_k100_a040,2040,row,ch,8.8753174602188e-09,315.9999999967725,86.65125721547763,224.6072435213028,238.72963942573966,187.17271895170572,14.12239590443686,-114.64385764066495,2.8086447659207118e-11,False,37.43452456959707
af-eu-us-apac-row-ch/pf120_k100_a040,2040,row,eu,3.009700205173546e-08,98.99999999820847,189.13440449433634,224.60727588058884,232.7309175188141,187.17271895170572,8.123641638225255,-6.161956095594636,3.0401012174020307e-10,False,37.434556928883126
af-eu-us-apac-row-ch/pf120_k100_a040,2040,row,us,4.958596494542438e-08,74.99999999605954,211.94956430347307,224.60725390895055,238.3946975949574,187.17271895170572,13.78744368600683,10.98940166576052,6.611461993070614e-10,False,37.434534957244836
af-eu-us-apac-row-ch/pf120_k100_a040,2040,row,apac,1.0642586484218916e-08,125.99999999665002,118.18344681040347,224.60724665721455,244.3599609778691,187.17271895170572,19.75271432065455,-88.7419864619568,8.44649720992212e-11,False,37.43452770550883
af-eu-us-apac-row-ch/pf120_k100_a040,2040,row,af,3.1503268043872045e-08,27.999999998524377,195.94990412107725,224.6072593500328,237.1072593500328,187.17271895170572,12.5,-3.722814830628465,1.1251167159118677e-09,False,37.43454039832707
af-eu-us-apac-row-ch/pf120_k100_a040,2040,row,row,5.886109178637373e-06,88.99999999821975,186.88576462161777,187.17271895170572,187.17271895170572,187.17271895170572,0.0,-0.28695433008795135,6.613605818825968e-08,False,0.0
eu-us-af-row-apac-ch/pf080_k050_a030,2025,ch,ch,323.9999999585239,323.9999999976153,163.32399999935828,163.0,163.0,163.0,0.0,0.3239999993582785,0.9999999998793475,True,0.0
eu-us-af-row-apac-ch/pf080_k050_a030,2025,ch,eu,74.999999840329,74.9999999987838,255.7051833073653,239.51218331476275,255.63018331476275,163.0,16.118,76.58718330736531,0.9999999978872692,True,76.51218331476275
eu-us-af-row-apac-ch/pf080_k050_a030,2025,ch,us,9.03968456528764e-09,44.99999999674552,296.2474408545411,377.8738864201648,389.0068864201648,163.0,11.133,122.11444085454109,2.0088187924314236e-10,False,214.8738864201648
eu-us-af-row-apac-ch/pf080_k050_a030,2025,ch,apac,1.5321470933452258e-07,49.99999999699934,242.40798481082217,233.5558059841772,247.33622756305886,163.0,13.78042157888167,65.6275632319405,3.0642941868743494e-09,False,70.5558059841772
eu-us-af-row-apac-ch/pf080_k050_a030,2025,ch,af,9.999997435645946,9.99999999891683,294.72727880976146,284.2172788832381,294.7172788832381,163.0,10.5,121.22727880976146,0.9999997436729117,True,121.21727888323812
eu-us-af-row-apac-ch/pf080_k050_a030,2025,ch,row,4.599999215637581,44.99999999857979,346.5246697058547,331.92361763121943,346.5200699408253,163.0,14.59645230960589,168.9282173962488,0.10222220479517241,True,168.92361763121943
eu-us-af-row-apac-ch/pf080_k050_a030,2025,eu,ch,4.353572565975699e-09,323.9999999976153,163.32399999935828,239.3999948714095,255.51799487140948,299.25,16.118,-152.04400000064172,1.3436952364221425e-11,False,-59.85000512859051
eu-us-af-row-apac-ch/pf080_k050_a030,2025,eu,eu,6.096399214155054e-09,74.9999999987838,255.7051833073653,299.25,299.25,299.25,0.0,-43.5448166926347,8.128532285671884e-11,False,0.0
eu-us-af-row-apac-ch/pf080_k050_a030,2025,eu,us,1.41997124300924e-08,44.99999999674552,296.2474408545411,239.39998958031748,258.1599895803175,299.25,18.76,-21.76255914545892,3.155491651359855e-10,False,-59.85001041968252
eu-us-af-row-apac-ch/pf080_k050_a030,2025,eu,apac,7.216265378050891e-09,49.99999999699934,242.40798481082217,239.39999861548264,257.53363881869774,299.25,18.13364020321509,-74.97565539239292,1.4432530756967923e-10,False,-59.850001384517356
eu-us-af-row-apac-ch/pf080_k050_a030,2025,eu,af,1.7201982006000674e-08,9.99999999891683,294.72727880976146,239.39983908348975,249.19983908348976,299.25,9.8,-14.322721190238543,1.7201982007863944e-09,False,-59.85016091651025
eu-us-af-row-apac-ch/pf080_k050_a030,2025,eu,row,21.999999942354084,44.99999999857979,346.5246697058547,239.40022998934145,247.83651815500414,299.25,8.436288165662685,38.83838154019202,0.48888888762329796,True,-59.849770010658546
eu-us-af-row-apac-ch/pf080_k050_a030,2025,us,ch,6.9930817747417924e-09,323.9999999976153,163.32399999935828,257.0000459782174,281.73104597821737,321.25,24.731,-182.65700000064172,2.1583585724670565e-11,False,-64.24995402178263
eu-us-af-row-apac-ch/pf080_k050_a030,2025,us,eu,7.880234397778191e-08,74.9999999987838,255.7051833073653,257.00112768441653,266.3981276844165,321.25,9.397,-74.9418166926347,1.050697919720797e-09,False,-64.24887231558347
eu-us-af-row-apac-ch/pf080_k050_a030,2025,us,us,3.1812410089304754e-08,44.99999999674552,296.2474408545411,321.25,321.25,321.25,0.0,-25.002559145458918,7.069424464801218e-10,False,0.0
eu-us-af-row-apac-ch/pf080_k050_a030,2025,us,apac,2.649974476943156e-08,49.99999999699934,242.40798481082217,256.9999822713298,271.7376384266535,321.25,14.73765615532369,-93.57967134450152,5.299948954204378e-10,False,-64.25001772867017
eu-us-af-row-apac-ch/pf080_k050_a030,2025,us,af,2.8716412273208154e-08,9.99999999891683,294.72727880976146,309.26290507023,323.46290507022997,321.25,14.2,-40.722721190238545,2.871641227631863e-09,False,-11.987094929770024
eu-us-af-row-apac-ch/pf080_k050_a030,2025,us,row,3.0006211253075904e-08,44.99999999857979,346.5246697058547,359.43430860048574,373.8841335663747,321.25,14.449824965889,10.824844739965705,6.668046945338424e-10,False,38.184308600485735
eu-us-af-row-apac-ch/pf080_k050_a030,2025,apac,ch,1.7632718684166527e-08,323.9999999976153,163.32399999935828,141.35704164528227,154.5899345955675,187.45,13.23289295028525,-37.35889295092696,5.4421971247828105e-11,False,-46.09295835471772
eu-us-af-row-apac-ch/pf080_k050_a030,2025,apac,eu,4.2102535453246355e-08,74.9999999987838,255.7051833073653,210.6959073346552,227.00308084728763,187.45,16.30717351263244,51.948009794732876,5.613671393857212e-10,False,23.245907334655215
eu-us-af-row-apac-ch/pf080_k050_a030,2025,apac,us,44.99999940224226,44.99999999674552,296.2474408545411,227.5843752418312,241.29445604867718,187.45,13.71008080684597,95.08736004769513,0.9999999867888164,True,40.13437524183121
eu-us-af-row-apac-ch/pf080_k050_a030,2025,apac,apac,49.999999788483386,49.99999999699934,242.40798481082217,187.45,187.45,187.45,0.0,54.95798481082218,0.9999999958296809,True,0.0
eu-us-af-row-apac-ch/pf080_k050_a030,2025,apac,af,6.6773508865326065e-09,9.99999999891683,294.72727880976146,362.78984485622016,375.9624609931395,187.45,13.17261613691931,94.10466267284215,6.677350887255878e-10,False,175.33984485622017
eu-us-af-row-apac-ch/pf080_k050_a030,2025,apac,row,15.000000727021186,44.99999999857979,346.5246697058547,272.71927022693234,291.6016849434903,187.45,18.88241471655794,140.19225498929677,0.3333333494998798,True,85.26927022693235
eu-us-af-row-apac-ch/pf080_k050_a030,2025,af,ch,4.142827498954968e-09,323.9999999976153,163.32399999935828,144.7440175667092,149.2440175667092,180.93,4.5,-22.10600000064173,1.2786504626498334e-11,False,-36.1859824332908
eu-us-af-row-apac-ch/pf080_k050_a030,2025,af,eu,6.051562177941028e-09,74.9999999987838,255.7051833073653,144.74249470413682,150.9424947041368,180.93,6.2,68.5751833073653,8.06874957071888e-11,False,-36.18750529586319
eu-us-af-row-apac-ch/pf080_k050_a030,2025,af,us,9.286773821211349e-09,44.99999999674552,296.2474408545411,144.74393780495015,153.24393780495015,180.93,8.5,106.81744085454108,2.0637275159739966e-10,False,-36.18606219504986
eu-us-af-row-apac-ch/pf080_k050_a030,2025,af,apac,6.893631779006164e-09,49.99999999699934,242.40798481082217,144.74383305493464,151.768405182074,180.93,7.024572127139364,54.4534126836828,1.3787263558839744e-10,False,-36.18616694506537
eu-us-af-row-apac-ch/pf080_k050_a030,2025,af,af,5.403614614024883e-09,9.99999999891683,294.72727880976146,180.93,180.93,180.93,0.0,113.79727880976145,5.403614614610187e-10,False,0.0
eu-us-af-row-apac-ch/pf080_k050_a030,2025,af,row,3.399999964525298,44.99999999857979,346.5246697058547,144.74583720613555,152.24583720613555,180.93,7.5,158.0946697058547,0.0755555547696134,True,-36.18416279386446
eu-us-af-row-apac-ch/pf080_k050_a030,2025,row,ch,5.969173537178247e-09,323.9999999976153,163.32399999935828,282.7047918671676,296.8271877716045,353.38,14.12239590443686,-204.1783959050786,1.8423375114883273e-11,False,-70.67520813283238
eu-us-af-row-apac-ch/pf080_k050_a030,2025,row,eu,2.5401972725956813e-08,74.9999999987838,255.7051833073653,282.7039334138292,290.82757505205444,353.38,8.123641638225255,-105.79845833085994,3.386929696849164e-10,False,-70.6760665861708
eu-us-af-row-apac-ch/pf080_k050_a030,2025,row,us,5.301646724343356e-07,44.99999999674552,296.2474408545411,282.70479990756394,296.4922435935708,353.38,13.78744368600683,-70.92000283146574,1.1781437166059512e-08,False,-70.67520009243606
eu-us-af-row-apac-ch/pf080_k050_a030,2025,row,apac,1.4691594890475128e-08,49.99999999699934,242.40798481082217,282.7041431772798,302.4568574979343,353.38,19.75271432065455,-130.72472950983237,2.938318978271363e-10,False,-70.67585682272022
eu-us-af-row-apac-ch/pf080_k050_a030,2025,row,af,2.5052715203943023e-06,9.99999999891683,294.72727880976146,282.7419656123163,295.2419656123163,353.38,12.5,-71.15272119023854,2.505271520665666e-07,False,-70.63803438768372
eu-us-af-row-apac-ch/pf080_k050_a030,2025,row,row,1.1903543275396932e-07,44.99999999857979,346.5246697058547,353.38,353.38,353.38,0.0,-6.85533029414529,2.64523183906058e-09,False,0.0
eu-us-af-row-apac-ch/pf080_k050_a030,2030,ch,ch,349.99999991195136,349.9999999979186,107.7909237986793,107.44092378697313,107.44092378697313,107.44092378697313,0.0,0.3500000117061717,0.9999999997543793,True,0.0
eu-us-af-row-apac-ch/pf080_k050_a030,2030,ch,eu,89.99999837459407,89.99999999889988,190.9942148331993,174.78621482812747,190.90421482812746,107.44092378697313,16.118,67.43529104622617,0.9999999819521577,True,67.34529104115434
eu-us-af-row-apac-ch/pf080_k050_a030,2030,ch,us,9.666745197676874e-08,64.99999999770502,191.58746474590532,188.79678354173703,199.92978354173704,107.44092378697313,11.133,73.0135409589322,1.4871915689258742e-09,False,81.3558597547639
eu-us-af-row-apac-ch/pf080_k050_a030,2030,ch,apac,8.235202821195913e-09,84.99999999788844,129.77369107472506,219.43126724488553,233.2116888237672,107.44092378697313,13.78042157888167,8.552345708870265,9.68847390752999e-11,False,111.9903434579124
eu-us-af-row-apac-ch/pf080_k050_a030,2030,ch,af,4.5345880954785276e-07,13.999999999074962,235.04786511949706,226.95247014676013,237.45247014676013,107.44092378697313,10.5,117.10694133252393,3.2389914969843903e-08,False,119.511546359787
eu-us-af-row-apac-ch/pf080_k050_a030,2030,ch,row,34.29472739881666,69.99999999887457,211.66094660081816,197.03019958278875,211.62665189239465,107.44092378697313,14.59645230960589,89.62357050423914,0.4899246771338291,True,89.58927579581562
eu-us-af-row-apac-ch/pf080_k050_a030,2030,eu,ch,5.3295080671090886e-09,349.9999999979186,107.7909237986793,157.79977136789273,173.91777136789273,197.24967143099207,16.118,-105.57674763231276,1.522716590611652e-11,False,-39.449900063099335
eu-us-af-row-apac-ch/pf080_k050_a030,2030,eu,eu,8.49992793229703e-09,89.99999999889988,190.9942148331993,197.24967143099207,197.24967143099207,197.24967143099207,0.0,-6.255456597792772,9.444364369334367e-11,False,0.0
eu-us-af-row-apac-ch/pf080_k050_a030,2030,eu,us,8.291840141666859e-09,64.99999999770502,191.58746474590532,181.33025786620266,200.09025786620265,197.24967143099207,18.76,-24.422206685086746,1.275667714147634e-10,False,-15.919413564789409
eu-us-af-row-apac-ch/pf080_k050_a030,2030,eu,apac,6.1657729780248246e-09,84.99999999788844,129.77369107472506,157.79997731790766,175.93361752112276,197.24967143099207,18.13364020321509,-85.6096205594821,7.253850562562346e-11,False,-39.449694113084405
eu-us-af-row-apac-ch/pf080_k050_a030,2030,eu,af,1.6358481015180185e-08,13.999999999074962,235.04786511949706,177.6530140711629,187.4530140711629,197.24967143099207,9.8,27.998193688504994,1.1684629297329327e-09,False,-19.59665735982918
eu-us-af-row-apac-ch/pf080_k050_a030,2030,eu,row,24.871249840949464,69.99999999887457,211.66094660081816,114.65477728177038,123.09106544743307,197.24967143099207,8.436288165662685,5.974987004163413,0.3553035691621333,True,-82.59489414922169
eu-us-af-row-apac-ch/pf080_k050_a030,2030,us,ch,7.695296605707975e-09,349.9999999979186,107.7909237986793,169.3965427590009,194.1275427590009,211.75090040837495,24.731,-128.69097660969564,2.1986561730724964e-11,False,-42.35435764937404
eu-us-af-row-apac-ch/pf080_k050_a030,2030,us,eu,1.383298746868385e-06,89.99999999889988,190.9942148331993,165.55738445757424,174.95438445757424,211.75090040837495,9.397,-30.15368557517565,1.5369986076503265e-08,False,-46.1935159508007
eu-us-af-row-apac-ch/pf080_k050_a030,2030,us,us,1.9696006589886356e-08,64.99999999770502,191.58746474590532,211.75090040837495,211.75090040837495,211.75090040837495,0.0,-20.163435662469624,3.030154860089503e-10,False,0.0
eu-us-af-row-apac-ch/pf080_k050_a030,2030,us,apac,17.800128933694563,84.99999999788844,129.77369107472506,97.8078219493643,112.54547810468799,211.75090040837495,14.73765615532369,-96.71486548897357,0.20941328157807942,True,-113.94307845901065
eu-us-af-row-apac-ch/pf080_k050_a030,2030,us,af,5.625020323980525e-09,13.999999999074962,235.04786511949706,337.7118560757916,351.9118560757916,211.75090040837495,14.2,9.096964711122116,4.017871660251567e-10,False,125.96095566741667
eu-us-af-row-apac-ch/pf080_k050_a030,2030,us,row,3.648052404066031e-09,69.99999999887457,211.66094660081816,402.44969153314696,416.89951649903594,211.75090040837495,14.449824965889,-14.539778773445782,5.2115034344638326e-11,False,190.69879112477201
eu-us-af-row-apac-ch/pf080_k050_a030,2030,apac,ch,5.655241523277461e-08,349.9999999979186,107.7909237986793,102.30185614911277,115.53474909939801,123.55706235501908,13.23289295028525,-28.99903150662503,1.6157832923745976e-10,False,-21.25520620590632
eu-us-af-row-apac-ch/pf080_k050_a030,2030,apac,eu,4.1763004852651475e-09,89.99999999889988,190.9942148331993,370.56543086170984,386.8726043743423,123.55706235501908,16.30717351263244,51.12997896554777,4.640333872573552e-11,False,247.00836850669077
eu-us-af-row-apac-ch/pf080_k050_a030,2030,apac,us,64.99999976699806,64.99999999770502,191.58746474590532,171.66295509045256,185.37303589729854,123.55706235501908,13.71008080684597,54.32032158404027,0.9999999964506622,True,48.10589273543347
eu-us-af-row-apac-ch/pf080_k050_a030,2030,apac,apac,67.19987103001955,84.99999999788844,129.77369107472506,123.55706235501908,123.55706235501908,123.55706235501908,0.0,6.21662871970598,0.7905867180198697,True,0.0
eu-us-af-row-apac-ch/pf080_k050_a030,2030,apac,af,8.411173357199269,13.999999999074962,235.04786511949706,215.7174089956285,228.8900251325478,123.55706235501908,13.17261613691931,98.31818662755867,0.6007980969825022,True,92.1603466406094
eu-us-af-row-apac-ch/pf080_k050_a030,2030,apac,row,10.83402270519537,69.99999999887457,211.66094660081816,186.61826909008732,205.50068380664527,123.55706235501908,18.88241471655794,69.22146952924115,0.1547717529338508,True,63.06120673506824
eu-us-af-row-apac-ch/pf080_k050_a030,2030,af,ch,7.227786190855448e-09,349.9999999979186,107.7909237986793,95.40746511169388,99.90746511169388,119.25942540354018,4.5,-15.968501604860876,2.065081768828123e-11,False,-23.851960291846297
eu-us-af-row-apac-ch/pf080_k050_a030,2030,af,eu,1.308797497792934e-08,89.99999999889988,190.9942148331993,95.41030051518766,101.61030051518766,119.25942540354018,6.2,65.53478942965911,1.4542194420099247e-10,False,-23.84912488835252
eu-us-af-row-apac-ch/pf080_k050_a030,2030,af,us,1.1895170886696274e-08,64.99999999770502,191.58746474590532,95.40505428399979,103.90505428399979,119.25942540354018,8.5,63.828039342365145,1.8300262903255788e-10,False,-23.85437111954039
eu-us-af-row-apac-ch/pf080_k050_a030,2030,af,apac,8.676369339744202e-09,84.99999999788844,129.77369107472506,95.40732973905722,102.43190186619658,119.25942540354018,7.024572127139364,3.4896935440455232,1.0207493341129105e-10,False,-23.85209566448296
eu-us-af-row-apac-ch/pf080_k050_a030,2030,af,af,5.5888261330295235,13.999999999074962,235.04786511949706,119.25942540354018,119.25942540354018,119.25942540354018,0.0,115.78843971595688,0.3992018666713429,True,0.0
eu-us-af-row-apac-ch/pf080_k050_a030,2030,af,row,1.2428009554885776e-08,69.99999999887457,211.66094660081816,113.62735883954933,121.12735883954933,119.25942540354018,7.5,84.90152119727799,1.7754299364407985e-10,False,-5.632066563990847
eu-us-af-row-apac-ch/pf080_k050_a030,2030,row,ch,9.16222546364973e-09,349.9999999979186,107.7909237986793,186.34373043418248,200.46612633861935,232.92928618307093,14.12239590443686,-139.2607582888285,2.6177787039154904e-11,False,-46.58555574888845
eu-us-af-row-apac-ch/pf080_k050_a030,2030,row,eu,2.1524286665793624e-07,89.99999999889988,190.9942148331993,186.34376607302224,194.4674077112475,232.92928618307093,8.123641638225255,-50.058712988096886,2.3915874073396364e-09,False,-46.58552011004869
eu-us-af-row-apac-ch/pf080_k050_a030,2030,row,us,9.415647574583393e-08,64.99999999770502,191.58746474590532,186.3534794009917,200.14092308699853,232.92928618307093,13.78744368600683,-55.12926512317244,1.4485611653716669e-09,False,-46.57580678207924
eu-us-af-row-apac-ch/pf080_k050_a030,2030,row,apac,1.1096960565496264e-08,84.99999999788844,129.77369107472506,186.34521229445608,206.09792661511062,232.92928618307093,19.75271432065455,-122.90830942900041,1.3055247724437568e-10,False,-46.58407388861485
eu-us-af-row-apac-ch/pf080_k050_a030,2030,row,af,3.3403860221443834e-08,13.999999999074962,235.04786511949706,238.35367871044863,250.85367871044863,232.92928618307093,12.5,-10.381421063573868,2.385990015975069e-09,False,5.424392527377705
eu-us-af-row-apac-ch/pf080_k050_a030,2030,row,row,3.783700352129887e-08,69.99999999887457,211.66094660081816,232.92928618307093,232.92928618307093,232.92928618307093,0.0,-21.268339582252764,5.405286217415314e-10,False,0.0
eu-us-af-row-apac-ch/pf080_k050_a030,2035,ch,ch,332.99999972047686,332.99999998527,95.90883305365476,95.57583300040461,95.57583300040461,95.57583300040461,0.0,0.3330000532501458,0.9999999992048254,True,0.0
eu-us-af-row-apac-ch/pf080_k050_a030,2035,ch,eu,5.692787895542447e-08,94.999999991526,242.42674585299835,332.27322547280744,348.39122547280743,95.57583300040461,16.118,130.73291285259376,5.992408311631836e-10,False,236.69739247240284
eu-us-af-row-apac-ch/pf080_k050_a030,2035,ch,us,1.0634072795466311e-07,69.99999998096705,236.27060412665486,284.49481447288764,295.6278144728876,95.57583300040461,11.133,129.56177112625025,1.519153256908244e-09,False,188.91898147248304
eu-us-af-row-apac-ch/pf080_k050_a030,2035,ch,apac,2.7478358120152902e-08,102.99999998322457,172.36721980339715,374.0421649775627,387.8225865564444,95.57583300040461,13.78042157888167,63.01096522411086,2.667801759672646e-10,False,278.4663319771581
eu-us-af-row-apac-ch/pf080_k050_a030,2035,ch,af,7.789799343982905e-08,19.99999999280107,257.2666028362956,330.4329146232306,340.9329146232306,95.57583300040461,10.5,151.190769835891,3.894899673393408e-09,False,234.857081622826
eu-us-af-row-apac-ch/pf080_k050_a030,2035,ch,row,4.0220411474521404e-08,78.99999999198909,207.2850605834436,338.71205904520946,353.3085113548153,95.57583300040461,14.59645230960589,97.11277527343309,5.091191326405052e-10,False,243.13622604480486
eu-us-af-row-apac-ch/pf080_k050_a030,2035,eu,ch,4.431868342111661e-08,332.99999998527,95.90883305365476,140.37519774055278,156.49319774055277,175.4666750022766,16.118,-95.67584194862182,1.3308913940863969e-10,False,-35.09147726172381
eu-us-af-row-apac-ch/pf080_k050_a030,2035,eu,eu,5.769347184109423e-07,94.999999991526,242.42674585299835,175.4666750022766,175.4666750022766,175.4666750022766,0.0,66.96007085072176,6.072997036446367e-09,False,0.0
eu-us-af-row-apac-ch/pf080_k050_a030,2035,eu,us,26.64281111183514,69.99999998096705,236.27060412665486,140.3888291679866,159.14882916798658,175.4666750022766,18.76,42.043929124378266,0.3806115874154186,True,-35.07784583429
eu-us-af-row-apac-ch/pf080_k050_a030,2035,eu,apac,9.487986922872206e-08,102.99999998322457,172.36721980339715,140.3783199104226,158.51196011363768,175.4666750022766,18.13364020321509,-21.23309540209453,9.2116377906966e-10,False,-35.088355091854
eu-us-af-row-apac-ch/pf080_k050_a030,2035,eu,af,8.990898163911053,19.99999999280107,257.2666028362956,170.3624796958153,180.1624796958153,175.4666750022766,9.8,71.999927834019,0.4495449083573648,True,-5.104195306461293
eu-us-af-row-apac-ch/pf080_k050_a030,2035,eu,row,1.8113621333983443e-07,78.99999999198909,207.2850605834436,152.71366314718694,161.14995131284962,175.4666750022766,8.436288165662685,23.382097415504322,2.2928634602304095e-09,False,-22.753011855089653
eu-us-af-row-apac-ch/pf080_k050_a030,2035,us,ch,3.670610265936497e-08,332.99999998527,95.90883305365476,150.72310970226147,175.45410970226146,188.3664806833128,24.731,-117.18864762965805,1.1022853651948539e-10,False,-37.64337098105133
eu-us-af-row-apac-ch/pf080_k050_a030,2035,us,eu,36.82417870941951,94.999999991526,242.42674585299835,146.15039785988498,155.54739785988497,188.3664806833128,9.397,44.66326516968555,0.3876229338179393,True,-42.216082823427826
eu-us-af-row-apac-ch/pf080_k050_a030,2035,us,us,1.4441942136816825e-07,69.99999998096705,236.27060412665486,188.3664806833128,188.3664806833128,188.3664806833128,0.0,47.90412344334206,2.0631345915347973e-09,False,0.0
eu-us-af-row-apac-ch/pf080_k050_a030,2035,us,apac,5.883913791024583e-08,102.99999998322457,172.36721980339715,171.62684784229018,186.36450399761387,188.3664806833128,14.73765615532369,-30.736917035239344,5.712537662119306e-10,False,-16.739632841022626
eu-us-af-row-apac-ch/pf080_k050_a030,2035,us,af,0.0001109648356711372,19.99999999280107,257.2666028362956,156.32425190841423,170.52425190841421,188.3664806833128,14.2,54.700122152982786,5.548241785553931e-06,False,-32.042228774898575
eu-us-af-row-apac-ch/pf080_k050_a030,2035,us,row,8.310191212817276e-08,78.99999999198909,207.2850605834436,175.2764409523581,189.7262659182471,188.3664806833128,14.449824965889,4.468754934241794,1.05192293843797e-09,False,-13.090039730954715
eu-us-af-row-apac-ch/pf080_k050_a030,2035,apac,ch,6.909600381955107e-08,332.99999998527,95.90883305365476,105.56493402497634,118.79782697526159,109.9122079504653,13.23289295028525,-27.23626784709579,2.0749550697479723e-10,False,-4.347273925488963
eu-us-af-row-apac-ch/pf080_k050_a030,2035,apac,eu,50.2782418842204,94.999999991526,242.42674585299835,163.7172823479497,180.02445586058212,109.9122079504653,16.30717351263244,116.20736438990062,0.529244651460055,True,53.80507439748439
eu-us-af-row-apac-ch/pf080_k050_a030,2035,apac,us,43.35718802572831,69.99999998096705,236.27060412665486,160.1651543142998,173.87523512114578,109.9122079504653,13.71008080684597,112.64831536934359,0.6193884005359586,True,50.252946363834496
eu-us-af-row-apac-ch/pf080_k050_a030,2035,apac,apac,102.99999958864422,102.99999998322457,172.36721980339715,109.9122079504653,109.9122079504653,109.9122079504653,0.0,62.45501185293185,0.9999999961691228,True,0.0
eu-us-af-row-apac-ch/pf080_k050_a030,2035,apac,af,8.98801936333213e-08,19.99999999280107,257.2666028362956,249.80089384330572,262.973509980225,109.9122079504653,13.17261613691931,134.18177874891097,4.4940096832836685e-09,False,139.8886858928404
eu-us-af-row-apac-ch/pf080_k050_a030,2035,apac,row,4.762859964203338e-07,78.99999999198909,207.2850605834436,133.64427550020707,152.52669021676502,109.9122079504653,18.88241471655794,78.49043791642035,6.028936664159887e-09,False,23.73206754974177
eu-us-af-row-apac-ch/pf080_k050_a030,2035,af,ch,4.215479303628645e-08,332.99999998527,95.90883305365476,84.87031881381301,89.37031881381301,106.08917463044914,4.5,-14.680341576794376,1.2659097008453794e-10,False,-21.218855816636122
eu-us-af-row-apac-ch/pf080_k050_a030,2035,af,eu,7.897578470323313,94.999999991526,242.42674585299835,84.87492627898388,91.07492627898388,106.08917463044914,6.2,130.13757122254924,0.08313240495818713,True,-21.21424835146526
eu-us-af-row-apac-ch/pf080_k050_a030,2035,af,us,5.204314168027485e-07,69.99999998096705,236.27060412665486,84.87186181776515,93.37186181776515,106.08917463044914,8.5,121.68142949620574,7.43473452777505e-09,False,-21.217312812683986
eu-us-af-row-apac-ch/pf080_k050_a030,2035,af,apac,8.016840730942344e-08,102.99999998322457,172.36721980339715,84.86944668676372,91.89401881390309,106.08917463044914,7.024572127139364,59.25347304580865,7.783340516745663e-10,False,-21.219727943685413
eu-us-af-row-apac-ch/pf080_k050_a030,2035,af,af,5.804192270816131e-05,19.99999999280107,257.2666028362956,106.08917463044914,106.08917463044914,106.08917463044914,0.0,151.17742820584647,2.902096136452665e-06,False,0.0
eu-us-af-row-apac-ch/pf080_k050_a030,2035,af,row,1.4432112460179755e-07,78.99999999198909,207.2850605834436,84.86932929245965,92.36932929245965,106.08917463044914,7.5,93.69588595299446,1.8268496786890163e-09,False,-21.219845337989483
eu-us-af-row-apac-ch/pf080_k050_a030,2035,row,ch,7.251759743314109e-08,332.99999998527,95.90883305365476,165.53178389648946,179.65417980092633,207.20606052566248,14.12239590443686,-125.41962337644458,2.1777056287191848e-10,False,-41.67427662917302
eu-us-af-row-apac-ch/pf080_k050_a030,2035,row,eu,2.9370018846056033e-07,94.999999991526,242.42674585299835,259.465899651049,267.5895412892743,207.20606052566248,8.123641638225255,27.097043689110617,3.0915809314395623e-09,False,52.25983912538655
eu-us-af-row-apac-ch/pf080_k050_a030,2035,row,us,7.221201872141964e-08,69.99999998096705,236.27060412665486,308.14809990555,321.93554359155684,207.20606052566248,13.78744368600683,15.27709991498555,1.0316002677293435e-09,False,100.94203937988752
eu-us-af-row-apac-ch/pf080_k050_a030,2035,row,apac,1.332146066913214e-07,102.99999998322457,172.36721980339715,200.3820069672136,220.13472128786816,207.20606052566248,19.75271432065455,-54.59155504291988,1.2933456962428914e-09,False,-6.824053558448867
eu-us-af-row-apac-ch/pf080_k050_a030,2035,row,af,11.00893265435345,19.99999999280107,257.2666028362956,244.75559431150282,257.2555943115028,207.20606052566248,12.5,37.56054231063311,0.5504466329158039,True,37.54953378584034
eu-us-af-row-apac-ch/pf080_k050_a030,2035,row,row,78.99999906692345,78.99999999198909,207.2850605834436,207.20606052566248,207.20606052566248,207.20606052566248,0.0,0.07900005778111563,0.9999999882903085,True,0.0
eu-us-af-row-apac-ch/pf080_k050_a030,2040,ch,ch,315.9999999335776,315.999999996822,86.65125720858032,86.33525719941149,86.33525719941149,86.33525719941149,0.0,0.31600000916883175,0.9999999997998595,True,0.0
eu-us-af-row-apac-ch/pf080_k050_a030,2040,ch,eu,3.1621048673777365e-08,98.99999999811965,231.99287417942284,308.39056016619907,324.50856016619906,86.33525719941149,16.118,129.53961698001137,3.1940453206442383e-10,False,222.05530296678756
eu-us-af-row-apac-ch/pf080_k050_a030,2040,ch,us,5.814614805278458e-09,74.99999999605691,214.6467258712936,440.20698717849535,451.33998717849533,86.33525719941149,11.133,117.1784686718821,7.752819740778877e-11,False,353.87172997908385
eu-us-af-row-apac-ch/pf080_k050_a030,2040,ch,apac,6.299182636431108e-09,125.99999999639192,152.40429823703465,358.10523003691145,371.8856516157931,86.33525719941149,13.78042157888167,52.28861945874149,4.9993512988980066e-11,False,271.76997283749995
eu-us-af-row-apac-ch/pf080_k050_a030,2040,ch,af,7.97243691424356e-09,27.999999998538435,207.91635774542152,362.78668885843865,373.28668885843865,86.33525719941149,10.5,111.08110054601003,2.847298898092754e-10,False,276.45143165902715
eu-us-af-row-apac-ch/pf080_k050_a030,2040,ch,row,7.0618031962925185e-09,88.99999999824598,187.24992193269966,366.0625420121984,380.65899432180424,86.33525719941149,14.59645230960589,86.31821242368228,7.934610333069318e-11,False,279.7272848127869
eu-us-af-row-apac-ch/pf080_k050_a030,2040,eu,ch,9.760055009880079e-09,315.999999996822,86.65125720858032,126.79861380747789,142.9166138074779,158.50199826333673,16.118,-87.9687410547564,3.088625003157669e-11,False,-31.70338445585884
eu-us-af-row-apac-ch/pf080_k050_a030,2040,eu,eu,44.54680630398927,98.99999999811965,231.99287417942284,158.50199826333673,158.50199826333673,158.50199826333673,0.0,73.49087591608611,0.4499677404528825,True,0.0
eu-us-af-row-apac-ch/pf080_k050_a030,2040,eu,us,1.1654045558004589e-08,74.99999999605691,214.6467258712936,146.2925237188599,165.0525237188599,158.50199826333673,18.76,37.38472760795686,1.5538727411489726e-10,False,-12.20947454447682
eu-us-af-row-apac-ch/pf080_k050_a030,2040,eu,apac,1.732192816399606e-08,125.99999999639192,152.40429823703465,126.99833731833351,145.1319775215486,158.50199826333673,18.13364020321509,-24.23134022951717,1.3747562035311175e-10,False,-31.50366094500322
eu-us-af-row-apac-ch/pf080_k050_a030,2040,eu,af,2.162086934055067e-08,27.999999998538435,207.91635774542152,159.18706975880414,168.98706975880415,158.50199826333673,9.8,39.614359482084794,7.721739050599732e-10,False,0.6850714954674118
eu-us-af-row-apac-ch/pf080_k050_a030,2040,eu,row,2.125390232076729e-08,88.99999999824598,187.24992193269966,150.17314439341237,158.60943255907506,158.50199826333673,8.436288165662685,20.31163550370025,2.3880789124928275e-10,False,-8.328853869924359
eu-us-af-row-apac-ch/pf080_k050_a030,2040,us,ch,7.868880995851052e-09,315.999999996822,86.65125720858032,134.48786866674615,159.21886866674615,170.1546096644843,24.731,-108.23435245590397,2.4901522139019585e-11,False,-35.666740997738145
eu-us-af-row-apac-ch/pf080_k050_a030,2040,us,eu,45.265388593737896,98.99999999811965,231.99287417942284,127.77726971290093,137.17426971290092,170.1546096644843,9.397,52.441264514938545,0.4572261474201782,True,-42.377339951583366
eu-us-af-row-apac-ch/pf080_k050_a030,2040,us,us,2.066554466513495e-08,74.99999999605691,214.6467258712936,170.1546096644843,170.1546096644843,170.1546096644843,0.0,44.4921162068093,2.7554059554961905e-10,False,0.0
eu-us-af-row-apac-ch/pf080_k050_a030,2040,us,apac,1.2623362493585444e-08,125.99999999639192,152.40429823703465,143.5779494432012,158.31560559852488,170.1546096644843,14.73765615532369,-32.48796758277334,1.0018541661862635e-10,False,-26.576660221283106
eu-us-af-row-apac-ch/pf080_k050_a030,2040,us,af,2.1849979609414567e-08,27.999999998538435,207.91635774542152,138.89446170928372,153.0944617092837,170.1546096644843,14.2,23.561748080937225,7.803564146626824e-10,False,-31.26014795520058
eu-us-af-row-apac-ch/pf080_k050_a030,2040,us,row,6.899819260890657e-09,88.99999999824598,187.24992193269966,268.9765375174496,283.42636248333855,170.1546096644843,14.449824965889,2.645487302326366,7.752605911265887e-11,False,98.82192785296527
eu-us-af-row-apac-ch/pf080_k050_a030,2040,apac,ch,2.0719371168165942e-08,315.999999996822,86.65125720858032,84.54534183061581,97.77823478090106,99.28554577932321,13.23289295028525,-25.867181521028144,6.556763027966555e-11,False,-14.740203948707403
eu-us-af-row-apac-ch/pf080_k050_a030,2040,apac,eu,2.4253666236129823e-08,98.99999999811965,231.99287417942284,235.26826348334853,251.57543699598097,99.28554577932321,16.30717351263244,116.40015488746721,2.449865276423281e-10,False,135.98271770402533
eu-us-af-row-apac-ch/pf080_k050_a030,2040,apac,us,73.98134785097425,74.99999999605691,214.6467258712936,147.86991126837611,161.5799920752221,99.28554577932321,13.71008080684597,101.65109928512442,0.9864179713981837,True,48.5843654890529
eu-us-af-row-apac-ch/pf080_k050_a030,2040,apac,apac,125.99999993767575,125.99999999639192,152.40429823703465,99.28554577932321,99.28554577932321,99.28554577932321,0.0,53.11875245771144,0.9999999995339987,True,0.0
eu-us-af-row-apac-ch/pf080_k050_a030,2040,apac,af,27.999999903224552,27.999999998538435,207.91635774542152,141.72298920697764,154.89560534389696,99.28554577932321,13.17261613691931,95.458195829179,0.9999999965959327,True,42.43744342765443
eu-us-af-row-apac-ch/pf080_k050_a030,2040,apac,row,11.79702293914752,88.99999999824598,187.24992193269966,115.36295781808181,134.24537253463976,99.28554577932321,18.88241471655794,69.08196143681852,0.1325508195435957,True,16.077412038758595
eu-us-af-row-apac-ch/pf080_k050_a030,2040,af,ch,7.850409950497751e-09,315.999999996822,86.65125720858032,76.74068273709597,81.24068273709597,95.83213549134676,4.5,-13.680878282766443,2.4843069463850323e-11,False,-19.091452754250795
eu-us-af-row-apac-ch/pf080_k050_a030,2040,af,eu,9.18780501582017,98.99999999811965,231.99287417942284,92.42683767485303,98.62683767485304,95.83213549134676,6.2,129.9607386880761,0.0928061112726735,True,-3.4052978164937286
eu-us-af-row-apac-ch/pf080_k050_a030,2040,af,us,1.0186520837785622,74.99999999605691,214.6467258712936,72.78885894911701,81.28885894911701,95.83213549134676,8.5,110.31459037994684,0.01358202778442823,True,-23.043276542229748
eu-us-af-row-apac-ch/pf080_k050_a030,2040,af,apac,1.3835689155808563e-08,125.99999999639192,152.40429823703465,76.66312153293485,83.68769366007422,95.83213549134676,7.024572127139364,49.547590618548526,1.0980705679527584e-10,False,-19.16901395841191
eu-us-af-row-apac-ch/pf080_k050_a030,2040,af,af,2.3576438215537727e-08,27.999999998538435,207.91635774542152,95.83213549134676,95.83213549134676,95.83213549134676,0.0,112.08422225407476,8.42015650598871e-10,False,0.0
eu-us-af-row-apac-ch/pf080_k050_a030,2040,af,row,2.2158516896456378e-08,88.99999999824598,187.24992193269966,76.65656298259219,84.15656298259219,95.83213549134676,7.5,83.9177864413529,2.4897209996509077e-10,False,-19.17557250875457
eu-us-af-row-apac-ch/pf080_k050_a030,2040,row,ch,1.7045618625400434e-08,315.999999996822,86.65125720858032,151.67283158539877,165.79522748983564,187.17271895170572,14.12239590443686,-114.64385764756226,5.394183109358184e-11,False,-35.49988736630695
eu-us-af-row-apac-ch/pf080_k050_a030,2040,row,eu,2.8697599744902556e-08,98.99999999811965,231.99287417942284,307.0086862405394,315.13232787876467,187.17271895170572,8.123641638225255,36.69651358949187,2.8987474490351134e-10,False,119.8359672888337
eu-us-af-row-apac-ch/pf080_k050_a030,2040,row,us,2.316989764355876e-08,74.99999999605691,214.6467258712936,259.285367197953,273.07281088395985,187.17271895170572,13.78744368600683,13.68656323358105,3.089319685970254e-10,False,72.11264824624729
eu-us-af-row-apac-ch/pf080_k050_a030,2040,row,apac,8.635995295278366e-09,125.99999999639192,152.40429823703465,291.9090088828252,311.66172320347977,187.17271895170572,19.75271432065455,-54.521135035325614,6.853964520258462e-11,False,104.7362899311195
eu-us-af-row-apac-ch/pf080_k050_a030,2040,row,af,2.029415526281557e-08,27.999999998538435,207.91635774542152,254.68927831649367,267.18927831649364,187.17271895170572,12.5,8.243638793715803,7.247912594241035e-10,False,67.51655936478795
eu-us-af-row-apac-ch/pf080_k050_a030,2040,row,row,77.20297700172443,88.99999999824598,187.24992193269966,187.17271895170572,187.17271895170572,187.17271895170572,0.0,0.0772029809939454,0.8674491798117523,True,0.0
eu-us-af-row-apac-ch/pf080_k050_a040,2025,ch,ch,316.6000034273289,323.9999999905708,163.3165999949502,163.0,163.0,163.0,0.0,0.3165999949501952,0.9771605044337738,True,0.0
eu-us-af-row-apac-ch/pf080_k050_a040,2025,ch,eu,1.493498288686948e-07,74.99999999452122,355.99228317752187,357.35286736086994,373.47086736086993,163.0,16.118,176.87428317752187,1.991331051728065e-09,False,194.35286736086994
eu-us-af-row-apac-ch/pf080_k050_a040,2025,ch,us,44.99999859749031,44.99999998771806,293.9342815286641,282.75628161763143,293.8892816176314,163.0,11.133,119.80128152866409,0.9999999691060499,True,119.75628161763143
eu-us-af-row-apac-ch/pf080_k050_a040,2025,ch,apac,3.533749410417822e-08,49.99999999029525,189.0615247636592,269.28568611628964,283.0661076951713,163.0,13.78042157888167,12.281103184777537,7.06749882220741e-10,False,106.28568611628964
eu-us-af-row-apac-ch/pf080_k050_a040,2025,ch,af,9.99999938872799,9.999999996061826,319.6987224668909,309.1887229856782,319.6887229856782,163.0,10.5,146.1987224668909,0.9999999392666163,True,146.18872298567823
eu-us-af-row-apac-ch/pf080_k050_a040,2025,ch,row,7.666439262796962e-07,44.99999999461053,350.8302397744465,339.61868532896244,354.2151376385683,163.0,14.59645230960589,173.23378746484062,1.7036531697144755e-08,False,176.61868532896244
eu-us-af-row-apac-ch/pf080_k050_a040,2025,eu,ch,1.315297803870499e-08,323.9999999905708,163.3165999949502,239.39995182033857,255.51795182033857,299.25,16.118,-152.0514000050498,4.059561123175239e-11,False,-59.85004817966143
eu-us-af-row-apac-ch/pf080_k050_a040,2025,eu,eu,3.3512576999975335e-08,74.99999999452122,355.99228317752187,299.25,299.25,299.25,0.0,56.74228317752187,4.4683436003231255e-10,False,0.0
eu-us-af-row-apac-ch/pf080_k050_a040,2025,eu,us,2.8123660617238456e-08,44.99999998771806,293.9342815286641,239.3999940818798,258.1599940818798,299.25,18.76,-24.075718471335914,6.249702361092067e-10,False,-59.85000591812019
eu-us-af-row-apac-ch/pf080_k050_a040,2025,eu,apac,1.1890968448573495e-08,49.99999999029525,189.0615247636592,285.4342453790267,303.5678855822418,299.25,18.13364020321509,-128.3221154395559,2.3781936901762945e-10,False,-13.81575462097328
eu-us-af-row-apac-ch/pf080_k050_a040,2025,eu,af,3.519008731837682e-08,9.999999996061826,319.6987224668909,239.40002879321753,249.20002879321754,299.25,9.8,10.648722466890899,3.519008733223529e-09,False,-59.84997120678247
eu-us-af-row-apac-ch/pf080_k050_a040,2025,eu,row,21.999999856796688,44.99999999461053,350.8302397744465,193.36544001118602,201.8017281768487,299.25,8.436288165662685,43.14395160878382,0.4888888857651453,True,-105.88455998881398
eu-us-af-row-apac-ch/pf080_k050_a040,2025,us,ch,1.3540996111698325e-08,323.9999999905708,163.3165999949502,256.9998601002563,281.7308601002563,321.25,24.731,-182.6644000050498,4.1793197876828396e-11,False,-64.25013989974371
eu-us-af-row-apac-ch/pf080_k050_a040,2025,us,eu,41.999999872897035,74.99999999452122,355.99228317752187,213.00864555069097,222.40564555069096,321.25,9.397,25.34528317752187,0.5599999983462021,True,-108.24135444930903
eu-us-af-row-apac-ch/pf080_k050_a040,2025,us,us,1.9973928114987036e-08,44.99999998771806,293.9342815286641,321.25,321.25,321.25,0.0,-27.315718471335913,4.438650693430791e-10,False,0.0
eu-us-af-row-apac-ch/pf080_k050_a040,2025,us,apac,1.5563242662598176e-08,49.99999999029525,189.0615247636592,256.9984969772148,271.7361531325385,321.25,14.73765615532369,-146.92613139166448,3.1126485331237845e-10,False,-64.25150302278519
eu-us-af-row-apac-ch/pf080_k050_a040,2025,us,af,3.1914442583967e-08,9.999999996061826,319.6987224668909,257.00022594117706,271.20022594117705,321.25,14.2,-15.7512775331091,3.1914442596535464e-09,False,-64.24977405882294
eu-us-af-row-apac-ch/pf080_k050_a040,2025,us,row,2.060462183984699e-08,44.99999999461053,350.8302397744465,356.5439785802756,370.9938035461646,321.25,14.449824965889,15.13041480855751,4.578804853847716e-10,False,35.29397858027562
eu-us-af-row-apac-ch/pf080_k050_a040,2025,apac,ch,7.399996496115494,323.9999999905708,163.3165999949502,148.51478250215087,161.7476754524361,187.45,13.23289295028525,-37.36629295533504,0.02283949535904584,True,-38.93521749784912
eu-us-af-row-apac-ch/pf080_k050_a040,2025,apac,eu,29.600000389031315,74.99999999452122,355.99228317752187,338.0939849806132,354.40115849324565,187.45,16.30717351263244,152.23510966488945,0.3946666718825814,True,150.6439849806132
eu-us-af-row-apac-ch/pf080_k050_a040,2025,apac,us,1.5022142474708362e-07,44.99999998771806,293.9342815286641,298.88585355633063,312.5959343631766,187.45,13.71008080684597,92.77420072181813,3.338253884179641e-09,False,111.43585355633064
eu-us-af-row-apac-ch/pf080_k050_a040,2025,apac,apac,49.99999987862997,49.99999999029525,189.0615247636592,187.45,187.45,187.45,0.0,1.6115247636592187,0.9999999977666945,True,0.0
eu-us-af-row-apac-ch/pf080_k050_a040,2025,apac,af,2.4502662338516184e-08,9.999999996061826,319.6987224668909,413.6701058563135,426.84272199323283,187.45,13.17261613691931,119.0761063299716,2.450266234816576e-09,False,226.22010585631352
eu-us-af-row-apac-ch/pf080_k050_a040,2025,apac,row,22.999998451654093,44.99999999461053,350.8302397744465,330.36330039379897,349.2457151103569,187.45,18.88241471655794,144.49782505788858,0.511111076764638,True,142.91330039379898
eu-us-af-row-apac-ch/pf080_k050_a040,2025,af,ch,1.5471855285788938e-08,323.9999999905708,163.3165999949502,144.74402915265765,149.24402915265765,180.93,4.5,-22.11340000504981,4.775263977234323e-11,False,-36.18597084734236
eu-us-af-row-apac-ch/pf080_k050_a040,2025,af,eu,3.3999992922949565,74.99999999452122,355.99228317752187,144.74426398946218,150.94426398946217,180.93,6.2,168.86228317752187,0.045333323900577704,True,-36.18573601053782
eu-us-af-row-apac-ch/pf080_k050_a040,2025,af,us,3.622709431003194e-08,44.99999998771806,293.9342815286641,144.7440498810766,153.2440498810766,180.93,8.5,104.50428152866408,8.050465404426549e-10,False,-36.185950118923415
eu-us-af-row-apac-ch/pf080_k050_a040,2025,af,apac,1.937144396574743e-08,49.99999999029525,189.0615247636592,144.74375038713282,151.76832251427217,180.93,7.024572127139364,1.1069526365198366,3.874288793901466e-10,False,-36.186249612867186
eu-us-af-row-apac-ch/pf080_k050_a040,2025,af,af,3.662926715982512e-08,9.999999996061826,319.6987224668909,180.93,180.93,180.93,0.0,138.7687224668909,3.662926717425036e-09,False,0.0
eu-us-af-row-apac-ch/pf080_k050_a040,2025,af,row,5.861351881535173e-07,44.99999999461053,350.8302397744465,144.7439386957234,152.2439386957234,180.93,7.5,162.4002397744465,1.3025226404971473e-08,False,-36.18606130427662
eu-us-af-row-apac-ch/pf080_k050_a040,2025,row,ch,2.496057683223458e-08,323.9999999905708,163.3165999949502,282.6907883792398,296.81318428367666,353.38,14.12239590443686,-204.18579590948667,7.703881738568207e-11,False,-70.6892116207602
eu-us-af-row-apac-ch/pf080_k050_a040,2025,row,eu,2.574355042112007e-07,74.99999999452122,355.99228317752187,358.15542721007705,366.2790688483023,353.38,8.123641638225255,-5.511358460703381,3.4324733897334194e-09,False,4.775427210077055
eu-us-af-row-apac-ch/pf080_k050_a040,2025,row,us,1.155681645027923e-06,44.99999998771806,293.9342815286641,282.702855460565,296.49029914657183,353.38,13.78744368600683,-73.23316215734273,2.5681814340963235e-08,False,-70.677144539435
eu-us-af-row-apac-ch/pf080_k050_a040,2025,row,apac,2.9502134075144933e-08,49.99999999029525,189.0615247636592,282.70380079858967,302.4565151192442,353.38,19.75271432065455,-184.07118955699534,5.90042681617423e-10,False,-70.67619920141033
eu-us-af-row-apac-ch/pf080_k050_a040,2025,row,af,4.790973767428755e-07,9.999999996061826,319.6987224668909,316.00532913097106,328.50532913097106,353.38,12.5,-46.181277533109096,4.790973769315524e-08,False,-37.37467086902893
eu-us-af-row-apac-ch/pf080_k050_a040,2025,row,row,3.1277602454232333e-07,44.99999999461053,350.8302397744465,353.38,353.38,353.38,0.0,-2.5497602255534844,6.950578323995183e-09,False,0.0
eu-us-af-row-apac-ch/pf080_k050_a040,2030,ch,ch,349.9999998671054,349.9999999919946,107.79092387918827,107.44092378697313,107.44092378697313,107.44092378697313,0.0,0.35000009221514006,0.9999999996431735,True,0.0
eu-us-af-row-apac-ch/pf080_k050_a040,2030,ch,eu,6.134429795525071,89.99999999531893,262.92222791677204,246.79809396020332,262.91609396020334,107.44092378697313,16.118,139.3633041297989,0.06816033106493483,True,139.3571701732302
eu-us-af-row-apac-ch/pf080_k050_a040,2030,ch,us,3.623423736917781e-08,64.99999998271421,375.9767603906702,450.2990212103658,461.4320212103658,107.44092378697313,11.133,257.4028366036971,5.574498058279041e-10,False,342.8580974233927
eu-us-af-row-apac-ch/pf080_k050_a040,2030,ch,apac,1.2667500189381399e-07,84.99999999008564,201.91047271851096,214.31831113432793,228.09873271320959,107.44092378697313,13.78042157888167,80.68912735265616,1.4902941401010505e-09,False,106.8773873473548
eu-us-af-row-apac-ch/pf080_k050_a040,2030,ch,af,8.187057255501603,13.999999995778015,358.13097453929845,347.6227878057863,358.1227878057863,107.44092378697313,10.5,240.1900507523253,0.5847898041407554,True,240.18186401881314
eu-us-af-row-apac-ch/pf080_k050_a040,2030,ch,row,1.0772271352112745e-08,69.99999999553219,232.9648319181143,522.3176481518119,536.9141004614178,107.44092378697313,14.59645230960589,110.92745582153528,1.5388959075428993e-10,False,414.87672436483876
eu-us-af-row-apac-ch/pf080_k050_a040,2030,eu,ch,2.4732896623984023e-08,349.9999999919946,107.79092387918827,157.79609143087094,173.91409143087094,197.24967143099207,16.118,-105.57674755180379,7.066541892728493e-11,False,-39.45358000012112
eu-us-af-row-apac-ch/pf080_k050_a040,2030,eu,eu,3.0343873904976216e-06,89.99999999531893,262.92222791677204,197.24967143099207,197.24967143099207,197.24967143099207,0.0,65.67255648577998,3.3715415451727175e-08,False,0.0
eu-us-af-row-apac-ch/pf080_k050_a040,2030,eu,us,5.5709043435898093e-08,64.99999998271421,375.9767603906702,343.6237807940678,362.3837807940678,197.24967143099207,18.76,159.96708895967816,8.570622069340475e-10,False,146.37410936307572
eu-us-af-row-apac-ch/pf080_k050_a040,2030,eu,apac,8.14330706742302e-08,84.99999999008564,201.91047271851096,157.81799097563325,175.95163117884834,197.24967143099207,18.13364020321509,-13.472838915696197,9.580361256909236e-10,False,-39.431680455358816
eu-us-af-row-apac-ch/pf080_k050_a040,2030,eu,af,6.06185272823565e-08,13.999999995778015,358.13097453929845,334.7146674702134,344.5146674702134,197.24967143099207,9.8,151.08130310830637,4.329894807188375e-09,False,137.46499603922132
eu-us-af-row-apac-ch/pf080_k050_a040,2030,eu,row,34.45421236332438,69.99999999553219,232.9648319181143,157.81386224795165,166.25015041361434,197.24967143099207,8.436288165662685,27.27887232145955,0.49220303379319214,True,-39.43580918304042
eu-us-af-row-apac-ch/pf080_k050_a040,2030,us,ch,1.3702374958219616e-08,349.9999999919946,107.79092387918827,169.45124039003605,194.18224039003604,211.75090040837495,24.731,-128.69097652918668,3.914964273866578e-11,False,-42.2996600183389
eu-us-af-row-apac-ch/pf080_k050_a040,2030,us,eu,1.3049968536652162e-08,89.99999999531893,262.92222791677204,350.1069949550347,359.50399495503467,211.75090040837495,9.397,41.7743275083971,1.4499965041478794e-10,False,138.35609454665973
eu-us-af-row-apac-ch/pf080_k050_a040,2030,us,us,64.86949898874771,64.99999998271421,375.9767603906702,211.75090040837495,211.75090040837495,211.75090040837495,0.0,164.22585998229528,0.9979922923999813,True,0.0
eu-us-af-row-apac-ch/pf080_k050_a040,2030,us,apac,1.0301034492900775e-08,84.99999999008564,201.91047271851096,350.65312445854727,365.39078061387096,211.75090040837495,14.73765615532369,-24.578083845187678,1.2118864110708567e-10,False,138.90222405017232
eu-us-af-row-apac-ch/pf080_k050_a040,2030,us,af,4.884851464901475e-08,13.999999995778015,358.13097453929845,249.35957909815812,263.5595790981581,211.75090040837495,14.2,132.18007413092351,3.489179618839001e-09,False,37.608678689783176
eu-us-af-row-apac-ch/pf080_k050_a040,2030,us,row,1.716493318997203e-08,69.99999999553219,232.9648319181143,255.88349053755368,270.3333155034427,211.75090040837495,14.449824965889,6.764106543850353,2.4521333130096565e-10,False,44.13259012917874
eu-us-af-row-apac-ch/pf080_k050_a040,2030,apac,ch,3.9503341060534407e-08,349.9999999919946,107.79092387918827,100.45476851247096,113.68766146275621,123.55706235501908,13.23289295028525,-28.999031426116062,1.1286668874696556e-10,False,-23.10229384254812
eu-us-af-row-apac-ch/pf080_k050_a040,2030,apac,eu,83.8655669820873,89.99999999531893,262.92222791677204,168.26277847186495,184.56995198449738,123.55706235501908,16.30717351263244,123.05799204912054,0.9318396331827701,True,44.70571611684586
eu-us-af-row-apac-ch/pf080_k050_a040,2030,apac,us,2.6659965112311347e-06,64.99999998271421,375.9767603906702,285.0055510013327,298.71563180817867,123.55706235501908,13.71008080684597,238.70961722880517,4.1015330952924877e-08,False,161.44848864631365
eu-us-af-row-apac-ch/pf080_k050_a040,2030,apac,apac,84.99999972009601,84.99999999008564,201.91047271851096,123.55706235501908,123.55706235501908,123.55706235501908,0.0,78.35341036349188,0.9999999968236515,True,0.0
eu-us-af-row-apac-ch/pf080_k050_a040,2030,apac,af,6.540729220986363e-08,13.999999995778015,358.13097453929845,313.70890898755295,326.88152512447226,123.55706235501908,13.17261613691931,221.40129604736006,4.6719494449706095e-09,False,190.15184663253387
eu-us-af-row-apac-ch/pf080_k050_a040,2030,apac,row,7.936513929161679e-08,69.99999999553219,232.9648319181143,177.54770788992602,196.43012260648396,123.55706235501908,18.88241471655794,90.52535484653728,1.1337877042383191e-09,False,53.99064553490693
eu-us-af-row-apac-ch/pf080_k050_a040,2030,af,ch,1.3500132806997153e-08,349.9999999919946,107.79092387918827,95.4081582004984,99.9081582004984,119.25942540354018,4.5,-15.968501524351908,3.85718080208741e-11,False,-23.851267203041772
eu-us-af-row-apac-ch/pf080_k050_a040,2030,af,eu,4.273909909793523e-08,89.99999999531893,262.92222791677204,95.40882965594673,101.60882965594674,119.25942540354018,6.2,137.46280251323188,4.748788788906464e-10,False,-23.850595747593445
eu-us-af-row-apac-ch/pf080_k050_a040,2030,af,us,5.213171881382319e-08,64.99999998271421,375.9767603906702,139.24089209684263,147.74089209684263,119.25942540354018,8.5,248.21733498713002,8.020264435028746e-10,False,19.98146669330245
eu-us-af-row-apac-ch/pf080_k050_a040,2030,af,apac,2.3013896586265053e-08,84.99999999008564,201.91047271851096,95.40620026728688,102.43077239442624,119.25942540354018,7.024572127139364,75.62647518783142,2.707517245758751e-10,False,-23.8532251362533
eu-us-af-row-apac-ch/pf080_k050_a040,2030,af,af,5.812942408274598,13.999999995778015,358.13097453929845,119.25942540354018,119.25942540354018,119.25942540354018,0.0,238.87154913575827,0.4152101721448292,True,0.0
eu-us-af-row-apac-ch/pf080_k050_a040,2030,af,row,2.9648877087992486e-08,69.99999999553219,232.9648319181143,95.30128014978887,102.80128014978887,119.25942540354018,7.5,106.20540651457412,4.23555386998355e-10,False,-23.95814525375131
eu-us-af-row-apac-ch/pf080_k050_a040,2030,row,ch,3.345045709624748e-08,349.9999999919946,107.79092387918827,192.1909717207227,206.31336762515957,232.92928618307093,14.12239590443686,-139.26075820831952,9.557273456289307e-11,False,-40.73831446234823
eu-us-af-row-apac-ch/pf080_k050_a040,2030,row,eu,1.2753009125940732e-07,89.99999999531893,262.92222791677204,280.7076367920496,288.83127843027484,232.92928618307093,8.123641638225255,21.86930009547586,1.4170010140671157e-09,False,47.778350608978656
eu-us-af-row-apac-ch/pf080_k050_a040,2030,row,us,0.13049818389494752,64.99999998271421,375.9767603906702,362.18923443145593,375.97667811746277,232.92928618307093,13.78744368600683,129.26003052159245,0.002007664368148486,True,129.259948248385
eu-us-af-row-apac-ch/pf080_k050_a040,2030,row,apac,2.85665956986035e-08,84.99999999008564,201.91047271851096,297.6007158282067,317.35343014886126,232.92928618307093,19.75271432065455,-50.771527785214516,3.3607759649335877e-10,False,64.67142964513579
eu-us-af-row-apac-ch/pf080_k050_a040,2030,row,af,1.5712747889684914e-07,13.999999995778015,358.13097453929845,366.81717605218455,379.31717605218455,232.92928618307093,12.5,112.70168835622752,1.122339135315958e-08,False,133.88788986911362
eu-us-af-row-apac-ch/pf080_k050_a040,2030,row,row,35.54578749525657,69.99999999553219,232.9648319181143,232.92928618307093,232.92928618307093,232.92928618307093,0.0,0.035545735043370996,0.5077969642503616,True,0.0
eu-us-af-row-apac-ch/pf080_k050_a040,2035,ch,ch,332.99999967313875,332.9999999879433,95.90883307798077,95.57583300040461,95.57583300040461,95.57583300040461,0.0,0.333000077576159,0.999999999054641,True,0.0
eu-us-af-row-apac-ch/pf080_k050_a040,2035,ch,eu,2.3363125344191302e-07,94.99999999294617,257.4643495145352,257.81093676650596,273.92893676650596,95.57583300040461,16.118,145.77051651413058,2.4592763522027405e-09,False,162.23510376610136
eu-us-af-row-apac-ch/pf080_k050_a040,2035,ch,us,2.5136653031586815e-08,69.99999998381548,236.34101669998105,441.08602700733604,452.219027007336,95.57583300040461,11.133,129.63218369957642,3.5909504339140847e-10,False,345.51019400693144
eu-us-af-row-apac-ch/pf080_k050_a040,2035,ch,apac,2.7707356868513407e-08,102.99999998748157,136.42437576867323,298.32773156973184,312.1081531486135,95.57583300040461,13.78042157888167,27.068121189386943,2.690034647755428e-10,False,202.75189856932724
eu-us-af-row-apac-ch/pf080_k050_a040,2035,ch,af,6.688495571187569e-07,19.99999999401431,324.21495233430966,324.6774553524699,335.1774553524699,95.57583300040461,10.5,218.13911933390506,3.344247786594666e-08,False,229.1016223520653
eu-us-af-row-apac-ch/pf080_k050_a040,2035,ch,row,2.0483379253000172e-08,78.99999999342411,207.2304440314587,431.92187413321363,446.5183264428195,95.57583300040461,14.59645230960589,97.05815872144818,2.59283281705129e-10,False,336.34604113280903
eu-us-af-row-apac-ch/pf080_k050_a040,2035,eu,ch,3.413477510451451e-08,332.9999999879433,95.90883307798077,140.37996427458535,156.49796427458534,175.4666750022766,16.118,-95.67584192429581,1.0250683214940062e-10,False,-35.08671072769124
eu-us-af-row-apac-ch/pf080_k050_a040,2035,eu,eu,43.684220002823146,94.99999999294617,257.4643495145352,175.4666750022766,175.4666750022766,175.4666750022766,0.0,81.99767451225858,0.45983389480070247,True,0.0
eu-us-af-row-apac-ch/pf080_k050_a040,2035,eu,us,4.498230619087742e-08,69.99999998381548,236.34101669998105,253.76635959343216,272.5263595934322,175.4666750022766,18.76,42.11434169770446,6.426043743039666e-10,False,78.29968459115557
eu-us-af-row-apac-ch/pf080_k050_a040,2035,eu,apac,4.426678664468825e-08,102.99999998748157,136.42437576867323,140.41008972381695,158.54372992703205,175.4666750022766,18.13364020321509,-57.17593943681845,4.2977462767056655e-10,False,-35.056585278459636
eu-us-af-row-apac-ch/pf080_k050_a040,2035,eu,af,3.918225644830826e-08,19.99999999401431,324.21495233430966,345.38128939978617,355.1812893997862,175.4666750022766,9.8,138.94827733203306,1.9591128230017454e-09,False,169.91461439750958
eu-us-af-row-apac-ch/pf080_k050_a040,2035,eu,row,3.9944013950567734e-08,78.99999999342411,207.2304440314587,232.55188676442896,240.98817493009165,175.4666750022766,8.436288165662685,23.327480863519416,5.056204297961093e-10,False,57.08521176215237
eu-us-af-row-apac-ch/pf080_k050_a040,2035,us,ch,3.482186359423536e-08,332.9999999879433,95.90883307798077,150.35150277887684,175.08250277887683,188.3664806833128,24.731,-117.18864760533202,1.0457016094743584e-10,False,-38.014977904435966
eu-us-af-row-apac-ch/pf080_k050_a040,2035,us,eu,7.836537813628532e-08,94.99999999294617,257.4643495145352,249.24579383170158,258.64279383170157,188.3664806833128,9.397,59.70086883122237,8.248987172853054e-10,False,60.879313148388775
eu-us-af-row-apac-ch/pf080_k050_a040,2035,us,us,69.99999978316741,69.99999998381548,236.34101669998105,188.3664806833128,188.3664806833128,188.3664806833128,0.0,47.97453601666825,0.999999997133599,True,0.0
eu-us-af-row-apac-ch/pf080_k050_a040,2035,us,apac,3.111862307085001e-08,102.99999998748157,136.42437576867323,214.33223267363758,229.06988882896127,188.3664806833128,14.73765615532369,-66.67976106996326,3.0212255412264183e-10,False,25.965751990324776
eu-us-af-row-apac-ch/pf080_k050_a040,2035,us,af,5.8826497292142355,19.99999999401431,324.21495233430966,262.1045343347312,276.3045343347312,188.3664806833128,14.2,121.64847165099685,0.2941324865487411,True,73.73805365141843
eu-us-af-row-apac-ch/pf080_k050_a040,2035,us,row,5.0208368804620075e-08,78.99999999342411,207.2304440314587,225.85096160317008,240.30078656905908,188.3664806833128,14.449824965889,4.414138382256887,6.355489722632832e-10,False,37.484480919857276
eu-us-af-row-apac-ch/pf080_k050_a040,2035,apac,ch,1.7416012916331458e-07,332.9999999879433,95.90883307798077,90.04703621332237,103.27992916360762,109.9122079504653,13.23289295028525,-27.236267822769776,5.230033908997606e-10,False,-19.86517173714293
eu-us-af-row-apac-ch/pf080_k050_a040,2035,apac,eu,51.31577952444748,94.99999999294617,257.4643495145352,214.69669245748855,231.00386597012098,109.9122079504653,16.30717351263244,131.24496805143744,0.5401661002974496,True,104.78448450702325
eu-us-af-row-apac-ch/pf080_k050_a040,2035,apac,us,4.767070299195793e-08,69.99999998381548,236.34101669998105,321.96530883246055,335.6753896393065,109.9122079504653,13.71008080684597,112.71872794266979,6.810100428997107e-10,False,212.05310088199525
eu-us-af-row-apac-ch/pf080_k050_a040,2035,apac,apac,102.9999998006027,102.99999998748157,136.42437576867323,109.9122079504653,109.9122079504653,109.9122079504653,0.0,26.512167818207928,0.999999998185642,True,0.0
eu-us-af-row-apac-ch/pf080_k050_a040,2035,apac,af,2.4605615354572662e-08,19.99999999401431,324.21495233430966,477.56771488589095,490.74033102281027,109.9122079504653,13.17261613691931,201.13012824692504,1.230280768096837e-09,False,367.65550693542565
eu-us-af-row-apac-ch/pf080_k050_a040,2035,apac,row,54.61642904284068,78.99999999342411,207.2304440314587,161.8842451185791,180.76665983513703,109.9122079504653,18.88241471655794,78.43582136443544,0.6913472031314798,True,51.972037168113786
eu-us-af-row-apac-ch/pf080_k050_a040,2035,af,ch,1.3864573840242784e-08,332.9999999879433,95.90883307798077,84.87055106798232,89.37055106798232,106.08917463044914,4.5,-14.680341552468363,4.163535687911342e-11,False,-21.218623562466817
eu-us-af-row-apac-ch/pf080_k050_a040,2035,af,eu,8.704270081620995e-09,94.99999999294617,257.4643495145352,125.99802371630483,132.19802371630482,106.08917463044914,6.2,145.17517488408606,9.162389560281362e-11,False,19.908849085855692
eu-us-af-row-apac-ch/pf080_k050_a040,2035,af,us,2.5458757966747533e-08,69.99999998381548,236.34101669998105,150.74916318761672,159.24916318761672,106.08917463044914,8.5,121.7518420695319,3.6369654246619695e-10,False,44.65998855716758
eu-us-af-row-apac-ch/pf080_k050_a040,2035,af,apac,1.7637353263770898e-08,102.99999998748157,136.42437576867323,84.87157824916653,91.8961503763059,106.08917463044914,7.024572127139364,23.31062901108473,1.7123643947489816e-10,False,-21.217596381282604
eu-us-af-row-apac-ch/pf080_k050_a040,2035,af,af,8.263950721477608,19.99999999401431,324.21495233430966,106.08917463044914,106.08917463044914,106.08917463044914,0.0,218.12577770386054,0.413197536197544,True,0.0
eu-us-af-row-apac-ch/pf080_k050_a040,2035,af,row,1.4417374835002166e-08,78.99999999342411,207.2304440314587,84.87125949879852,92.37125949879852,106.08917463044914,7.5,93.64126940100955,1.824984156481298e-10,False,-21.217915131650614
eu-us-af-row-apac-ch/pf080_k050_a040,2035,row,ch,5.7823236684896213e-08,332.9999999879433,95.90883307798077,167.77342251041011,181.89581841484699,207.20606052566248,14.12239590443686,-125.41962335211856,1.7364335341438373e-10,False,-39.432638015252365
eu-us-af-row-apac-ch/pf080_k050_a040,2035,row,eu,1.4497463996407292e-07,94.99999999294617,257.4643495145352,277.59383001360015,285.7174716518254,207.20606052566248,8.123641638225255,42.13464735064744,1.5260488418403936e-09,False,70.38776948793767
eu-us-af-row-apac-ch/pf080_k050_a040,2035,row,us,5.739965645265387e-08,69.99999998381548,236.34101669998105,322.78932861792475,336.5767723039316,207.20606052566248,13.78744368600683,15.347512488311745,8.199950923703585e-10,False,115.58326809226227
eu-us-af-row-apac-ch/pf080_k050_a040,2035,row,apac,6.614874044087354e-08,102.99999998748157,136.42437576867323,186.66059961809992,206.41331393875447,207.20606052566248,19.75271432065455,-90.5343990776438,6.422207810574091e-10,False,-20.545460907562557
eu-us-af-row-apac-ch/pf080_k050_a040,2035,row,af,5.853398810685039,19.99999999401431,324.21495233430966,311.70909912375896,324.20909912375896,207.20606052566248,12.5,104.50889180864718,0.29266994062184354,True,104.50303859809648
eu-us-af-row-apac-ch/pf080_k050_a040,2035,row,row,24.383570825530306,78.99999999342411,207.2304440314587,207.20606052566248,207.20606052566248,207.20606052566248,0.0,0.024383505796208738,0.30865279528556927,True,0.0
eu-us-af-row-apac-ch/pf080_k050_a040,2040,ch,ch,315.9999993817084,315.99999997667805,86.65125740685889,86.33525719941149,86.33525719941149,86.33525719941149,0.0,0.3160002074474022,0.9999999981171847,True,0.0
eu-us-af-row-apac-ch/pf080_k050_a040,2040,ch,eu,1.532141887695652e-06,98.99999998629707,239.8596317723113,230.34541162288383,246.46341162288383,86.33525719941149,16.118,137.40637457289984,1.5476180685936575e-08,False,144.01015442347233
eu-us-af-row-apac-ch/pf080_k050_a040,2040,ch,us,9.832051787505619e-08,74.99999996783836,251.90918270681883,342.91602745637584,354.0490274563758,86.33525719941149,11.133,154.44092550740734,1.3109402388962423e-09,False,256.58077025696434
eu-us-af-row-apac-ch/pf080_k050_a040,2040,ch,apac,3.923634405317668e-08,125.99999997741139,99.41154588936062,325.215876506721,338.99629808560263,86.33525719941149,13.78042157888167,-0.7041328889325325,3.113995560334188e-10,False,238.88061930730947
eu-us-af-row-apac-ch/pf080_k050_a040,2040,ch,af,27.999999237384575,27.99999998860226,239.78684410296347,229.2588443205247,239.7588443205247,86.33525719941149,10.5,142.95158690355197,0.999999973170797,True,142.9235871211132
eu-us-af-row-apac-ch/pf080_k050_a040,2040,ch,row,7.792755476431186e-06,88.99999998647844,230.1689591682015,217.52624694527645,232.12269925488235,86.33525719941149,14.59645230960589,129.23724965918413,8.755905031028224e-08,False,131.19098974586495
eu-us-af-row-apac-ch/pf080_k050_a040,2040,eu,ch,5.0949959693035555e-08,315.99999997667805,86.65125740685889,126.93592892673206,143.05392892673206,158.50199826333673,16.118,-87.96874085647784,1.6123404967340458e-10,False,-31.56606933660467
eu-us-af-row-apac-ch/pf080_k050_a040,2040,eu,eu,1.5937150972498042e-07,98.99999998629707,239.8596317723113,158.50199826333673,158.50199826333673,158.50199826333673,0.0,81.35763350897457,1.6098132297680765e-09,False,0.0
eu-us-af-row-apac-ch/pf080_k050_a040,2040,eu,us,48.28755263298614,74.99999996783836,251.90918270681883,104.68050867243053,123.44050867243054,158.50199826333673,18.76,74.64718444348209,0.643834035382572,True,-53.8214895909062
eu-us-af-row-apac-ch/pf080_k050_a040,2040,eu,apac,5.365200617984463e-08,125.99999997741139,99.41154588936062,126.83481196507823,144.9684521682933,158.50199826333673,18.13364020321509,-77.2240925771912,4.258095729322466e-10,False,-31.6671862982585
eu-us-af-row-apac-ch/pf080_k050_a040,2040,eu,af,6.008298161947505e-08,27.99999998860226,239.78684410296347,252.01444907560114,261.81444907560115,158.50199826333673,9.8,71.48484583962674,2.1458207729975915e-09,False,93.5124508122644
eu-us-af-row-apac-ch/pf080_k050_a040,2040,eu,row,9.791255954693603e-08,88.99999998647844,230.1689591682015,184.7399618629995,193.1762500286622,158.50199826333673,8.436288165662685,63.23067273920208,1.100141118672041e-09,False,26.237963599662777
eu-us-af-row-apac-ch/pf080_k050_a040,2040,us,ch,5.0816853538145105e-08,315.99999997667805,86.65125740685889,135.68634165957997,160.41734165957996,170.1546096644843,24.731,-108.2343522576254,1.608128276642265e-10,False,-34.46826800490433
eu-us-af-row-apac-ch/pf080_k050_a040,2040,us,eu,77.8124746087924,98.99999998629707,239.8596317723113,109.42792915798236,118.82492915798237,170.1546096644843,9.397,60.30802210782701,0.7859845921167948,True,-60.726680506501935
eu-us-af-row-apac-ch/pf080_k050_a040,2040,us,us,2.706456243724549e-07,74.99999996783836,251.90918270681883,170.1546096644843,170.1546096644843,170.1546096644843,0.0,81.75457304233453,3.6086083265135154e-09,False,0.0
eu-us-af-row-apac-ch/pf080_k050_a040,2040,us,apac,5.6903830988969606e-08,125.99999997741139,99.41154588936062,136.24182885684957,150.97948501217326,170.1546096644843,14.73765615532369,-85.48071993044736,4.5161770634262715e-10,False,-33.91278080763473
eu-us-af-row-apac-ch/pf080_k050_a040,2040,us,af,6.32700368496217e-08,27.99999998860226,239.78684410296347,254.78417554389998,268.9841755439,170.1546096644843,14.2,55.43223443847917,2.2596441741205907e-09,False,84.62956587941568
eu-us-af-row-apac-ch/pf080_k050_a040,2040,us,row,2.4540585615887096e-07,88.99999998647844,230.1689591682015,136.28534276599845,150.73516773188746,170.1546096644843,14.449824965889,45.5645245378282,2.7573691707433134e-09,False,-33.86926689848585
eu-us-af-row-apac-ch/pf080_k050_a040,2040,apac,ch,3.526590198852925e-07,315.99999997667805,86.65125740685889,100.67181621344517,113.90470916373042,99.28554577932321,13.23289295028525,-25.867181322749573,1.1160095566813924e-09,False,1.386270434121954
eu-us-af-row-apac-ch/pf080_k050_a040,2040,apac,eu,21.187522705442593,98.99999998629707,239.8596317723113,223.53127089938454,239.83844441201697,99.28554577932321,16.30717351263244,124.26691248035567,0.2140153808926791,True,124.24572512006132
eu-us-af-row-apac-ch/pf080_k050_a040,2040,apac,us,0.3467942222661858,74.99999996783836,251.90918270681883,238.19879337352745,251.90887418037343,99.28554577932321,13.71008080684597,138.91355612064964,0.004623922965531982,True,138.91324759420422
eu-us-af-row-apac-ch/pf080_k050_a040,2040,apac,apac,125.99999971525399,125.99999997741139,99.41154588936062,99.28554577932321,99.28554577932321,99.28554577932321,0.0,0.12600011003740974,0.9999999979193858,True,0.0
eu-us-af-row-apac-ch/pf080_k050_a040,2040,apac,af,9.486983197200562e-08,27.99999998860226,239.78684410296347,331.2094108485285,344.3820269854478,99.28554577932321,13.17261613691931,127.32868218672093,3.3882082860936977e-09,False,231.92386506920525
eu-us-af-row-apac-ch/pf080_k050_a040,2040,apac,row,1.4291393260762636e-07,88.99999998647844,230.1689591682015,281.46174012243466,300.3441548389926,99.28554577932321,18.88241471655794,112.00099867232035,1.6057745239251565e-09,False,182.17619434311143
eu-us-af-row-apac-ch/pf080_k050_a040,2040,af,ch,6.189192327408343e-08,315.99999997667805,86.65125740685889,76.66536163750115,81.16536163750115,95.83213549134676,4.5,-13.680878084487873,1.9586051670459265e-10,False,-19.166773853845612
eu-us-af-row-apac-ch/pf080_k050_a040,2040,af,eu,9.188163019545089e-07,98.99999998629707,239.8596317723113,76.66819572491507,82.86819572491507,95.83213549134676,6.2,137.82749628096457,9.280972748299852e-09,False,-19.163939766431696
eu-us-af-row-apac-ch/pf080_k050_a040,2040,af,us,10.714960218007734,74.99999996783836,251.90918270681883,76.66633559725335,85.16633559725335,95.83213549134676,8.5,147.57704721547208,0.14286613630136724,True,-19.16579989409341
eu-us-af-row-apac-ch/pf080_k050_a040,2040,af,apac,6.243997480267417e-08,125.99999997741139,99.41154588936062,76.66377993724582,83.68835206438519,95.83213549134676,7.024572127139364,-3.445161729125501,4.955553556656196e-10,False,-19.16835555410094
eu-us-af-row-apac-ch/pf080_k050_a040,2040,af,af,2.8740131957338605e-07,27.99999998860226,239.78684410296347,95.83213549134676,95.83213549134676,95.83213549134676,0.0,143.9547086116167,1.0264332846084866e-08,False,0.0
eu-us-af-row-apac-ch/pf080_k050_a040,2040,af,row,2.904793357591877e-07,88.99999998647844,230.1689591682015,76.66811192247219,84.16811192247219,95.83213549134676,7.5,126.83682367685475,3.263812761835051e-09,False,-19.16402356887457
eu-us-af-row-apac-ch/pf080_k050_a040,2040,row,ch,7.865193372337771e-08,315.99999997667805,86.65125740685889,149.90175889784075,164.02415480227762,187.17271895170572,14.12239590443686,-114.64385744928369,2.4889852445943833e-10,False,-37.27096005386497
eu-us-af-row-apac-ch/pf080_k050_a040,2040,row,eu,6.173238876376117e-08,98.99999998629707,239.8596317723113,340.0063116574698,348.12995329569503,187.17271895170572,8.123641638225255,44.56327118238033,6.235594825485431e-10,False,152.83359270576406
eu-us-af-row-apac-ch/pf080_k050_a040,2040,row,us,15.650692525612133,74.99999996783836,251.90918270681883,195.19884864269096,208.9862923286978,187.17271895170572,13.78744368600683,50.949020069106275,0.2086759004309799,True,8.026129690985243
eu-us-af-row-apac-ch/pf080_k050_a040,2040,row,apac,4.992523741807118e-08,125.99999997741139,99.41154588936062,224.52699731127979,244.27971163193433,187.17271895170572,19.75271432065455,-107.51388738299964,3.962320430715993e-10,False,37.35427835957407
eu-us-af-row-apac-ch/pf080_k050_a040,2040,row,af,2.4559351569867106e-07,27.99999998860226,239.78684410296347,213.56720883133755,226.06720883133755,187.17271895170572,12.5,40.11412515125775,8.771196992808675e-09,False,26.394489879631834
eu-us-af-row-apac-ch/pf080_k050_a040,2040,row,row,88.99999141701124,88.99999998647844,230.1689591682015,187.17271895170572,187.17271895170572,187.17271895170572,0.0,42.99624021649578,0.9999999037138517,True,0.0
eu-us-af-row-apac-ch/pf100_k050_a030,2025,ch,ch,323.99999999232415,323.99999999927087,163.32399999972242,163.0,163.0,163.0,0.0,0.32399999972241744,0.9999999999785595,True,0.0
eu-us-af-row-apac-ch/pf100_k050_a030,2025,ch,eu,3.117125490031853e-08,74.99999999958534,362.5351002112554,353.50523351578,369.62323351578,163.0,16.118,183.4171002112554,4.156167320065449e-10,False,190.50523351578
eu-us-af-row-apac-ch/pf100_k050_a030,2025,ch,us,3.6501494986480404e-09,44.999999998630976,381.2799810604128,437.61955147472827,448.75255147472825,163.0,11.133,207.1469810604128,8.111443330575751e-11,False,274.61955147472827
eu-us-af-row-apac-ch/pf100_k050_a030,2025,ch,apac,4.238713158570394e-09,49.99999999913658,243.3574980750548,288.8516967082043,302.632118287086,163.0,13.78042157888167,66.57707649617312,8.47742631728718e-11,False,125.85169670820432
eu-us-af-row-apac-ch/pf100_k050_a030,2025,ch,af,9.999999969235265,9.999999999661012,357.2671874880048,346.7571875264596,357.2571875264596,163.0,10.5,183.76718748800482,0.9999999969574253,True,183.75718752645957
eu-us-af-row-apac-ch/pf100_k050_a030,2025,ch,row,2.5010952621705517e-09,44.9999999995879,353.4175999926536,436.9287262742574,451.52517858386324,163.0,14.59645230960589,175.8211476830477,5.557989471541014e-11,False,273.9287262742574
eu-us-af-row-apac-ch/pf100_k050_a030,2025,eu,ch,1.145664129024938e-09,323.99999999927087,163.32399999972242,299.2501301587454,315.3681301587454,299.25,16.118,-152.04400000027758,3.536000398233075e-12,False,0.00013015874537813943
eu-us-af-row-apac-ch/pf100_k050_a030,2025,eu,eu,19.000000646116106,74.99999999958534,362.5351002112554,299.25,299.25,299.25,0.0,63.28510021125538,0.2533333419496154,True,0.0
eu-us-af-row-apac-ch/pf100_k050_a030,2025,eu,us,2.9999993452872995,44.999999998630976,381.2799810604128,299.2508808911537,318.0108808911537,299.25,18.76,63.2699810604128,0.06666665211952373,True,0.0008808911537130371
eu-us-af-row-apac-ch/pf100_k050_a030,2025,eu,apac,1.7437310024109615e-09,49.99999999913658,243.3574980750548,299.2503445203894,317.38398472360444,299.25,18.13364020321509,-74.0261421281603,3.487462004882146e-11,False,0.00034452038937615725
eu-us-af-row-apac-ch/pf100_k050_a030,2025,eu,af,1.559058174979239e-09,9.999999999661012,357.2671874880048,459.88455451467996,469.68455451468,299.25,9.8,48.217187488004825,1.559058175032089e-10,False,160.63455451467996
eu-us-af-row-apac-ch/pf100_k050_a030,2025,eu,row,6.933968802097968e-10,44.9999999995879,353.4175999926536,642.1065366937958,650.5428248594584,299.25,8.436288165662685,45.73131182699092,1.540881956035882e-11,False,342.85653669379576
eu-us-af-row-apac-ch/pf100_k050_a030,2025,us,ch,1.0324568458068033e-09,323.99999999927087,163.32399999972242,321.2503371796974,345.9813371796974,321.25,24.731,-182.65700000027758,3.186595203114589e-12,False,0.0003371796973965502
eu-us-af-row-apac-ch/pf100_k050_a030,2025,us,eu,5.9577172025250105e-09,74.99999999958534,362.5351002112554,321.2495615055816,330.6465615055816,321.25,9.397,31.888100211255384,7.943622936743933e-11,False,-0.0004384944184039341
eu-us-af-row-apac-ch/pf100_k050_a030,2025,us,us,41.99999998370188,44.999999998630976,381.2799810604128,321.25,321.25,321.25,0.0,60.02998106041281,0.9333333329995476,True,0.0
eu-us-af-row-apac-ch/pf100_k050_a030,2025,us,apac,1.58447109327057e-09,49.99999999913658,243.3574980750548,321.25037293931723,335.9880290946409,321.25,14.73765615532369,-92.6301580802689,3.168942186595863e-11,False,0.0003729393172307027
eu-us-af-row-apac-ch/pf100_k050_a030,2025,us,af,2.4108490401877936e-09,9.999999999661012,357.2671874880048,400.50933379391137,414.70933379391136,321.25,14.2,21.817187488004823,2.410849040269518e-10,False,79.25933379391137
eu-us-af-row-apac-ch/pf100_k050_a030,2025,us,row,9.933156512137096e-10,44.9999999995879,353.4175999926536,525.7255954348939,540.1754204007829,321.25,14.449824965889,17.717775026764606,2.207368113828458e-11,False,204.47559543489388
eu-us-af-row-apac-ch/pf100_k050_a030,2025,apac,ch,2.743461266314705e-09,323.99999999927087,163.32399999972242,188.2673156648592,201.50020861514446,187.45,13.23289295028525,-37.35889295056282,8.467473044200244e-12,False,0.8173156648592226
eu-us-af-row-apac-ch/pf100_k050_a030,2025,apac,eu,52.59999927297414,74.99999999958534,362.5351002112554,290.31782862336917,306.6250021360016,187.45,16.30717351263244,158.77792669862296,0.7013333236435327,True,102.86782862336918
eu-us-af-row-apac-ch/pf100_k050_a030,2025,apac,us,1.2698602112290608e-08,44.999999998630976,381.2799810604128,332.6986347667471,346.40871557359304,187.45,13.71008080684597,180.11990025356684,2.821911580594874e-10,False,145.2486347667471
eu-us-af-row-apac-ch/pf100_k050_a030,2025,apac,apac,49.99999998813637,49.99999999913658,243.3574980750548,187.45,187.45,187.45,0.0,55.907498075054804,0.999999999779996,True,0.0
eu-us-af-row-apac-ch/pf100_k050_a030,2025,apac,af,5.298750632558692e-09,9.999999999661012,357.2671874880048,337.78969144145776,350.9623075783771,187.45,13.17261613691931,156.64457135108552,5.298750632738313e-10,False,150.33969144145777
eu-us-af-row-apac-ch/pf100_k050_a030,2025,apac,row,7.400000714202432,44.9999999995879,353.4175999926536,278.67028725167415,297.5527019682321,187.45,18.88241471655794,147.08518527609567,0.16444446031711554,True,91.22028725167416
eu-us-af-row-apac-ch/pf100_k050_a030,2025,af,ch,8.707097186548053e-10,323.99999999927087,163.32399999972242,180.91348715877797,185.41348715877797,180.93,4.5,-22.10600000027759,2.687375674866558e-12,False,-0.016512841222038332
eu-us-af-row-apac-ch/pf100_k050_a030,2025,af,eu,3.39999996582559,74.99999999958534,362.5351002112554,127.08844575471286,133.28844575471285,180.93,6.2,175.4051002112554,0.045333332877925174,True,-53.84155424528714
eu-us-af-row-apac-ch/pf100_k050_a030,2025,af,us,2.1858023714907322e-08,44.999999998630976,381.2799810604128,161.98389566745553,170.48389566745553,180.93,8.5,191.8499810604128,4.857338603460512e-10,False,-18.94610433254448
eu-us-af-row-apac-ch/pf100_k050_a030,2025,af,apac,1.4294416322903823e-09,49.99999999913658,243.3574980750548,180.87935579470894,187.9039279218483,180.93,7.024572127139364,55.40292594791542,2.858883264630133e-11,False,-0.05064420529106428
eu-us-af-row-apac-ch/pf100_k050_a030,2025,af,af,5.066474989787059e-09,9.999999999661012,357.2671874880048,180.93,180.93,180.93,0.0,176.33718748800482,5.066474989958806e-10,False,0.0
eu-us-af-row-apac-ch/pf100_k050_a030,2025,af,row,4.072138290277484e-09,44.9999999995879,353.4175999926536,180.8782594351669,188.3782594351669,180.93,7.5,164.9875999926536,9.049196200699501e-11,False,-0.051740564833096414
eu-us-af-row-apac-ch/pf100_k050_a030,2025,row,ch,1.15451618398932e-09,323.99999999927087,163.32399999972242,353.3850358278517,367.5074317322886,353.38,14.12239590443686,-204.17839590471445,3.5633215555306115e-12,False,0.005035827851713748
eu-us-af-row-apac-ch/pf100_k050_a030,2025,row,eu,7.754053575858095e-08,74.99999999958534,362.5351002112554,355.9340522768608,364.0576939150861,353.38,8.123641638225255,1.0314585730301324,1.0338738101201286e-09,False,2.55405227686083
eu-us-af-row-apac-ch/pf100_k050_a030,2025,row,us,6.314350078532377e-07,44.999999998630976,381.2799810604128,367.97510778603083,381.76255147203767,353.38,13.78744368600683,14.112537374405983,1.4031889063832172e-08,False,14.595107786030837
eu-us-af-row-apac-ch/pf100_k050_a030,2025,row,apac,2.0038505707790566e-09,49.99999999913658,243.3574980750548,353.3780169153875,373.13073123604204,353.38,19.75271432065455,-129.77521624559975,4.00770114162732e-11,False,-0.0019830846125046264
eu-us-af-row-apac-ch/pf100_k050_a030,2025,row,af,1.609061336532449e-08,9.999999999661012,357.2671874880048,353.3757877808131,365.8757877808131,353.38,12.5,-8.612812511995173,1.6090613365869943e-09,False,-0.00421221918691117
eu-us-af-row-apac-ch/pf100_k050_a030,2025,row,row,37.59999927712551,44.9999999995879,353.4175999926536,353.38,353.38,353.38,0.0,0.037599992653611025,0.8355555394993299,True,0.0
eu-us-af-row-apac-ch/pf100_k050_a030,2030,ch,ch,349.999999979672,349.9999999986975,107.79092380674962,107.44092378697313,107.44092378697313,107.44092378697313,0.0,0.35000001977648765,0.9999999999456415,True,0.0
eu-us-af-row-apac-ch/pf100_k050_a030,2030,ch,eu,3.2857764974204723e-09,89.99999999932471,234.08571466211106,349.2913062536449,365.4093062536449,107.44092378697313,16.118,110.52679087513793,3.6508627749390287e-11,False,241.85038246667176
eu-us-af-row-apac-ch/pf100_k050_a030,2030,ch,us,4.337767491091965e-09,64.9999999982786,300.85543674807525,384.57927928013703,395.712279280137,107.44092378697313,11.133,182.2815129611021,6.673488448010527e-11,False,277.1383554931639
eu-us-af-row-apac-ch/pf100_k050_a030,2030,ch,apac,2.5208049802544425e-09,84.99999999881065,144.72991300387937,298.64505401131254,312.4254755901942,107.44092378697313,13.78042157888167,23.508567638024573,2.965652917987899e-11,False,191.2041302243394
eu-us-af-row-apac-ch/pf100_k050_a030,2030,ch,af,7.091902282515113e-09,13.999999999441602,271.2757502212328,326.69260718381753,337.19260718381753,107.44092378697313,10.5,153.33482643425964,5.065644487712841e-10,False,219.25168339684438
eu-us-af-row-apac-ch/pf100_k050_a030,2030,ch,row,2.9146922829960707e-09,69.99999999934427,232.97421542913642,361.0713743729184,375.66782668252426,107.44092378697313,14.59645230960589,110.9368393325574,4.1638461186048204e-11,False,253.63045058594525
eu-us-af-row-apac-ch/pf100_k050_a030,2030,eu,ch,2.4718923795195616e-09,349.9999999986975,107.79092380674962,197.24980831088865,213.36780831088865,197.24967143099207,16.118,-105.57674762424244,7.062549655796459e-12,False,0.000136879896587061
eu-us-af-row-apac-ch/pf100_k050_a030,2030,eu,eu,32.616542773502005,89.99999999932471,234.08571466211106,197.24967143099207,197.24967143099207,197.24967143099207,0.0,36.83604323111899,0.36240603081940814,True,0.0
eu-us-af-row-apac-ch/pf100_k050_a030,2030,eu,us,2.0944667957982673e-09,64.9999999982786,300.85543674807525,418.19451691599215,436.95451691599214,197.24967143099207,18.76,84.84576531708318,3.222256609005747e-11,False,220.9448454850001
eu-us-af-row-apac-ch/pf100_k050_a030,2030,eu,apac,3.378063728085175e-09,84.99999999881065,144.72991300387937,197.2460107128354,215.3796509160505,197.24967143099207,18.13364020321509,-70.65339863032779,3.9741926213322846e-11,False,-0.003660718156652365
eu-us-af-row-apac-ch/pf100_k050_a030,2030,eu,af,4.051117315729956e-09,13.999999999441602,271.2757502212328,318.16781574327956,327.9678157432796,197.24967143099207,9.8,64.22607879024072,2.8936552256368124e-10,False,120.9181443122875
eu-us-af-row-apac-ch/pf100_k050_a030,2030,eu,row,2.9356847104781496e-08,69.99999999934427,232.97421542913642,201.44846358871118,209.88475175437387,197.24967143099207,8.436288165662685,27.28825583248167,4.1938353007223573e-10,False,4.198792157719112
eu-us-af-row-apac-ch/pf100_k050_a030,2030,us,ch,2.21699225326982e-09,349.9999999986975,107.79092380674962,211.75090391519623,236.48190391519623,211.75090040837495,24.731,-128.69097660162532,6.334263580794486e-12,False,3.5068212866917747e-06
eu-us-af-row-apac-ch/pf100_k050_a030,2030,us,eu,6.029907074220742e-09,89.99999999932471,234.08571466211106,211.75167834049196,221.14867834049195,211.75090040837495,9.397,12.937814253736112,6.699896749184429e-11,False,0.000777932117017599
eu-us-af-row-apac-ch/pf100_k050_a030,2030,us,us,61.17000675034437,64.9999999982786,300.85543674807525,211.75090040837495,211.75090040837495,211.75090040837495,0.0,89.1045363397003,0.9410770269532976,True,0.0
eu-us-af-row-apac-ch/pf100_k050_a030,2030,us,apac,2.8514008867845566e-09,84.99999999881065,144.72991300387937,211.75124114920158,226.48889730452527,211.75090040837495,14.73765615532369,-81.75864355981926,3.354589278617005e-11,False,0.0003407408266298262
eu-us-af-row-apac-ch/pf100_k050_a030,2030,us,af,9.004848009499327e-09,13.999999999441602,271.2757502212328,211.74978954190072,225.9497895419007,211.75090040837495,14.2,45.324849812857835,6.432034292756065e-10,False,-0.001110866474220984
eu-us-af-row-apac-ch/pf100_k050_a030,2030,us,row,5.897337813262943e-09,69.99999999934427,232.97421542913642,211.7518099479842,226.20163491387322,211.75090040837495,14.449824965889,6.773490054872475,8.424768304740266e-11,False,0.0009095396092675401
eu-us-af-row-apac-ch/pf100_k050_a030,2030,apac,ch,9.071694342400263e-09,349.9999999986975,107.79092380674962,119.3045017040981,132.53739465438335,123.55706235501908,13.23289295028525,-28.999031498554714,2.5919126692668636e-11,False,-4.252560650920984
eu-us-af-row-apac-ch/pf100_k050_a030,2030,apac,eu,57.38345720363184,89.99999999932471,234.08571466211106,196.63330704608995,212.94048055872238,123.55706235501908,16.30717351263244,94.22147879445953,0.6375939689340266,True,73.07624469107087
eu-us-af-row-apac-ch/pf100_k050_a030,2030,apac,us,8.050329290748941e-09,64.9999999982786,300.85543674807525,312.8196912423962,326.5297720492421,123.55706235501908,13.71008080684597,163.5882935862102,1.2385121986095598e-10,False,189.2626288873771
eu-us-af-row-apac-ch/pf100_k050_a030,2030,apac,apac,84.99999998384106,84.99999999881065,144.72991300387937,123.55706235501908,123.55706235501908,123.55706235501908,0.0,21.17285064886029,0.9999999998238872,True,0.0
eu-us-af-row-apac-ch/pf100_k050_a030,2030,apac,af,1.0870373694839725e-08,13.999999999441602,271.2757502212328,276.19861839768265,289.37123453460197,123.55706235501908,13.17261613691931,134.5460717292944,7.764552639480926e-10,False,152.64155604266358
eu-us-af-row-apac-ch/pf100_k050_a030,2030,apac,row,25.07075035131472,69.99999999934427,232.97421542913642,192.97887931929495,211.8612940358529,123.55706235501908,18.88241471655794,90.5347383575594,0.3581535764507082,True,69.42181696427586
eu-us-af-row-apac-ch/pf100_k050_a030,2030,af,ch,2.0872675795587305e-09,349.9999999986975,107.79092380674962,119.25960596239325,123.75960596239325,119.25942540354018,4.5,-15.96850159679056,5.963621655904281e-12,False,0.00018055885307433073
eu-us-af-row-apac-ch/pf100_k050_a030,2030,af,eu,2.1053253234107114e-09,89.99999999932471,234.08571466211106,119.27706591688818,125.47706591688818,119.25942540354018,6.2,108.62628925857088,2.3392503593627866e-11,False,0.017640513347998876
eu-us-af-row-apac-ch/pf100_k050_a030,2030,af,us,3.829993216539275,64.9999999982786,300.85543674807525,140.3372764644076,148.8372764644076,119.25942540354018,8.5,173.09601134453507,0.05892297256370316,True,21.07785106086743
eu-us-af-row-apac-ch/pf100_k050_a030,2030,af,apac,2.2095521775151927e-09,84.99999999881065,144.72991300387937,119.26091212315512,126.28548425029449,119.25942540354018,7.024572127139364,18.445915473199832,2.5994731500542466e-11,False,0.0014867196149452866
eu-us-af-row-apac-ch/pf100_k050_a030,2030,af,af,1.9952918757179754,13.999999999441602,271.2757502212328,119.25942540354018,119.25942540354018,119.25942540354018,0.0,152.0163248176926,0.1425208482712542,True,0.0
eu-us-af-row-apac-ch/pf100_k050_a030,2030,af,row,1.5025252320786462e-09,69.99999999934427,232.97421542913642,119.26096339183076,126.76096339183076,119.25942540354018,7.5,106.21479002559624,2.146464617275316e-11,False,0.001537988290579051
eu-us-af-row-apac-ch/pf100_k050_a030,2030,row,ch,3.1776421195136287e-09,349.9999999986975,107.79092380674962,232.02002965531491,246.14242555975179,232.92928618307093,14.12239590443686,-139.26075828075818,9.07897748435844e-12,False,-0.9092565277560141
eu-us-af-row-apac-ch/pf100_k050_a030,2030,row,eu,1.0769870639987057e-08,89.99999999932471,234.08571466211106,255.73140909328663,263.8550507315119,232.92928618307093,8.123641638225255,-6.967213159185125,1.1966522933408738e-10,False,22.8021229102157
eu-us-af-row-apac-ch/pf100_k050_a030,2030,row,us,1.691237644630157e-08,64.9999999982786,300.85543674807525,296.06407119577455,309.8515148817814,232.92928618307093,13.78744368600683,54.13870687899749,2.6019040687306866e-10,False,63.13478501270362
eu-us-af-row-apac-ch/pf100_k050_a030,2030,row,apac,4.009779713391962e-09,84.99999999881065,144.72991300387937,233.03644061677224,252.7891549374268,232.92928618307093,19.75271432065455,-107.9520874998461,4.7173878981741985e-11,False,0.10715443370131084
eu-us-af-row-apac-ch/pf100_k050_a030,2030,row,af,12.004708092705384,13.999999999441602,271.2757502212328,258.7637455640341,271.2637455640341,232.92928618307093,12.5,25.846464038161855,0.8574791495131571,True,25.834459380963153
eu-us-af-row-apac-ch/pf100_k050_a030,2030,row,row,44.929249608358155,69.99999999934427,232.97421542913642,232.92928618307093,232.92928618307093,232.92928618307093,0.0,0.04492924606549309,0.6418464229825577,True,0.0
eu-us-af-row-apac-ch/pf100_k050_a030,2035,ch,ch,332.99999969166373,332.9999999798421,95.90883326512704,95.57583300040461,95.57583300040461,95.57583300040461,0.0,0.33300026472242905,0.9999999991345996,True,0.0
eu-us-af-row-apac-ch/pf100_k050_a030,2035,ch,eu,3.925733001833734e-08,94.99999998901808,234.60851831460988,373.5942021624717,389.71220216247167,95.57583300040461,16.118,122.91468531420526,4.1323505287237324e-10,False,278.0183691620671
eu-us-af-row-apac-ch/pf100_k050_a030,2035,ch,us,6.082563964252059e-08,69.99999997774655,225.37418449387215,341.913345011533,353.046345011533,95.57583300040461,11.133,118.66535149346753,8.689377094551065e-10,False,246.3375120111284
eu-us-af-row-apac-ch/pf100_k050_a030,2035,ch,apac,3.556883403881141e-08,102.9999999833938,110.01520792936019,238.66318735028074,252.4436089291624,95.57583300040461,13.78042157888167,0.6589533500739027,3.4532848586937867e-10,False,143.08735434987614
eu-us-af-row-apac-ch/pf100_k050_a030,2035,ch,af,1.152524912763917e-07,19.999999989883786,240.7516229038074,315.929150122971,326.429150122971,95.57583300040461,10.5,134.6757899034028,5.762624566734382e-09,False,220.3533171225664
eu-us-af-row-apac-ch/pf100_k050_a030,2035,ch,row,1.522653545266912e-07,78.99999998952796,212.6873611026416,251.57964610129045,266.1760984108963,95.57583300040461,14.59645230960589,102.5150757926311,1.927409551226267e-09,False,156.00381310088585
eu-us-af-row-apac-ch/pf100_k050_a030,2035,eu,ch,4.977451210079399e-08,332.9999999798421,95.90883326512704,175.49751448148223,191.61551448148222,175.4666750022766,16.118,-95.67584173714954,1.4947300932074192e-10,False,0.03083947920563901
eu-us-af-row-apac-ch/pf100_k050_a030,2035,eu,eu,43.52517797628119,94.99999998901808,234.60851831460988,175.4666750022766,175.4666750022766,175.4666750022766,0.0,59.14184331233329,0.45815976822434384,True,0.0
eu-us-af-row-apac-ch/pf100_k050_a030,2035,eu,us,4.587644724636706e-08,69.99999997774655,225.37418449387215,283.50614164693343,302.2661416469334,175.4666750022766,18.76,31.14750949159556,6.553778180135924e-10,False,108.03946664465684
eu-us-af-row-apac-ch/pf100_k050_a030,2035,eu,apac,4.474998292504893e-08,102.9999999833938,110.01520792936019,175.42703566902853,193.56067587224362,175.4666750022766,18.13364020321509,-83.5851072761315,4.344658537112986e-10,False,-0.03963933324806135
eu-us-af-row-apac-ch/pf100_k050_a030,2035,eu,af,2.0566394227578387e-06,19.999999989883786,240.7516229038074,176.30932983524735,186.10932983524737,175.4666750022766,9.8,55.484947901530816,1.0283197118990544e-07,False,0.8426548329707657
eu-us-af-row-apac-ch/pf100_k050_a030,2035,eu,row,1.263526387733458e-07,78.99999998952796,212.6873611026416,174.28944550444047,182.72573367010315,175.4666750022766,8.436288165662685,28.78439793470233,1.5994004910138579e-09,False,-1.177229497836123
eu-us-af-row-apac-ch/pf100_k050_a030,2035,us,ch,4.4858497920282576e-08,332.9999999798421,95.90883326512704,188.36838460836967,213.09938460836966,188.3664806833128,24.731,-117.18864741818575,1.3471020397296712e-10,False,0.0019039250568653188
eu-us-af-row-apac-ch/pf100_k050_a030,2035,us,eu,10.007466337700006,94.99999998901808,234.60851831460988,188.26380712910773,197.66080712910772,188.3664806833128,9.397,36.84503763129708,0.10534175093533538,True,-0.10267355420506874
eu-us-af-row-apac-ch/pf100_k050_a030,2035,us,us,69.99999951423128,69.99999997774655,225.37418449387215,188.3664806833128,188.3664806833128,188.3664806833128,0.0,37.00770381055935,0.9999999933783532,True,0.0
eu-us-af-row-apac-ch/pf100_k050_a030,2035,us,apac,4.549979218306164e-08,102.9999999833938,110.01520792936019,188.36574888456096,203.10340503988465,188.3664806833128,14.73765615532369,-93.0889289092763,4.4174555524657623e-10,False,-0.0007317987518433711
eu-us-af-row-apac-ch/pf100_k050_a030,2035,us,af,1.4714301677696444e-07,19.999999989883786,240.7516229038074,239.59674204434504,253.79674204434502,188.3664806833128,14.2,38.1851422204946,7.357150842569548e-09,False,51.230261361032234
eu-us-af-row-apac-ch/pf100_k050_a030,2035,us,row,3.2598154954862876e-07,78.99999998952796,212.6873611026416,187.26162340321267,201.71144836910167,188.3664806833128,14.449824965889,9.871055453439801,4.126348729010633e-09,False,-1.1048572801001342
eu-us-af-row-apac-ch/pf100_k050_a030,2035,apac,ch,9.814014632526874e-08,332.9999999798421,95.90883326512704,165.50608120342224,178.7389741537075,109.9122079504653,13.23289295028525,-27.236267635623506,2.9471515414777656e-10,False,55.59387325295694
eu-us-af-row-apac-ch/pf100_k050_a030,2035,apac,eu,7.151998914253019,94.99999998901808,234.60851831460988,218.29419454970406,234.6013680623365,109.9122079504653,16.30717351263244,108.38913685151215,0.07528419910610298,True,108.38198659923876
eu-us-af-row-apac-ch/pf100_k050_a030,2035,apac,us,8.131198303937057e-08,69.99999997774655,225.37418449387215,314.61921393000284,328.3292947368488,109.9122079504653,13.71008080684597,101.75189573656088,1.1615997580745737e-09,False,204.70700597953754
eu-us-af-row-apac-ch/pf100_k050_a030,2035,apac,apac,102.99999977487631,102.9999999833938,110.01520792936019,109.9122079504653,109.9122079504653,109.9122079504653,0.0,0.10299997889488566,0.9999999979755584,True,0.0
eu-us-af-row-apac-ch/pf100_k050_a030,2035,apac,af,2.0939035994907729e-07,19.999999989883786,240.7516229038074,269.187250806469,282.35986694338834,109.9122079504653,13.17261613691931,117.66679881642278,1.0469518002749458e-08,False,159.27504285600372
eu-us-af-row-apac-ch/pf100_k050_a030,2035,apac,row,1.295527888092636e-07,78.99999998952796,212.6873611026416,252.5551943205362,271.43760903709415,109.9122079504653,18.88241471655794,83.89273843561836,1.6399087193219847e-09,False,142.6429863700709
eu-us-af-row-apac-ch/pf100_k050_a030,2035,af,ch,4.4479494136342985e-08,332.9999999798421,95.90883326512704,106.09539285523077,110.59539285523077,106.08917463044914,4.5,-14.680341365322093,1.3357205447157814e-10,False,0.006218224781633808
eu-us-af-row-apac-ch/pf100_k050_a030,2035,af,eu,1.811302521464032e-07,94.99999998901808,234.60851831460988,106.05164144038778,112.25164144038779,106.08917463044914,6.2,122.31934368416073,1.906634233340439e-09,False,-0.03753319006135314
eu-us-af-row-apac-ch/pf100_k050_a030,2035,af,us,5.503411434536569e-08,69.99999997774655,225.37418449387215,137.94262560782653,146.44262560782653,106.08917463044914,8.5,110.78500986342301,7.862016337551626e-10,False,31.853450977377392
eu-us-af-row-apac-ch/pf100_k050_a030,2035,af,apac,3.987139213750726e-08,102.9999999833938,110.01520792936019,106.12539178794168,113.14996391508105,106.08917463044914,7.024572127139364,-3.098538828228313,3.8710089460131584e-10,False,0.03621715749254406
eu-us-af-row-apac-ch/pf100_k050_a030,2035,af,af,8.279382212499197,19.999999989883786,240.7516229038074,106.08917463044914,106.08917463044914,106.08917463044914,0.0,134.66244827335828,0.41396911083434984,True,0.0
eu-us-af-row-apac-ch/pf100_k050_a030,2035,af,row,1.4305680563428465e-07,78.99999998952796,212.6873611026416,106.12990135085106,113.62990135085106,106.08917463044914,7.5,99.09818647219247,1.810845641180353e-09,False,0.0407267204019206
eu-us-af-row-apac-ch/pf100_k050_a030,2035,row,ch,5.0925699382649565e-08,332.9999999798421,95.90883326512704,207.17452270927566,221.29691861371253,207.20606052566248,14.12239590443686,-125.4196231649723,1.5293002818538234e-10,False,-0.031537816386816075
eu-us-af-row-apac-ch/pf100_k050_a030,2035,row,eu,34.31535654039628,94.99999998901808,234.60851831460988,221.04826090397876,229.171902542204,207.20606052566248,8.123641638225255,19.278816150722147,0.36121427941434847,True,13.842200378316278
eu-us-af-row-apac-ch/pf100_k050_a030,2035,row,us,2.2046708903507062e-07,69.99999997774655,225.37418449387215,241.7970333560072,255.58447704201404,207.20606052566248,13.78744368600683,4.380680282202841,3.1495298443594074e-09,False,34.590972830344725
eu-us-af-row-apac-ch/pf100_k050_a030,2035,row,apac,4.282750746458073e-08,102.9999999833938,110.01520792936019,207.295326943752,227.04804126440655,207.20606052566248,19.75271432065455,-116.94356691695684,4.158010434124816e-10,False,0.0892664180895224
eu-us-af-row-apac-ch/pf100_k050_a030,2035,row,af,11.720615248959298,19.999999989883786,240.7516229038074,222.83760212639413,235.33760212639413,207.20606052566248,12.5,21.045562378144922,0.5860307627443855,True,15.631541600731651
eu-us-af-row-apac-ch/pf100_k050_a030,2035,row,row,78.99999911231882,78.99999998952796,212.6873611026416,207.20606052566248,207.20606052566248,207.20606052566248,0.0,5.481300576979123,0.9999999888960868,True,0.0
eu-us-af-row-apac-ch/pf100_k050_a030,2040,ch,ch,315.9999996646356,315.999999977862,86.65125739371206,86.33525719941149,86.33525719941149,86.33525719941149,0.0,0.316000194300571,0.9999999990087772,True,0.0
eu-us-af-row-apac-ch/pf100_k050_a030,2040,ch,eu,3.864003303558061e-07,98.9999999863908,274.7276651968085,281.2031119469472,297.3211119469472,86.33525719941149,16.118,172.27440799739702,3.903033640494174e-09,False,194.86785474753572
eu-us-af-row-apac-ch/pf100_k050_a030,2040,ch,us,7.154912367224915e-08,74.99999997340497,217.8700745658885,332.93770682862646,344.07070682862644,86.33525719941149,11.133,120.401817366477,9.539883159682734e-10,False,246.60244962921496
eu-us-af-row-apac-ch/pf100_k050_a030,2040,ch,apac,9.79076497505742e-08,125.99999997884764,99.41154581529585,165.40194601499618,179.18236759387784,86.33525719941149,13.78042157888167,-0.7041329629973045,7.770448394207185e-10,False,79.0666888155847
eu-us-af-row-apac-ch/pf100_k050_a030,2040,ch,af,1.8328542342441014e-06,27.999999988929602,268.52581567471725,265.0921876447192,275.5921876447192,86.33525719941149,10.5,171.69055847530575,6.545907982031284e-08,False,178.75693044530772
eu-us-af-row-apac-ch/pf100_k050_a030,2040,ch,row,6.374784914038396e-07,88.9999999869275,255.57524520932913,253.999111962887,268.5955642724929,86.33525719941149,14.59645230960589,154.64353570031173,7.162679679746895e-09,False,167.6638547634755
eu-us-af-row-apac-ch/pf100_k050_a030,2040,eu,ch,4.799296167226059e-08,315.999999977862,86.65125739371206,158.50201210688152,174.62001210688152,158.50199826333673,16.118,-87.96874086962467,1.5187646099880645e-10,False,1.3843544792280227e-05
eu-us-af-row-apac-ch/pf100_k050_a030,2040,eu,eu,54.763425818109695,98.9999999863908,274.7276651968085,158.50199826333673,158.50199826333673,158.50199826333673,0.0,116.22566693347179,0.5531659174306852,True,0.0
eu-us-af-row-apac-ch/pf100_k050_a030,2040,eu,us,4.862720904178596e-08,74.99999997340497,217.8700745658885,273.351980133264,292.111980133264,158.50199826333673,18.76,40.608076302551765,6.483627874537225e-10,False,114.84998186992729
eu-us-af-row-apac-ch/pf100_k050_a030,2040,eu,apac,4.737417792872305e-08,125.99999997884764,99.41154581529585,158.50202630204691,176.635666505262,158.50199826333673,18.13364020321509,-77.22409265125597,3.7598553917996855e-10,False,2.803871018386417e-05
eu-us-af-row-apac-ch/pf100_k050_a030,2040,eu,af,2.0503022689742728e-07,27.999999988929602,268.52581567471725,176.24171734197074,186.04171734197075,158.50199826333673,9.8,100.22381741138052,7.322508106374656e-09,False,17.73971907863401
eu-us-af-row-apac-ch/pf100_k050_a030,2040,eu,row,1.8713762534170117e-07,88.9999999869275,255.57524520932913,165.8492170915255,174.2855052571882,158.50199826333673,8.436288165662685,88.6369587803297,2.102669947968408e-09,False,7.3472188281887725
eu-us-af-row-apac-ch/pf100_k050_a030,2040,us,ch,5.543302430312868e-08,315.999999977862,86.65125739371206,171.3172472563262,196.0482472563262,170.1546096644843,24.731,-108.23435227077223,1.754209629968739e-10,False,1.1626375918419
eu-us-af-row-apac-ch/pf100_k050_a030,2040,us,eu,9.881505213791224e-08,98.9999999863908,274.7276651968085,300.28167260327234,309.67867260327233,170.1546096644843,9.397,95.17605553232421,9.98131839914101e-10,False,130.12706293878804
eu-us-af-row-apac-ch/pf100_k050_a030,2040,us,us,74.99999940735015,74.99999997340497,217.8700745658885,170.1546096644843,170.1546096644843,170.1546096644843,0.0,47.715464901404204,0.9999999924526024,True,0.0
eu-us-af-row-apac-ch/pf100_k050_a030,2040,us,apac,6.136092657569833e-08,125.99999997884764,99.41154581529585,171.2125813175391,185.9502374728628,170.1546096644843,14.73765615532369,-85.48072000451214,4.869914808412647e-10,False,1.057971653054807
eu-us-af-row-apac-ch/pf100_k050_a030,2040,us,af,12.622019281202473,27.999999988929602,268.52581567471725,206.67272991198726,220.87272991198725,170.1546096644843,14.2,84.17120601023295,0.45078640307831636,True,36.518120247502964
eu-us-af-row-apac-ch/pf100_k050_a030,2040,us,row,8.520356527474879e-07,88.9999999869275,255.57524520932913,197.23719268508253,211.68701765097154,170.1546096644843,14.449824965889,70.97081057895582,9.573434301939737e-09,False,27.082583020598236
eu-us-af-row-apac-ch/pf100_k050_a030,2040,apac,ch,1.3089160867922777e-07,315.999999977862,86.65125739371206,144.04571181393192,157.27860476421716,99.28554577932321,13.23289295028525,-25.867181335896404,4.1421395154556214e-10,False,44.7601660346087
eu-us-af-row-apac-ch/pf100_k050_a030,2040,apac,eu,7.6532141881552e-07,98.9999999863908,274.7276651968085,269.858915594418,286.1660891070505,99.28554577932321,16.30717351263244,159.13494590485286,7.730519383037638e-09,False,170.5733698150948
eu-us-af-row-apac-ch/pf100_k050_a030,2040,apac,us,2.560195715434381e-07,74.99999997340497,217.8700745658885,238.14501615883728,251.85509696568326,99.28554577932321,13.71008080684597,104.87444797971932,3.4135942884563034e-09,False,138.85947037951405
eu-us-af-row-apac-ch/pf100_k050_a030,2040,apac,apac,125.99999969215486,125.99999997884764,99.41154581529585,99.28554577932321,99.28554577932321,99.28554577932321,0.0,0.12600003597263765,0.9999999977246604,True,0.0
eu-us-af-row-apac-ch/pf100_k050_a030,2040,apac,af,10.139423987351678,27.999999988929602,268.52581567471725,255.3430605073301,268.5156766442494,99.28554577932321,13.17261613691931,156.0676537584747,0.3621222854057327,True,156.05751472800688
eu-us-af-row-apac-ch/pf100_k050_a030,2040,apac,row,1.1431251323645644e-07,88.9999999869275,255.57524520932913,308.4465228562756,327.3289375728335,99.28554577932321,18.88241471655794,137.40728471344795,1.2844102612724369e-09,False,209.16097707695235
eu-us-af-row-apac-ch/pf100_k050_a030,2040,af,ch,2.9692436947309633e-08,315.999999977862,86.65125739371206,95.83261760409577,100.33261760409577,95.83213549134676,4.5,-13.680878097634704,9.396340806768923e-11,False,0.00048211274901177603
eu-us-af-row-apac-ch/pf100_k050_a030,2040,af,eu,5.494931052716048,98.9999999863908,274.7276651968085,95.83372406994208,102.03372406994208,95.83213549134676,6.2,172.69552970546175,0.05550435407546886,True,0.0015885785953173581
eu-us-af-row-apac-ch/pf100_k050_a030,2040,af,us,5.375310258695508e-08,74.99999997340497,217.8700745658885,95.83268706943848,104.33268706943848,95.83213549134676,8.5,113.53793907454174,7.167080347468794e-10,False,0.0005515780917164648
eu-us-af-row-apac-ch/pf100_k050_a030,2040,af,apac,3.2162494441024664e-08,125.99999997884764,99.41154581529585,95.83285674064057,102.85742886777993,95.83213549134676,7.024572127139364,-3.445161803190273,2.552578924319363e-10,False,0.000721249293803794
eu-us-af-row-apac-ch/pf100_k050_a030,2040,af,af,5.238553374964299,27.999999988929602,268.52581567471725,95.83213549134676,95.83213549134676,95.83213549134676,0.0,172.69368018337047,0.18709119203698119,True,0.0
eu-us-af-row-apac-ch/pf100_k050_a030,2040,af,row,3.361942904090366e-07,88.9999999869275,255.57524520932913,95.83213394772342,103.33213394772342,95.83213549134676,7.5,152.24310971798235,3.777463937735028e-09,False,-1.543623341149214e-06
eu-us-af-row-apac-ch/pf100_k050_a030,2040,row,ch,4.9216257807076293e-08,315.999999977862,86.65125739371206,187.1858121132053,201.30820801764216,187.17271895170572,14.12239590443686,-114.64385746243052,1.5574765129912733e-10,False,0.01309316149956885
eu-us-af-row-apac-ch/pf100_k050_a030,2040,row,eu,38.7416418650283,98.9999999863908,274.7276651968085,198.2517557800458,206.37539741827106,187.17271895170572,8.123641638225255,79.43130460687755,0.3913297158621614,True,11.079036828340094
eu-us-af-row-apac-ch/pf100_k050_a030,2040,row,us,1.361058062973998e-07,74.99999997340497,217.8700745658885,205.83656879322572,219.62401247923256,187.17271895170572,13.78744368600683,16.90991192817595,1.8147440846088397e-09,False,18.663849841520005
eu-us-af-row-apac-ch/pf100_k050_a030,2040,row,apac,4.788750658247782e-08,125.99999997884764,99.41154581529585,187.20547610223733,206.95819042289187,187.17271895170572,19.75271432065455,-107.51388745706441,3.800595761152141e-10,False,0.03275715053160866
eu-us-af-row-apac-ch/pf100_k050_a030,2040,row,af,1.3075266868539934e-06,27.999999988929602,268.52581567471725,199.09285968474205,211.59285968474205,187.17271895170572,12.5,68.85309672301153,4.6697381691819715e-08,False,11.920140733036334
eu-us-af-row-apac-ch/pf100_k050_a030,2040,row,row,88.99999785976894,88.9999999869275,255.57524520932913,187.17271895170572,187.17271895170572,187.17271895170572,0.0,68.4025262576234,0.999999976099342,True,0.0
eu-us-af-row-apac-ch/pf100_k050_a040,2025,ch,ch,323.9999997983394,323.9999999830718,163.32399999460475,163.0,163.0,163.0,0.0,0.3239999946047476,0.9999999994298382,True,0.0
eu-us-af-row-apac-ch/pf100_k050_a040,2025,ch,eu,1.2383076935402785e-07,74.99999999108935,318.3266495727938,343.2459908579167,359.3639908579167,163.0,16.118,139.20864957279383,1.6510769249165334e-09,False,180.2459908579167
eu-us-af-row-apac-ch/pf100_k050_a040,2025,ch,us,44.99999748384091,44.99999997561516,316.98601857367714,305.8080187032425,316.9410187032425,163.0,11.133,142.85301857367713,0.9999999446272387,True,142.8080187032425
eu-us-af-row-apac-ch/pf100_k050_a040,2025,ch,apac,2.569269372253893e-07,49.99999997706698,284.0041729833125,291.88151124327993,305.6619328221616,163.0,13.78042157888167,107.22375140443084,5.1385387468646306e-09,False,128.88151124327993
eu-us-af-row-apac-ch/pf100_k050_a040,2025,ch,af,4.889043146078961e-07,9.999999992488176,320.9118481518799,319.0765557132651,329.5765557132651,163.0,10.5,147.4118481518799,4.889043149751525e-08,False,156.07655571326512
eu-us-af-row-apac-ch/pf100_k050_a040,2025,ch,row,44.599998201403714,44.99999999060823,326.72777200837567,312.08671981235125,326.6831721219571,163.0,14.59645230960589,149.13131969876977,0.9911110713491555,True,149.08671981235125
eu-us-af-row-apac-ch/pf100_k050_a040,2025,eu,ch,3.5031071939721305e-08,323.9999999830718,163.32399999460475,299.25017671409614,315.36817671409614,299.25,16.118,-152.04400000539525,1.0812059241219626e-10,False,0.00017671409614195
eu-us-af-row-apac-ch/pf100_k050_a040,2025,eu,eu,21.59999834571469,74.99999999108935,318.3266495727938,299.25,299.25,299.25,0.0,19.076649572793826,0.2879999779770794,True,0.0
eu-us-af-row-apac-ch/pf100_k050_a040,2025,eu,us,2.9497140133716e-07,44.99999997561516,316.98601857367714,299.2510751126547,318.0110751126547,299.25,18.76,-1.0239814263228588,6.554920033266681e-09,False,0.001075112654689292
eu-us-af-row-apac-ch/pf100_k050_a040,2025,eu,apac,9.667235820006419e-08,49.99999997706698,284.0041729833125,299.2505361208049,317.38417632401996,299.25,18.13364020321509,-33.37946721990258,1.9334471648880794e-09,False,0.0005361208048952903
eu-us-af-row-apac-ch/pf100_k050_a040,2025,eu,af,7.64819957278124e-07,9.999999992488176,320.9118481518799,299.24815443828504,309.04815443828505,299.25,9.8,11.861848151879894,7.648199578526432e-08,False,-0.0018455617149584214
eu-us-af-row-apac-ch/pf100_k050_a040,2025,eu,row,0.4000001722115228,44.99999999060823,326.72777200837567,299.23603709633846,307.67232526200115,299.25,8.436288165662685,19.04148384271298,0.008888892717666783,True,-0.013962903661536075
eu-us-af-row-apac-ch/pf100_k050_a040,2025,us,ch,3.3283096113699143e-08,323.9999999830718,163.32399999460475,321.2504451124946,345.9814451124946,321.25,24.731,-182.65700000539525,1.0272560529456205e-10,False,0.0004451124946172058
eu-us-af-row-apac-ch/pf100_k050_a040,2025,us,eu,5.867537660477089e-07,74.99999999108935,318.3266495727938,321.2507959764832,330.64779597648317,321.25,9.397,-12.320350427206174,7.82338354823227e-09,False,0.0007959764831753091
eu-us-af-row-apac-ch/pf100_k050_a040,2025,us,us,1.5511282807779781e-06,44.99999997561516,316.98601857367714,321.25,321.25,321.25,0.0,-4.263981426322857,3.446951736930026e-08,False,0.0
eu-us-af-row-apac-ch/pf100_k050_a040,2025,us,apac,9.886326169356886e-08,49.99999997706698,284.0041729833125,321.2505720029177,335.9882281582414,321.25,14.73765615532369,-51.98348317201118,1.9772652347782706e-09,False,0.000572002917692771
eu-us-af-row-apac-ch/pf100_k050_a040,2025,us,af,3.4594197894754253e-07,9.999999992488176,320.9118481518799,321.24905637733065,335.44905637733063,321.25,14.2,-14.538151848120105,3.4594197920740807e-08,False,-0.0009436226693537719
eu-us-af-row-apac-ch/pf100_k050_a040,2025,us,row,6.940174270100616e-07,44.99999999060823,326.72777200837567,321.25037937047745,335.7002043363664,321.25,14.449824965889,-8.972052957513334,1.5422609492331273e-08,False,0.0003793704774466278
eu-us-af-row-apac-ch/pf100_k050_a040,2025,apac,ch,5.173374165155627e-08,323.9999999830718,163.32399999460475,181.9413271224683,195.17422007275354,187.45,13.23289295028525,-37.35889295568049,1.596720421427754e-10,False,-5.508672877531694
eu-us-af-row-apac-ch/pf100_k050_a040,2025,apac,eu,53.40000055778473,74.99999999108935,318.3266495727938,205.4619030940845,221.76907660671694,187.45,16.30717351263244,114.5694760601614,0.7120000075217214,True,18.011903094084516
eu-us-af-row-apac-ch/pf100_k050_a040,2025,apac,us,4.446836712555935e-08,44.99999997561516,316.98601857367714,335.43914377483134,349.1492245816773,187.45,13.71008080684597,115.82593776683119,9.881859366590245e-10,False,147.98914377483135
eu-us-af-row-apac-ch/pf100_k050_a040,2025,apac,apac,49.99999932198275,49.99999997706698,284.0041729833125,187.45,187.45,187.45,0.0,96.55417298331253,0.9999999868983154,True,0.0
eu-us-af-row-apac-ch/pf100_k050_a040,2025,apac,af,6.599999520550949,9.999999992488176,320.9118481518799,211.22846000956167,224.401076146481,187.45,13.17261613691931,120.28923201496059,0.6599999525508753,True,23.778460009561684
eu-us-af-row-apac-ch/pf100_k050_a040,2025,apac,row,4.2143236869665246e-07,44.99999999060823,326.72777200837567,227.87634313350236,246.7587578500603,187.45,18.88241471655794,120.39535729181773,9.365163750769064e-09,False,40.42634313350237
eu-us-af-row-apac-ch/pf100_k050_a040,2025,af,ch,3.630812683884692e-08,323.9999999830718,163.32399999460475,180.9135706853771,185.4135706853771,180.93,4.5,-22.10600000539526,1.120621198788393e-10,False,-0.016429314622911306
eu-us-af-row-apac-ch/pf100_k050_a040,2025,af,eu,2.596340190349318e-07,74.99999999108935,318.3266495727938,180.88731557456055,187.08731557456053,180.93,6.2,131.19664957279383,3.461786920877048e-09,False,-0.04268442543946094
eu-us-af-row-apac-ch/pf100_k050_a040,2025,af,us,4.881808998574921e-07,44.99999997561516,316.98601857367714,180.89249891069375,189.39249891069375,180.93,8.5,127.55601857367714,1.0848464447156226e-08,False,-0.03750108930626084
eu-us-af-row-apac-ch/pf100_k050_a040,2025,af,apac,1.4114122358426704e-07,49.99999997706698,284.0041729833125,180.88046462458732,187.90503675172667,180.93,7.024572127139364,96.04960085617314,2.8228244729800586e-09,False,-0.049535375412688154
eu-us-af-row-apac-ch/pf100_k050_a040,2025,af,af,3.3999987425756184,9.999999992488176,320.9118481518799,180.93,180.93,180.93,0.0,139.9818481518799,0.33999987451296376,True,0.0
eu-us-af-row-apac-ch/pf100_k050_a040,2025,af,row,2.933092512152866e-07,44.99999999060823,326.72777200837567,202.29458834502117,209.79458834502117,180.93,7.5,138.29777200837566,6.517983361700044e-09,False,21.36458834502116
eu-us-af-row-apac-ch/pf100_k050_a040,2025,row,ch,2.8376362560432836e-08,323.9999999830718,163.32399999460475,353.37983425354105,367.5022301579779,353.38,14.12239590443686,-204.17839590983212,8.758136593183775e-11,False,-0.00016574645894706919
eu-us-af-row-apac-ch/pf100_k050_a040,2025,row,eu,1.1737137003214431e-07,74.99999999108935,318.3266495727938,353.38048120097943,361.5041228392047,353.38,8.123641638225255,-43.17699206543142,1.5649516006145205e-09,False,0.0004812009794363803
eu-us-af-row-apac-ch/pf100_k050_a040,2025,row,us,1.1302530708288945e-07,44.99999997561516,316.98601857367714,353.380146924398,367.16759061040483,353.38,13.78744368600683,-50.181425112329684,2.5116734920919157e-09,False,0.00014692439799546264
eu-us-af-row-apac-ch/pf100_k050_a040,2025,row,apac,6.14804598306348e-08,49.99999997706698,284.0041729833125,353.3801421536176,373.13285647427216,353.38,19.75271432065455,-89.12854133734203,1.2296091971766692e-09,False,0.00014215361761671375
eu-us-af-row-apac-ch/pf100_k050_a040,2025,row,af,1.2969535916015162e-07,9.999999992488176,320.9118481518799,353.3793356532984,365.8793356532984,353.38,12.5,-44.9681518481201,1.2969535925757649e-08,False,-0.0006643467015692295
eu-us-af-row-apac-ch/pf100_k050_a040,2025,row,row,2.0823396940699094e-07,44.99999999060823,326.72777200837567,353.38,353.38,353.38,0.0,-26.65222799162433,4.627421543343347e-09,False,0.0
eu-us-af-row-apac-ch/pf100_k050_a040,2030,ch,ch,349.9999999772306,349.9999999980435,107.79092380636583,107.44092378697313,107.44092378697313,107.44092378697313,0.0,0.3500000193926951,0.9999999999405345,True,0.0
eu-us-af-row-apac-ch/pf100_k050_a040,2030,ch,eu,2.930308782975314e-08,89.99999999881895,309.14376959267344,314.9375759031269,331.0555759031269,107.44092378697313,16.118,185.5848458057003,3.255898647793075e-10,False,207.49665211615377
eu-us-af-row-apac-ch/pf100_k050_a040,2030,ch,us,8.064508188217778e-09,64.99999999668165,323.89166181480346,413.20457824371323,424.3375782437132,107.44092378697313,11.133,205.3177380278303,1.2406935674814592e-10,False,305.7636544567401
eu-us-af-row-apac-ch/pf100_k050_a040,2030,ch,apac,8.624882198883478e-09,84.99999999747737,237.1706057554513,303.50481103511345,317.2852326139951,107.44092378697313,13.78042157888167,115.94926038959652,1.0146920234281702e-10,False,196.0638872481403
eu-us-af-row-apac-ch/pf100_k050_a040,2030,ch,af,1.0935256537707986e-07,13.999999999094069,288.31077285179975,285.88841913043996,296.38841913043996,107.44092378697313,10.5,170.3698490648266,7.810897527439713e-09,False,178.4474953434668
eu-us-af-row-apac-ch/pf100_k050_a040,2030,ch,row,1.3103409464299313e-08,69.99999999895066,232.9977218240899,272.2044646578944,286.80091696750026,107.44092378697313,14.59645230960589,110.96034572751087,1.8719156377851058e-10,False,164.76354087092125
eu-us-af-row-apac-ch/pf100_k050_a040,2030,eu,ch,3.589403390389644e-09,349.9999999980435,107.79092380636583,197.24960815501998,213.36760815501998,197.24967143099207,16.118,-105.57674762462624,1.0255438258313453e-11,False,-6.327597208155566e-05
eu-us-af-row-apac-ch/pf100_k050_a040,2030,eu,eu,33.11608561519848,89.99999999881895,309.14376959267344,197.24967143099207,197.24967143099207,197.24967143099207,0.0,111.89409816168137,0.3679565068403673,True,0.0
eu-us-af-row-apac-ch/pf100_k050_a040,2030,eu,us,4.625215051584816e-07,64.99999999668165,323.89166181480346,197.25061360251368,216.01061360251367,197.24967143099207,18.76,107.88199038381138,7.115715464339908e-09,False,0.0009421715216149096
eu-us-af-row-apac-ch/pf100_k050_a040,2030,eu,apac,7.673368563331643e-09,84.99999999747737,237.1706057554513,197.2498511635498,215.3834913667649,197.24967143099207,18.13364020321509,21.787294121244148,9.02749242771691e-11,False,0.00017973255773995334
eu-us-af-row-apac-ch/pf100_k050_a040,2030,eu,af,1.8521669980121976e-08,13.999999999094069,288.31077285179975,197.2491733805698,207.0491733805698,197.24967143099207,9.8,81.26110142080769,1.3229764272371786e-09,False,-0.0004980504222658055
eu-us-af-row-apac-ch/pf100_k050_a040,2030,eu,row,8.263328344008341e-09,69.99999999895066,232.9977218240899,197.2494338384082,205.6857220040709,197.24967143099207,8.436288165662685,27.311762227435143,1.1804754777331733e-10,False,-0.00023759258385780413
eu-us-af-row-apac-ch/pf100_k050_a040,2030,us,ch,3.0296917968859296e-09,349.9999999980435,107.79092380636583,211.75079064795295,236.48179064795295,211.75090040837495,24.731,-128.69097660200913,8.65626227686533e-12,False,-0.00010976042199217773
eu-us-af-row-apac-ch/pf100_k050_a040,2030,us,eu,2.5888094532099447e-08,89.99999999881895,309.14376959267344,217.4424043810584,226.8394043810584,211.75090040837495,9.397,87.99586918429848,2.876454948048797e-10,False,5.691503972683449
eu-us-af-row-apac-ch/pf100_k050_a040,2030,us,us,64.29210750373821,64.99999999668165,323.89166181480346,211.75090040837495,211.75090040837495,211.75090040837495,0.0,112.14076140642851,0.9891093462618525,True,0.0
eu-us-af-row-apac-ch/pf100_k050_a040,2030,us,apac,6.7554571898792096e-09,84.99999999747737,237.1706057554513,211.7503870474169,226.48804320274058,211.75090040837495,14.73765615532369,10.68204919175267,7.947596694211409e-11,False,-0.0005133609580525444
eu-us-af-row-apac-ch/pf100_k050_a040,2030,us,af,8.799571623671327e-09,13.999999999094069,288.31077285179975,211.7468870513501,225.94688705135007,211.75090040837495,14.2,62.359872443424806,6.285408303029101e-10,False,-0.004013357024859943
eu-us-af-row-apac-ch/pf100_k050_a040,2030,us,row,6.534538418114371e-09,69.99999999895066,232.9977218240899,211.75039107355954,226.20021603944855,211.75090040837495,14.449824965889,6.796996449825947,9.335054883160468e-11,False,-0.0005093348154048272
eu-us-af-row-apac-ch/pf100_k050_a040,2030,apac,ch,5.540690260389106e-09,349.9999999980435,107.79092380636583,112.99855035442758,126.23144330471283,123.55706235501908,13.23289295028525,-28.999031498938507,1.5830543601200225e-11,False,-10.558512000591506
eu-us-af-row-apac-ch/pf100_k050_a040,2030,apac,eu,51.224457021218264,89.99999999881895,309.14376959267344,179.256828229032,195.56400174166444,123.55706235501908,16.30717351263244,169.27953372502193,0.5691606335765608,True,55.699765874012925
eu-us-af-row-apac-ch/pf100_k050_a040,2030,apac,us,1.04564807707335e-08,64.99999999668165,323.89166181480346,278.4484661341444,292.15854694099033,123.55706235501908,13.71008080684597,186.6245186529384,1.6086893494257414e-10,False,154.8914037791253
eu-us-af-row-apac-ch/pf100_k050_a040,2030,apac,apac,84.99999995973837,84.99999999747737,237.1706057554513,123.55706235501908,123.55706235501908,123.55706235501908,0.0,113.61354340043222,0.9999999995560118,True,0.0
eu-us-af-row-apac-ch/pf100_k050_a040,2030,apac,af,13.999999665814416,13.999999999094069,288.31077285179975,161.59561332665956,174.76822946357888,123.55706235501908,13.17261613691931,151.58109435986137,0.9999999761943105,True,38.038550971640475
eu-us-af-row-apac-ch/pf100_k050_a040,2030,apac,row,1.5643763486905884,69.99999999895066,232.9977218240899,100.58519989490782,119.46761461146576,123.55706235501908,18.88241471655794,90.55824475251288,0.022348233553057706,True,-22.971862460111268
eu-us-af-row-apac-ch/pf100_k050_a040,2030,af,ch,3.2601668315230278e-09,349.9999999980435,107.79092380636583,119.25863208061169,123.75863208061169,119.25942540354018,4.5,-15.968501597174352,9.314762375832148e-12,False,-0.0007933229284873278
eu-us-af-row-apac-ch/pf100_k050_a040,2030,af,eu,5.659457261184899,89.99999999881895,309.14376959267344,105.72240157750969,111.92240157750969,119.25942540354018,6.2,183.68434418913327,0.06288285845843519,True,-13.537023826030492
eu-us-af-row-apac-ch/pf100_k050_a040,2030,af,us,2.9973050233318073e-08,64.99999999668165,323.89166181480346,132.7986502778525,141.2986502778525,119.25942540354018,8.5,196.13223641126328,4.6112384976689605e-10,False,13.53922487431231
eu-us-af-row-apac-ch/pf100_k050_a040,2030,af,apac,6.2521745653009336e-09,84.99999999747737,237.1706057554513,119.2522548324359,126.27682695957526,119.25942540354018,7.024572127139364,110.88660822477176,7.35549948880763e-11,False,-0.0071705711042824305
eu-us-af-row-apac-ch/pf100_k050_a040,2030,af,af,2.2142431475479214e-08,13.999999999094069,288.31077285179975,119.25942540354018,119.25942540354018,119.25942540354018,0.0,169.05134744825958,1.5816022483508598e-09,False,0.0
eu-us-af-row-apac-ch/pf100_k050_a040,2030,af,row,6.370031154561667e-09,69.99999999895066,232.9977218240899,119.25132817195151,126.75132817195151,119.25942540354018,7.5,106.23829642054972,9.100044506653082e-11,False,-0.008097231588664044
eu-us-af-row-apac-ch/pf100_k050_a040,2030,row,ch,5.3929716073424356e-09,349.9999999980435,107.79092380636583,233.20090221917812,247.323298123615,232.92928618307093,14.12239590443686,-139.26075828114196,1.5408490306778806e-11,False,0.27161603610719
eu-us-af-row-apac-ch/pf100_k050_a040,2030,row,eu,4.6026133490972574e-08,89.99999999881895,309.14376959267344,314.6575528559736,322.78119449419887,232.92928618307093,8.123641638225255,68.09084177137726,5.114014832397396e-10,False,81.72826667290269
eu-us-af-row-apac-ch/pf100_k050_a040,2030,row,us,0.7078919819279069,64.99999999668165,323.89166181480346,310.103510448665,323.89095413467186,232.92928618307093,13.78744368600683,77.1749319457257,0.010890645876369936,True,77.17422426559409
eu-us-af-row-apac-ch/pf100_k050_a040,2030,row,apac,8.43310347009619e-09,84.99999999747737,237.1706057554513,302.5061139653057,322.25882828596025,232.92928618307093,19.75271432065455,-15.511394748274174,9.921298200407609e-11,False,69.57682778223477
eu-us-af-row-apac-ch/pf100_k050_a040,2030,row,af,1.7446341447197474e-07,13.999999999094069,288.31077285179975,280.58931085094014,293.08931085094014,232.92928618307093,12.5,42.881486668728826,1.2461672463090297e-08,False,47.66002466786921
eu-us-af-row-apac-ch/pf100_k050_a040,2030,row,row,68.43562361598876,69.99999999895066,232.9977218240899,232.92928618307093,232.92928618307093,232.92928618307093,0.0,0.06843564101896504,0.9776517659573521,True,0.0
eu-us-af-row-apac-ch/pf100_k050_a040,2035,ch,ch,332.99999996370485,332.99999999724145,95.90883302502486,95.57583300040461,95.57583300040461,95.57583300040461,0.0,0.33300002462024736,0.9999999998992896,True,0.0
eu-us-af-row-apac-ch/pf100_k050_a040,2035,ch,eu,1.6390196741327943e-08,94.99999999839392,241.94436310108205,294.0427059592813,310.1607059592813,95.57583300040461,16.118,130.25053010067745,1.7252838675373725e-10,False,198.4668729588767
eu-us-af-row-apac-ch/pf100_k050_a040,2035,ch,us,4.0890362556649e-09,69.99999999696837,180.33373567822562,445.42764158437967,456.56064158437965,95.57583300040461,11.133,73.62490267782101,5.841480365488561e-11,False,349.85180858397507
eu-us-af-row-apac-ch/pf100_k050_a040,2035,ch,apac,5.509506177631039e-09,102.99999999721686,119.0431515973539,310.72125963738165,324.5016812162633,95.57583300040461,13.78042157888167,9.686897018067613,5.349035124058165e-11,False,215.14542663697705
eu-us-af-row-apac-ch/pf100_k050_a040,2035,ch,af,2.746513401666828e-08,19.999999998656882,290.71255620292413,317.4479200940297,327.9479200940297,95.57583300040461,10.5,184.63672320251953,1.3732567009256363e-09,False,221.8720870936251
eu-us-af-row-apac-ch/pf100_k050_a040,2035,ch,row,1.5335428599566192e-08,78.99999999846432,207.2850608243035,268.23650771087375,282.8329600204796,95.57583300040461,14.59645230960589,97.112775514293,1.9411934936537085e-10,False,172.66067471046915
eu-us-af-row-apac-ch/pf100_k050_a040,2035,eu,ch,7.059723435058252e-09,332.99999999724145,95.90883302502486,175.4670589962552,191.58505899625519,175.4666750022766,16.118,-95.67584197725172,2.120037067602623e-11,False,0.0003839939786018931
eu-us-af-row-apac-ch/pf100_k050_a040,2035,eu,eu,45.42701073872283,94.99999999839392,241.94436310108205,175.4666750022766,175.4666750022766,175.4666750022766,0.0,66.47768809880546,0.47817906041569286,True,0.0
eu-us-af-row-apac-ch/pf100_k050_a040,2035,eu,us,1.288822701242858e-08,69.99999999696837,180.33373567822562,175.46815714851186,194.22815714851185,175.4666750022766,18.76,-13.892939324050968,1.8411752875695365e-10,False,0.0014821462352756498
eu-us-af-row-apac-ch/pf100_k050_a040,2035,eu,apac,7.842592038297346e-09,102.99999999721686,119.0431515973539,175.46779064094687,193.60143084416197,175.4666750022766,18.13364020321509,-74.55716360813778,7.614167027678892e-11,False,0.0011156386702850796
eu-us-af-row-apac-ch/pf100_k050_a040,2035,eu,af,4.254636396534359e-08,19.999999998656882,290.71255620292413,218.47913867981572,228.27913867981573,175.4666750022766,9.8,105.44588120064755,2.1273181984100413e-09,False,43.01246367753913
eu-us-af-row-apac-ch/pf100_k050_a040,2035,eu,row,2.358752518999301e-08,78.99999999846432,207.2850608243035,175.46706161831116,183.90334978397385,175.4666750022766,8.436288165662685,23.38209765636424,2.9857626823356366e-10,False,0.00038661603457512683
eu-us-af-row-apac-ch/pf100_k050_a040,2035,us,ch,9.874616000469131e-09,332.99999999724145,95.90883302502486,188.37113571926824,213.10213571926823,188.3664806833128,24.731,-117.18864765828795,2.965350150315595e-11,False,0.00465503595543737
eu-us-af-row-apac-ch/pf100_k050_a040,2035,us,eu,15.490204536004407,94.99999999839392,241.94436310108205,232.5318729485689,241.92887294856888,188.3664806833128,9.397,44.18088241776925,0.1630547845922767,True,44.16539226525609
eu-us-af-row-apac-ch/pf100_k050_a040,2035,us,us,1.4269454232703942e-07,69.99999999696837,180.33373567822562,188.3664806833128,188.3664806833128,188.3664806833128,0.0,-8.032745005087179,2.038493461903134e-09,False,0.0
eu-us-af-row-apac-ch/pf100_k050_a040,2035,us,apac,1.326582244704559e-08,102.99999999721686,119.0431515973539,188.65396486723898,203.39162102256267,188.3664806833128,14.73765615532369,-84.0609852412826,1.2879439269324314e-10,False,0.2874841839261819
eu-us-af-row-apac-ch/pf100_k050_a040,2035,us,af,9.686602064979919e-08,19.999999998656882,290.71255620292413,288.421381520563,302.621381520563,188.3664806833128,14.2,88.14607551961133,4.843301032815216e-09,False,100.05490083725019
eu-us-af-row-apac-ch/pf100_k050_a040,2035,us,row,4.83161582672513e-09,78.99999999846432,207.2850608243035,431.2605787118511,445.7104036777401,188.3664806833128,14.449824965889,4.4687551751017125,6.115969401036774e-11,False,242.8940980285383
eu-us-af-row-apac-ch/pf100_k050_a040,2035,apac,ch,4.047278425948747e-09,332.99999999724145,95.90883302502486,358.6791867426731,371.91207969295834,109.9122079504653,13.23289295028525,-27.236267875725687,1.2153989267214036e-11,False,248.7669787922078
eu-us-af-row-apac-ch/pf100_k050_a040,2035,apac,eu,34.08278465017056,94.99999999839392,241.94436310108205,216.57516317897267,232.8823366916051,109.9122079504653,16.30717351263244,115.72498163798431,0.35876615421838703,True,106.66295522850737
eu-us-af-row-apac-ch/pf100_k050_a040,2035,apac,us,69.999999816235,69.99999999696837,180.33373567822562,157.52571123144082,171.2357920382868,109.9122079504653,13.71008080684597,56.711446920914355,0.9999999974180948,True,47.61350328097552
eu-us-af-row-apac-ch/pf100_k050_a040,2035,apac,apac,102.99999995729317,102.99999999721686,119.0431515973539,109.9122079504653,109.9122079504653,109.9122079504653,0.0,9.130943646888596,0.9999999996123914,True,0.0
eu-us-af-row-apac-ch/pf100_k050_a040,2035,apac,af,1.6560563555556527e-08,19.999999998656882,290.71255620292413,324.2907539554211,337.4633700923404,109.9122079504653,13.17261613691931,167.62773211553952,8.280281778334333e-10,False,214.3785460049558
eu-us-af-row-apac-ch/pf100_k050_a040,2035,apac,row,1.8023212518576774e-08,78.99999999846432,207.2850608243035,244.85752458336134,263.7399392999193,109.9122079504653,18.88241471655794,78.49043815728027,2.2814193061933074e-10,False,134.94531663289604
eu-us-af-row-apac-ch/pf100_k050_a040,2035,af,ch,3.4020151373196863e-09,332.99999999724145,95.90883302502486,106.15738862974356,110.65738862974356,106.08917463044914,4.5,-14.680341605424275,1.0216261673717323e-11,False,0.06821399929442862
eu-us-af-row-apac-ch/pf100_k050_a040,2035,af,eu,2.2847832391733084e-08,94.99999999839392,241.94436310108205,106.01503646797356,112.21503646797356,106.08917463044914,6.2,129.65518847063294,2.405034988644142e-10,False,-0.07413816247557747
eu-us-af-row-apac-ch/pf100_k050_a040,2035,af,us,6.548665358781445e-09,69.99999999696837,180.33373567822562,106.30678483763904,114.80678483763904,106.08917463044914,8.5,65.74456104777649,9.355236227235801e-11,False,0.21761020718990665
eu-us-af-row-apac-ch/pf100_k050_a040,2035,af,apac,4.2655951687190095e-09,102.99999999721686,119.0431515973539,106.48462836282164,113.509200489961,106.08917463044914,7.024572127139364,5.929404839765398,4.141354532848805e-11,False,0.39545373237250203
eu-us-af-row-apac-ch/pf100_k050_a040,2035,af,af,8.022956945447223,19.999999998656882,290.71255620292413,106.08917463044914,106.08917463044914,106.08917463044914,0.0,184.623381572475,0.4011478472993006,True,0.0
eu-us-af-row-apac-ch/pf100_k050_a040,2035,af,row,7.639147232315053e-09,78.99999999846432,207.2850608243035,106.53267852316975,114.03267852316975,106.08917463044914,7.5,93.69588619385438,9.669806623371583e-11,False,0.44350389272061363
eu-us-af-row-apac-ch/pf100_k050_a040,2035,row,ch,9.152935434763028e-09,332.99999999724145,95.90883302502486,207.3719326417927,221.49432854622958,207.20606052566248,14.12239590443686,-125.41962340507447,2.7486292597113665e-11,False,0.165872116130231
eu-us-af-row-apac-ch/pf100_k050_a040,2035,row,eu,3.4258096413767587e-08,94.99999999839392,241.94436310108205,267.2759514494714,275.39959308769664,207.20606052566248,8.123641638225255,26.614660937194312,3.606115412036501e-10,False,60.06989092380891
eu-us-af-row-apac-ch/pf100_k050_a040,2035,row,us,1.4512894545126183e-08,69.99999999696837,180.33373567822562,243.7210926035217,257.50853628952854,207.20606052566248,13.78744368600683,-40.65976853344369,2.073270649393532e-10,False,36.51503207785922
eu-us-af-row-apac-ch/pf100_k050_a040,2035,row,apac,9.040175783389227e-09,102.99999999721686,119.0431515973539,224.38373789823981,244.13645221889436,207.20606052566248,19.75271432065455,-107.91562324896313,8.776869692848058e-11,False,17.177677372577335
eu-us-af-row-apac-ch/pf100_k050_a040,2035,row,af,11.977042869771578,19.999999998656882,290.71255620292413,278.20057899075704,290.70057899075704,207.20606052566248,12.5,71.00649567726165,0.5988521435287953,True,70.99451846509456
eu-us-af-row-apac-ch/pf100_k050_a040,2035,row,row,78.99999992904738,78.99999999846432,207.2850608243035,207.20606052566248,207.20606052566248,207.20606052566248,0.0,0.0790002986410343,0.9999999991213046,True,0.0
eu-us-af-row-apac-ch/pf100_k050_a040,2040,ch,ch,315.9999998727414,315.9999999932082,86.65125730413422,86.33525719941149,86.33525719941149,86.33525719941149,0.0,0.31600010472273254,0.9999999996187761,True,0.0
eu-us-af-row-apac-ch/pf100_k050_a040,2040,ch,eu,3.194792883067669e-07,98.99999999586554,262.90288120475464,256.6790704801361,272.7970704801361,86.33525719941149,16.118,160.44962400534314,3.2270635183849404e-09,False,170.3438132807246
eu-us-af-row-apac-ch/pf100_k050_a040,2040,ch,us,4.946136079814142e-07,74.99999999146412,223.58936598566203,220.36830698206063,231.50130698206064,86.33525719941149,11.133,126.12110878625053,6.594848107169427e-09,False,134.03304978264913
eu-us-af-row-apac-ch/pf100_k050_a040,2040,ch,apac,1.371262458657073e-07,125.99999999278936,123.41826286197453,132.2805674491234,146.06098902800505,86.33525719941149,13.78042157888167,23.302584083681367,1.0883035386790053e-09,False,45.94531024971191
eu-us-af-row-apac-ch/pf100_k050_a040,2040,ch,af,27.99999853660262,27.999999996921275,197.4237127936906,186.89571284005441,197.39571284005441,86.33525719941149,10.5,100.58845559427913,0.9999999478457624,True,100.56045564064293
eu-us-af-row-apac-ch/pf100_k050_a040,2040,ch,row,2.4523931992990055e-08,88.99999999622935,187.17443227112904,293.4633789280302,308.05983123763605,86.33525719941149,14.59645230960589,86.24272276211165,2.7554979768571975e-10,False,207.12812172861868
eu-us-af-row-apac-ch/pf100_k050_a040,2040,eu,ch,1.5495712783165918e-08,315.9999999932082,86.65125730413422,158.5020396689259,174.6200396689259,158.50199826333673,16.118,-87.9687409592025,4.903706577056636e-11,False,4.1405589172427426e-05
eu-us-af-row-apac-ch/pf100_k050_a040,2040,eu,eu,57.04616542036684,98.99999999586554,262.90288120475464,158.50199826333673,158.50199826333673,158.50199826333673,0.0,104.4008829414179,0.576223893159083,True,0.0
eu-us-af-row-apac-ch/pf100_k050_a040,2040,eu,us,4.656113568703343e-08,74.99999999146412,223.58936598566203,158.50207679646533,177.26207679646532,158.50199826333673,18.76,46.32736772232529,6.20815142564435e-10,False,7.853312860106598e-05
eu-us-af-row-apac-ch/pf100_k050_a040,2040,eu,apac,1.9100026792073e-08,125.99999999278936,123.41826286197453,158.50204722829196,176.63568743150705,158.50199826333673,18.13364020321509,-53.2173756045773,1.5158751423147653e-10,False,4.896495522643818e-05
eu-us-af-row-apac-ch/pf100_k050_a040,2040,eu,af,3.1989503629585006e-08,27.999999996921275,197.4237127936906,158.5020108733131,168.30201087331312,158.50199826333673,9.8,29.12171453035388,1.1424822726107997e-09,False,1.260997638041772e-05
eu-us-af-row-apac-ch/pf100_k050_a040,2040,eu,row,3.57307592784241e-08,88.99999999622935,187.17443227112904,158.5020686162821,166.93835678194478,158.50199826333673,8.436288165662685,20.23614584212962,4.0146920539256067e-10,False,7.035294535739922e-05
eu-us-af-row-apac-ch/pf100_k050_a040,2040,us,ch,1.8720288389501206e-08,315.9999999932082,86.65125730413422,170.4599802903298,195.1909802903298,170.1546096644843,24.731,-108.23435236035007,5.924141895539102e-11,False,0.3053706258455122
eu-us-af-row-apac-ch/pf100_k050_a040,2040,us,eu,24.203523931266773,98.99999999586554,262.90288120475464,200.12192144816734,209.51892144816733,170.1546096644843,9.397,83.35127154027033,0.24448003971997542,True,29.967311783683044
eu-us-af-row-apac-ch/pf100_k050_a040,2040,us,us,74.99999909315112,74.99999999146412,223.58936598566203,170.1546096644843,170.1546096644843,170.1546096644843,0.0,53.43475632117773,0.9999999880224932,True,0.0
eu-us-af-row-apac-ch/pf100_k050_a040,2040,us,apac,2.690892305091292e-08,125.99999999278936,123.41826286197453,170.27601088092268,185.01366703624637,170.1546096644843,14.73765615532369,-61.47400295783346,2.1356288136867338e-10,False,0.12140121643838597
eu-us-af-row-apac-ch/pf100_k050_a040,2040,us,af,5.2660133820369736e-08,27.999999996921275,197.4237127936906,163.09871950963563,177.29871950963562,170.1546096644843,14.2,13.069103129206315,1.880719065219998e-09,False,-7.055890154848669
eu-us-af-row-apac-ch/pf100_k050_a040,2040,us,row,6.182593898945053e-08,88.99999999622935,187.17443227112904,169.65257413193825,184.10239909782726,170.1546096644843,14.449824965889,2.5699976407557372,6.946734718210101e-10,False,-0.5020355325460457
eu-us-af-row-apac-ch/pf100_k050_a040,2040,apac,ch,4.692497720829458e-08,315.9999999932082,86.65125730413422,107.71394347213253,120.94683642241777,99.28554577932321,13.23289295028525,-25.867181425474243,1.4849676332057956e-10,False,8.428397692809313
eu-us-af-row-apac-ch/pf100_k050_a040,2040,apac,eu,1.775711784101043e-08,98.99999999586554,262.90288120475464,371.11755791303847,387.4247314256709,99.28554577932321,16.30717351263244,147.31016191279897,1.7936482668436371e-10,False,271.83201213371524
eu-us-af-row-apac-ch/pf100_k050_a040,2040,apac,us,3.865571904993864e-08,74.99999999146412,223.58936598566203,239.3254868357192,253.03556764256518,99.28554577932321,13.71008080684597,110.59373939949285,5.154095873911748e-10,False,140.039941056396
eu-us-af-row-apac-ch/pf100_k050_a040,2040,apac,apac,125.99999975510944,125.99999999278936,123.41826286197453,99.28554577932321,99.28554577932321,99.28554577932321,0.0,24.13271708265131,0.9999999981136515,True,0.0
eu-us-af-row-apac-ch/pf100_k050_a040,2040,apac,af,1.420650824976326e-08,27.999999996921275,197.4237127936906,343.04633980525614,356.21895594217546,99.28554577932321,13.17261613691931,84.9655508774481,5.073752946901903e-10,False,243.7607940259329
eu-us-af-row-apac-ch/pf100_k050_a040,2040,apac,row,87.28577789443138,88.99999999622935,187.17443227112904,144.1980147100857,163.08042942664363,99.28554577932321,18.88241471655794,69.00647177524789,0.9807390775070719,True,44.91246893076247
eu-us-af-row-apac-ch/pf100_k050_a040,2040,af,ch,1.3761747183099004e-08,315.9999999932082,86.65125730413422,95.83272832913866,100.33272832913866,95.83213549134676,4.5,-13.680878187212542,4.354983285884426e-11,False,0.0005928377918991146
eu-us-af-row-apac-ch/pf100_k050_a040,2040,af,eu,10.38600534350418,98.99999999586554,262.90288120475464,95.88509824552811,102.08509824552812,95.83213549134676,6.2,160.87074571340787,0.10490914488826185,True,0.0529627541813511
eu-us-af-row-apac-ch/pf100_k050_a040,2040,af,us,3.098456381799854e-08,74.99999999146412,223.58936598566203,95.83304614597888,104.33304614597888,95.83213549134676,8.5,119.25723049431527,4.1312751762033266e-10,False,0.0009106546321220321
eu-us-af-row-apac-ch/pf100_k050_a040,2040,af,apac,1.8178448941721893e-08,125.99999999278936,123.41826286197453,95.83282496620413,102.8573970933435,95.83213549134676,7.024572127139364,20.5615552434884,1.442734043076365e-10,False,0.000689474857367145
eu-us-af-row-apac-ch/pf100_k050_a040,2040,af,af,1.8975439914505064e-08,27.999999996921275,197.4237127936906,95.83213549134676,95.83213549134676,95.83213549134676,0.0,101.59157730234385,6.776942827354107e-10,False,0.0
eu-us-af-row-apac-ch/pf100_k050_a040,2040,af,row,2.7445774540194273e-08,88.99999999622935,187.17443227112904,95.83280907571472,103.33280907571472,95.83213549134676,7.5,83.84229677978227,3.083794892287311e-10,False,0.000673584367959279
eu-us-af-row-apac-ch/pf100_k050_a040,2040,row,ch,2.5564005023224996e-08,315.9999999932082,86.65125730413422,187.13938934172748,201.26178524616435,187.17271895170572,14.12239590443686,-114.64385755200836,8.08987500752356e-11,False,-0.03332960997823875
eu-us-af-row-apac-ch/pf100_k050_a040,2040,row,eu,7.3643049634913265,98.99999999586554,262.90288120475464,254.77187532548393,262.8955169637092,187.17271895170572,8.123641638225255,67.60652061482367,0.07438691882625127,True,67.59915637377821
eu-us-af-row-apac-ch/pf100_k050_a040,2040,row,us,2.874979490298373e-07,74.99999999146412,223.58936598566203,220.83628322334138,234.62372690934822,187.17271895170572,13.78744368600683,22.629203347949478,3.833305987500773e-09,False,33.663564271635664
eu-us-af-row-apac-ch/pf100_k050_a040,2040,row,apac,3.636626363987767e-08,125.99999999278936,123.41826286197453,187.18831674651744,206.941031067172,187.17271895170572,19.75271432065455,-83.50717041038574,2.8862114001554613e-10,False,0.015597794811725407
eu-us-af-row-apac-ch/pf100_k050_a040,2040,row,af,1.3424870691883059e-06,27.999999996921275,197.4237127936906,187.16745660719755,199.66745660719755,187.17271895170572,12.5,-2.2490061580151064,4.794596676199708e-08,False,-0.005262344508167871
eu-us-af-row-apac-ch/pf100_k050_a040,2040,row,row,1.7142219522715576,88.99999999622935,187.17443227112904,187.17271895170572,187.17271895170572,187.17271895170572,0.0,0.0017133194233167615,0.019260920812856,True,0.0
eu-us-af-row-apac-ch/pf100_k100_a030,2025,ch,ch,323.9999999629519,323.9999999962486,163.32399999825336,163.0,163.0,163.0,0.0,0.3239999982533561,0.9999999998972323,True,0.0
eu-us-af-row-apac-ch/pf100_k100_a030,2025,ch,eu,10.999999595616147,74.99999999780151,359.0538145391256,342.92481463525746,359.04281463525746,163.0,16.118,179.9358145391256,0.14666666127918124,True,179.92481463525746
eu-us-af-row-apac-ch/pf100_k100_a030,2025,ch,us,7.21252473177618e-07,44.999999993858935,346.1611782711747,336.2949049242747,347.4279049242747,163.0,11.133,172.0281782711747,1.6027832739467686e-08,False,173.2949049242747
eu-us-af-row-apac-ch/pf100_k100_a030,2025,ch,apac,4.532882459558757e-09,49.999999994042454,312.8590186570596,590.4608753045218,604.2412968834035,163.0,13.78042157888167,136.07859707817795,9.065764920197708e-11,False,427.4608753045218
eu-us-af-row-apac-ch/pf100_k100_a030,2025,ch,af,6.6000002022025095,9.99999999829996,357.52463439917733,347.01803506825354,357.51803506825354,163.0,10.5,184.02463439917733,0.6600000203324535,True,184.01803506825354
eu-us-af-row-apac-ch/pf100_k100_a030,2025,ch,row,29.99999767387698,44.99999999783604,352.81811574053495,338.1916635137179,352.7881158233238,163.0,14.59645230960589,175.22166343092906,0.6666666150071027,True,175.1916635137179
eu-us-af-row-apac-ch/pf100_k100_a030,2025,eu,ch,6.272624982592389e-09,323.9999999962486,163.32399999825336,299.2501111458042,315.3681111458042,299.25,16.118,-152.04400000174664,1.9359953650200665e-11,False,0.00011114580422599829
eu-us-af-row-apac-ch/pf100_k100_a030,2025,eu,eu,21.999999799942046,74.99999999780151,359.0538145391256,299.25,299.25,299.25,0.0,59.8038145391256,0.29333333067449247,True,0.0
eu-us-af-row-apac-ch/pf100_k100_a030,2025,eu,us,3.883691912223182e-08,44.999999993858935,346.1611782711747,299.2503803268943,318.0103803268943,299.25,18.76,28.151178271174718,8.630426472784849e-10,False,0.0003803268942874638
eu-us-af-row-apac-ch/pf100_k100_a030,2025,eu,apac,2.0025072931568154e-08,49.999999994042454,312.8590186570596,299.24975585585264,317.3833960590677,299.25,18.13364020321509,-4.524621546155483,4.005014586790832e-10,False,-0.00024414414735929313
eu-us-af-row-apac-ch/pf100_k100_a030,2025,eu,af,6.630367582756463e-08,9.99999999829996,357.52463439917733,299.2446744369824,309.0446744369824,299.25,9.8,48.47463439917733,6.6303675838836515e-09,False,-0.0053255630176067825
eu-us-af-row-apac-ch/pf100_k100_a030,2025,eu,row,4.68722509416014e-08,44.99999999783604,352.81811574053495,310.6837729621109,319.12006112777357,299.25,8.436288165662685,45.13182757487226,1.0416055765301199e-09,False,11.43377296211088
eu-us-af-row-apac-ch/pf100_k100_a030,2025,us,ch,6.401044771318314e-09,323.9999999962486,163.32399999825336,321.25022232486884,345.98122232486884,321.25,24.731,-182.65700000174664,1.9756311022816134e-11,False,0.00022232486884377067
eu-us-af-row-apac-ch/pf100_k100_a030,2025,us,eu,41.99999960787987,74.99999999780151,359.0538145391256,321.26220733579214,330.65920733579213,321.25,9.397,28.406814539125598,0.559999994788147,True,0.012207335792140839
eu-us-af-row-apac-ch/pf100_k100_a030,2025,us,us,2.646903809628558e-07,44.999999993858935,346.1611782711747,321.25,321.25,321.25,0.0,24.91117827117472,5.882008466643946e-09,False,0.0
eu-us-af-row-apac-ch/pf100_k100_a030,2025,us,apac,2.503028202613911e-08,49.999999994042454,312.8590186570596,321.2486024459935,335.9862586013172,321.25,14.73765615532369,-23.128637498264084,5.006056405824298e-10,False,-0.001397554006473456
eu-us-af-row-apac-ch/pf100_k100_a030,2025,us,af,4.569535946665309e-08,9.99999999829996,357.52463439917733,321.2503398817575,335.4503398817575,321.25,14.2,22.07463439917733,4.569535947442148e-09,False,0.000339881757497551
eu-us-af-row-apac-ch/pf100_k100_a030,2025,us,row,3.6323454880582094e-09,44.99999999783604,352.81811574053495,677.7594824796506,692.2093074455396,321.25,14.449824965889,17.11829077464595,8.071878862739737e-11,False,356.5094824796506
eu-us-af-row-apac-ch/pf100_k100_a030,2025,apac,ch,8.402076835105566e-09,323.9999999962486,163.32399999825336,189.09572150535558,202.32861445564083,187.45,13.23289295028525,-37.35889295203188,2.59323359111199e-11,False,1.6457215053555956
eu-us-af-row-apac-ch/pf100_k100_a030,2025,apac,eu,4.329997250891377e-08,74.99999999780151,359.0538145391256,250.13715800487032,266.44433151750275,187.45,16.30717351263244,155.29664102649318,5.773329668024404e-10,False,62.68715800487033
eu-us-af-row-apac-ch/pf100_k100_a030,2025,apac,us,44.99999888449091,44.999999993858935,346.1611782711747,207.04707881154536,220.75715961839134,187.45,13.71008080684597,145.00109746432875,0.9999999753473772,True,19.597078811545373
eu-us-af-row-apac-ch/pf100_k100_a030,2025,apac,apac,49.999999908832095,49.999999994042454,312.8590186570596,187.45,187.45,187.45,0.0,125.40901865705962,0.9999999982957928,True,0.0
eu-us-af-row-apac-ch/pf100_k100_a030,2025,apac,af,7.157126040962883e-08,9.99999999829996,357.52463439917733,232.03345509373395,245.20607123065327,187.45,13.17261613691931,156.90201826225803,7.157126042179622e-09,False,44.58345509373396
eu-us-af-row-apac-ch/pf100_k100_a030,2025,apac,row,15.000001071725405,44.99999999783604,352.81811574053495,208.56168243530308,227.44409715186103,187.45,18.88241471655794,146.48570102397701,0.3333333571654828,True,21.111682435303095
eu-us-af-row-apac-ch/pf100_k100_a030,2025,af,ch,5.652724959985509e-09,323.9999999962486,163.32399999825336,180.91492596765985,185.41492596765985,180.93,4.5,-22.10600000174665,1.744668197546592e-11,False,-0.015074032340152144
eu-us-af-row-apac-ch/pf100_k100_a030,2025,af,eu,3.4859003296090015e-07,74.99999999780151,359.0538145391256,180.89573159436958,187.09573159436957,180.93,6.2,171.9238145391256,4.647867106281579e-09,False,-0.03426840563042788
eu-us-af-row-apac-ch/pf100_k100_a030,2025,af,us,2.62207653075417e-08,44.999999993858935,346.1611782711747,180.9059131205065,189.4059131205065,180.93,8.5,156.7311782711747,5.826836735804444e-10,False,-0.024086879493495417
eu-us-af-row-apac-ch/pf100_k100_a030,2025,af,apac,1.4037708611266539e-08,49.999999994042454,312.8590186570596,180.88854126554088,187.91311339268023,180.93,7.024572127139364,124.90444652992024,2.807541722587829e-10,False,-0.041458734459126845
eu-us-af-row-apac-ch/pf100_k100_a030,2025,af,af,3.3999995187824488,9.99999999829996,357.52463439917733,180.93,180.93,180.93,0.0,176.59463439917732,0.3399999519360462,True,0.0
eu-us-af-row-apac-ch/pf100_k100_a030,2025,af,row,8.047332828280933e-08,44.99999999783604,352.81811574053495,180.8611578979062,188.3611578979062,180.93,7.5,164.38811574053494,1.788296184148425e-09,False,-0.06884210209381081
eu-us-af-row-apac-ch/pf100_k100_a030,2025,row,ch,6.5682790692256975e-09,323.9999999962486,163.32399999825336,353.3796722072956,367.50206811173246,353.38,14.12239590443686,-204.1783959061835,2.0272466263276997e-11,False,-0.0003277927044109674
eu-us-af-row-apac-ch/pf100_k100_a030,2025,row,eu,6.024734365028338e-07,74.99999999780151,359.0538145391256,353.37955626730485,361.5031979055301,353.38,8.123641638225255,-2.449827099099654,8.032979153606591e-09,False,-0.0004437326951460818
eu-us-af-row-apac-ch/pf100_k100_a030,2025,row,us,5.836749458682653e-08,44.999999993858935,346.1611782711747,353.3801321175668,367.16757580357364,353.38,13.78744368600683,-21.006265414832107,1.2970554354398184e-09,False,0.00013211756680675535
eu-us-af-row-apac-ch/pf100_k100_a030,2025,row,apac,2.158441594398658e-08,49.999999994042454,312.8590186570596,353.3801257611575,373.13284008181205,353.38,19.75271432065455,-60.273695663594935,4.3168831893116767e-10,False,0.00012576115750562167
eu-us-af-row-apac-ch/pf100_k100_a030,2025,row,af,9.374470489781985e-08,9.99999999829996,357.52463439917733,353.3797708245138,365.8797708245138,353.38,12.5,-8.355365600822665,9.374470491375682e-09,False,-0.000229175486197164
eu-us-af-row-apac-ch/pf100_k100_a030,2025,row,row,1.1212557381934955e-06,44.99999999783604,352.81811574053495,353.38,353.38,353.38,0.0,-0.5618842594650459,2.4916794183275875e-08,False,0.0
eu-us-af-row-apac-ch/pf100_k100_a030,2030,ch,ch,349.9999999862794,349.9999999987759,107.79092380264679,107.44092378697313,107.44092378697313,107.44092378697313,0.0,0.35000001567365757,0.9999999999642958,True,0.0
eu-us-af-row-apac-ch/pf100_k100_a030,2030,ch,eu,1.5130529210421146e-09,89.99999999928525,337.7289342663515,584.9297360619146,601.0477360619146,107.44092378697313,16.118,214.17001047937833,1.6811699122823674e-11,False,477.48881227494144
eu-us-af-row-apac-ch/pf100_k100_a030,2030,ch,us,4.607063306445127e-09,64.99999999788302,338.09259940170773,430.3864794180149,441.5194794180149,107.44092378697313,11.133,219.51867561473458,7.087789702454114e-11,False,322.94555563104177
eu-us-af-row-apac-ch/pf100_k100_a030,2030,ch,apac,1.3926252355500167e-09,84.99999999863593,227.50960470945253,470.4238930002216,484.20431457910325,107.44092378697313,13.78042157888167,106.28825934359773,1.6383826300851357e-11,False,362.98296921324845
eu-us-af-row-apac-ch/pf100_k100_a030,2030,ch,af,1.9306890817313226e-09,13.99999999937782,347.51107778565466,607.0826635562485,617.5826635562485,107.44092378697313,10.5,229.57015399868152,1.3790636298693752e-10,False,499.6417397692753
eu-us-af-row-apac-ch/pf100_k100_a030,2030,ch,row,1.5621179546166385e-09,69.99999999939791,232.9827012964817,449.9979215456675,464.5943738552734,107.44092378697313,14.59645230960589,110.94532519990268,2.2315970780429638e-11,False,342.55699775869437
eu-us-af-row-apac-ch/pf100_k100_a030,2030,eu,ch,1.8030977678017848e-09,349.9999999987759,107.79092380264679,197.2498385607896,213.3678385607896,197.24967143099207,16.118,-105.57674762834527,5.151707908023117e-12,False,0.00016712979754629487
eu-us-af-row-apac-ch/pf100_k100_a030,2030,eu,eu,25.140789310683157,89.99999999928525,337.7289342663515,197.24967143099207,197.24967143099207,197.24967143099207,0.0,140.4792628353594,0.27934210345425353,True,0.0
eu-us-af-row-apac-ch/pf100_k100_a030,2030,eu,us,1.887561822689565e-08,64.99999999788302,338.09259940170773,197.2498944609041,216.0098944609041,197.24967143099207,18.76,122.08292797071566,2.9039412657708316e-10,False,0.0002230299120355994
eu-us-af-row-apac-ch/pf100_k100_a030,2030,eu,apac,2.804623621248963e-09,84.99999999863593,227.50960470945253,197.2498396120072,215.3834798152223,197.24967143099207,18.13364020321509,12.126293075245375,3.299557201522319e-11,False,0.00016818101514104455
eu-us-af-row-apac-ch/pf100_k100_a030,2030,eu,af,8.17139067391603,13.99999999937782,347.51107778565466,197.2487843522777,207.04878435227772,197.24967143099207,9.8,140.46140635466259,0.5836707624485127,True,-0.0008870787143564485
eu-us-af-row-apac-ch/pf100_k100_a030,2030,eu,row,3.155079803851274e-09,69.99999999939791,232.9827012964817,197.249552329332,205.6858404949947,197.24967143099207,8.436288165662685,27.296741699826956,4.507256862683445e-11,False,-0.00011910166006146028
eu-us-af-row-apac-ch/pf100_k100_a030,2030,us,ch,1.5262449119261248e-09,349.9999999987759,107.79092380264679,211.34437433188546,236.07537433188546,211.75090040837495,24.731,-128.69097660572817,4.360699748375608e-12,False,-0.40652607648948447
eu-us-af-row-apac-ch/pf100_k100_a030,2030,us,eu,2.2692969949262234e-08,89.99999999928525,337.7289342663515,216.7352905842571,226.13229058425708,211.75090040837495,9.397,116.58103385797652,2.521441105493606e-10,False,4.98439017588214
eu-us-af-row-apac-ch/pf100_k100_a030,2030,us,us,62.89001974712385,64.99999999788302,338.09259940170773,211.75090040837495,211.75090040837495,211.75090040837495,0.0,126.34169899333278,0.9675387653718786,True,0.0
eu-us-af-row-apac-ch/pf100_k100_a030,2030,us,apac,2.7468880828831487e-09,84.99999999863593,227.50960470945253,212.1829984055152,226.9206545608389,211.75090040837495,14.73765615532369,1.0210481457538965,3.231633038737918e-11,False,0.43209799714026076
eu-us-af-row-apac-ch/pf100_k100_a030,2030,us,af,5.872856860378167e-09,13.99999999937782,347.51107778565466,256.1981810991714,270.3981810991714,211.75090040837495,14.2,121.56017737727971,4.1948977575994034e-10,False,44.44728069079645
eu-us-af-row-apac-ch/pf100_k100_a030,2030,us,row,2.8258059321809643e-09,69.99999999939791,232.9827012964817,211.5269959200122,225.97682088590122,211.75090040837495,14.449824965889,6.781975922217761,4.036865617436099e-11,False,-0.22390448836273436
eu-us-af-row-apac-ch/pf100_k100_a030,2030,apac,ch,3.998072975591348e-09,349.9999999987759,107.79092380264679,98.59802902207628,111.83092197236152,123.55706235501908,13.23289295028525,-28.999031502657544,1.1423065644586662e-11,False,-24.95903333294281
eu-us-af-row-apac-ch/pf100_k100_a030,2030,apac,eu,64.85921064374756,89.99999999928525,337.7289342663515,217.48935918858012,233.79653270121256,123.55706235501908,16.30717351263244,197.86469839869997,0.7206578960473627,True,93.93229683356104
eu-us-af-row-apac-ch/pf100_k100_a030,2030,apac,us,2.1099801583295714,64.99999999788302,338.09259940170773,220.51286630167556,234.22294710852154,123.55706235501908,13.71008080684597,200.82545623984268,0.03246123320612756,True,96.95580394665647
eu-us-af-row-apac-ch/pf100_k100_a030,2030,apac,apac,84.99999998513687,84.99999999863593,227.50960470945253,123.55706235501908,123.55706235501908,123.55706235501908,0.0,103.95254235443345,0.9999999998411875,True,0.0
eu-us-af-row-apac-ch/pf100_k100_a030,2030,apac,af,5.723663411060999e-08,13.99999999937782,347.51107778565466,238.89459004073876,252.06720617765808,123.55706235501908,13.17261613691931,210.78139929371628,4.0883310080824045e-09,False,115.33752768571968
eu-us-af-row-apac-ch/pf100_k100_a030,2030,apac,row,16.584889765894374,69.99999999939791,232.9827012964817,110.21615935701702,129.09857407357495,123.55706235501908,18.88241471655794,90.54322422490469,0.23692699665767178,True,-13.340902998002065
eu-us-af-row-apac-ch/pf100_k100_a030,2030,af,ch,2.229727165568324e-09,349.9999999987759,107.79092380264679,119.25945230511533,123.75945230511533,119.25942540354018,4.5,-15.96850160089339,6.370649044503207e-12,False,2.6901575154170132e-05
eu-us-af-row-apac-ch/pf100_k100_a030,2030,af,eu,1.0006932711548295e-08,89.99999999928525,337.7289342663515,119.26217848377095,125.46217848377096,119.25942540354018,6.2,212.2695088628113,1.1118814124030852e-10,False,0.00275308023077514
eu-us-af-row-apac-ch/pf100_k100_a030,2030,af,us,2.3553525950413773e-08,64.99999999788302,338.09259940170773,119.25924854419611,127.75924854419611,119.25942540354018,8.5,210.33317399816755,3.6236193771047515e-10,False,-0.00017685934406586057
eu-us-af-row-apac-ch/pf100_k100_a030,2030,af,apac,3.2647513688782257e-09,84.99999999863593,227.50960470945253,119.26038625727878,126.28495838441815,119.25942540354018,7.024572127139364,101.22560717877299,3.840883963447786e-11,False,0.0009608537386043281
eu-us-af-row-apac-ch/pf100_k100_a030,2030,af,af,5.828609239951663,13.99999999937782,347.51107778565466,119.25942540354018,119.25942540354018,119.25942540354018,0.0,228.2516523821145,0.41632923144362105,True,0.0
eu-us-af-row-apac-ch/pf100_k100_a030,2030,af,row,3.3291950860187577e-09,69.99999999939791,232.9827012964817,119.260580172185,126.760580172185,119.25942540354018,7.5,106.22327589294153,4.755992980067704e-11,False,0.0011547686448238892
eu-us-af-row-apac-ch/pf100_k100_a030,2030,row,ch,2.939314812570054e-09,349.9999999987759,107.79092380264679,232.92844653744345,247.05084244188032,232.92928618307093,14.12239590443686,-139.260758284861,8.398042321658098e-12,False,-0.0008396456274795128
eu-us-af-row-apac-ch/pf100_k100_a030,2030,row,eu,1.0641595872821691e-08,89.99999999928525,337.7289342663515,364.12007317910604,372.2437148173313,232.92928618307093,8.123641638225255,96.6760064450553,1.1823995414340226e-10,False,131.19078699603511
eu-us-af-row-apac-ch/pf100_k100_a030,2030,row,us,4.5393381742414353e-08,64.99999999788302,338.09259940170773,338.23245880431045,352.0199024903173,232.92928618307093,13.78744368600683,91.37586953262998,6.983597191368117e-10,False,105.30317262123953
eu-us-af-row-apac-ch/pf100_k100_a030,2030,row,apac,3.2901752073719085e-09,84.99999999863593,227.50960470945253,325.36867355712246,345.121387877777,232.92928618307093,19.75271432065455,-25.172395794272948,3.870794361676128e-11,False,92.43938737405153
eu-us-af-row-apac-ch/pf100_k100_a030,2030,row,af,2.0469948385989252e-08,13.99999999937782,347.51107778565466,356.48365270308756,368.98365270308756,232.92928618307093,12.5,102.08179160258373,1.4621391704927832e-09,False,123.55436652001663
eu-us-af-row-apac-ch/pf100_k100_a030,2030,row,row,53.41511022263134,69.99999999939791,232.9827012964817,232.92928618307093,232.92928618307093,232.92928618307093,0.0,0.05341511341077876,0.7630730031870111,True,0.0
eu-us-af-row-apac-ch/pf100_k100_a030,2035,ch,ch,332.99999982069465,332.99999999197047,95.90883308643781,95.57583300040461,95.57583300040461,95.57583300040461,0.0,0.333000086033195,0.9999999994856582,True,0.0
eu-us-af-row-apac-ch/pf100_k100_a030,2035,ch,eu,2.762961006979827e-07,94.9999999953285,253.11006624663798,247.7210425164684,263.8390425164684,95.57583300040461,16.118,141.4162332462334,2.9083800074902026e-09,False,152.1452095160638
eu-us-af-row-apac-ch/pf100_k100_a030,2035,ch,us,1.4664253073251583e-07,69.99999998990035,231.2427006929579,243.37174969531253,254.50474969531254,95.57583300040461,11.133,124.5338676925533,2.0948932964810502e-09,False,147.79591669490793
eu-us-af-row-apac-ch/pf100_k100_a030,2035,ch,apac,1.9945635217212578e-08,102.99999999225368,110.01520797250933,253.63926633043448,267.41968790931617,95.57583300040461,13.78042157888167,0.6589533932230456,1.936469438709964e-10,False,158.06343333002985
eu-us-af-row-apac-ch/pf100_k100_a030,2035,ch,af,4.230375896290889e-08,19.999999996177408,276.9539297655456,341.5444093479097,352.0444093479097,95.57583300040461,10.5,170.87809676514098,2.1151879485497193e-09,False,245.96857634750512
eu-us-af-row-apac-ch/pf100_k100_a030,2035,ch,row,4.992552557160267e-08,78.99999999564713,207.28506315320584,255.1022170811079,269.6986693907138,95.57583300040461,14.59645230960589,97.11277784319533,6.31968678156374e-10,False,159.52638408070328
eu-us-af-row-apac-ch/pf100_k100_a030,2035,eu,ch,1.8261600821604568e-08,332.99999999197047,95.90883308643781,175.4238302587939,191.5418302587939,175.4666750022766,16.118,-95.67584191583877,5.4839642108242957e-11,False,-0.042844743482675085
eu-us-af-row-apac-ch/pf100_k100_a030,2035,eu,eu,44.85107531614033,94.9999999953285,253.11006624663798,175.4666750022766,175.4666750022766,175.4666750022766,0.0,77.6433912443614,0.4721165822983771,True,0.0
eu-us-af-row-apac-ch/pf100_k100_a030,2035,eu,us,7.446545507130576e-08,69.99999998990035,231.2427006929579,174.8655264399631,193.6255264399631,175.4666750022766,18.76,37.0160256906813,1.0637922154578527e-09,False,-0.6011485623134831
eu-us-af-row-apac-ch/pf100_k100_a030,2035,eu,apac,1.9563996617746956e-08,102.99999999225368,110.01520797250933,175.15119619930277,193.28483640251787,175.4666750022766,18.13364020321509,-83.58510723298235,1.8994171474969228e-10,False,-0.31547880297381425
eu-us-af-row-apac-ch/pf100_k100_a030,2035,eu,af,6.743503384137033e-08,19.999999996177408,276.9539297655456,232.26185555319626,242.06185555319627,175.4666750022766,9.8,91.687254763269,3.371751692712958e-09,False,56.79518055091967
eu-us-af-row-apac-ch/pf100_k100_a030,2035,eu,row,3.680312597447003e-08,78.99999999564713,207.28506315320584,199.57888196243118,208.01517012809387,175.4666750022766,8.436288165662685,23.382099985266567,4.658623541328845e-10,False,24.112206960154595
eu-us-af-row-apac-ch/pf100_k100_a030,2035,us,ch,1.9173360823470325e-08,332.99999999197047,95.90883308643781,188.36659419528206,213.09759419528206,188.3664806833128,24.731,-117.188647596875,5.757766013192987e-11,False,0.00011351196926057128
eu-us-af-row-apac-ch/pf100_k100_a030,2035,us,eu,1.6319771952637874e-07,94.9999999953285,253.11006624663798,213.5043774361757,222.9013774361757,188.3664806833128,9.397,55.346585563325185,1.7178707319410926e-09,False,25.1378967528629
eu-us-af-row-apac-ch/pf100_k100_a030,2035,us,us,69.15179282967622,69.99999998990035,231.2427006929579,188.3664806833128,188.3664806833128,188.3664806833128,0.0,42.876220009645095,0.9878827548521929,True,0.0
eu-us-af-row-apac-ch/pf100_k100_a030,2035,us,apac,2.1952571492669402e-08,102.99999999225368,110.01520797250933,188.36830567623062,203.1059618315543,188.3664806833128,14.73765615532369,-93.08892886612716,2.1313176208078048e-10,False,0.0018249929178182356
eu-us-af-row-apac-ch/pf100_k100_a030,2035,us,af,4.037953822819501e-08,19.999999996177408,276.9539297655456,282.67673840753093,296.8767384075309,188.3664806833128,14.2,74.38744908223278,2.0189769117956367e-09,False,94.31025772421813
eu-us-af-row-apac-ch/pf100_k100_a030,2035,us,row,2.9142454774545995e-08,78.99999999564713,207.28506315320584,245.61688332514944,260.0667082910384,188.3664806833128,14.449824965889,4.468757504004039,3.688918326095156e-10,False,57.250402641836644
eu-us-af-row-apac-ch/pf100_k100_a030,2035,apac,ch,9.025807955975846e-08,332.99999999197047,95.90883308643781,118.83658761750183,132.06948056778708,109.9122079504653,13.23289295028525,-27.23626781431274,2.7104528396977425e-10,False,8.924379667036533
eu-us-af-row-apac-ch/pf100_k100_a030,2035,apac,eu,50.148924021130455,94.9999999953285,253.11006624663798,236.75274382453603,253.05991733716846,109.9122079504653,16.30717351263244,126.89068478354025,0.5278834107746996,True,126.84053587407072
eu-us-af-row-apac-ch/pf100_k100_a030,2035,apac,us,2.1741131718840596e-07,69.99999998990035,231.2427006929579,222.82050548598815,236.53058629283413,109.9122079504653,13.71008080684597,107.62041193564663,3.105875960282489e-09,False,112.90829753552285
eu-us-af-row-apac-ch/pf100_k100_a030,2035,apac,apac,102.99999988584823,102.99999999225368,110.01520797250933,109.9122079504653,109.9122079504653,109.9122079504653,0.0,0.10300002204402858,0.9999999989669374,True,0.0
eu-us-af-row-apac-ch/pf100_k100_a030,2035,apac,af,3.133040139198692e-07,19.999999996177408,276.9539297655456,269.98601352763535,283.15862966455467,109.9122079504653,13.17261613691931,153.86910567816096,1.5665200698987542e-08,False,160.07380557717005
eu-us-af-row-apac-ch/pf100_k100_a030,2035,apac,row,7.187500656390168e-08,78.99999999564713,207.28506315320584,231.21649949409323,250.09891421065117,109.9122079504653,18.88241471655794,78.49044048618259,9.098102097197718e-10,False,121.30429154362793
eu-us-af-row-apac-ch/pf100_k100_a030,2035,af,ch,1.786737023715591e-08,332.99999999197047,95.90883308643781,106.08960349068951,110.58960349068951,106.08917463044914,4.5,-14.680341544011327,5.365576647923946e-11,False,0.0004288602403761388
eu-us-af-row-apac-ch/pf100_k100_a030,2035,af,eu,7.207885225633668e-08,94.9999999953285,253.11006624663798,106.25637893074892,112.45637893074893,106.08917463044914,6.2,140.82089161618887,7.58724760630327e-10,False,0.16720430029978672
eu-us-af-row-apac-ch/pf100_k100_a030,2035,af,us,5.7039428632930894e-08,69.99999998990035,231.2427006929579,106.09023700849184,114.59023700849184,106.08917463044914,8.5,116.65352606250876,8.148489805880084e-10,False,0.0010623780427039264
eu-us-af-row-apac-ch/pf100_k100_a030,2035,af,apac,1.8169089451002373e-08,102.99999999225368,110.01520797250933,106.09102531584551,113.11559744298488,106.08917463044914,7.024572127139364,-3.09853878507917,1.7639892672202734e-10,False,0.0018506853963771164
eu-us-af-row-apac-ch/pf100_k100_a030,2035,af,af,8.298309748423573,19.999999996177408,276.9539297655456,106.08917463044914,106.08917463044914,106.08917463044914,0.0,170.86475513509646,0.4149154875004813,True,0.0
eu-us-af-row-apac-ch/pf100_k100_a030,2035,af,row,3.793709042385929e-08,78.99999999564713,207.28506315320584,106.09133023307054,113.59133023307054,106.08917463044914,7.5,93.6958885227567,4.802163345056913e-10,False,0.0021556026214000212
eu-us-af-row-apac-ch/pf100_k100_a030,2035,row,ch,2.5715369747908457e-08,332.99999999197047,95.90883308643781,209.2079821927422,223.33037809717908,207.20606052566248,14.12239590443686,-125.41962334366153,7.722333257816373e-11,False,2.0019216670797277
eu-us-af-row-apac-ch/pf100_k100_a030,2035,row,eu,1.464850326342067e-07,94.9999999953285,253.11006624663798,267.35308759135035,275.4767292295756,207.20606052566248,8.123641638225255,37.78036408275025,1.5419477120148411e-09,False,60.147027065687865
eu-us-af-row-apac-ch/pf100_k100_a030,2035,row,us,0.8482066646653987,69.99999998990035,231.2427006929579,217.45441257870428,231.24185626471112,207.20606052566248,13.78744368600683,10.249196481288587,0.012117238068396837,True,10.248352053041799
eu-us-af-row-apac-ch/pf100_k100_a030,2035,row,apac,2.6774172044554718e-08,102.99999999225368,110.01520797250933,209.55558559030123,229.30829991095578,207.20606052566248,19.75271432065455,-116.9435668738077,2.599434179278478e-10,False,2.3495250646387547
eu-us-af-row-apac-ch/pf100_k100_a030,2035,row,af,11.701689784331487,19.999999996177408,276.9539297655456,264.44222561245317,276.94222561245317,207.20606052566248,12.5,57.2478692398831,0.5850844893284013,True,57.23616508679069
eu-us-af-row-apac-ch/pf100_k100_a030,2035,row,row,78.99999976996394,78.99999999564713,207.28506315320584,207.20606052566248,207.20606052566248,207.20606052566248,0.0,0.0790026275433604,0.9999999971432507,True,0.0
eu-us-af-row-apac-ch/pf100_k100_a030,2040,ch,ch,315.99999994911,315.9999999981686,86.65125722142713,86.33525719941149,86.33525719941149,86.33525719941149,0.0,0.31600002201564337,0.9999999998447513,True,0.0
eu-us-af-row-apac-ch/pf100_k100_a030,2040,ch,eu,4.615810956683043e-08,98.99999999900005,180.65618016265756,177.63039398130115,193.74839398130115,86.33525719941149,16.118,78.20292296324608,4.662435309827944e-10,False,91.29513678188967
eu-us-af-row-apac-ch/pf100_k100_a030,2040,ch,us,1.2299280589339415e-08,74.99999999788871,199.3898712672882,248.52886442386938,259.66186442386936,86.33525719941149,11.133,101.92161406787673,1.639904078624753e-10,False,162.19360722445788
eu-us-af-row-apac-ch/pf100_k100_a030,2040,ch,apac,1.4096098165259749e-08,125.99999999813109,116.64373941476711,155.00043535013998,168.78085692902164,86.33525719941149,13.78042157888167,16.528060636473953,1.1187379496403835e-10,False,68.6651781507285
eu-us-af-row-apac-ch/pf100_k100_a030,2040,ch,af,17.231955967622387,27.999999999177373,189.25585872988384,178.73862680162836,189.23862680162836,86.33525719941149,10.5,92.42060153047235,0.6154269988617377,True,92.40336960221687
eu-us-af-row-apac-ch/pf100_k100_a030,2040,ch,row,8.759626741122269e-09,88.99999999900015,187.18038531915153,256.34595202123796,270.94240433084383,86.33525719941149,14.59645230960589,86.24867581013415,9.842277237326603e-11,False,170.01069482182646
eu-us-af-row-apac-ch/pf100_k100_a030,2040,eu,ch,6.47316897065007e-09,315.9999999981686,86.65125722142713,158.50500766198553,174.62300766198553,158.50199826333673,16.118,-87.9687410419096,2.048471193255565e-11,False,0.003009398648799788
eu-us-af-row-apac-ch/pf100_k100_a030,2040,eu,eu,39.00957317507559,98.99999999900005,180.65618016265756,158.50199826333673,158.50199826333673,158.50199826333673,0.0,22.154181899320832,0.39403609268151113,True,0.0
eu-us-af-row-apac-ch/pf100_k100_a030,2040,eu,us,5.839490244783053,74.99999999788871,199.3898712672882,158.50885958217077,177.26885958217076,158.50199826333673,18.76,22.127873003951482,0.07785986993263251,True,0.0068613188340407305
eu-us-af-row-apac-ch/pf100_k100_a030,2040,eu,apac,8.504093653510201e-09,125.99999999813109,116.64373941476711,158.5057346470452,176.63937485026028,158.50199826333673,18.13364020321509,-59.99189905178471,6.749280677489157e-11,False,0.0037363837084569695
eu-us-af-row-apac-ch/pf100_k100_a030,2040,eu,af,8.980648782889127e-07,27.999999999177373,189.25585872988384,158.49575599726708,168.2957559972671,158.50199826333673,9.8,20.95386046654711,3.207374565411777e-08,False,-0.0062422660696483945
eu-us-af-row-apac-ch/pf100_k100_a030,2040,eu,row,4.565541329000726e-07,88.99999999900015,187.18038531915153,158.47532202220836,166.91161018787105,158.50199826333673,8.436288165662685,20.24209889015211,5.129821718035974e-09,False,-0.026676241128370748
eu-us-af-row-apac-ch/pf100_k100_a030,2040,us,ch,5.443264786539146e-09,315.9999999981686,86.65125722142713,170.20219251613224,194.93319251613224,170.1546096644843,24.731,-108.23435244305716,1.7225521476489535e-11,False,0.04758285164794529
eu-us-af-row-apac-ch/pf100_k100_a030,2040,us,eu,1.954538347980045e-08,98.99999999900005,180.65618016265756,175.18902643216376,184.58602643216375,170.1546096644843,9.397,1.1045704981732651,1.9742811595957442e-10,False,5.03441676767946
eu-us-af-row-apac-ch/pf100_k100_a030,2040,us,us,69.16050908944125,74.99999999788871,199.3898712672882,170.1546096644843,170.1546096644843,170.1546096644843,0.0,29.235261602803917,0.9221401212185087,True,0.0
eu-us-af-row-apac-ch/pf100_k100_a030,2040,us,apac,7.542243677454485e-09,125.99999999813109,116.64373941476711,170.22458701903318,184.96224317435687,170.1546096644843,14.73765615532369,-68.24852640504088,5.985907680608219e-11,False,0.06997735454888243
eu-us-af-row-apac-ch/pf100_k100_a030,2040,us,af,3.160812209593772e-08,27.999999999177373,189.25585872988384,170.59091646381358,184.79091646381357,170.1546096644843,14.2,4.9012490653995435,1.1288615034595125e-09,False,0.4363067993292873
eu-us-af-row-apac-ch/pf100_k100_a030,2040,us,row,2.4584893247746196e-08,88.99999999900015,187.18038531915153,169.89321801481347,184.34304298070248,170.1546096644843,14.449824965889,2.575950688778228,2.7623475559575716e-10,False,-0.26139164967082706
eu-us-af-row-apac-ch/pf100_k100_a030,2040,apac,ch,2.3928649599287115e-08,315.9999999981686,86.65125722142713,86.42204435637208,99.65493730665733,99.28554577932321,13.23289295028525,-25.867181508181332,7.57235746817272e-11,False,-12.863501422951131
eu-us-af-row-apac-ch/pf100_k100_a030,2040,apac,eu,59.99042668974754,98.99999999900005,180.65618016265756,147.05682259625692,163.36399610888935,99.28554577932321,16.30717351263244,65.0634608707019,0.6059639059631663,True,47.77127681693371
eu-us-af-row-apac-ch/pf100_k100_a030,2040,apac,us,1.3899296115981518e-07,74.99999999788871,199.3898712672882,172.89159103927147,186.60167184611745,99.28554577932321,13.71008080684597,86.39424468111903,1.8532394821830389e-09,False,73.60604525994826
eu-us-af-row-apac-ch/pf100_k100_a030,2040,apac,apac,125.99999995127187,125.99999999813109,116.64373941476711,99.28554577932321,99.28554577932321,99.28554577932321,0.0,17.358193635443897,0.9999999996281015,True,0.0
eu-us-af-row-apac-ch/pf100_k100_a030,2040,apac,af,7.25407113625898e-08,27.999999999177373,189.25585872988384,171.41165141583994,184.58426755275926,99.28554577932321,13.17261613691931,76.79769681364132,2.5907396915971792e-09,False,72.12610563651673
eu-us-af-row-apac-ch/pf100_k100_a030,2040,apac,row,81.33362730336388,88.99999999900015,187.18038531915153,150.98444334227472,169.86685805883266,99.28554577932321,18.88241471655794,69.01242482327038,0.9138609809469393,True,51.6988975629515
eu-us-af-row-apac-ch/pf100_k100_a030,2040,af,ch,6.729508789189468e-09,315.9999999981686,86.65125722142713,95.8322280989284,100.3322280989284,95.83213549134676,4.5,-13.680878269919631,2.1295913889963508e-11,False,9.260758163520677e-05
eu-us-af-row-apac-ch/pf100_k100_a030,2040,af,eu,2.6830665349593198e-08,98.99999999900005,180.65618016265756,100.56736825132293,106.76736825132294,95.83213549134676,6.2,78.6240446713108,2.710168217158e-10,False,4.735232759976171
eu-us-af-row-apac-ch/pf100_k100_a030,2040,af,us,1.652754822570631e-08,74.99999999788871,199.3898712672882,136.34028312672083,144.84028312672083,95.83213549134676,8.5,95.05773577594145,2.203673096822876e-10,False,40.50814763537407
eu-us-af-row-apac-ch/pf100_k100_a030,2040,af,apac,8.572995796106383e-09,125.99999999813109,116.64373941476711,95.8317153095363,102.85628743667567,95.83213549134676,7.024572127139364,13.787031796280985,6.803964917645669e-11,False,-0.0004201818104547783
eu-us-af-row-apac-ch/pf100_k100_a030,2040,af,af,10.768042949849123,27.999999999177373,189.25585872988384,95.83213549134676,95.83213549134676,95.83213549134676,0.0,93.42372323853708,0.3845729625059101,True,0.0
eu-us-af-row-apac-ch/pf100_k100_a030,2040,af,row,1.851265397669456e-08,88.99999999900015,187.18038531915153,119.4526626162239,126.9526626162239,95.83213549134676,7.5,83.84824982780476,2.0800734805508468e-10,False,23.620527124877142
eu-us-af-row-apac-ch/pf100_k100_a030,2040,row,ch,6.483999336882748e-09,315.9999999981686,86.65125722142713,187.17271310799538,201.29510901243225,187.17271895170572,14.12239590443686,-114.64385763471545,2.0518985243418752e-11,False,-5.843710340514008e-06
eu-us-af-row-apac-ch/pf100_k100_a030,2040,row,eu,4.1642755862650775e-08,98.99999999900005,180.65618016265756,187.17266117061848,195.29630280884373,187.17271895170572,8.123641638225255,-14.64018042727341,4.206338976067817e-10,False,-5.778108723575315e-05
eu-us-af-row-apac-ch/pf100_k100_a030,2040,row,us,4.958446111112639e-07,74.99999999788871,199.3898712672882,187.17269265661244,200.96013634261928,187.17271895170572,13.78744368600683,-1.570291370424334,6.61126148166963e-09,False,-2.629509327789492e-05
eu-us-af-row-apac-ch/pf100_k100_a030,2040,row,apac,8.143750082456781e-09,125.99999999813109,116.64373941476711,187.1727280546814,206.92544237533593,187.17271895170572,19.75271432065455,-90.28169385759315,6.463293716331408e-11,False,9.102975667474311e-06
eu-us-af-row-apac-ch/pf100_k100_a030,2040,row,af,7.949215019573905e-08,27.999999999177373,189.25585872988384,187.17272716459422,199.67272716459422,187.17271895170572,12.5,-10.416860221821878,2.839005364216946e-09,False,8.212888502612259e-06
eu-us-af-row-apac-ch/pf100_k100_a030,2040,row,row,7.666372187224953,88.99999999900015,187.18038531915153,187.17271895170572,187.17271895170572,187.17271895170572,0.0,0.007666367445807509,0.08613901334057392,True,0.0
eu-us-af-row-apac-ch/pf100_k100_a040,2025,ch,ch,323.9999999380004,323.99999999329117,163.3239999977189,163.0,163.0,163.0,0.0,0.3239999977188859,0.9999999998293496,True,0.0
eu-us-af-row-apac-ch/pf100_k100_a040,2025,ch,eu,4.7956503310193267e-08,74.99999999638466,338.26257478840125,366.9466377182563,383.0646377182563,163.0,16.118,159.14457478840126,6.394200441667331e-10,False,203.94663771825628
eu-us-af-row-apac-ch/pf100_k100_a040,2025,ch,us,2.999999401637036,44.99999998815032,361.79803209289605,350.66203237652303,361.795032376523,163.0,11.133,187.66503209289604,0.06666665338726699,True,187.66203237652303
eu-us-af-row-apac-ch/pf100_k100_a040,2025,ch,apac,14.999998863717373,49.999999987695595,347.99677413029974,334.201352646995,347.9817742258767,163.0,13.78042157888167,171.21635255141808,0.2999999773481739,True,171.20135264699502
eu-us-af-row-apac-ch/pf100_k100_a040,2025,ch,af,6.600000088304925,9.99999999683207,361.5095837446436,351.0029846631601,361.5029846631601,163.0,10.5,188.00958374464358,0.6600000090395759,True,188.00298466316008
eu-us-af-row-apac-ch/pf100_k100_a040,2025,ch,row,23.000000204023497,44.999999996219856,348.7566463885617,334.1371941969708,348.7336465065767,163.0,14.59645230960589,171.1601940789558,0.5111111156879016,True,171.13719419697082
eu-us-af-row-apac-ch/pf100_k100_a040,2025,eu,ch,1.1982940169387632e-08,323.99999999329117,163.3239999977189,299.24998520323584,315.36798520323583,299.25,16.118,-152.0440000022811,3.6984383239616524e-11,False,-1.4796764162383624e-05
eu-us-af-row-apac-ch/pf100_k100_a040,2025,eu,eu,1.4735706233016886e-06,74.99999999638466,338.26257478840125,299.25,299.25,299.25,0.0,39.01257478840125,1.9647608311636285e-08,False,0.0
eu-us-af-row-apac-ch/pf100_k100_a040,2025,eu,us,9.883890961767493e-09,44.99999998815032,361.79803209289605,545.7160552698131,564.4760552698131,299.25,18.76,43.788032092896046,2.1964202143044845e-10,False,246.46605526981307
eu-us-af-row-apac-ch/pf100_k100_a040,2025,eu,apac,9.435765750515519e-09,49.999999987695595,347.99677413029974,539.6231842577715,557.7568244609866,299.25,18.13364020321509,30.61313392708465,1.8871531505675096e-10,False,240.37318425777153
eu-us-af-row-apac-ch/pf100_k100_a040,2025,eu,af,3.3049863961374726e-08,9.99999999683207,361.5095837446436,385.721213417169,395.521213417169,299.25,9.8,52.45958374464358,3.304986397184469e-09,False,86.471213417169
eu-us-af-row-apac-ch/pf100_k100_a040,2025,eu,row,21.999998420819786,44.999999996219856,348.7566463885617,299.2508822564283,307.687170422091,299.25,8.436288165662685,41.07035822289902,0.4888888538370635,True,0.0008822564283264001
eu-us-af-row-apac-ch/pf100_k100_a040,2025,us,ch,1.0922664745182653e-08,323.99999999329117,163.3239999977189,321.24657977497793,345.9775797749779,321.25,24.731,-182.6570000022811,3.371192822657044e-11,False,-0.0034202250220687347
eu-us-af-row-apac-ch/pf100_k100_a040,2025,us,eu,6.073079013068942e-08,74.99999999638466,338.26257478840125,321.4205281265506,330.8175281265506,321.25,9.397,7.615574788401252,8.097438684482256e-10,False,0.17052812655060734
eu-us-af-row-apac-ch/pf100_k100_a040,2025,us,us,41.99999962776605,44.99999998815032,361.79803209289605,321.25,321.25,321.25,0.0,40.54803209289605,0.9333333253072389,True,0.0
eu-us-af-row-apac-ch/pf100_k100_a040,2025,us,apac,6.77564228093952e-08,49.999999987695595,347.99677413029974,321.2390782117306,335.9767343670543,321.25,14.73765615532369,12.009117974976052,1.3551284565213848e-09,False,-0.010921788269399713
eu-us-af-row-apac-ch/pf100_k100_a040,2025,us,af,9.938130454858878e-08,9.99999999683207,361.5095837446436,321.21273630270616,335.41273630270615,321.25,14.2,26.05958374464358,9.938130458007208e-09,False,-0.03726369729383805
eu-us-af-row-apac-ch/pf100_k100_a040,2025,us,row,7.320132158074497e-08,44.999999996219856,348.7566463885617,321.2304741222283,335.6802990881173,321.25,14.449824965889,13.056821422672705,1.6266960352643138e-09,False,-0.019525877771684463
eu-us-af-row-apac-ch/pf100_k100_a040,2025,apac,ch,1.191836998579629e-08,323.99999999329117,163.3239999977189,187.83125520383192,201.06414815411716,187.45,13.23289295028525,-37.35889295256635,3.678509254951566e-11,False,0.3812552038319268
eu-us-af-row-apac-ch/pf100_k100_a040,2025,apac,eu,74.99999826854737,74.99999999638466,338.26257478840125,161.36862709933558,177.67580061196801,187.45,16.30717351263244,134.50540127576883,0.9999999769621695,True,-26.081372900664405
eu-us-af-row-apac-ch/pf100_k100_a040,2025,apac,us,8.83487632869819e-08,44.99999998815032,361.79803209289605,220.7364321576004,234.44651296444638,187.45,13.71008080684597,160.63795128605008,1.96330585133881e-09,False,33.286432157600416
eu-us-af-row-apac-ch/pf100_k100_a040,2025,apac,apac,35.000000872370066,49.999999987695595,347.99677413029974,187.45,187.45,187.45,0.0,160.54677413029975,0.700000017619663,True,0.0
eu-us-af-row-apac-ch/pf100_k100_a040,2025,apac,af,5.8856201239280265e-08,9.99999999683207,361.5095837446436,230.00021779812317,243.1728339350425,187.45,13.17261613691931,160.88696760772427,5.88562012579255e-09,False,42.550217798123185
eu-us-af-row-apac-ch/pf100_k100_a040,2025,apac,row,6.856330241832636e-07,44.999999996219856,348.7566463885617,172.8089003458249,191.69131506238284,187.45,18.88241471655794,142.42423167200377,1.5236289427574643e-08,False,-14.641099654175093
eu-us-af-row-apac-ch/pf100_k100_a040,2025,af,ch,9.753890363515436e-09,323.99999999329117,163.3239999977189,180.90968658386456,185.40968658386456,180.93,4.5,-22.10600000228112,3.0104599888016674e-11,False,-0.020313416135451234
eu-us-af-row-apac-ch/pf100_k100_a040,2025,af,eu,5.426141526762163e-08,74.99999999638466,338.26257478840125,180.86858171601153,187.06858171601152,180.93,6.2,151.13257478840126,7.23485536936497e-10,False,-0.06141828398847338
eu-us-af-row-apac-ch/pf100_k100_a040,2025,af,us,2.577698807484027e-07,44.99999998815032,361.79803209289605,180.87913772537001,189.37913772537001,180.93,8.5,172.36803209289604,5.728219573695116e-09,False,-0.050862274629992044
eu-us-af-row-apac-ch/pf100_k100_a040,2025,af,apac,8.250541166983816e-08,49.999999987695595,347.99677413029974,180.86752286632344,187.8920949934628,180.93,7.024572127139364,160.04220200316038,1.6501082338028352e-09,False,-0.062477133676566154
eu-us-af-row-apac-ch/pf100_k100_a040,2025,af,af,3.399999504782321,9.99999999683207,361.5095837446436,180.93,180.93,180.93,0.0,180.57958374464357,0.3399999505859417,True,0.0
eu-us-af-row-apac-ch/pf100_k100_a040,2025,af,row,8.100739854587226e-08,44.999999996219856,348.7566463885617,180.8663641772984,188.3663641772984,180.93,7.5,160.3266463885617,1.8001644122817141e-09,False,-0.06363582270159895
eu-us-af-row-apac-ch/pf100_k100_a040,2025,row,ch,1.0712817998622208e-08,323.99999999329117,163.3239999977189,353.3814133319997,367.50380923643655,353.38,14.12239590443686,-204.17839590671798,3.306425308285195e-11,False,0.0014133319996858518
eu-us-af-row-apac-ch/pf100_k100_a040,2025,row,eu,9.131795425623242e-08,74.99999999638466,338.26257478840125,353.3871831722631,361.5108248104884,353.38,8.123641638225255,-23.241066849823998,1.2175727234751248e-09,False,0.007183172263125925
eu-us-af-row-apac-ch/pf100_k100_a040,2025,row,us,6.027447143519885e-07,44.99999998815032,361.79803209289605,353.3830566872182,367.170500373225,353.38,13.78744368600683,-5.369411593110774,1.3394326989126822e-08,False,0.0030566872181907456
eu-us-af-row-apac-ch/pf100_k100_a040,2025,row,apac,9.191056408236183e-08,49.999999987695595,347.99677413029974,353.3807279568785,373.13344227753305,353.38,19.75271432065455,-25.135940190354805,1.8382112820995986e-09,False,0.0007279568785065749
eu-us-af-row-apac-ch/pf100_k100_a040,2025,row,af,2.1245745392815656e-07,9.99999999683207,361.5095837446436,353.3795306084385,365.8795306084385,353.38,12.5,-4.370416255356417,2.1245745399546158e-08,False,-0.00046939156152348005
eu-us-af-row-apac-ch/pf100_k100_a040,2025,row,row,5.315348239434369e-07,44.999999996219856,348.7566463885617,353.38,353.38,353.38,0.0,-4.62335361143829,1.1811884977513055e-08,False,0.0
eu-us-af-row-apac-ch/pf100_k100_a040,2030,ch,ch,349.9999997082721,349.9999999766568,107.79092539201706,107.44092378697313,107.44092378697313,107.44092378697313,0.0,0.3500016050439285,0.9999999992331866,True,0.0
eu-us-af-row-apac-ch/pf100_k100_a040,2030,ch,eu,3.804372147125361e-07,89.9999999858633,322.2861857839445,328.4037544136353,344.5217544136353,107.44092378697313,16.118,198.72726199697138,4.22708016413659e-09,False,220.96283062666214
eu-us-af-row-apac-ch/pf100_k100_a040,2030,ch,us,2.7946716881444648e-08,64.99999996675888,301.03311966929806,588.274193794687,599.407193794687,107.44092378697313,11.133,182.4591958823249,4.299494907036408e-10,False,480.83327000771385
eu-us-af-row-apac-ch/pf100_k100_a040,2030,ch,apac,5.841863312978868e-08,84.99999997467903,192.6758050532378,314.6378382003801,328.41825977926175,107.44092378697313,13.78042157888167,71.45445968738301,6.872780370257791e-10,False,207.19691441340694
eu-us-af-row-apac-ch/pf100_k100_a040,2030,ch,af,13.999995692362846,13.999999988989167,311.19142450149764,300.67742348112984,311.17742348112984,107.44092378697313,10.5,193.2505007145245,0.9999996930981198,True,193.2364996941567
eu-us-af-row-apac-ch/pf100_k100_a040,2030,ch,row,1.4495634201291057e-07,69.99999998774028,232.95879739290163,276.4446423513783,291.0410946609842,107.44092378697313,14.59645230960589,110.9214212963226,2.070804886261401e-09,False,169.00371856440518
eu-us-af-row-apac-ch/pf100_k100_a040,2030,eu,ch,3.649807874282073e-08,349.9999999766568,107.79092539201706,197.2498228356311,213.3678228356311,197.24967143099207,16.118,-105.576746038975,1.0428022498644275e-10,False,0.00015140463904117496
eu-us-af-row-apac-ch/pf100_k100_a040,2030,eu,eu,35.13625520006763,89.9999999858633,322.2861857839445,197.24967143099207,197.24967143099207,197.24967143099207,0.0,125.03651435295245,0.39040283561762934,True,0.0
eu-us-af-row-apac-ch/pf100_k100_a040,2030,eu,us,1.6617433290135661e-07,64.99999996675888,301.03311966929806,197.25018119575742,216.0101811957574,197.24967143099207,18.76,85.02344823830599,2.556528199789823e-09,False,0.0005097647653542481
eu-us-af-row-apac-ch/pf100_k100_a040,2030,eu,apac,5.48211182743823e-08,84.99999997467903,192.6758050532378,197.24974402304298,215.38338422625807,197.24967143099207,18.13364020321509,-22.707506580969348,6.449543328319196e-10,False,7.259205091258991e-05
eu-us-af-row-apac-ch/pf100_k100_a040,2030,eu,af,3.715047267661296e-07,13.999999988989167,311.19142450149764,197.25023332176406,207.05023332176407,197.24967143099207,9.8,104.14175307050557,2.653605193273669e-08,False,0.0005618907719906474
eu-us-af-row-apac-ch/pf100_k100_a040,2030,eu,row,7.833821128833759e-08,69.99999998774028,232.95879739290163,197.24925652447354,205.68554469013623,197.24967143099207,8.436288165662685,27.27283779624688,1.1191173043151094e-09,False,-0.00041490651852882365
eu-us-af-row-apac-ch/pf100_k100_a040,2030,us,ch,3.866336908745299e-08,349.9999999766568,107.79092539201706,211.7448438950302,236.47584389503018,211.75090040837495,24.731,-128.6909750163579,1.1046676882866182e-10,False,-0.006056513344759651
eu-us-af-row-apac-ch/pf100_k100_a040,2030,us,eu,3.187790690785828,89.9999999858633,322.2861857839445,223.66878190788788,233.06578190788787,211.75090040837495,9.397,101.13828537556957,0.03541989656985054,True,11.91788149951293
eu-us-af-row-apac-ch/pf100_k100_a040,2030,us,us,64.99999923090428,64.99999996675888,301.03311966929806,211.75090040837495,211.75090040837495,211.75090040837495,0.0,89.28221926092311,0.9999999886791601,True,0.0
eu-us-af-row-apac-ch/pf100_k100_a040,2030,us,apac,6.578170645662263e-08,84.99999997467903,192.6758050532378,211.7485888402997,226.4862449956234,211.75090040837495,14.73765615532369,-33.81275151046083,7.739024291319834e-10,False,-0.002311568075242576
eu-us-af-row-apac-ch/pf100_k100_a040,2030,us,af,1.0208841767154155e-06,13.999999988989167,311.19142450149764,211.6164634532833,225.8164634532833,211.75090040837495,14.2,85.24052409312269,7.292029839416633e-08,False,-0.134436955091644
eu-us-af-row-apac-ch/pf100_k100_a040,2030,us,row,9.636300089373343e-08,69.99999998774028,232.95879739290163,211.66591670496254,226.11574167085155,211.75090040837495,14.449824965889,6.758072018637684,1.3766142987230048e-09,False,-0.08498370341240502
eu-us-af-row-apac-ch/pf100_k100_a040,2030,apac,ch,8.488981023884614e-08,349.9999999766568,107.79092539201706,126.57743539226607,139.81032834255132,123.55706235501908,13.23289295028525,-28.999029913287274,2.4254231498430817e-10,False,3.0203730372469835
eu-us-af-row-apac-ch/pf100_k100_a040,2030,apac,eu,45.790216438083064,89.9999999858633,322.2861857839445,236.89947947326402,253.20665298589645,123.55706235501908,16.30717351263244,182.42194991629302,0.5087801827252838,True,113.34241711824494
eu-us-af-row-apac-ch/pf100_k100_a040,2030,apac,us,1.9446533915028487e-07,64.99999996675888,301.03311966929806,249.7908341582064,263.50091496505235,123.55706235501908,13.71008080684597,163.765976507433,2.99177444999592e-09,False,126.23377180318731
eu-us-af-row-apac-ch/pf100_k100_a040,2030,apac,apac,84.99999968391533,84.99999997467903,192.6758050532378,123.55706235501908,123.55706235501908,123.55706235501908,0.0,69.11874269821872,0.9999999965792506,True,0.0
eu-us-af-row-apac-ch/pf100_k100_a040,2030,apac,af,7.165908498422226e-07,13.999999988989167,311.19142450149764,239.8676464444484,253.04026258136773,123.55706235501908,13.17261613691931,174.46174600955925,5.118506074327234e-08,False,116.31058408942933
eu-us-af-row-apac-ch/pf100_k100_a040,2030,apac,row,40.48843417051006,69.99999998774028,232.95879739290163,145.00215158175905,163.884566298317,123.55706235501908,18.88241471655794,90.51932032132461,0.5784062025371594,True,21.445089226739967
eu-us-af-row-apac-ch/pf100_k100_a040,2030,af,ch,4.463013997384644e-08,349.9999999766568,107.79092539201706,119.25949467947831,123.75949467947831,119.25942540354018,4.5,-15.968500011523119,1.2751468564806583e-10,False,6.927593813088606e-05
eu-us-af-row-apac-ch/pf100_k100_a040,2030,af,eu,5.88573470260833,89.9999999858633,322.2861857839445,119.26403873143744,125.46403873143744,119.25942540354018,6.2,196.82676038040435,0.06539705226147588,True,0.004613327897260433
eu-us-af-row-apac-ch/pf100_k100_a040,2030,af,us,2.694606183429951e-07,64.99999996675888,301.03311966929806,119.26028354185546,127.76028354185546,119.25942540354018,8.5,173.27369426575788,4.145547976627658e-09,False,0.0008581383152801436
eu-us-af-row-apac-ch/pf100_k100_a040,2030,af,apac,6.398720021314123e-08,84.99999997467903,192.6758050532378,119.261038731125,126.28561085826436,119.25942540354018,7.024572127139364,66.39180752255827,7.527905909670896e-10,False,0.0016133275848204676
eu-us-af-row-apac-ch/pf100_k100_a040,2030,af,af,1.9103039289380615e-06,13.999999988989167,311.19142450149764,119.25942540354018,119.25942540354018,119.25942540354018,0.0,191.93199909795746,1.3645028074574948e-07,False,0.0
eu-us-af-row-apac-ch/pf100_k100_a040,2030,af,row,8.716275843240142e-08,69.99999998774028,232.95879739290163,119.26128556618754,126.76128556618754,119.25942540354018,7.5,106.19937198936145,1.2451822635381e-09,False,0.0018601626473611077
eu-us-af-row-apac-ch/pf100_k100_a040,2030,row,ch,6.370324480267382e-08,349.9999999766568,107.79092539201706,228.55674599911208,242.67914190354895,232.92928618307093,14.12239590443686,-139.26075669549073,1.8200927087692142e-10,False,-4.372540183958847
eu-us-af-row-apac-ch/pf100_k100_a040,2030,row,eu,2.5738812370301807e-06,89.9999999858633,322.2861857839445,317.22402031234265,325.3476619505679,232.92928618307093,8.123641638225255,81.23325796264834,2.8598680415938574e-08,False,84.29473412927172
eu-us-af-row-apac-ch/pf100_k100_a040,2030,row,us,7.780759353031564e-08,64.99999996675888,301.03311966929806,394.72606036691604,408.5135040529229,232.92928618307093,13.78744368600683,54.3163898002203,1.1970399010785629e-09,False,161.79677418384512
eu-us-af-row-apac-ch/pf100_k100_a040,2030,row,apac,4.7755031660515875e-08,84.99999997467903,192.6758050532378,346.25435159688806,366.0070659175426,232.92928618307093,19.75271432065455,-60.00619545048767,5.618239020557859e-10,False,113.32506541381713
eu-us-af-row-apac-ch/pf100_k100_a040,2030,row,af,2.773426396513182e-07,13.999999988989167,311.19142450149764,325.4325068418385,337.9325068418385,232.92928618307093,12.5,65.76213831842671,1.9810188562103207e-08,False,92.50322065876759
eu-us-af-row-apac-ch/pf100_k100_a040,2030,row,row,29.51156541040991,69.99999998774028,232.95879739290163,232.92928618307093,232.92928618307093,232.92928618307093,0.0,0.029511209830701546,0.4215937916511219,True,0.0
eu-us-af-row-apac-ch/pf100_k100_a040,2035,ch,ch,332.99999995529845,332.9999999984126,95.90883301377957,95.57583300040461,95.57583300040461,95.57583300040461,0.0,0.33300001337495644,0.9999999998705281,True,0.0
eu-us-af-row-apac-ch/pf100_k100_a040,2035,ch,eu,9.761883154377436e-09,94.99999999907537,258.45632964763206,304.24977512201167,320.36777512201166,95.57583300040461,16.118,146.76249664722747,1.027566647839205e-10,False,208.67394212160707
eu-us-af-row-apac-ch/pf100_k100_a040,2035,ch,us,1.9098908167982323e-09,69.99999999820999,206.9990786588742,528.1459308383189,539.278930838319,95.57583300040461,11.133,100.29024565846959,2.728415452638673e-11,False,432.5700978379143
eu-us-af-row-apac-ch/pf100_k100_a040,2035,ch,apac,2.8122527870424673e-09,102.99999999845788,110.0152083872149,324.69029414716965,338.4707157260513,95.57583300040461,13.78042157888167,0.6589538079286132,2.7303425117325946e-11,False,229.11446114676505
eu-us-af-row-apac-ch/pf100_k100_a040,2035,ch,af,1.0977121285077998e-08,19.99999999929491,254.6031662885061,297.5242530746908,308.0242530746908,95.57583300040461,10.5,148.5273332881015,5.488560642732495e-10,False,201.94842007428622
eu-us-af-row-apac-ch/pf100_k100_a040,2035,ch,row,5.919413304556521e-09,78.99999999917506,175.87270103165332,265.09741131455047,279.69386362415634,95.57583300040461,14.59645230960589,65.70041572164281,7.492928233694093e-11,False,169.52157831414587
eu-us-af-row-apac-ch/pf100_k100_a040,2035,eu,ch,3.5218912683154717e-09,332.9999999984126,95.90883301377957,175.46903266590044,191.58703266590044,175.4666750022766,16.118,-95.67584198849701,1.0576250055051833e-11,False,0.002357663623854478
eu-us-af-row-apac-ch/pf100_k100_a040,2035,eu,eu,48.405533546437354,94.99999999907537,258.45632964763206,175.4666750022766,175.4666750022766,175.4666750022766,0.0,82.98965464535547,0.5095319320727209,True,0.0
eu-us-af-row-apac-ch/pf100_k100_a040,2035,eu,us,8.0016727213338e-09,69.99999999820999,206.9990786588742,175.46356788454932,194.2235678845493,175.4666750022766,18.76,12.772403656597607,1.1430961030769164e-10,False,-0.003107117727267905
eu-us-af-row-apac-ch/pf100_k100_a040,2035,eu,apac,3.7351941224372955e-09,102.99999999845788,110.0152083872149,175.46722133560195,193.60086153881704,175.4666750022766,18.13364020321509,-83.58510681827678,3.626402060673028e-11,False,0.0005463333253601377
eu-us-af-row-apac-ch/pf100_k100_a040,2035,eu,af,4.652387153229513e-08,19.99999999929491,254.6031662885061,175.47201717312078,185.2720171731208,175.4666750022766,9.8,69.3364912862295,2.326193576696765e-09,False,0.005342170844187422
eu-us-af-row-apac-ch/pf100_k100_a040,2035,eu,row,6.18941988399378e-09,78.99999999917506,175.87270103165332,175.46728810671095,183.90357627237364,175.4666750022766,8.436288165662685,-8.030262136285952,7.83470871399799e-11,False,0.0006131044343646863
eu-us-af-row-apac-ch/pf100_k100_a040,2035,us,ch,4.874897931434517e-09,332.9999999984126,95.90883301377957,188.57590845579514,213.30690845579514,188.3664806833128,24.731,-117.18864766953322,1.4639333127500767e-11,False,0.2094277724823428
eu-us-af-row-apac-ch/pf100_k100_a040,2035,us,eu,21.977919625871518,94.99999999907537,258.45632964763206,230.47475377685174,239.87175377685173,188.3664806833128,9.397,60.69284896431926,0.2313465223798466,True,42.10827309353894
eu-us-af-row-apac-ch/pf100_k100_a040,2035,us,us,69.99999993792397,69.99999999820999,206.9990786588742,188.3664806833128,188.3664806833128,188.3664806833128,0.0,18.632597975561396,0.9999999991387712,True,0.0
eu-us-af-row-apac-ch/pf100_k100_a040,2035,us,apac,5.8022468621293204e-09,102.99999999845788,110.0152083872149,187.08856836163756,201.82622451696125,188.3664806833128,14.73765615532369,-93.0889284514216,5.6332493807924196e-11,False,-1.2779123216752453
eu-us-af-row-apac-ch/pf100_k100_a040,2035,us,af,4.472075629196915e-09,19.99999999929491,254.6031662885061,343.2974585957701,357.49745859577007,188.3664806833128,14.2,52.036685605193284,2.2360378146772877e-10,False,154.93097791245728
eu-us-af-row-apac-ch/pf100_k100_a040,2035,us,row,1.388270725838905e-08,78.99999999917506,175.87270103165332,186.9465173539861,201.39634231987512,188.3664806833128,14.449824965889,-26.94360461754848,1.7573047162701287e-10,False,-1.4199633293266913
eu-us-af-row-apac-ch/pf100_k100_a040,2035,apac,ch,2.8363712710760407e-08,332.9999999984126,95.90883301377957,109.58019491928818,122.81308786957342,109.9122079504653,13.23289295028525,-27.23626788697098,8.517631444713398e-11,False,-0.33201303117712655
eu-us-af-row-apac-ch/pf100_k100_a040,2035,apac,eu,24.61654675842442,94.99999999907537,258.45632964763206,242.1245391713557,258.43171268398817,109.9122079504653,16.30717351263244,132.23694818453433,0.2591215448280422,True,132.2123312208904
eu-us-af-row-apac-ch/pf100_k100_a040,2035,apac,us,2.3644902038879136e-08,69.99999999820999,206.9990786588742,217.42921328327586,231.13929409012184,109.9122079504653,13.71008080684597,83.37678990156293,3.377843148497682e-10,False,107.51700533281056
eu-us-af-row-apac-ch/pf100_k100_a040,2035,apac,apac,102.99999998005312,102.99999999845788,110.0152083872149,109.9122079504653,109.9122079504653,109.9122079504653,0.0,0.10300043674959625,0.9999999998213129,True,0.0
eu-us-af-row-apac-ch/pf100_k100_a040,2035,apac,af,11.620316331481282,19.99999999929491,254.6031662885061,241.4189295058028,254.5915456427221,109.9122079504653,13.17261613691931,131.51834220112147,0.5810158165945475,True,131.5067215553375
eu-us-af-row-apac-ch/pf100_k100_a040,2035,apac,row,78.99999994899326,78.99999999917506,175.87270103165332,156.9112858818722,175.79370059843015,109.9122079504653,18.88241471655794,47.07807836463008,0.9999999993647873,True,46.9990779314069
eu-us-af-row-apac-ch/pf100_k100_a040,2035,af,ch,1.976259202192507e-09,332.9999999984126,95.90883301377957,106.08967251781854,110.58967251781854,106.08917463044914,4.5,-14.680341616669565,5.934712318924708e-12,False,0.0004978873694057029
eu-us-af-row-apac-ch/pf100_k100_a040,2035,af,eu,5.269567392007127e-08,94.99999999907537,258.45632964763206,106.55568838772074,112.75568838772074,106.08917463044914,6.2,146.16715501718295,5.546913044272016e-10,False,0.46651375727159916
eu-us-af-row-apac-ch/pf100_k100_a040,2035,af,us,1.2329375622402536e-08,69.99999999820999,206.9990786588742,106.09049867762687,114.59049867762687,106.08917463044914,8.5,92.40990402842506,1.761339374673974e-10,False,0.0013240471777322682
eu-us-af-row-apac-ch/pf100_k100_a040,2035,af,apac,2.5805626601606892e-09,102.99999999845788,110.0152083872149,106.0915392899278,113.11611141706716,106.08917463044914,7.024572127139364,-3.0985383703736025,2.5054006409702188e-11,False,0.002364659478658382
eu-us-af-row-apac-ch/pf100_k100_a040,2035,af,af,8.37968359146942,19.99999999929491,254.6031662885061,106.08917463044914,106.08917463044914,106.08917463044914,0.0,148.51399165805697,0.418984179588242,True,0.0
eu-us-af-row-apac-ch/pf100_k100_a040,2035,af,row,5.861604925780718e-09,78.99999999917506,175.87270103165332,106.09193043779952,113.59193043779952,106.08917463044914,7.5,62.283526401204185,7.419753070685983e-11,False,0.002755807350382611
eu-us-af-row-apac-ch/pf100_k100_a040,2035,row,ch,4.3773757738882415e-09,332.9999999984126,95.90883301377957,229.5477592229921,243.67015512742898,207.20606052566248,14.12239590443686,-125.41962341631977,1.3145272594321647e-11,False,22.341698697329633
eu-us-af-row-apac-ch/pf100_k100_a040,2035,row,eu,5.884526333898825e-09,94.99999999907537,258.45632964763206,351.91305297928636,360.0366946175116,207.20606052566248,8.123641638225255,43.12662748374433,6.194238246269578e-11,False,144.70699245362388
eu-us-af-row-apac-ch/pf100_k100_a040,2035,row,us,1.4400180191617206e-08,69.99999999820999,206.9990786588742,230.4415104221905,244.22895410819734,207.20606052566248,13.78744368600683,-13.994425552795112,2.057168598855063e-10,False,23.235449896528024
eu-us-af-row-apac-ch/pf100_k100_a040,2035,row,apac,3.474510341207836e-09,102.99999999845788,110.0152083872149,273.9187329087952,293.67144722944977,207.20606052566248,19.75271432065455,-116.94356645910213,3.3733110109318996e-11,False,66.71267238313274
eu-us-af-row-apac-ch/pf100_k100_a040,2035,row,af,1.4371137595722726e-08,19.99999999929491,254.6031662885061,270.0907397736968,282.5907397736968,207.20606052566248,12.5,34.89710576284361,7.185568798114687e-10,False,62.8846792480343
eu-us-af-row-apac-ch/pf100_k100_a040,2035,row,row,1.8328653786665693e-08,78.99999999917506,175.87270103165332,207.20606052566248,207.20606052566248,207.20606052566248,0.0,-31.33335949400916,2.320082757830011e-10,False,0.0
eu-us-af-row-apac-ch/pf100_k100_a040,2040,ch,ch,315.9999999176909,315.9999999940387,86.65125730273166,86.33525719941149,86.33525719941149,86.33525719941149,0.0,0.316000103320178,0.9999999997583929,True,0.0
eu-us-af-row-apac-ch/pf100_k100_a040,2040,ch,eu,2.36821107250862e-07,98.99999999618515,291.4541994175297,284.1228948266982,300.2408948266982,86.33525719941149,16.118,189.0009422181182,2.3921323965655317e-09,False,197.7876376272867
eu-us-af-row-apac-ch/pf100_k100_a040,2040,ch,us,0.9573887156517384,74.99999999174968,250.33853290311856,239.20458015478346,250.33758015478347,86.33525719941149,11.133,152.87027570370705,0.012765182876760739,True,152.86932295537196
eu-us-af-row-apac-ch/pf100_k100_a040,2040,ch,apac,1.1883445395658621e-07,125.99999999406562,99.4115457834777,106.6946929133226,120.47511449220427,86.33525719941149,13.78042157888167,-0.7041329948154509,9.431305870014533e-10,False,20.35943571391111
eu-us-af-row-apac-ch/pf100_k100_a040,2040,ch,af,27.9999996909712,27.999999997097447,248.62505374334464,238.0970537414563,248.5970537414563,86.33525719941149,10.5,151.78979654393316,0.9999999890669198,True,151.7617965420448
eu-us-af-row-apac-ch/pf100_k100_a040,2040,ch,row,1.2185535869946017e-07,88.99999999636321,261.57757770847445,269.17514403500195,283.7715963446078,86.33525719941149,14.59645230960589,160.64586819945706,1.3691613337577473e-09,False,182.83988683559045
eu-us-af-row-apac-ch/pf100_k100_a040,2040,eu,ch,1.1786911654960164e-08,315.9999999940387,86.65125730273166,158.50315693970612,174.6211569397061,158.50199826333673,16.118,-87.96874096060506,3.73003533391852e-11,False,0.0011586763693856028
eu-us-af-row-apac-ch/pf100_k100_a040,2040,eu,eu,58.921979679598074,98.99999999618515,291.4541994175297,158.50199826333673,158.50199826333673,158.50199826333673,0.0,132.95220115419298,0.5951715119380663,True,0.0
eu-us-af-row-apac-ch/pf100_k100_a040,2040,eu,us,2.9082889015783702e-08,74.99999999174968,250.33853290311856,186.73228192442372,205.4922819244237,158.50199826333673,18.76,73.07653463978183,3.8777185358643926e-10,False,28.230283661086986
eu-us-af-row-apac-ch/pf100_k100_a040,2040,eu,apac,1.2272296787321891e-08,125.99999999406562,99.4115457834777,158.5020163570071,176.6356565602222,158.50199826333673,18.13364020321509,-77.22409268307412,9.739918085634837e-11,False,1.809367037708398e-05
eu-us-af-row-apac-ch/pf100_k100_a040,2040,eu,af,4.5937791494005034e-08,27.999999997097447,248.62505374334464,160.593859311423,170.393859311423,158.50199826333673,9.8,80.32305548000791,1.6406354106702523e-09,False,2.0918610480862583
eu-us-af-row-apac-ch/pf100_k100_a040,2040,eu,row,6.785790494207959e-08,88.99999999636321,261.57757770847445,158.54401472014982,166.9803028858125,158.50199826333673,8.436288165662685,94.63929127947503,7.624483701668815e-10,False,0.04201645681308719
eu-us-af-row-apac-ch/pf100_k100_a040,2040,us,ch,1.3542111651827425e-08,315.9999999940387,86.65125730273166,172.55774026690756,197.28874026690755,170.1546096644843,24.731,-108.23435236175263,4.285478370912308e-11,False,2.4031306024232606
eu-us-af-row-apac-ch/pf100_k100_a040,2040,us,eu,28.86607308971739,98.99999999618515,291.4541994175297,201.9184527592384,211.31545275923838,170.1546096644843,9.397,111.9025897530454,0.29157649586696677,True,31.763843094754094
eu-us-af-row-apac-ch/pf100_k100_a040,2040,us,us,74.0426111093356,74.99999999174968,250.33853290311856,170.1546096644843,170.1546096644843,170.1546096644843,0.0,80.18392323863426,0.9872348148997414,True,0.0
eu-us-af-row-apac-ch/pf100_k100_a040,2040,us,apac,1.5374293364991046e-08,125.99999999406562,99.4115457834777,171.48927608984974,186.22693224517343,170.1546096644843,14.73765615532369,-85.48072003633028,1.220182013151996e-10,False,1.334666425365441
eu-us-af-row-apac-ch/pf100_k100_a040,2040,us,af,1.0393435976555521e-07,27.999999997097447,248.62505374334464,178.70997456739542,192.9099745673954,170.1546096644843,14.2,64.27044407886034,3.7119414205831897e-09,False,8.555364902911123
eu-us-af-row-apac-ch/pf100_k100_a040,2040,us,row,5.528027451356045e-08,88.99999999636321,261.57757770847445,213.72058185190173,228.17040681779073,170.1546096644843,14.449824965889,76.97314307810115,6.211266799530264e-10,False,43.56597218741743
eu-us-af-row-apac-ch/pf100_k100_a040,2040,apac,ch,2.5470170466142825e-08,315.9999999940387,86.65125730273166,174.64464329947327,187.87753624975852,99.28554577932321,13.23289295028525,-25.867181426876797,8.060180527412441e-11,False,75.35909752015006
eu-us-af-row-apac-ch/pf100_k100_a040,2040,apac,eu,2.1197080973884707e-06,98.99999999618515,291.4541994175297,275.42864756372614,291.7358210763586,99.28554577932321,16.30717351263244,175.86148012557405,2.1411192903738902e-08,False,176.14310178440292
eu-us-af-row-apac-ch/pf100_k100_a040,2040,apac,us,1.544927303201855e-08,74.99999999174968,250.33853290311856,401.81877073521173,415.5288515420577,99.28554577932321,13.71008080684597,137.34290631694935,2.059903071162405e-10,False,302.5332249558885
eu-us-af-row-apac-ch/pf100_k100_a040,2040,apac,apac,125.9999998208323,125.99999999406562,99.4115457834777,99.28554577932321,99.28554577932321,99.28554577932321,0.0,0.1260000041544913,0.9999999986251324,True,0.0
eu-us-af-row-apac-ch/pf100_k100_a040,2040,apac,af,5.038914111647179e-08,27.999999997097447,248.62505374334464,284.0963355908622,297.26895172778154,99.28554577932321,13.17261613691931,136.16689182710212,1.7996121829176879e-09,False,184.810789811539
eu-us-af-row-apac-ch/pf100_k100_a040,2040,apac,row,4.943508248391733e-08,88.99999999636321,261.57757770847445,294.0978652507617,312.98027996731963,99.28554577932321,18.88241471655794,143.40961721259328,5.554503650105324e-10,False,194.81231947143846
eu-us-af-row-apac-ch/pf100_k100_a040,2040,af,ch,1.1803633634460258e-08,315.9999999940387,86.65125730273166,95.8323172679236,100.3323172679236,95.83213549134676,4.5,-13.680878188615097,3.7353270995832063e-11,False,0.00018177657683793313
eu-us-af-row-apac-ch/pf100_k100_a040,2040,af,eu,10.87363646696049,98.99999999618515,291.4541994175297,95.84672394088778,102.04672394088779,95.83213549134676,6.2,189.42206392618294,0.10983471179171204,True,0.014588449541022896
eu-us-af-row-apac-ch/pf100_k100_a040,2040,af,us,5.54262337409098e-08,74.99999999174968,250.33853290311856,95.83170939231948,104.33170939231948,95.83213549134676,8.5,146.0063974117718,7.390164499600924e-10,False,-0.00042609902727974713
eu-us-af-row-apac-ch/pf100_k100_a040,2040,af,apac,1.2567936501595335e-08,125.99999999406562,99.4115457834777,95.83154020421068,102.85611233135005,95.83213549134676,7.024572127139364,-3.4451618350084194,9.974552779513701e-11,False,-0.0005952871360790368
eu-us-af-row-apac-ch/pf100_k100_a040,2040,af,af,7.297412787269954e-08,27.999999997097447,248.62505374334464,95.83213549134676,95.83213549134676,95.83213549134676,0.0,152.7929182519979,2.6062188528665797e-09,False,0.0
eu-us-af-row-apac-ch/pf100_k100_a040,2040,af,row,8.343594420622463e-08,88.99999999636321,261.57757770847445,95.83131091994413,103.33131091994413,95.83213549134676,7.5,158.24544221712767,9.374825192093713e-10,False,-0.0008245714026315909
eu-us-af-row-apac-ch/pf100_k100_a040,2040,row,ch,1.3745031327193616e-08,315.9999999940387,86.65125730273166,187.19302688205016,201.31542278648703,187.17271895170572,14.12239590443686,-114.64385755341091,4.349693458054719e-11,False,0.020307930344444003
eu-us-af-row-apac-ch/pf100_k100_a040,2040,row,eu,0.3383084033799986,98.99999999618515,291.4541994175297,209.0143667834647,217.13800842168996,187.17271895170572,8.123641638225255,96.15783882759874,0.003417256599929646,True,21.84164783175899
eu-us-af-row-apac-ch/pf100_k100_a040,2040,row,us,6.680389793460486e-08,74.99999999174968,250.33853290311856,202.4882344315186,216.27567811752544,187.17271895170572,13.78744368600683,49.37837026540601,8.907186392260477e-10,False,15.315515479812888
eu-us-af-row-apac-ch/pf100_k100_a040,2040,row,apac,1.4184342145149875e-08,125.99999999406562,99.4115457834777,187.16798281140495,206.9206971320595,187.17271895170572,19.75271432065455,-107.51388748888256,1.1257414401442804e-10,False,-0.004736140300764191
eu-us-af-row-apac-ch/pf100_k100_a040,2040,row,af,3.2890821794059784e-08,27.999999997097447,248.62505374334464,239.17016027666966,251.67016027666966,187.17271895170572,12.5,48.95233479163892,1.174672207052476e-09,False,51.997441324963944
eu-us-af-row-apac-ch/pf100_k100_a040,2040,row,row,88.99999961849866,88.99999999636321,261.57757770847445,187.17271895170572,187.17271895170572,187.17271895170572,0.0,74.40485875676873,0.9999999957543309,True,0.0
eu-us-af-row-apac-ch/pf120_k050_a030,2025,ch,ch,323.9999999935746,323.99999999914314,163.3239999998162,163.0,163.0,163.0,0.0,0.3239999998162091,0.9999999999828131,True,0.0
eu-us-af-row-apac-ch/pf120_k050_a030,2025,ch,eu,37.99999955767455,74.99999999952082,349.8737233789412,333.7177233810059,349.8357233810059,163.0,16.118,170.75572337894118,0.5066666607722311,True,170.7177233810059
eu-us-af-row-apac-ch/pf120_k050_a030,2025,ch,us,44.99998388918507,44.9999999987666,321.1478195070201,309.96981950823294,321.1028195082329,163.0,11.133,147.01481950702006,0.9999996420092994,True,146.96981950823294
eu-us-af-row-apac-ch/pf120_k050_a030,2025,ch,apac,1.141303368464086e-08,49.99999999879004,294.1991591007443,300.8998222328716,314.68024381175326,163.0,13.78042157888167,117.41873752186261,2.2826067369834091e-10,False,137.8998222328716
eu-us-af-row-apac-ch/pf120_k050_a030,2025,ch,af,1.1245853067436464e-07,9.999999999585796,446.1124022952883,440.0901689240417,450.5901689240417,163.0,10.5,272.6124022952883,1.1245853067902272e-08,False,277.0901689240417
eu-us-af-row-apac-ch/pf120_k050_a030,2025,ch,row,1.992648743580825e-08,44.999999999514415,352.34526034463306,349.56230958236745,364.1587618919733,163.0,14.59645230960589,174.74880803502717,4.4281083191162827e-10,False,186.56230958236745
eu-us-af-row-apac-ch/pf120_k050_a030,2025,eu,ch,1.1247977217430735e-09,323.99999999914314,163.3239999998162,359.10255919059114,375.22055919059113,299.25,16.118,-152.0440000001838,3.4715979066236054e-12,False,59.85255919059114
eu-us-af-row-apac-ch/pf120_k050_a030,2025,eu,eu,21.999999985435892,74.99999999952082,349.8737233789412,299.25,299.25,299.25,0.0,50.62372337894118,0.29333333314101934,True,0.0
eu-us-af-row-apac-ch/pf120_k050_a030,2025,eu,us,2.296823861770352e-09,44.9999999987666,321.1478195070201,359.1112159530645,377.8712159530645,299.25,18.76,3.1378195070200725,5.1040530262962346e-11,False,59.861215953064516
eu-us-af-row-apac-ch/pf120_k050_a030,2025,eu,apac,1.922601101493821e-09,49.99999999879004,294.1991591007443,359.1042373140427,377.23787751725774,299.25,18.13364020321509,-23.18448110247081,3.845202203080693e-11,False,59.85423731404268
eu-us-af-row-apac-ch/pf120_k050_a030,2025,eu,af,2.1918524377046484e-09,9.999999999585796,446.1124022952883,491.8664174410342,501.6664174410342,299.25,9.8,137.06240229528828,2.1918524377954359e-10,False,192.61641744103417
eu-us-af-row-apac-ch/pf120_k050_a030,2025,eu,row,3.161276411756954e-09,44.999999999514415,352.34526034463306,359.1098984769538,367.5461866426165,299.25,8.436288165662685,44.65897217897037,7.025058692869037e-11,False,59.85989847695379
eu-us-af-row-apac-ch/pf120_k050_a030,2025,us,ch,1.232623395319781e-09,323.99999999914314,163.3239999998162,385.4999151616969,410.2309151616969,321.25,24.731,-182.65700000018379,3.804393195441484e-12,False,64.24991516169689
eu-us-af-row-apac-ch/pf120_k050_a030,2025,us,eu,5.596127815847326e-09,74.99999999952082,349.8737233789412,385.5002188409645,394.8972188409645,321.25,9.397,19.22672337894118,7.461503754510773e-11,False,64.25021884096452
eu-us-af-row-apac-ch/pf120_k050_a030,2025,us,us,1.6097843976482907e-05,44.9999999987666,321.1478195070201,321.25,321.25,321.25,0.0,-0.10218049297992593,3.577298661538696e-07,False,0.0
eu-us-af-row-apac-ch/pf120_k050_a030,2025,us,apac,2.5564637546776783e-09,49.99999999879004,294.1991591007443,385.4998804000096,400.2375365553333,321.25,14.73765615532369,-41.78849705457941,5.1129275094790856e-11,False,64.2498804000096
eu-us-af-row-apac-ch/pf120_k050_a030,2025,us,af,3.144626687834114e-08,9.999999999585796,446.1124022952883,447.7778531975363,461.97785319753626,321.25,14.2,110.66240229528829,3.1446266879643657e-09,False,126.52785319753627
eu-us-af-row-apac-ch/pf120_k050_a030,2025,us,row,5.173423504767505e-09,44.999999999514415,352.34526034463306,385.5000875054955,399.9499124713845,321.25,14.449824965889,16.64543537874406,1.1496496677385178e-10,False,64.25008750549551
eu-us-af-row-apac-ch/pf120_k050_a030,2025,apac,ch,1.6509358538708204e-09,323.99999999914314,163.3239999998162,229.80326355713171,243.03615650741696,187.45,13.23289295028525,-37.35889295046903,5.095481030478971e-12,False,42.353263557131726
eu-us-af-row-apac-ch/pf120_k050_a030,2025,apac,eu,15.000000446733726,74.99999999952082,349.8737233789412,226.85239080437975,243.15956431701218,187.45,16.30717351263244,146.11654986630876,0.2000000059577275,True,39.40239080437976
eu-us-af-row-apac-ch/pf120_k050_a030,2025,apac,us,6.317149841534913e-09,44.9999999987666,321.1478195070201,249.03451010744962,262.7445909142956,187.45,13.71008080684597,119.98773870017412,1.4038110759351244e-10,False,61.58451010744963
eu-us-af-row-apac-ch/pf120_k050_a030,2025,apac,apac,49.99999998045249,49.99999999879004,294.1991591007443,187.45,187.45,187.45,0.0,106.7491591007443,0.9999999996332491,True,0.0
eu-us-af-row-apac-ch/pf120_k050_a030,2025,apac,af,1.2675050755871332e-09,9.999999999585796,446.1124022952883,528.9333145794711,542.1059307163904,187.45,13.17261613691931,245.489786158369,1.2675050756396338e-10,False,341.48331457947114
eu-us-af-row-apac-ch/pf120_k050_a030,2025,apac,row,44.999999559877885,44.999999999514415,352.34526034463306,226.71868652374488,245.60110124030282,187.45,18.88241471655794,146.01284562807513,0.9999999902302993,True,39.26868652374489
eu-us-af-row-apac-ch/pf120_k050_a030,2025,af,ch,5.049353166526834e-10,323.99999999914314,163.3239999998162,217.11600934184978,221.61600934184978,180.93,4.5,-22.106000000183798,1.5584423353519098e-12,False,36.18600934184977
eu-us-af-row-apac-ch/pf120_k050_a030,2025,af,eu,7.075045827666299e-10,74.99999999952082,349.8737233789412,217.11601916797667,223.31601916797666,180.93,6.2,162.74372337894118,9.433394436948668e-12,False,36.18601916797667
eu-us-af-row-apac-ch/pf120_k050_a030,2025,af,us,4.668609943176115e-10,44.9999999987666,321.1478195070201,217.11602793546552,225.61602793546552,180.93,8.5,131.71781950702007,1.0374688762897949e-11,False,36.18602793546552
eu-us-af-row-apac-ch/pf120_k050_a030,2025,af,apac,4.4637509096748224e-10,49.99999999879004,294.1991591007443,217.1160181678291,224.14059029496846,180.93,7.024572127139364,106.24458697360491,8.927501819565683e-12,False,36.186018167829104
eu-us-af-row-apac-ch/pf120_k050_a030,2025,af,af,3.3999999965068985,9.999999999585796,446.1124022952883,180.93,180.93,180.93,0.0,265.1824022952883,0.3399999996647728,True,0.0
eu-us-af-row-apac-ch/pf120_k050_a030,2025,af,row,7.430092704069118e-10,44.999999999514415,352.34526034463306,217.1160344387174,224.6160344387174,180.93,7.5,163.91526034463305,1.6511317120331764e-11,False,36.1860344387174
eu-us-af-row-apac-ch/pf120_k050_a030,2025,row,ch,1.055257241184484e-09,323.99999999914314,163.3239999998162,424.0992997111111,438.22169561554796,353.38,14.12239590443686,-204.17839590462066,3.256966793787885e-12,False,70.71929971111109
eu-us-af-row-apac-ch/pf120_k050_a030,2025,row,eu,3.3730481983155864e-09,74.99999999952082,349.8737233789412,424.0641547355874,432.18779637381266,353.38,8.123641638225255,-11.629918259284072,4.497397597782849e-11,False,70.68415473558741
eu-us-af-row-apac-ch/pf120_k050_a030,2025,row,us,2.6567206713663347e-09,44.9999999987666,321.1478195070201,424.0502125037633,437.83765618977014,353.38,13.78744368600683,-46.01962417898675,5.903823714309228e-11,False,70.67021250376331
eu-us-af-row-apac-ch/pf120_k050_a030,2025,row,apac,1.9990583347817398e-09,49.99999999879004,294.1991591007443,424.05252274883975,443.8052370694943,353.38,19.75271432065455,-78.93355521991026,3.998116669660231e-11,False,70.67252274883975
eu-us-af-row-apac-ch/pf120_k050_a030,2025,row,af,6.599999855714742,9.999999999585796,446.1124022952883,433.6058023210474,446.1058023210474,353.38,12.5,80.2324022952883,0.6599999855988117,True,80.22580232104741
eu-us-af-row-apac-ch/pf120_k050_a030,2025,row,row,4.1063232702407245e-07,44.999999999514415,352.34526034463306,353.38,353.38,353.38,0.0,-1.0347396553669341,9.125162822855634e-09,False,0.0
eu-us-af-row-apac-ch/pf120_k050_a030,2030,ch,ch,349.99999998769147,349.99999999913626,107.79092379176487,107.44092378697313,107.44092378697313,107.44092378697313,0.0,0.3500000047917382,0.9999999999673006,True,0.0
eu-us-af-row-apac-ch/pf120_k050_a030,2030,ch,eu,4.677601393149249e-09,89.99999999953238,197.2798728097594,265.3113372815772,281.4293372815772,107.44092378697313,16.118,73.72094902278629,5.197334881303948e-11,False,157.87041349460407
eu-us-af-row-apac-ch/pf120_k050_a030,2030,ch,us,4.4039934876444814e-09,64.99999999885986,242.51906354137367,312.85907105991106,323.99207105991104,107.44092378697313,11.133,123.94513975440053,6.77537459649497e-11,False,205.41814727293792
eu-us-af-row-apac-ch/pf120_k050_a030,2030,ch,apac,4.656308238223691e-09,84.99999999904422,153.52410365381095,228.09882699003737,241.87924856891902,107.44092378697313,13.78042157888167,32.30275828795615,5.47800969208947e-11,False,120.65790320306424
eu-us-af-row-apac-ch/pf120_k050_a030,2030,ch,af,2.196223044976856e-09,13.99999999957894,283.4940944076927,440.1764790503879,450.6764790503879,107.44092378697313,10.5,165.55317062071958,1.5687307464592205e-10,False,332.73555526341477
eu-us-af-row-apac-ch/pf120_k050_a030,2030,ch,row,8.739595038657043e-09,69.99999999949897,252.08013398422443,282.74988364272696,297.3463359523328,107.44092378697313,14.59645230960589,130.04275788764542,1.2485135769599425e-10,False,175.3089598557538
eu-us-af-row-apac-ch/pf120_k050_a030,2030,eu,ch,2.310299514453061e-09,349.99999999913626,107.79092379176487,236.95705434259432,253.0750543425943,197.24967143099207,16.118,-105.5767476392272,6.600855755596464e-12,False,39.70738291160225
eu-us-af-row-apac-ch/pf120_k050_a030,2030,eu,eu,30.200528405544627,89.99999999953238,197.2798728097594,197.24967143099207,197.24967143099207,197.24967143099207,0.0,0.030201378767344522,0.33556142673001715,True,0.0
eu-us-af-row-apac-ch/pf120_k050_a030,2030,eu,us,2.494076363198348e-08,64.99999999885986,242.51906354137367,237.37928454155144,256.13928454155143,197.24967143099207,18.76,26.5093921103816,3.837040558833993e-10,False,40.129613110559376
eu-us-af-row-apac-ch/pf120_k050_a030,2030,eu,apac,3.486124358299116e-09,84.99999999904422,153.52410365381095,237.11410919270315,255.24774939591825,197.24967143099207,18.13364020321509,-61.85920798039621,4.101322774515666e-11,False,39.86443776171109
eu-us-af-row-apac-ch/pf120_k050_a030,2030,eu,af,1.008918629525395e-09,13.99999999957894,283.4940944076927,625.4478292240678,635.2478292240678,197.24967143099207,9.8,76.44442297670066,7.20656163968385e-11,False,428.1981577930758
eu-us-af-row-apac-ch/pf120_k050_a030,2030,eu,row,1.9320414393673067,69.99999999949897,252.08013398422443,243.6419130909474,252.0782012566101,197.24967143099207,8.436288165662685,46.39417438756968,0.02760059199115908,True,46.392241659955346
eu-us-af-row-apac-ch/pf120_k050_a030,2030,us,ch,1.6996355630022237e-09,349.99999999913626,107.79092379176487,254.101114273802,278.832114273802,211.75090040837495,24.731,-128.69097661661007,4.856101608589766e-12,False,42.350213865427065
eu-us-af-row-apac-ch/pf120_k050_a030,2030,us,eu,3.7132675805266087e-09,89.99999999953238,197.2798728097594,254.10108013719116,263.49808013719115,211.75090040837495,9.397,-23.868027598615534,4.1258528672732245e-11,False,42.350179728816215
eu-us-af-row-apac-ch/pf120_k050_a030,2030,us,us,56.658450970036085,64.99999999885986,242.51906354137367,211.75090040837495,211.75090040837495,211.75090040837495,0.0,30.768163132998723,0.8716684764773832,True,0.0
eu-us-af-row-apac-ch/pf120_k050_a030,2030,us,apac,2.4601988524678697e-09,84.99999999904422,153.52410365381095,254.10109779174041,268.8387539470641,211.75090040837495,14.73765615532369,-72.96445290988768,2.8943515911712156e-11,False,42.35019738336547
eu-us-af-row-apac-ch/pf120_k050_a030,2030,us,af,8.838338982861233e-09,13.99999999957894,283.4940944076927,278.6769542940366,292.8769542940366,211.75090040837495,14.2,57.54319399931778,6.31309927366218e-10,False,66.92605388566164
eu-us-af-row-apac-ch/pf120_k050_a030,2030,us,row,7.264913334302511e-09,69.99999999949897,252.08013398422443,254.10112228516522,268.5509472510542,211.75090040837495,14.449824965889,25.879408609960485,1.0378447620506443e-10,False,42.35022187679027
eu-us-af-row-apac-ch/pf120_k050_a030,2030,apac,ch,4.085170065094527e-09,349.99999999913626,107.79092379176487,141.65647324189828,154.88936619218353,123.55706235501908,13.23289295028525,-28.999031513539464,1.1671914471727453e-11,False,18.0994108868792
eu-us-af-row-apac-ch/pf120_k050_a030,2030,apac,eu,59.79947157924682,89.99999999953238,197.2798728097594,151.03085852849694,167.33803204112937,123.55706235501908,16.30717351263244,57.41563694210789,0.6644385731061947,True,27.47379617347785
eu-us-af-row-apac-ch/pf120_k050_a030,2030,apac,us,8.341548990454816,64.99999999885986,242.51906354137367,198.91859992470566,212.62868073155164,123.55706235501908,13.71008080684597,105.25192037950862,0.1283315229323251,True,75.36153756968658
eu-us-af-row-apac-ch/pf120_k050_a030,2030,apac,apac,84.99999998407799,84.99999999904422,153.52410365381095,123.55706235501908,123.55706235501908,123.55706235501908,0.0,29.96704129879187,0.9999999998239266,True,0.0
eu-us-af-row-apac-ch/pf120_k050_a030,2030,apac,af,8.172060122830244,13.99999999957894,283.4940944076927,240.43126495162284,253.60388108854215,123.55706235501908,13.17261613691931,146.76441591575434,0.583718580219716,True,116.87420259660375
eu-us-af-row-apac-ch/pf120_k050_a030,2030,apac,row,3.011037011244397e-08,69.99999999949897,252.08013398422443,213.80817315447985,232.6905878710378,123.55706235501908,18.88241471655794,109.64065691264739,4.301481444665641e-10,False,90.25111079946076
eu-us-af-row-apac-ch/pf120_k050_a030,2030,af,ch,1.663337545120067e-09,349.99999999913626,107.79092379176487,143.1113232660298,147.6113232660298,119.25942540354018,4.5,-15.96850161177531,4.7523929860690626e-12,False,23.851897862489636
eu-us-af-row-apac-ch/pf120_k050_a030,2030,af,eu,2.9715085350394354e-09,89.99999999953238,197.2798728097594,143.1113239949915,149.31132399499148,119.25942540354018,6.2,71.82044740621923,3.301676150060972e-11,False,23.851898591451317
eu-us-af-row-apac-ch/pf120_k050_a030,2030,af,us,4.574739571672378e-09,64.99999999885986,242.51906354137367,143.11134213586504,151.61134213586504,119.25942540354018,8.5,114.75963813783349,7.038060879619418e-11,False,23.851916732324867
eu-us-af-row-apac-ch/pf120_k050_a030,2030,af,apac,2.172489873141779e-09,84.99999999904422,153.52410365381095,143.1113247582557,150.13589688539506,119.25942540354018,7.024572127139364,27.24010612313141,2.5558704390190677e-11,False,23.851899354715528
eu-us-af-row-apac-ch/pf120_k050_a030,2030,af,af,5.827939859746574,13.99999999957894,283.4940944076927,119.25942540354018,119.25942540354018,119.25942540354018,0.0,164.23466900415255,0.4162814185658467,True,0.0
eu-us-af-row-apac-ch/pf120_k050_a030,2030,af,row,5.363509377082211e-09,69.99999999949897,252.08013398422443,143.11132326358023,150.61132326358023,119.25942540354018,7.5,125.32070858068425,7.66215625302943e-11,False,23.851897860040054
eu-us-af-row-apac-ch/pf120_k050_a030,2030,row,ch,1.686368622919802e-09,349.99999999913626,107.79092379176487,280.01259041702747,294.13498632146434,232.92928618307093,14.12239590443686,-139.26075829574293,4.818196065497039e-12,False,47.08330423395654
eu-us-af-row-apac-ch/pf120_k050_a030,2030,row,eu,3.3785421866805302e-09,89.99999999953238,197.2798728097594,278.2400513176704,286.36369295589566,232.92928618307093,8.123641638225255,-43.77305501153677,3.7539357629978716e-11,False,45.31076513459948
eu-us-af-row-apac-ch/pf120_k050_a030,2030,row,us,4.449463682238444e-09,64.99999999885986,242.51906354137367,289.9694980067217,303.75694169272856,232.92928618307093,13.78744368600683,-4.1976663277040895,6.84532874202537e-11,False,57.04021182365079
eu-us-af-row-apac-ch/pf120_k050_a030,2030,row,apac,2.1910969907377604e-09,84.99999999904422,153.52410365381095,279.90057986512335,299.6532941857779,232.92928618307093,19.75271432065455,-99.15789684991452,2.5777611656028214e-11,False,46.97129368205242
eu-us-af-row-apac-ch/pf120_k050_a030,2030,row,af,4.958640810930187e-09,13.99999999957894,283.4940944076927,323.4671351885455,335.9671351885455,232.92928618307093,12.5,38.0648082246218,3.541886293628087e-10,False,90.53784900547458
eu-us-af-row-apac-ch/pf120_k050_a030,2030,row,row,68.06795850865328,69.99999999949897,252.08013398422443,232.92928618307093,232.92928618307093,232.92928618307093,0.0,19.150847801153503,0.9723994072734354,True,0.0
eu-us-af-row-apac-ch/pf120_k050_a030,2035,ch,ch,332.9999998451872,332.99999998887944,95.90883308365366,95.57583300040461,95.57583300040461,95.57583300040461,0.0,0.33300008324904695,0.9999999995684917,True,0.0
eu-us-af-row-apac-ch/pf120_k050_a030,2035,ch,eu,28.91753061361373,94.99999999375235,211.7169282004851,195.57001078495662,211.68801078495662,95.57583300040461,16.118,100.0230952000805,0.3043950591106893,True,99.99417778455201
eu-us-af-row-apac-ch/pf120_k050_a030,2035,ch,us,2.5306361704508813,69.99999998432426,261.9636245520134,250.82809846844629,261.96109846844627,95.57583300040461,11.133,155.2547915516088,0.03615194530025128,True,155.25226546804168
eu-us-af-row-apac-ch/pf120_k050_a030,2035,ch,apac,1.359837550465589e-07,102.99999998708545,169.16345772369715,189.73508976969725,203.5155113485789,95.57583300040461,13.78042157888167,59.80720314441086,1.3202306316855253e-09,False,94.15925676929264
eu-us-af-row-apac-ch/pf120_k050_a030,2035,ch,af,2.2822710564347185e-07,19.99999999462347,258.00947421280307,268.3514741799756,278.8514741799756,95.57583300040461,10.5,151.93364121239847,1.1411355285241268e-08,False,172.77564117957098
eu-us-af-row-apac-ch/pf120_k050_a030,2035,ch,row,2.958377467425648e-07,78.9999999938208,205.61138993482263,206.87781175739622,221.4742640670021,95.57583300040461,14.59645230960589,95.43910462481212,3.744781604629172e-09,False,111.3019787569916
eu-us-af-row-apac-ch/pf120_k050_a030,2035,eu,ch,2.8069700037097372e-08,332.99999998887944,95.90883308365366,210.56012733497766,226.67812733497766,175.4666750022766,16.118,-95.67584191862292,8.42933935076119e-11,False,35.09345233270108
eu-us-af-row-apac-ch/pf120_k050_a030,2035,eu,eu,45.20595002497189,94.99999999375235,211.7169282004851,175.4666750022766,175.4666750022766,175.4666750022766,0.0,36.250253198208526,0.47585210555731416,True,0.0
eu-us-af-row-apac-ch/pf120_k050_a030,2035,eu,us,1.2565351391905196e-06,69.99999998432426,261.9636245520134,210.5601899913854,229.3201899913854,175.4666750022766,18.76,67.73694954973682,1.7950501992455815e-08,False,35.093514989108826
eu-us-af-row-apac-ch/pf120_k050_a030,2035,eu,apac,4.897737121106801e-08,102.99999998708545,169.16345772369715,210.5600453054836,228.6936855086987,175.4666750022766,18.13364020321509,-24.43685748179453,4.755084584195048e-10,False,35.093370303207024
eu-us-af-row-apac-ch/pf120_k050_a030,2035,eu,af,8.000705660228612e-07,19.99999999462347,258.00947421280307,217.5237922881707,227.32379228817072,175.4666750022766,9.8,72.74279921052648,4.000352831189707e-08,False,42.05711728589412
eu-us-af-row-apac-ch/pf120_k050_a030,2035,eu,row,9.477412993356768e-08,78.9999999938208,205.61138993482263,210.5601876690357,218.9964758346984,175.4666750022766,8.436288165662685,21.708426766883353,1.19967253089849e-09,False,35.093512666759125
eu-us-af-row-apac-ch/pf120_k050_a030,2035,us,ch,2.0503990591581495e-08,332.99999998887944,95.90883308365366,225.83954249310582,250.57054249310582,188.3664806833128,24.731,-117.18864759965913,6.15735453221208e-11,False,37.47306180979302
eu-us-af-row-apac-ch/pf120_k050_a030,2035,us,eu,4.835218244976165e-08,94.99999999375235,211.7169282004851,225.83305418579454,235.23005418579453,188.3664806833128,9.397,13.953447517172313,5.089703416099107e-10,False,37.46657350248174
eu-us-af-row-apac-ch/pf120_k050_a030,2035,us,us,67.46933138483081,69.99999998432426,261.9636245520134,188.3664806833128,188.3664806833128,188.3664806833128,0.0,73.59714386870061,0.9638475914277119,True,0.0
eu-us-af-row-apac-ch/pf120_k050_a030,2035,us,apac,3.226168315519498e-08,102.99999998708545,169.16345772369715,225.97371447409756,240.71137062942125,188.3664806833128,14.73765615532369,-33.94067911493934,3.132202248469911e-10,False,37.60723379078476
eu-us-af-row-apac-ch/pf120_k050_a030,2035,us,af,7.583528929612548e-08,19.99999999462347,258.00947421280307,233.79270908807462,247.9927090880746,188.3664806833128,14.2,55.442993529490266,3.791764465825601e-09,False,45.426228404761815
eu-us-af-row-apac-ch/pf120_k050_a030,2035,us,row,4.3412032693461694e-08,78.9999999938208,205.61138993482263,225.81283227175237,240.26265723764138,188.3664806833128,14.449824965889,2.795084285620824,5.495194012260416e-10,False,37.44635158843957
eu-us-af-row-apac-ch/pf120_k050_a030,2035,apac,ch,4.2148012533966326e-08,332.99999998887944,95.90883308365366,135.9573951426881,149.19028809297336,109.9122079504653,13.23289295028525,-27.236267817096888,1.265706082143359e-10,False,26.045187192222812
eu-us-af-row-apac-ch/pf120_k050_a030,2035,apac,eu,20.87651914273365,94.99999999375235,211.7169282004851,136.2406285224969,152.54780203512934,109.9122079504653,16.30717351263244,85.49754673738738,0.2197528330958588,True,26.328420572031604
eu-us-af-row-apac-ch/pf120_k050_a030,2035,apac,us,2.7349875794348276e-05,69.99999998432426,261.9636245520134,189.1469927687475,202.8570735755935,109.9122079504653,13.71008080684597,138.34133579470213,3.9071251143532833e-07,False,79.23478481828221
eu-us-af-row-apac-ch/pf120_k050_a030,2035,apac,apac,102.9999996836178,102.99999998708545,169.16345772369715,109.9122079504653,109.9122079504653,109.9122079504653,0.0,59.25124977323185,0.9999999970537122,True,0.0
eu-us-af-row-apac-ch/pf120_k050_a030,2035,apac,af,11.744118439457646,19.99999999462347,258.00947421280307,185.67686458877398,198.8494807256933,109.9122079504653,13.17261613691931,134.92465012541845,0.5872059221307389,True,75.76465663830868
eu-us-af-row-apac-ch/pf120_k050_a030,2035,apac,row,78.99999682102383,78.9999999938208,205.61138993482263,127.50172545884931,146.38414017540725,109.9122079504653,18.88241471655794,76.81676726779938,0.999999959838013,True,17.589517508384006
eu-us-af-row-apac-ch/pf120_k050_a030,2035,af,ch,2.4911442187688978e-08,332.99999998887944,95.90883308365366,127.3070242308332,131.8070242308332,106.08917463044914,4.5,-14.680341546795475,7.480913570126396e-11,False,21.21784960038407
eu-us-af-row-apac-ch/pf120_k050_a030,2035,af,eu,6.031597940976324e-08,94.99999999375235,211.7169282004851,127.30710453957144,133.50710453957143,106.08917463044914,6.2,99.42775357003597,6.349050464603148e-10,False,21.217929909122304
eu-us-af-row-apac-ch/pf120_k050_a030,2035,af,us,1.6641577814423038e-07,69.99999998432426,261.9636245520134,127.30695778293781,135.80695778293781,106.08917463044914,8.5,147.3744499215643,2.3773682597356766e-09,False,21.21778315248868
eu-us-af-row-apac-ch/pf120_k050_a030,2035,af,apac,3.9160584392009014e-08,102.99999998708545,169.16345772369715,127.30703623314753,134.33160836028688,106.08917463044914,7.024572127139364,56.04971096610865,3.801998485137779e-10,False,21.21786160269839
eu-us-af-row-apac-ch/pf120_k050_a030,2035,af,af,8.255879137759877,19.99999999462347,258.00947421280307,106.08917463044914,106.08917463044914,106.08917463044914,0.0,151.92029958235395,0.4127939569989638,True,0.0
eu-us-af-row-apac-ch/pf120_k050_a030,2035,af,row,5.5283714238564555e-08,78.9999999938208,205.61138993482263,127.30703226964681,134.8070322696468,106.08917463044914,7.5,92.02221530437349,6.997938511758066e-10,False,21.217857639197675
eu-us-af-row-apac-ch/pf120_k050_a030,2035,row,ch,2.805918020333738e-08,332.99999998887944,95.90883308365366,248.64917191294253,262.7715678173794,207.20606052566248,14.12239590443686,-125.41962334644568,8.42618024152385e-11,False,41.443111387280055
eu-us-af-row-apac-ch/pf120_k050_a030,2035,row,eu,1.0376492930487955e-07,94.99999999375235,211.7169282004851,248.64655702111796,256.77019865934324,207.20606052566248,8.123641638225255,-3.6127739634026206,1.0922624138074066e-09,False,41.44049649545548
eu-us-af-row-apac-ch/pf120_k050_a030,2035,row,us,3.6562158494463076e-06,69.99999998432426,261.9636245520134,248.6418567123127,262.4293003983195,207.20606052566248,13.78744368600683,40.9701203403441,5.223165500378682e-08,False,41.43579618665021
eu-us-af-row-apac-ch/pf120_k050_a030,2035,row,apac,4.708425299496363e-08,102.99999998708545,169.16345772369715,248.64671547801964,268.3994297986742,207.20606052566248,19.75271432065455,-57.79531712261988,4.5712866991133247e-10,False,41.440654952357164
eu-us-af-row-apac-ch/pf120_k050_a030,2035,row,af,1.313272983539557e-06,19.99999999462347,258.00947421280307,248.6463525314201,261.1463525314201,207.20606052566248,12.5,38.30341368714059,6.566364919462998e-08,False,41.44029200575761
eu-us-af-row-apac-ch/pf120_k050_a030,2035,row,row,2.683489343776e-06,78.9999999938208,205.61138993482263,207.20606052566248,207.20606052566248,207.20606052566248,0.0,-1.5946705908398542,3.3968219544125274e-08,False,0.0
eu-us-af-row-apac-ch/pf120_k050_a030,2040,ch,ch,315.9999998605029,315.9999999907067,86.65125723885176,86.33525719941149,86.33525719941149,86.33525719941149,0.0,0.31600003944026867,0.9999999995879626,True,0.0
eu-us-af-row-apac-ch/pf120_k050_a030,2040,ch,eu,2.389958809795014e-07,98.99999999474088,211.35150151597756,196.80279957137037,212.92079957137037,86.33525719941149,16.118,108.89824431656608,2.4140998080019944e-09,False,110.46754237195888
eu-us-af-row-apac-ch/pf120_k050_a030,2040,ch,us,1.4449666295851505e-07,74.99999998998463,168.7670251898681,180.5342269640992,191.6672269640992,86.33525719941149,11.133,71.29876799045661,1.9266221730374784e-09,False,94.1989697646877
eu-us-af-row-apac-ch/pf120_k050_a030,2040,ch,apac,6.915523146146377e-08,125.9999999904246,121.00043440162689,160.3720323495189,174.15245392840055,86.33525719941149,13.78042157888167,20.88475562333373,5.488510433866605e-10,False,74.0367751501074
eu-us-af-row-apac-ch/pf120_k050_a030,2040,ch,af,1.0872519701301195e-07,27.999999995708933,213.82631388270352,235.1709646754457,245.6709646754457,86.33525719941149,10.5,116.99105668329203,3.883042751059798e-09,False,148.8357074760342
eu-us-af-row-apac-ch/pf120_k050_a030,2040,ch,row,16.66386771378863,88.9999999948177,201.35382365645,186.74070810371666,201.33716041332255,86.33525719941149,14.59645230960589,100.42211414743262,0.1872344687051566,True,100.40545090430517
eu-us-af-row-apac-ch/pf120_k050_a030,2040,eu,ch,2.3454804554195934e-08,315.9999999907067,86.65125723885176,190.16847779741087,206.28647779741087,158.50199826333673,16.118,-87.96874102448497,7.42240650471067e-11,False,31.666479534074142
eu-us-af-row-apac-ch/pf120_k050_a030,2040,eu,eu,57.43098501108414,98.99999999474088,211.35150151597756,158.50199826333673,158.50199826333673,158.50199826333673,0.0,52.84950325264083,0.5801109597387375,True,0.0
eu-us-af-row-apac-ch/pf120_k050_a030,2040,eu,us,4.161181884429219e-08,74.99999998998463,168.7670251898681,190.26474879710776,209.02474879710775,158.50199826333673,18.76,-8.494973073468639,5.548242513313194e-10,False,31.762750533771026
eu-us-af-row-apac-ch/pf120_k050_a030,2040,eu,apac,2.805632305171504e-08,125.9999999904246,121.00043440162689,190.13414596241086,208.26778616562595,158.50199826333673,18.13364020321509,-55.635204064924935,2.226692305860888e-10,False,31.632147699074125
eu-us-af-row-apac-ch/pf120_k050_a030,2040,eu,af,9.682915978708425e-08,27.999999995708933,213.82631388270352,190.2453967374054,200.0453967374054,158.50199826333673,9.8,45.52431561936679,3.458184278640127e-09,False,31.74339847406867
eu-us-af-row-apac-ch/pf120_k050_a030,2040,eu,row,7.833020140176267e-08,88.9999999948177,201.35382365645,190.24836853805647,198.68465670371916,158.50199826333673,8.436288165662685,34.415537227450585,8.801146225429628e-10,False,31.746370274719737
eu-us-af-row-apac-ch/pf120_k050_a030,2040,us,ch,2.7666214906707464e-08,315.9999999907067,86.65125723885176,204.1856639050196,228.9166639050196,170.1546096644843,24.731,-108.23435242563255,8.75513129984845e-11,False,34.0310542405353
eu-us-af-row-apac-ch/pf120_k050_a030,2040,us,eu,2.927007669827079e-07,98.99999999474088,211.35150151597756,204.15799203856548,213.55499203856547,170.1546096644843,9.397,31.799891851493264,2.956573404022797e-09,False,34.003382374081184
eu-us-af-row-apac-ch/pf120_k050_a030,2040,us,us,4.050113405962764e-08,74.99999998998463,168.7670251898681,170.1546096644843,170.1546096644843,170.1546096644843,0.0,-1.3875844746162045,5.40015120867148e-10,False,0.0
eu-us-af-row-apac-ch/pf120_k050_a030,2040,us,apac,3.848187405915615e-08,125.9999999904246,121.00043440162689,204.18516341874985,218.92281957407354,170.1546096644843,14.73765615532369,-63.8918314181811,3.054116989054015e-10,False,34.030553754265554
eu-us-af-row-apac-ch/pf120_k050_a030,2040,us,af,3.4840256145098284e-07,27.999999995708933,213.82631388270352,204.1821482498135,218.3821482498135,170.1546096644843,14.2,29.47170421821922,1.2442948625156299e-08,False,34.02753858532921
eu-us-af-row-apac-ch/pf120_k050_a030,2040,us,row,1.9971955121469999e-07,88.9999999948177,201.35382365645,204.18510764567773,218.63493261156674,170.1546096644843,14.449824965889,16.749389026076706,2.24403990141943e-09,False,34.030497981193434
eu-us-af-row-apac-ch/pf120_k050_a030,2040,apac,ch,2.8709871563824105e-08,315.9999999907067,86.65125723885176,194.18335195399482,207.41624490428006,99.28554577932321,13.23289295028525,-25.867181490756707,9.085402393882416e-11,False,94.8978061746716
eu-us-af-row-apac-ch/pf120_k050_a030,2040,apac,eu,41.5690142368759,98.99999999474088,211.35150151597756,173.41387043589347,189.7210439485259,99.28554577932321,16.30717351263244,95.7587822240219,0.4198890327180217,True,74.12832465657026
eu-us-af-row-apac-ch/pf120_k050_a030,2040,apac,us,74.99999966747859,74.99999998998463,168.7670251898681,133.39305578494938,147.10313659179536,99.28554577932321,13.71008080684597,55.77139860369891,0.9999999956999195,True,34.10751000562617
eu-us-af-row-apac-ch/pf120_k050_a030,2040,apac,apac,125.99999979450294,125.9999999904246,121.00043440162689,99.28554577932321,99.28554577932321,99.28554577932321,0.0,21.714888622303675,0.9999999984450663,True,0.0
eu-us-af-row-apac-ch/pf120_k050_a030,2040,apac,af,17.31618093055613,27.999999995708933,213.82631388270352,179.0474931670354,192.22010930395473,99.28554577932321,13.17261613691931,101.368151966461,0.6184350333289241,True,79.7619473877122
eu-us-af-row-apac-ch/pf120_k050_a030,2040,apac,row,4.354910452055081,88.9999999948177,201.35382365645,160.87816721468354,179.7605819312415,99.28554577932321,18.88241471655794,83.18586316056886,0.04893157811582763,True,61.59262143536033
eu-us-af-row-apac-ch/pf120_k050_a030,2040,af,ch,2.6300045103696154e-08,315.9999999907067,86.65125723885176,114.99862416994452,119.49862416994452,95.83213549134676,4.5,-13.680878252495006,8.322799083692916e-11,False,19.16648867859776
eu-us-af-row-apac-ch/pf120_k050_a030,2040,af,eu,1.1247119551582861e-07,98.99999999474088,211.35150151597756,114.99886388151833,121.19886388151834,95.83213549134676,6.2,109.3193660246308,1.1360726820384178e-09,False,19.16672839017157
eu-us-af-row-apac-ch/pf120_k050_a030,2040,af,us,5.042014312855409e-08,74.99999998998463,168.7670251898681,114.99859101603127,123.49859101603127,95.83213549134676,8.5,64.43488969852133,6.722685751371615e-10,False,19.16645552468451
eu-us-af-row-apac-ch/pf120_k050_a030,2040,af,apac,3.197376029778562e-08,125.9999999904246,121.00043440162689,114.99862192664295,122.02319405378232,95.83213549134676,7.024572127139364,18.143726783140764,2.537600023826625e-10,False,19.166486435296193
eu-us-af-row-apac-ch/pf120_k050_a030,2040,af,af,10.683818414695407,27.999999995708933,213.82631388270352,95.83213549134676,95.83213549134676,95.83213549134676,0.0,117.99417839135675,0.38156494344045455,True,0.0
eu-us-af-row-apac-ch/pf120_k050_a030,2040,af,row,9.081346324999739e-08,88.9999999948177,201.35382365645,114.99862119035436,122.49862119035436,95.83213549134676,7.5,98.02168816510324,1.0203759916324189e-09,False,19.166485699007595
eu-us-af-row-apac-ch/pf120_k050_a030,2040,row,ch,2.4072950838736217e-08,315.9999999907067,86.65125723885176,224.61113578677623,238.7335316912131,187.17271895170572,14.12239590443686,-114.64385761729082,7.618022417545627e-11,False,37.43841683507051
eu-us-af-row-apac-ch/pf120_k050_a030,2040,row,eu,1.0261299016791733e-07,98.99999999474088,211.35150151597756,224.60086751589412,232.72450915411937,187.17271895170572,8.123641638225255,16.055140926046587,1.0364948502360444e-09,False,37.428148564188405
eu-us-af-row-apac-ch/pf120_k050_a030,2040,row,us,4.5476262512630766e-08,74.99999998998463,168.7670251898681,224.6051678224951,238.39261150850194,187.17271895170572,13.78744368600683,-32.19313744784446,6.063501669160479e-10,False,37.432448870789386
eu-us-af-row-apac-ch/pf120_k050_a030,2040,row,apac,2.8254461795811754e-08,125.9999999904246,121.00043440162689,224.60526143364007,244.3579757542946,187.17271895170572,19.75271432065455,-85.92499887073338,2.2424176030126158e-10,False,37.43254248193435
eu-us-af-row-apac-ch/pf120_k050_a030,2040,row,af,9.650047184543285e-08,27.999999995708933,213.82631388270352,224.60221563466024,237.10221563466024,187.17271895170572,12.5,14.153594930997798,3.446445423579349e-09,False,37.42949668295452
eu-us-af-row-apac-ch/pf120_k050_a030,2040,row,row,67.98122146011076,88.9999999948177,201.35382365645,187.17271895170572,187.17271895170572,187.17271895170572,0.0,14.181104704744286,0.7638339490344851,True,0.0
eu-us-af-row-apac-ch/pf120_k050_a040,2025,ch,ch,323.999999957296,323.9999999945898,163.32399999749066,163.0,163.0,163.0,0.0,0.32399999749065955,0.9999999998848956,True,0.0
eu-us-af-row-apac-ch/pf120_k050_a040,2025,ch,eu,6.588477853480113e-07,74.99999999720862,299.2650000200959,288.6219777682602,304.7399777682602,163.0,16.118,120.1470000200959,8.784637138300433e-09,False,125.6219777682602
eu-us-af-row-apac-ch/pf120_k050_a040,2025,ch,us,4.62297072131776e-08,44.999999982979446,459.5048279596384,482.51690261010685,493.64990261010684,163.0,11.133,285.37182795963844,1.0273268273480728e-09,False,319.51690261010685
eu-us-af-row-apac-ch/pf120_k050_a040,2025,ch,apac,3.7877212656663275e-08,49.99999999352503,256.20596689081776,285.71192772142473,299.4923493003064,163.0,13.78042157888167,79.42554531193609,7.575442532313671e-10,False,122.71192772142473
eu-us-af-row-apac-ch/pf120_k050_a040,2025,ch,af,1.161345924336585e-08,9.99999999707554,486.80906837048536,625.6080369742076,636.1080369742076,163.0,10.5,313.30906837048536,1.1613459246762161e-09,False,462.6080369742076
eu-us-af-row-apac-ch/pf120_k050_a040,2025,ch,row,6.1006948464619614e-09,44.99999999701372,353.42499995781316,635.6024166759474,650.1988689855533,163.0,14.59645230960589,175.82854764820726,1.3557099659704034e-10,False,472.60241667594744
eu-us-af-row-apac-ch/pf120_k050_a040,2025,eu,ch,8.70135274254967e-09,323.9999999945898,163.32399999749066,359.10002779620953,375.2180277962095,299.25,16.118,-152.04400000250934,2.685602698362644e-11,False,59.85002779620953
eu-us-af-row-apac-ch/pf120_k050_a040,2025,eu,eu,14.999999762808399,74.99999999720862,299.2650000200959,299.25,299.25,299.25,0.0,0.01500002009589707,0.199999996844889,True,0.0
eu-us-af-row-apac-ch/pf120_k050_a040,2025,eu,us,1.012661708768912e-08,44.999999982979446,459.5048279596384,615.062943653007,633.822943653007,299.25,18.76,141.49482795963843,2.250359353670968e-10,False,315.812943653007
eu-us-af-row-apac-ch/pf120_k050_a040,2025,eu,apac,1.548772592820573e-08,49.99999999352503,256.20596689081776,359.10002972110095,377.233669924316,299.25,18.13364020321509,-61.17767331239733,3.0975451860422765e-10,False,59.85002972110095
eu-us-af-row-apac-ch/pf120_k050_a040,2025,eu,af,7.542390472428861e-07,9.99999999707554,486.80906837048536,479.14349585871605,488.94349585871606,299.25,9.8,177.75906837048535,7.542390474634603e-08,False,179.89349585871605
eu-us-af-row-apac-ch/pf120_k050_a040,2025,eu,row,1.487940887767923e-07,44.99999999701372,353.42499995781316,359.09998672313714,367.5362748887998,299.25,8.436288165662685,45.73871179215047,3.3065353063703675e-09,False,59.849986723137135
eu-us-af-row-apac-ch/pf120_k050_a040,2025,us,ch,4.781406240269277e-09,323.9999999945898,163.32399999749066,385.49992671661505,410.23092671661504,321.25,24.731,-182.65700000250933,1.475742666774419e-11,False,64.24992671661505
eu-us-af-row-apac-ch/pf120_k050_a040,2025,us,eu,7.450303384712131e-09,74.99999999720862,299.2650000200959,385.49999335038444,394.89699335038443,321.25,9.397,-31.3819999799041,9.933737846652559e-11,False,64.24999335038444
eu-us-af-row-apac-ch/pf120_k050_a040,2025,us,us,41.99999994809818,44.999999982979446,459.5048279596384,321.25,321.25,321.25,0.0,138.25482795963842,0.9333333325329785,True,0.0
eu-us-af-row-apac-ch/pf120_k050_a040,2025,us,apac,6.086742528429926e-09,49.99999999352503,256.20596689081776,385.49990791179846,400.23756406712215,321.25,14.73765615532369,-79.78168926450593,1.217348505843631e-10,False,64.24990791179846
eu-us-af-row-apac-ch/pf120_k050_a040,2025,us,af,1.3524936545192333e-08,9.99999999707554,486.80906837048536,502.17708153987815,516.3770815398782,321.25,14.2,151.35906837048537,1.3524936549147648e-09,False,180.92708153987815
eu-us-af-row-apac-ch/pf120_k050_a040,2025,us,row,8.725400721758873e-09,44.99999999701372,353.42499995781316,385.49990705256874,399.9497320184577,321.25,14.449824965889,17.725174991924156,1.9389779382973126e-10,False,64.24990705256874
eu-us-af-row-apac-ch/pf120_k050_a040,2025,apac,ch,1.2758857101834818e-08,323.9999999945898,163.32399999749066,225.44742182869652,238.68031477898177,187.45,13.23289295028525,-37.35889295279458,3.937918858656749e-11,False,37.99742182869653
eu-us-af-row-apac-ch/pf120_k050_a040,2025,apac,eu,59.99999954855479,74.99999999720862,299.2650000200959,214.1918596013155,230.49903311394795,187.45,16.30717351263244,95.50782650746348,0.7999999940105053,True,26.741859601315525
eu-us-af-row-apac-ch/pf120_k050_a040,2025,apac,us,1.7729929784306466e-08,44.999999982979446,459.5048279596384,465.70531255020353,479.4153933570495,187.45,13.71008080684597,258.3447471527925,3.939984398002786e-10,False,278.25531255020354
eu-us-af-row-apac-ch/pf120_k050_a040,2025,apac,apac,49.99999991880613,49.99999999352503,256.20596689081776,187.45,187.45,187.45,0.0,68.75596689081777,0.999999998505622,True,0.0
eu-us-af-row-apac-ch/pf120_k050_a040,2025,apac,af,4.514504087430807e-07,9.99999999707554,486.80906837048536,409.435754911681,422.6083710486003,187.45,13.17261613691931,286.18645223356606,4.514504088751056e-08,False,221.985754911681
eu-us-af-row-apac-ch/pf120_k050_a040,2025,apac,row,2.6735788383567803e-08,44.99999999701372,353.42499995781316,326.54061693561005,345.423031652168,187.45,18.88241471655794,147.09258524125522,5.941286307853786e-10,False,139.09061693561006
eu-us-af-row-apac-ch/pf120_k050_a040,2025,af,ch,4.440485222329187e-09,323.9999999945898,163.32399999749066,217.1159819542134,221.6159819542134,180.93,4.5,-22.106000002509347,1.3705201303713995e-11,False,36.18598195421339
eu-us-af-row-apac-ch/pf120_k050_a040,2025,af,eu,5.930634244421183e-09,74.99999999720862,299.2650000200959,217.11569607789426,223.31569607789424,180.93,6.2,112.13500002009589,7.907512326189216e-11,False,36.18569607789425
eu-us-af-row-apac-ch/pf120_k050_a040,2025,af,us,1.0937592880137527e-08,44.999999982979446,459.5048279596384,217.1160327250245,225.6160327250245,180.93,8.5,270.0748279596384,2.430576196505445e-10,False,36.18603272502449
eu-us-af-row-apac-ch/pf120_k050_a040,2025,af,apac,5.546486071665415e-09,49.99999999352503,256.20596689081776,217.11588337847496,224.1404555056143,180.93,7.024572127139364,68.25139476367839,1.1092972144767364e-10,False,36.185883378474955
eu-us-af-row-apac-ch/pf120_k050_a040,2025,af,af,3.3999999620403947,9.99999999707554,486.80906837048536,180.93,180.93,180.93,0.0,305.87906837048536,0.3399999963034711,True,0.0
eu-us-af-row-apac-ch/pf120_k050_a040,2025,af,row,6.164243515478123e-09,44.99999999701372,353.42499995781316,217.1156793608551,224.6156793608551,180.93,7.5,164.99499995781315,1.3698318924193764e-10,False,36.18567936085509
eu-us-af-row-apac-ch/pf120_k050_a040,2025,row,ch,6.61171891519671e-09,323.9999999945898,163.32399999749066,423.7534343862082,437.87583029064507,353.38,14.12239590443686,-204.1783959069462,2.0406539862058993e-11,False,70.3734343862082
eu-us-af-row-apac-ch/pf120_k050_a040,2025,row,eu,1.3616703955384219e-08,74.99999999720862,299.2650000200959,423.1784016503518,431.30204328857707,353.38,8.123641638225255,-62.23864161812935,1.815560527452135e-10,False,69.79840165035182
eu-us-af-row-apac-ch/pf120_k050_a040,2025,row,us,2.999999949857415,44.999999982979446,459.5048279596384,445.71438466788635,459.5018283538932,353.38,13.78744368600683,92.3373842736316,0.06666666557760263,True,92.33438466788635
eu-us-af-row-apac-ch/pf120_k050_a040,2025,row,apac,9.720725495509493e-09,49.99999999352503,256.20596689081776,423.72672503939066,443.4794393600452,353.38,19.75271432065455,-116.92674742983678,1.9441450993536642e-10,False,70.34672503939066
eu-us-af-row-apac-ch/pf120_k050_a040,2025,row,af,6.599998804207291,9.99999999707554,486.80906837048536,474.30246882630513,486.80246882630513,353.38,12.5,120.92906837048537,0.6599998806137435,True,120.92246882630513
eu-us-af-row-apac-ch/pf120_k050_a040,2025,row,row,44.9999998004935,44.99999999701372,353.42499995781316,353.38,353.38,353.38,0.0,0.04499995781316102,0.999999995632884,True,0.0
eu-us-af-row-apac-ch/pf120_k050_a040,2030,ch,ch,349.99999999576767,349.99999999966735,107.79092380651372,107.44092378697313,107.44092378697313,107.44092378697313,0.0,0.35000001954058746,0.999999999988858,True,0.0
eu-us-af-row-apac-ch/pf120_k050_a040,2030,ch,eu,1.2602517377435437e-09,89.99999999969408,537.075575958431,619.4686327353153,635.5866327353153,107.44092378697313,16.118,413.5166521714579,1.4002797086086972e-11,False,512.0277089483421
eu-us-af-row-apac-ch/pf120_k050_a040,2030,ch,us,1.2322058591491504e-09,64.9999999987392,462.4682502944869,552.6879951240479,563.820995124048,107.44092378697313,11.133,343.89432650751377,1.8957013218046945e-11,False,445.2470713370748
eu-us-af-row-apac-ch/pf120_k050_a040,2030,ch,apac,4.2213746642763777e-10,84.99999999967989,123.64206235822958,408.56275819766546,422.3431797765471,107.44092378697313,13.78042157888167,2.42071699237478,4.966323134461501e-12,False,301.1218344106923
eu-us-af-row-apac-ch/pf120_k050_a040,2030,ch,af,3.5219585791618592e-09,13.999999999765702,565.5522700600433,598.7528709637096,609.2528709637096,107.44092378697313,10.5,447.6113462730701,2.5156846994434294e-10,False,491.31194717673645
eu-us-af-row-apac-ch/pf120_k050_a040,2030,ch,row,3.2433440445772384e-10,69.99999999982141,232.9992861956481,614.960644294126,629.5570966037319,107.44092378697313,14.59645230960589,110.96191009906907,4.633348635122162e-12,False,507.5197205071529
eu-us-af-row-apac-ch/pf120_k050_a040,2030,eu,ch,2.762437294895913e-10,349.99999999966735,107.79092380651372,236.69958887927817,252.81758887927816,197.24967143099207,16.118,-105.57674762447834,7.892677985424396e-13,False,39.4499174482861
eu-us-af-row-apac-ch/pf120_k050_a040,2030,eu,eu,34.97079183875825,89.99999999969408,537.075575958431,197.24967143099207,197.24967143099207,197.24967143099207,0.0,339.825904527439,0.38856435376530135,True,0.0
eu-us-af-row-apac-ch/pf120_k050_a040,2030,eu,us,8.823104134295479e-10,64.9999999987392,462.4682502944869,236.6993929293081,255.45939292930808,197.24967143099207,18.76,246.45857886349484,1.3574006360717877e-11,False,39.44972149831602
eu-us-af-row-apac-ch/pf120_k050_a040,2030,eu,apac,2.774012381567118e-10,84.99999999967989,123.64206235822958,236.69963921437534,254.83327941759043,197.24967143099207,18.13364020321509,-91.74124927597758,3.263543978326547e-12,False,39.44996778338327
eu-us-af-row-apac-ch/pf120_k050_a040,2030,eu,af,6.459491272033989e-09,13.999999999765702,565.5522700600433,236.6998272653785,246.4998272653785,197.24967143099207,9.8,358.5025986290512,4.6139223372443515e-10,False,39.450155834386436
eu-us-af-row-apac-ch/pf120_k050_a040,2030,eu,row,3.648034962725745e-10,69.99999999982141,232.9992861956481,236.69967964076983,245.13596780643252,197.24967143099207,8.436288165662685,27.313326598993346,5.2114785181929315e-12,False,39.450008209777764
eu-us-af-row-apac-ch/pf120_k050_a040,2030,us,ch,3.027609208107545e-10,349.99999999966735,107.79092380651372,256.85022163134283,281.5812216313428,211.75090040837495,24.731,-128.69097660186122,8.650312023172637e-13,False,45.09932122296789
eu-us-af-row-apac-ch/pf120_k050_a040,2030,us,eu,9.055805975093886e-09,89.99999999969408,537.075575958431,283.8354348033791,293.2324348033791,211.75090040837495,9.397,315.9276755500561,1.0062006639027408e-10,False,72.08453439500414
eu-us-af-row-apac-ch/pf120_k050_a040,2030,us,us,64.99999999407422,64.9999999987392,462.4682502944869,211.75090040837495,211.75090040837495,211.75090040837495,0.0,250.71734988611195,0.9999999999282311,True,0.0
eu-us-af-row-apac-ch/pf120_k050_a040,2030,us,apac,3.2388871286786584e-10,84.99999999967989,123.64206235822958,250.29786709537834,265.035523250702,211.75090040837495,14.73765615532369,-102.84649420546906,3.810455445518654e-12,False,38.54696668700339
eu-us-af-row-apac-ch/pf120_k050_a040,2030,us,af,2.5427123203919986,13.999999999765702,565.5522700600433,300.6973775426736,314.8973775426736,211.75090040837495,14.2,339.60136965166834,0.18162230860246803,True,88.94647713429868
eu-us-af-row-apac-ch/pf120_k050_a040,2030,us,row,4.6402753264601456e-10,69.99999999982141,232.9992861956481,237.18952420187946,251.63934916776847,211.75090040837495,14.449824965889,6.79856082138415,6.6289647521028345e-12,False,25.43862379350452
eu-us-af-row-apac-ch/pf120_k050_a040,2030,apac,ch,2.3874069473893183e-09,349.99999999966735,107.79092380651372,148.54485782866317,161.77775077894842,123.55706235501908,13.23289295028525,-28.999031498790615,6.821162706833107e-12,False,24.987795473644084
eu-us-af-row-apac-ch/pf120_k050_a040,2030,apac,eu,2.7350397857923826e-09,89.99999999969408,537.075575958431,565.3461112076243,581.6532847202567,123.55706235501908,16.30717351263244,397.2113400907795,3.038933095335199e-11,False,441.7890488526052
eu-us-af-row-apac-ch/pf120_k050_a040,2030,apac,us,9.740823728406435e-10,64.9999999987392,462.4682502944869,574.9283289081783,588.6384097150243,123.55706235501908,13.71008080684597,325.20110713262187,1.4985882659377502e-11,False,451.3712665531592
eu-us-af-row-apac-ch/pf120_k050_a040,2030,apac,apac,84.99999999768674,84.99999999967989,123.64206235822958,123.55706235501908,123.55706235501908,123.55706235501908,0.0,0.08500000321049583,0.9999999999765512,True,0.0
eu-us-af-row-apac-ch/pf120_k050_a040,2030,apac,af,1.9781736785842786e-09,13.999999999765702,565.5522700600433,619.2147452346323,632.3873613715516,123.55706235501908,13.17261613691931,428.8225915681049,1.4129811990124174e-10,False,495.6576828796133
eu-us-af-row-apac-ch/pf120_k050_a040,2030,apac,row,9.413444539051771e-10,69.99999999982141,232.9992861956481,344.4073659609644,363.28978067752234,123.55706235501908,18.88241471655794,90.55980912407108,1.3447777912965411e-11,False,220.85030360594533
eu-us-af-row-apac-ch/pf120_k050_a040,2030,af,ch,2.769485924337006e-10,349.99999999966735,107.79092380651372,143.11114282171795,147.61114282171795,119.25942540354018,4.5,-15.96850159702646,7.91281692668468e-13,False,23.85171741817777
eu-us-af-row-apac-ch/pf120_k050_a040,2030,af,eu,9.859103493381927e-10,89.99999999969408,537.075575958431,188.56777116746713,194.76777116746712,119.25942540354018,6.2,411.6161505548909,1.0954559437128265e-11,False,69.30834576392695
eu-us-af-row-apac-ch/pf120_k050_a040,2030,af,us,7.532632217522097e-10,64.9999999987392,462.4682502944869,143.1117596591274,151.6117596591274,119.25942540354018,8.5,334.70882489094674,1.158866495025878e-11,False,23.85233425558721
eu-us-af-row-apac-ch/pf120_k050_a040,2030,af,apac,2.726337826819332e-10,84.99999999967989,123.64206235822958,143.11131726287275,150.1358893900121,119.25942540354018,7.024572127139364,-2.641935172449961,3.2074562668583525e-12,False,23.851891859332568
eu-us-af-row-apac-ch/pf120_k050_a040,2030,af,af,5.895465037736267,13.999999999765702,565.5522700600433,119.25942540354018,119.25942540354018,119.25942540354018,0.0,446.2928446565031,0.42110464555963795,True,0.0
eu-us-af-row-apac-ch/pf120_k050_a040,2030,af,row,3.4882184818609534e-10,69.99999999982141,232.9992861956481,143.11266150906917,150.61266150906917,119.25942540354018,7.5,106.23986079210792,4.9831692598140755e-12,False,23.853236105528993
eu-us-af-row-apac-ch/pf120_k050_a040,2030,row,ch,6.563902824770101e-10,349.99999999966735,107.79092380651372,294.3947962163254,308.5171921207623,232.92928618307093,14.12239590443686,-139.26075828099408,1.8754008070789543e-12,False,61.465510033254475
eu-us-af-row-apac-ch/pf120_k050_a040,2030,row,eu,55.02920814689883,89.99999999969408,537.075575958431,528.8969050999181,537.0205467381434,232.92928618307093,8.123641638225255,296.02264813713487,0.611435646078732,True,295.96761891684713
eu-us-af-row-apac-ch/pf120_k050_a040,2030,row,us,8.231262861746728e-10,64.9999999987392,462.4682502944869,599.5346125398424,613.3220562258492,232.92928618307093,13.78744368600683,215.75152042540913,1.266348132600983e-11,False,366.6053263567715
eu-us-af-row-apac-ch/pf120_k050_a040,2030,row,apac,6.970841481535003e-10,84.99999999967989,123.64206235822958,288.5235334430331,308.27624776368765,232.92928618307093,19.75271432065455,-129.0399381454959,8.20098997830736e-12,False,55.594247259962174
eu-us-af-row-apac-ch/pf120_k050_a040,2030,row,af,5.5618226296778115,13.999999999765702,565.5522700600433,553.0467082412765,565.5467082412765,232.92928618307093,12.5,320.12298387697234,0.39727304498363514,True,320.1174220582056
eu-us-af-row-apac-ch/pf120_k050_a040,2030,row,row,69.99999999737808,69.99999999982141,232.9992861956481,232.92928618307093,232.92928618307093,232.92928618307093,0.0,0.07000001257716804,0.9999999999650953,True,0.0
eu-us-af-row-apac-ch/pf120_k050_a040,2035,ch,ch,332.99999998794453,332.99999999834097,95.9088333570973,95.57583300040461,95.57583300040461,95.57583300040461,0.0,0.33300035669267913,0.9999999999687795,True,0.0
eu-us-af-row-apac-ch/pf120_k050_a040,2035,ch,eu,8.766046812280382e-09,94.99999999858807,439.1357757833563,508.6393717446234,524.7573717446235,95.57583300040461,16.118,327.4419427829517,9.227417697274386e-11,False,413.0635387442188
eu-us-af-row-apac-ch/pf120_k050_a040,2035,ch,us,1.5675493696505893e-08,69.99999999661479,353.8253484923834,396.12667448911213,407.2596744891121,95.57583300040461,11.133,247.1165154919788,2.2393562424662802e-10,False,300.55084148870753
eu-us-af-row-apac-ch/pf120_k050_a040,2035,ch,apac,3.759831020411931e-09,102.99999999827651,110.01520813418914,287.8797088626977,301.6601304415794,95.57583300040461,13.78042157888167,0.6589535549028529,3.65032137910179e-11,False,192.30387586229313
eu-us-af-row-apac-ch/pf120_k050_a040,2035,ch,af,3.891488096162477e-08,19.999999998925905,415.53660341536386,408.01748916471433,418.51748916471433,95.57583300040461,10.5,309.46077041495926,1.945744048185734e-09,False,312.44165616430973
eu-us-af-row-apac-ch/pf120_k050_a040,2035,ch,row,1.3384664580006813e-09,78.99999999903015,207.28506053550882,736.9971201232393,751.5935724328451,95.57583300040461,14.59645230960589,97.11277522549831,1.6942613392621683e-11,False,641.4212871228347
eu-us-af-row-apac-ch/pf120_k050_a040,2035,eu,ch,1.7061893853937137e-09,332.99999999834097,95.9088333570973,210.56008739922558,226.67808739922557,175.4666750022766,16.118,-95.67584164517929,5.123691848054697e-12,False,35.09341239694899
eu-us-af-row-apac-ch/pf120_k050_a040,2035,eu,eu,48.09643421964604,94.99999999858807,439.1357757833563,175.4666750022766,175.4666750022766,175.4666750022766,0.0,263.6691007810797,0.5062782549511671,True,0.0
eu-us-af-row-apac-ch/pf120_k050_a040,2035,eu,us,3.7153112149852346e-09,69.99999999661479,353.8253484923834,236.11271402358864,254.87271402358863,175.4666750022766,18.76,159.59867349010682,5.307587450235582e-11,False,60.64603902131205
eu-us-af-row-apac-ch/pf120_k050_a040,2035,eu,apac,1.8445443845103994e-09,102.99999999827651,110.01520813418914,210.55992727759343,228.69356748080853,175.4666750022766,18.13364020321509,-83.58510707130255,1.7908197908167613e-11,False,35.09325227531684
eu-us-af-row-apac-ch/pf120_k050_a040,2035,eu,af,7.095818150219251e-09,19.999999998925905,415.53660341536386,216.68409888622392,226.48409888622393,175.4666750022766,9.8,230.26992841308726,3.547909075300165e-10,False,41.21742388394733
eu-us-af-row-apac-ch/pf120_k050_a040,2035,eu,row,2.5542529301417717e-09,78.99999999903015,207.28506053550882,210.55906467227905,218.99535283794174,175.4666750022766,8.436288165662685,23.382097367569546,3.2332315571811764e-11,False,35.09238967000246
eu-us-af-row-apac-ch/pf120_k050_a040,2035,us,ch,2.0271694992617446e-09,332.99999999834097,95.9088333570973,225.56681448060678,250.29781448060677,188.3664806833128,24.731,-117.18864732621552,6.087596093909442e-12,False,37.20033379729398
eu-us-af-row-apac-ch/pf120_k050_a040,2035,us,eu,23.656772440882776,94.99999999858807,439.1357757833563,264.3262512295468,273.7232512295468,188.3664806833128,9.397,241.3722951000435,0.2490186572761513,True,75.95977054623401
eu-us-af-row-apac-ch/pf120_k050_a040,2035,us,us,69.99999994849676,69.99999999661479,353.8253484923834,188.3664806833128,188.3664806833128,188.3664806833128,0.0,165.4588678090706,0.9999999993125996,True,0.0
eu-us-af-row-apac-ch/pf120_k050_a040,2035,us,apac,1.5874500424896855e-09,102.99999999827651,110.01520813418914,365.90283905235754,380.6404952076812,188.3664806833128,14.73765615532369,-93.08892870444735,1.5412136335109207e-11,False,177.53635836904473
eu-us-af-row-apac-ch/pf120_k050_a040,2035,us,af,1.1748043405846863e-08,19.999999998925905,415.53660341536386,289.6550232322307,303.8550232322307,188.3664806833128,14.2,212.97012273205107,5.874021703238894e-10,False,101.28854254891789
eu-us-af-row-apac-ch/pf120_k050_a040,2035,us,row,2.793992449681855e-09,78.99999999903015,207.28506053550882,262.90162816193174,277.3514531278207,188.3664806833128,14.449824965889,4.468754886307018,3.5366993034381716e-11,False,74.53514747861894
eu-us-af-row-apac-ch/pf120_k050_a040,2035,apac,ch,2.394846218874036e-09,332.99999999834097,95.9088333570973,305.3028349382357,318.53572788852097,109.9122079504653,13.23289295028525,-27.236267543653256,7.191730387044946e-12,False,195.39062698777042
eu-us-af-row-apac-ch/pf120_k050_a040,2035,apac,eu,1.3515371369038158e-08,94.99999999858807,439.1357757833563,469.5324136938642,485.8395872064967,109.9122079504653,16.30717351263244,312.9163943202585,1.4226706704462136e-10,False,359.6202057433989
eu-us-af-row-apac-ch/pf120_k050_a040,2035,apac,us,7.1618025275846294e-09,69.99999999661479,353.8253484923834,427.2322506682177,440.94233147506367,109.9122079504653,13.71008080684597,230.20305973507212,1.0231146468472822e-10,False,317.3200427177524
eu-us-af-row-apac-ch/pf120_k050_a040,2035,apac,apac,102.99999998461709,102.99999999827651,110.01520813418914,109.9122079504653,109.9122079504653,109.9122079504653,0.0,0.1030001837238359,0.9999999998673843,True,0.0
eu-us-af-row-apac-ch/pf120_k050_a040,2035,apac,af,11.609069917505423,19.999999998925905,415.53660341536386,402.3523781032796,415.5249942401989,109.9122079504653,13.17261613691931,292.45177932797924,0.5804534959064442,True,292.4401701528143
eu-us-af-row-apac-ch/pf120_k050_a040,2035,apac,row,4.123997576877981e-09,78.99999999903015,207.28506053550882,346.15930227580884,365.0417169923668,109.9122079504653,18.88241471655794,78.49043786848557,5.220250097377987e-11,False,236.24709432534354
eu-us-af-row-apac-ch/pf120_k050_a040,2035,af,ch,1.5995006943039577e-09,332.99999999834097,95.9088333570973,126.85477392343785,131.35477392343785,106.08917463044914,4.5,-14.680341273351843,4.803305388324104e-12,False,20.76559929298871
eu-us-af-row-apac-ch/pf120_k050_a040,2035,af,eu,2.0236121377555138e-08,94.99999999858807,439.1357757833563,146.3982933045775,152.59829330457748,106.08917463044914,6.2,326.84660115290717,2.1301180397743048e-10,False,40.30911867412836
eu-us-af-row-apac-ch/pf120_k050_a040,2035,af,us,7.772458118589657e-09,69.99999999661479,353.8253484923834,111.03786988039946,119.53786988039946,106.08917463044914,8.5,239.23617386193428,1.1103511598522192e-10,False,4.948695249950319
eu-us-af-row-apac-ch/pf120_k050_a040,2035,af,apac,2.04073362631799e-09,102.99999999827651,110.01520813418914,126.45821398999317,133.48278611713252,106.08917463044914,7.024572127139364,-3.098538623399363,1.981294782866153e-11,False,20.369039359544033
eu-us-af-row-apac-ch/pf120_k050_a040,2035,af,af,8.390930018957173,19.999999998925905,415.53660341536386,106.08917463044914,106.08917463044914,106.08917463044914,0.0,309.44742878491473,0.4195465009703903,True,0.0
eu-us-af-row-apac-ch/pf120_k050_a040,2035,af,row,2.722714851727851e-09,78.99999999903015,207.28506053550882,134.03567563171634,141.53567563171634,106.08917463044914,7.5,93.69588590505968,3.44647449590035e-11,False,27.946501001267208
eu-us-af-row-apac-ch/pf120_k050_a040,2035,row,ch,2.66864561727439e-09,332.99999999834097,95.9088333570973,256.22566286494583,270.3480587693827,207.20606052566248,14.12239590443686,-125.41962307300204,8.013950802665721e-12,False,49.01960233928335
eu-us-af-row-apac-ch/pf120_k050_a040,2035,row,eu,23.246793295541693,94.99999999858807,439.1357757833563,430.9888873618006,439.11252900002586,207.20606052566248,8.123641638225255,223.80607361946855,0.24470308732512838,True,223.78282683613813
eu-us-af-row-apac-ch/pf120_k050_a040,2035,row,us,1.37929708153433e-08,69.99999999661479,353.8253484923834,372.95747740745713,386.744921093464,207.20606052566248,13.78744368600683,132.83184428071408,1.97042440228719e-10,False,165.75141688179465
eu-us-af-row-apac-ch/pf120_k050_a040,2035,row,apac,4.426852260775353e-09,102.99999999827651,110.01520813418914,243.66245106778854,263.4151653884431,207.20606052566248,19.75271432065455,-116.94356671212789,4.297914816358667e-11,False,36.45639054212606
eu-us-af-row-apac-ch/pf120_k050_a040,2035,row,af,4.704564036447188e-09,19.999999998925905,415.53660341536386,517.7286407250897,530.2286407250897,207.20606052566248,12.5,195.83054288970138,2.3522820183499226e-10,False,310.52258019942724
eu-us-af-row-apac-ch/pf120_k050_a040,2035,row,row,78.99999998549674,78.99999999903015,207.28506053550882,207.20606052566248,207.20606052566248,207.20606052566248,0.0,0.07900000984633948,0.999999999828691,True,0.0
eu-us-af-row-apac-ch/pf120_k050_a040,2040,ch,ch,315.99999952676137,315.9999999789197,86.65125756419116,86.33525719941149,86.33525719941149,86.33525719941149,0.0,0.31600036477966853,0.9999999985691193,True,0.0
eu-us-af-row-apac-ch/pf120_k050_a040,2040,ch,eu,1.2669992923401482e-07,98.99999998146558,570.933794224349,587.8063161015136,603.9243161015137,86.33525719941149,16.118,468.48053702493746,1.2797972652296477e-09,False,501.47105890210213
eu-us-af-row-apac-ch/pf120_k050_a040,2040,ch,us,2.3755074357057554e-08,74.99999997664966,170.22961046876586,541.8619079428303,552.9949079428303,86.33525719941149,11.133,72.76135326935437,3.1673432485937876e-10,False,455.52665074341877
eu-us-af-row-apac-ch/pf120_k050_a040,2040,ch,apac,3.620108395099872e-08,125.99999997863198,99.41154621456567,344.405893900984,358.18631547986564,86.33525719941149,13.78042157888167,-0.704132563727482,2.8731019013601567e-10,False,258.0706367015725
eu-us-af-row-apac-ch/pf120_k050_a040,2040,ch,af,3.033736536614833e-08,27.99999998719221,514.9648437886309,629.5976773794371,640.0976773794371,86.33525719941149,10.5,418.1295865892194,1.083477335000903e-09,False,543.2624201800256
eu-us-af-row-apac-ch/pf120_k050_a040,2040,ch,row,1.715735981591973e-08,88.999999986213,397.6682261739325,820.9514398660932,835.5478921756991,86.33525719941149,14.59645230960589,296.73651666491514,1.9277932380424246e-10,False,734.6161826666818
eu-us-af-row-apac-ch/pf120_k050_a040,2040,eu,ch,1.958964137322801e-08,315.9999999789197,86.65125756419116,190.20220706224978,206.32020706224978,158.50199826333673,16.118,-87.96874069914557,6.19925359953634e-11,False,31.700208798913053
eu-us-af-row-apac-ch/pf120_k050_a040,2040,eu,eu,61.22211400817929,98.99999998146558,570.933794224349,158.50199826333673,158.50199826333673,158.50199826333673,0.0,412.4317959610122,0.6184051921175866,True,0.0
eu-us-af-row-apac-ch/pf120_k050_a040,2040,eu,us,2.3584336103647993e-08,74.99999997664966,170.22961046876586,190.20346741329217,208.96346741329216,158.50199826333673,18.76,-7.032387794570877,3.144578148132092e-10,False,31.701469149955443
eu-us-af-row-apac-ch/pf120_k050_a040,2040,eu,apac,2.051717366385627e-08,125.99999997863198,99.41154621456567,190.20183465609978,208.33547485931487,158.50199826333673,18.13364020321509,-77.22409225198615,1.6283471164552162e-10,False,31.699836392763046
eu-us-af-row-apac-ch/pf120_k050_a040,2040,eu,af,1.0949200989653992e-07,27.99999998719221,514.9648437886309,172.533924871574,182.333924871574,158.50199826333673,9.8,346.66284552529413,3.910428926665138e-09,False,14.031926608237256
eu-us-af-row-apac-ch/pf120_k050_a040,2040,eu,row,2.946780330717931e-08,88.999999986213,397.6682261739325,284.6433506869246,293.07963885258727,158.50199826333673,8.436288165662685,230.7299397449331,3.3109891361510304e-10,False,126.14135242358785
eu-us-af-row-apac-ch/pf120_k050_a040,2040,us,ch,6.372738426317872e-08,315.9999999789197,86.65125756419116,202.6397067227171,227.3707067227171,170.1546096644843,24.731,-108.23435210029314,2.0166893755515815e-10,False,32.48509705823281
eu-us-af-row-apac-ch/pf120_k050_a040,2040,us,eu,4.5315622557838196e-08,98.99999998146558,570.933794224349,641.4455631491455,650.8425631491456,170.1546096644843,9.397,391.3821845598647,4.5773356127598004e-10,False,471.29095348466126
eu-us-af-row-apac-ch/pf120_k050_a040,2040,us,us,74.99999984518504,74.99999997664966,170.22961046876586,170.1546096644843,170.1546096644843,170.1546096644843,0.0,0.07500080428155798,0.9999999982471385,True,0.0
eu-us-af-row-apac-ch/pf120_k050_a040,2040,us,apac,7.288257928401404e-08,125.99999997863198,99.41154621456567,213.74923397385544,228.48689012917913,170.1546096644843,14.73765615532369,-85.48071960524231,5.784331690188414e-10,False,43.59462430937114
eu-us-af-row-apac-ch/pf120_k050_a040,2040,us,af,3.083677677210201e-07,27.99999998719221,514.9648437886309,523.5770969403789,537.7770969403789,170.1546096644843,14.2,330.61023412414664,1.1013134566502643e-08,False,353.4224872758946
eu-us-af-row-apac-ch/pf120_k050_a040,2040,us,row,4.729572210074423,88.999999986213,397.6682261739325,383.2136720736318,397.6634970395208,170.1546096644843,14.449824965889,213.0637915435592,0.053141260795585184,True,213.05906240914751
eu-us-af-row-apac-ch/pf120_k050_a040,2040,apac,ch,3.189680942482948e-07,315.9999999789197,86.65125756419116,97.6489697615392,110.88186271182445,99.28554577932321,13.23289295028525,-25.867181165417307,1.009392703384725e-09,False,-1.6365760177840087
eu-us-af-row-apac-ch/pf120_k050_a040,2040,apac,eu,6.031782625803093e-06,98.99999998146558,570.933794224349,559.7063348006508,576.0135083132832,99.28554577932321,16.30717351263244,455.34107493239327,6.092709724174082e-08,False,460.42078902132755
eu-us-af-row-apac-ch/pf120_k050_a040,2040,apac,us,2.4354237241695366e-08,74.99999997664966,170.22961046876586,524.6287604729232,538.3388412797692,99.28554577932321,13.71008080684597,57.233983882596675,3.2472316332370347e-10,False,425.3432146936
eu-us-af-row-apac-ch/pf120_k050_a040,2040,apac,apac,125.99999979508308,125.99999997863198,99.41154621456567,99.28554577932321,99.28554577932321,99.28554577932321,0.0,0.12600043524246018,0.9999999985432627,True,0.0
eu-us-af-row-apac-ch/pf120_k050_a040,2040,apac,af,2.6006310585247844e-08,27.99999998719221,514.9648437886309,579.265062929337,592.4376790662562,99.28554577932321,13.17261613691931,402.50668187238836,9.287968070408456e-10,False,479.97951715001375
eu-us-af-row-apac-ch/pf120_k050_a040,2040,apac,row,3.7407973911078115e-08,88.999999986213,397.6682261739325,481.3851417983115,500.26755651486945,99.28554577932321,18.88241471655794,279.50026567805133,4.2031431367273025e-10,False,382.0995960189883
eu-us-af-row-apac-ch/pf120_k050_a040,2040,af,ch,1.971652833471929e-08,315.9999999789197,86.65125756419116,114.99865758606273,119.49865758606273,95.83213549134676,4.5,-13.680877927155606,6.239407701276765e-11,False,19.166522094715972
eu-us-af-row-apac-ch/pf120_k050_a040,2040,af,eu,10.886394669770578,98.99999998146558,570.933794224349,114.99966757595854,121.19966757595854,95.83213549134676,6.2,468.9016587330022,0.10996358254352212,True,19.16753208461178
eu-us-af-row-apac-ch/pf120_k050_a040,2040,af,us,2.456779255793893e-08,74.99999997664966,170.22961046876586,114.99842865548126,123.49842865548126,95.83213549134676,8.5,65.8974749774191,3.2757056754117083e-10,False,19.1662931641345
eu-us-af-row-apac-ch/pf120_k050_a040,2040,af,apac,2.160909934380555e-08,125.99999997863198,99.41154621456567,114.99872493667131,122.02329706381067,95.83213549134676,7.024572127139364,-3.4451614039204506,1.715007884719856e-10,False,19.166589445324547
eu-us-af-row-apac-ch/pf120_k050_a040,2040,af,af,2.3502026613178788e-07,27.99999998719221,514.9648437886309,95.83213549134676,95.83213549134676,95.83213549134676,0.0,419.1327082972841,8.393580937117539e-09,False,0.0
eu-us-af-row-apac-ch/pf120_k050_a040,2040,af,row,4.804893495382696e-08,88.999999986213,397.6682261739325,114.99858963769658,122.49858963769658,95.83213549134676,7.5,294.33609068258573,5.398756737221374e-10,False,19.16645414634982
eu-us-af-row-apac-ch/pf120_k050_a040,2040,row,ch,3.0156726019615895e-08,315.9999999789197,86.65125756419116,222.6519376938465,236.77433359828336,187.17271895170572,14.12239590443686,-114.64385729195142,9.543267728363179e-11,False,35.47921874214077
eu-us-af-row-apac-ch/pf120_k050_a040,2040,row,eu,26.891485099717542,98.99999998146558,570.933794224349,352.3720243835091,360.49566602173434,187.17271895170572,8.123641638225255,375.63743363441796,0.2716311626742633,True,165.19930543180337
eu-us-af-row-apac-ch/pf120_k050_a040,2040,row,us,3.520318158396718e-08,74.99999997664966,170.22961046876586,268.39478918560906,282.1822328716159,187.17271895170572,13.78744368600683,-30.730552168946694,4.693757545990302e-10,False,81.22207023390334
eu-us-af-row-apac-ch/pf120_k050_a040,2040,row,apac,3.233897533963755e-08,125.99999997863198,99.41154621456567,227.7073525785231,247.46006689917766,187.17271895170572,19.75271432065455,-107.51388705779459,2.5665853448509393e-10,False,40.534633626817396
eu-us-af-row-apac-ch/pf120_k050_a040,2040,row,af,27.999999277968495,27.99999998719221,514.9648437886309,292.02560716802844,304.52560716802844,187.17271895170572,12.5,315.29212483692515,0.9999999746705815,True,104.85288821632273
eu-us-af-row-apac-ch/pf120_k050_a040,2040,row,row,84.27042764405651,88.999999986213,397.6682261739325,187.17271895170572,187.17271895170572,187.17271895170572,0.0,210.4955072222268,0.9468587377203467,True,0.0
eu-us-af-row-apac-ch/pf120_k100_a040,2025,ch,ch,323.99999999552807,323.9999999995486,163.3239999998332,163.0,163.0,163.0,0.0,0.32399999983320527,0.9999999999875909,True,0.0
eu-us-af-row-apac-ch/pf120_k100_a040,2025,ch,eu,1.8375785317554159e-06,74.99999999973473,364.6782915171564,348.7315657198625,364.8495657198625,163.0,16.118,185.56029151715643,2.4501047090158872e-08,False,185.7315657198625
eu-us-af-row-apac-ch/pf120_k100_a040,2025,ch,us,44.99999990939597,44.9999999993749,306.68106179239237,295.50306179581474,306.6360617958147,163.0,11.133,132.54806179239236,0.9999999980004681,True,132.50306179581474
eu-us-af-row-apac-ch/pf120_k100_a040,2025,ch,apac,3.0883309574181294e-09,49.99999999950989,208.50502713681692,244.82950602783995,258.6099276067216,163.0,13.78042157888167,31.72460555793525,6.176661914896803e-11,False,81.82950602783995
eu-us-af-row-apac-ch/pf120_k100_a040,2025,ch,af,6.599999989251769,9.999999999782844,384.6095849803227,374.10298500928536,384.60298500928536,163.0,10.5,211.10958498032272,0.6599999989395092,True,211.10298500928536
eu-us-af-row-apac-ch/pf120_k100_a040,2025,ch,row,37.999998234646306,44.999999999759545,303.8019976143091,289.16754531583376,303.76399762543963,163.0,14.59645230960589,126.20554530470318,0.8444444052188745,True,126.16754531583376
eu-us-af-row-apac-ch/pf120_k100_a040,2025,eu,ch,5.805689265622769e-10,323.9999999995486,163.3239999998332,359.1000262581956,375.2180262581956,299.25,16.118,-152.0440000001668,1.7918794029724868e-12,False,59.85002625819561
eu-us-af-row-apac-ch/pf120_k100_a040,2025,eu,eu,21.999999990667924,74.99999999973473,364.6782915171564,299.25,299.25,299.25,0.0,65.42829151715642,0.29333333320994315,True,0.0
eu-us-af-row-apac-ch/pf120_k100_a040,2025,eu,us,1.2068709019345772e-09,44.9999999993749,306.68106179239237,359.10002200955716,377.86002200955716,299.25,18.76,-11.328938207607631,2.681935337669649e-11,False,59.850022009557165
eu-us-af-row-apac-ch/pf120_k100_a040,2025,eu,apac,6.856952442356367e-10,49.99999999950989,208.50502713681692,359.1000282007253,377.2336684039404,299.25,18.13364020321509,-108.87861306639817,1.371390488484716e-11,False,59.85002820072532
eu-us-af-row-apac-ch/pf120_k100_a040,2025,eu,af,3.074492461814703e-09,9.999999999782844,384.6095849803227,359.10000260929235,368.90000260929236,299.25,9.8,75.55958498032273,3.074492461881468e-10,False,59.850002609292346
eu-us-af-row-apac-ch/pf120_k100_a040,2025,eu,row,1.2855465952633394e-09,44.999999999759545,303.8019976143091,359.10002295463596,367.53631112029865,299.25,8.436288165662685,-3.8842905513536117,2.8567702117115746e-11,False,59.85002295463596
eu-us-af-row-apac-ch/pf120_k100_a040,2025,us,ch,6.353932985684998e-10,323.9999999995486,163.3239999998332,385.49996744101867,410.23096744101866,321.25,24.731,-182.6570000001668,1.961090427683287e-12,False,64.24996744101867
eu-us-af-row-apac-ch/pf120_k100_a040,2025,us,eu,5.178054418395489e-09,74.99999999973473,364.6782915171564,385.4999102811469,394.8969102811469,321.25,9.397,34.031291517156426,6.904072557885072e-11,False,64.24991028114692
eu-us-af-row-apac-ch/pf120_k100_a040,2025,us,us,1.0731972634394326e-08,44.9999999993749,306.68106179239237,321.25,321.25,321.25,0.0,-14.56893820760763,2.384882807676312e-10,False,0.0
eu-us-af-row-apac-ch/pf120_k100_a040,2025,us,apac,8.048679124074178e-10,49.99999999950989,208.50502713681692,385.49995408735924,400.23761024268293,321.25,14.73765615532369,-127.48262901850677,1.6097358248306147e-11,False,64.24995408735924
eu-us-af-row-apac-ch/pf120_k100_a040,2025,us,af,8.72609970047983e-09,9.999999999782844,384.6095849803227,385.49999593173106,399.69999593173105,321.25,14.2,49.15958498032272,8.726099700669322e-10,False,64.24999593173106
eu-us-af-row-apac-ch/pf120_k100_a040,2025,us,row,1.6414639351730126e-09,44.999999999759545,303.8019976143091,385.4999427752307,399.9497677411197,321.25,14.449824965889,-31.897827351579927,3.647697633737297e-11,False,64.24994277523069
eu-us-af-row-apac-ch/pf120_k100_a040,2025,apac,ch,1.6543688523230069e-09,323.9999999995486,163.3239999998332,225.12825376385285,238.3611467141381,187.45,13.23289295028525,-37.35889295045203,5.106076704707752e-12,False,37.678253763852865
eu-us-af-row-apac-ch/pf120_k100_a040,2025,apac,eu,52.999998161989936,74.99999999973473,364.6782915171564,327.3130908677369,343.62026438036935,187.45,16.30717351263244,160.921118004524,0.7066666421623653,True,139.8630908677369
eu-us-af-row-apac-ch/pf120_k100_a040,2025,apac,us,7.568207810315594e-08,44.9999999993749,306.68106179239237,274.2872753453663,287.99735615221226,187.45,13.71008080684597,105.52098098554642,1.6818239578712721e-09,False,86.83727534536632
eu-us-af-row-apac-ch/pf120_k100_a040,2025,apac,apac,49.999999993550496,49.99999999950989,208.50502713681692,187.45,187.45,187.45,0.0,21.055027136816932,0.9999999998808121,True,0.0
eu-us-af-row-apac-ch/pf120_k100_a040,2025,apac,af,2.026538997747508e-09,9.999999999782844,384.6095849803227,428.33794424802477,441.5105603849441,187.45,13.17261613691931,183.98696884340342,2.0265389977915156e-10,False,240.88794424802478
eu-us-af-row-apac-ch/pf120_k100_a040,2025,apac,row,7.000001757810882,44.999999999759545,303.8019976143091,263.90755579940367,282.7899705159616,187.45,18.88241471655794,97.46958289775114,0.1555555946188508,True,76.45755579940368
eu-us-af-row-apac-ch/pf120_k100_a040,2025,af,ch,5.742600333361884e-10,323.9999999995486,163.3239999998332,217.11600000003045,221.61600000003045,180.93,4.5,-22.1060000001668,1.7724075102993473e-12,False,36.18600000003045
eu-us-af-row-apac-ch/pf120_k100_a040,2025,af,eu,1.981047872190545e-09,74.99999999973473,364.6782915171564,217.11600000004916,223.31600000004914,180.93,6.2,177.54829151715643,2.6413971629300696e-11,False,36.18600000004915
eu-us-af-row-apac-ch/pf120_k100_a040,2025,af,us,1.149788692148779e-09,44.9999999993749,306.68106179239237,217.11600000004853,225.61600000004853,180.93,8.5,117.25106179239236,2.5550859825883354e-11,False,36.18600000004852
eu-us-af-row-apac-ch/pf120_k100_a040,2025,af,apac,6.952382044356706e-10,49.99999999950989,208.50502713681692,217.11600000004609,224.14057212718544,180.93,7.024572127139364,20.55045500967755,1.3904764088849711e-11,False,36.18600000004608
eu-us-af-row-apac-ch/pf120_k100_a040,2025,af,af,3.3999999937368837,9.999999999782844,384.6095849803227,180.93,180.93,180.93,0.0,203.67958498032272,0.33999999938107167,True,0.0
eu-us-af-row-apac-ch/pf120_k100_a040,2025,af,row,1.138575244949658e-09,44.999999999759545,303.8019976143091,217.11600000004904,224.61600000004904,180.93,7.5,115.37199761430907,2.5301672110127597e-11,False,36.186000000049034
eu-us-af-row-apac-ch/pf120_k100_a040,2025,row,ch,5.759213966576787e-10,323.9999999995486,163.3239999998332,424.055998830676,438.1783947351129,353.38,14.12239590443686,-204.17839590460366,1.777535174871855e-12,False,70.67599883067601
eu-us-af-row-apac-ch/pf120_k100_a040,2025,row,eu,2.3392319975358304e-09,74.99999999973473,364.6782915171564,424.05599998672636,432.1796416249516,353.38,8.123641638225255,3.1746498789311737,3.1189759967254726e-11,False,70.67599998672637
eu-us-af-row-apac-ch/pf120_k100_a040,2025,row,us,1.2082086533806906e-09,44.9999999993749,306.68106179239237,424.05600403450296,437.8434477205098,353.38,13.78744368600683,-60.48638189361446,2.6849081186610533e-11,False,70.67600403450297
eu-us-af-row-apac-ch/pf120_k100_a040,2025,row,apac,6.852614720142401e-10,49.99999999950989,208.50502713681692,424.0560006414903,443.80871496214485,353.38,19.75271432065455,-164.62768718383762,1.3705229440419144e-11,False,70.6760006414903
eu-us-af-row-apac-ch/pf120_k100_a040,2025,row,af,2.9670607270059995e-09,9.999999999782844,384.6095849803227,424.05599782895996,436.55599782895996,353.38,12.5,18.729584980322727,2.967060727070431e-10,False,70.67599782895996
eu-us-af-row-apac-ch/pf120_k100_a040,2025,row,row,3.2367688930750365e-09,44.999999999759545,303.8019976143091,353.38,353.38,353.38,0.0,-49.57800238569092,7.192819762427404e-11,False,0.0
eu-us-af-row-apac-ch/pf120_k100_a040,2030,ch,ch,349.9999997945971,349.99999998507275,107.7909239191618,107.44092378697313,107.44092378697313,107.44092378697313,0.0,0.35000013218866854,0.9999999994557839,True,0.0
eu-us-af-row-apac-ch/pf120_k100_a040,2030,ch,eu,60.384662983661734,89.99999999178316,252.01088283022884,235.8324981306497,251.9504981306497,107.44092378697313,16.118,128.45195904325573,0.6709406998797194,True,128.39157434367655
eu-us-af-row-apac-ch/pf120_k100_a040,2030,ch,us,50.28272633640782,64.99999998393213,211.01947885583326,199.83619603575363,210.96919603575364,107.44092378697313,11.133,92.44555506886013,0.7735804053667324,True,92.3952722487805
eu-us-af-row-apac-ch/pf120_k100_a040,2030,ch,apac,1.499005120839725e-07,84.99999998501724,155.75266738784194,171.75399811521282,185.53441969409448,107.44092378697313,13.78042157888167,34.53132202198714,1.7635354365928838e-09,False,64.3130743282397
eu-us-af-row-apac-ch/pf120_k100_a040,2030,ch,af,8.100018671578033,13.999999993464815,249.49475652574563,238.98665661439082,249.48665661439082,107.44092378697313,10.5,131.55383273877248,0.5785727625256509,True,131.54573282741768
eu-us-af-row-apac-ch/pf120_k100_a040,2030,ch,row,4.372005335232495e-06,69.99999999224815,219.036716618082,206.14425973386426,220.74071204347015,107.44092378697313,14.59645230960589,96.99934052150299,6.245721908166648e-08,False,98.70333594689113
eu-us-af-row-apac-ch/pf120_k100_a040,2030,eu,ch,2.8278941091284055e-08,349.99999998507275,107.7909239191618,236.6997199675226,252.8177199675226,197.24967143099207,16.118,-105.57674751183026,8.07969745499718e-11,False,39.450048536530545
eu-us-af-row-apac-ch/pf120_k100_a040,2030,eu,eu,29.61533496667049,89.99999999178316,252.01088283022884,197.24967143099207,197.24967143099207,197.24967143099207,0.0,54.76121139923677,0.3290592774374924,True,0.0
eu-us-af-row-apac-ch/pf120_k100_a040,2030,eu,us,5.71839111090227e-08,64.99999998393213,211.01947885583326,236.69980667570312,255.4598066757031,197.24967143099207,18.76,-4.990192575158812,8.797524788178224e-10,False,39.45013524471105
eu-us-af-row-apac-ch/pf120_k100_a040,2030,eu,apac,3.551129903827474e-08,84.99999998501724,155.75266738784194,236.69960995148273,254.83325015469782,197.24967143099207,18.13364020321509,-59.63064424636522,4.177799887592263e-10,False,39.44993852049066
eu-us-af-row-apac-ch/pf120_k100_a040,2030,eu,af,9.449886141468352e-08,13.999999993464815,249.49475652574563,236.70020848215256,246.50020848215257,197.24967143099207,9.8,42.445085094753566,6.74991867562825e-09,False,39.450537051160495
eu-us-af-row-apac-ch/pf120_k100_a040,2030,eu,row,7.054239053206732e-08,69.99999999224815,219.036716618082,236.70010960464006,245.13639777030275,197.24967143099207,8.436288165662685,13.35075702142726,1.007748436283989e-09,False,39.450438173647996
eu-us-af-row-apac-ch/pf120_k100_a040,2030,us,ch,3.319475839763992e-08,349.99999998507275,107.7909239191618,254.10112130821162,278.83212130821164,211.75090040837495,24.731,-128.69097648921314,9.484216685444472e-11,False,42.35022089983667
eu-us-af-row-apac-ch/pf120_k100_a040,2030,us,eu,4.070441103729487e-07,89.99999999178316,252.01088283022884,254.10110983372348,263.4981098337235,211.75090040837495,9.397,30.862982421853893,4.522712337890124e-09,False,42.35020942534854
eu-us-af-row-apac-ch/pf120_k100_a040,2030,us,us,7.1205196764292395e-06,64.99999998393213,211.01947885583326,211.75090040837495,211.75090040837495,211.75090040837495,0.0,-0.7314215525416898,1.0954645658752951e-07,False,0.0
eu-us-af-row-apac-ch/pf120_k100_a040,2030,us,apac,4.677058225964358e-08,84.99999998501724,155.75266738784194,254.10112314669823,268.8387793020219,211.75090040837495,14.73765615532369,-70.7358891758567,5.502421443280909e-10,False,42.35022273832328
eu-us-af-row-apac-ch/pf120_k100_a040,2030,us,af,2.8780634779375184e-07,13.999999993464815,249.49475652574563,254.10109222922623,268.30109222922624,211.75090040837495,14.2,23.543856117370684,2.0557596280578537e-08,False,42.35019182085128
eu-us-af-row-apac-ch/pf120_k100_a040,2030,us,row,1.0115383690756689e-07,69.99999999224815,219.036716618082,254.1011082088038,268.5509331746928,211.75090040837495,14.449824965889,-7.164008756181936,1.4450548131252677e-09,False,42.35020780042885
eu-us-af-row-apac-ch/pf120_k100_a040,2030,apac,ch,6.488268836917122e-08,349.99999998507275,107.7909239191618,146.8794032967814,160.11229624706664,123.55706235501908,13.23289295028525,-28.999031386142534,1.8537910963410976e-10,False,23.322340941762306
eu-us-af-row-apac-ch/pf120_k100_a040,2030,apac,eu,1.4516564855552513e-06,89.99999999178316,252.01088283022884,208.3790421980371,224.68621571066953,123.55706235501908,16.30717351263244,112.14664696257731,1.6129516507642056e-08,False,84.82197984301801
eu-us-af-row-apac-ch/pf120_k100_a040,2030,apac,us,14.71726634654719,64.99999998393213,211.01947885583326,165.18407590936363,178.8941567162096,123.55706235501908,13.71008080684597,73.7523356939682,0.2264194823105426,True,41.62701355434454
eu-us-af-row-apac-ch/pf120_k100_a040,2030,apac,apac,84.99999967645354,84.99999998501724,155.75266738784194,123.55706235501908,123.55706235501908,123.55706235501908,0.0,32.195605032822854,0.9999999963698388,True,0.0
eu-us-af-row-apac-ch/pf120_k100_a040,2030,apac,af,2.6437544644219274e-06,13.999999993464815,249.49475652574563,208.572192889667,221.74480902658632,123.55706235501908,13.17261613691931,112.76507803380724,1.8883960468971636e-07,False,85.01513053464792
eu-us-af-row-apac-ch/pf120_k100_a040,2030,apac,row,69.99999507561395,69.99999999224815,219.036716618082,167.9736968650435,186.85611158160145,123.55706235501908,18.88241471655794,76.597239546505,0.9999999297623686,True,44.41663451002442
eu-us-af-row-apac-ch/pf120_k100_a040,2030,af,ch,3.334775970456019e-08,349.99999998507275,107.7909239191618,143.11131048425474,147.61131048425474,119.25942540354018,4.5,-15.968501484378379,9.527931344566413e-11,False,23.851885080714567
eu-us-af-row-apac-ch/pf120_k100_a040,2030,af,eu,3.5887548273266446e-08,89.99999999178316,252.01088283022884,143.11131048429758,149.31131048429756,119.25942540354018,6.2,126.55145742668866,3.987505364060324e-10,False,23.8518850807574
eu-us-af-row-apac-ch/pf120_k100_a040,2030,af,us,5.862238484043871e-08,64.99999998393213,211.01947885583326,143.11131048424343,151.61131048424343,119.25942540354018,8.5,83.26005345229308,9.018828439220007e-10,False,23.851885080703255
eu-us-af-row-apac-ch/pf120_k100_a040,2030,af,apac,3.912073960068228e-08,84.99999998501724,155.75266738784194,143.1113104842522,150.13588261139154,119.25942540354018,7.024572127139364,29.468669857162396,4.6024399538327064e-10,False,23.85188508071201
eu-us-af-row-apac-ch/pf120_k100_a040,2030,af,af,5.89997818143849,13.999999993464815,249.49475652574563,119.25942540354018,119.25942540354018,119.25942540354018,0.0,130.23533112220545,0.4214270131566138,True,0.0
eu-us-af-row-apac-ch/pf120_k100_a040,2030,af,row,6.18336527905708e-08,69.99999999224815,219.036716618082,143.11131048425887,150.61131048425887,119.25942540354018,7.5,92.27729121454183,8.833378971059757e-10,False,23.851885080718688
eu-us-af-row-apac-ch/pf120_k100_a040,2030,row,ch,3.077142097964166e-08,349.99999998507275,107.7909239191618,279.5151486178805,293.6375445223174,232.92928618307093,14.12239590443686,-139.260758168346,8.791834565986868e-11,False,46.5858624348096
eu-us-af-row-apac-ch/pf120_k100_a040,2030,row,eu,1.4686279355030325e-07,89.99999999178316,252.01088283022884,279.5151466713595,287.63878830958475,232.92928618307093,8.123641638225255,10.957955008932654,1.631808817374573e-09,False,46.585860488288574
eu-us-af-row-apac-ch/pf120_k100_a040,2030,row,us,6.46511583159146e-08,64.99999998393213,211.01947885583326,279.51514950109134,293.3025931870982,232.92928618307093,13.78744368600683,-35.697251013244504,9.94633205106096e-10,False,46.585863318020415
eu-us-af-row-apac-ch/pf120_k100_a040,2030,row,apac,3.7260582774823327e-08,84.99999998501724,155.75266738784194,279.5151487290684,299.26786304972296,232.92928618307093,19.75271432065455,-96.92933311588354,4.3835979742813134e-10,False,46.585862545997486
eu-us-af-row-apac-ch/pf120_k100_a040,2030,row,af,1.1438862069224186e-07,13.999999993464815,249.49475652574563,279.5151461667376,292.0151461667376,232.92928618307093,12.5,4.0654703426747005,8.170615767545596e-09,False,46.585859983666694
eu-us-af-row-apac-ch/pf120_k100_a040,2030,row,row,3.110989931466979e-07,69.99999999224815,219.036716618082,232.92928618307093,232.92928618307093,232.92928618307093,0.0,-13.892569564988918,4.4442713311592745e-09,False,0.0
eu-us-af-row-apac-ch/pf120_k100_a040,2035,ch,ch,332.99999997502647,332.99999999836297,95.90883300455452,95.57583300040461,95.57583300040461,95.57583300040461,0.0,0.33300000414990905,0.9999999999299204,True,0.0
eu-us-af-row-apac-ch/pf120_k100_a040,2035,ch,eu,7.901438421886079,94.99999999911736,200.2372016867053,184.11130030042983,200.22930030042983,95.57583300040461,16.118,88.5433686863007,0.08317303602062621,True,88.53546730002522
eu-us-af-row-apac-ch/pf120_k100_a040,2035,ch,us,34.21536961823279,69.99999999819245,193.62381847691248,182.45660315712422,193.58960315712423,95.57583300040461,11.133,86.91498547650787,0.48879099455880437,True,86.8807701567196
eu-us-af-row-apac-ch/pf120_k100_a040,2035,ch,apac,6.258072790767615e-08,102.99999999822155,158.4160409441095,153.51434247359822,167.29476405247988,95.57583300040461,13.78042157888167,49.059786364823225,6.075798826092884e-10,False,57.938509473193605
eu-us-af-row-apac-ch/pf120_k100_a040,2035,ch,af,11.600021976481903,19.99999999921772,245.25558146863,234.7439814762662,245.2439814762662,95.57583300040461,10.5,139.1797484682254,0.5800010988467813,True,139.16814847586159
eu-us-af-row-apac-ch/pf120_k100_a040,2035,ch,row,2.2808046303280032e-06,78.99999999912255,200.21628384712872,186.13068477146538,200.72713708107128,95.57583300040461,14.59645230960589,90.04399853711821,2.887094468801691e-08,False,90.55485177106077
eu-us-af-row-apac-ch/pf120_k100_a040,2035,eu,ch,4.4732007470305755e-09,332.99999999836297,95.90883300455452,210.55974975300646,226.67774975300645,175.4666750022766,16.118,-95.67584199772206,1.3433035276434132e-11,False,35.09307475072987
eu-us-af-row-apac-ch/pf120_k100_a040,2035,eu,eu,39.65804045062601,94.99999999911736,200.2372016867053,175.4666750022766,175.4666750022766,175.4666750022766,0.0,24.770526684428717,0.41745305737888916,True,0.0
eu-us-af-row-apac-ch/pf120_k100_a040,2035,eu,us,1.0249854703685926e-08,69.99999999819245,193.62381847691248,210.5650258041311,229.3250258041311,175.4666750022766,18.76,-0.602856525364114,1.4642649577072285e-10,False,35.09835080185451
eu-us-af-row-apac-ch/pf120_k100_a040,2035,eu,apac,6.756890428972972e-09,102.99999999822155,158.4160409441095,210.5605205494782,228.6941607526933,175.4666750022766,18.13364020321509,-35.18427426138217,6.56008779523266e-11,False,35.093845547201624
eu-us-af-row-apac-ch/pf120_k100_a040,2035,eu,af,1.5906069427968647e-08,19.99999999921772,245.25558146863,248.33818727588937,258.1381872758894,175.4666750022766,9.8,59.98890646635341,7.953034714295398e-10,False,72.87151227361278
eu-us-af-row-apac-ch/pf120_k100_a040,2035,eu,row,1.3965651812092164e-08,78.99999999912255,200.21628384712872,210.56728803518644,219.00357620084912,175.4666750022766,8.436288165662685,16.31332067918945,1.7678040268667442e-10,False,35.10061303290985
eu-us-af-row-apac-ch/pf120_k100_a040,2035,us,ch,4.216907357077067e-09,332.99999999836297,95.90883300455452,226.03977597375416,250.77077597375416,188.3664806833128,24.731,-117.18864767875829,1.2663385456750142e-11,False,37.67329529044136
eu-us-af-row-apac-ch/pf120_k100_a040,2035,us,eu,1.422949624660436e-08,94.99999999911736,200.2372016867053,226.03980078593628,235.43680078593627,188.3664806833128,9.397,2.4737210033925034,1.4978417101827964e-10,False,37.67332010262348
eu-us-af-row-apac-ch/pf120_k100_a040,2035,us,us,35.78463010864475,69.99999999819245,193.62381847691248,188.3664806833128,188.3664806833128,188.3664806833128,0.0,5.257337793599675,0.5112090015652684,True,0.0
eu-us-af-row-apac-ch/pf120_k100_a040,2035,us,apac,7.042518726449595e-09,102.99999999822155,158.4160409441095,226.03981615612025,240.77747231144394,188.3664806833128,14.73765615532369,-44.68809589452698,6.837396821913781e-11,False,37.67333547280745
eu-us-af-row-apac-ch/pf120_k100_a040,2035,us,af,1.2705731470868913e-05,19.99999999921772,245.25558146863,225.96811655568035,240.16811655568034,188.3664806833128,14.2,42.689100785317194,6.352865735682942e-07,False,37.60163587236755
eu-us-af-row-apac-ch/pf120_k100_a040,2035,us,row,1.2758855258506336e-08,78.99999999912255,200.21628384712872,226.03978442013567,240.48960938602468,188.3664806833128,14.449824965889,-2.60002180207308,1.61504496944912e-10,False,37.673303736822874
eu-us-af-row-apac-ch/pf120_k100_a040,2035,apac,ch,6.919591309856588e-09,332.99999999836297,95.90883300455452,132.15801922847785,145.3909121787631,109.9122079504653,13.23289295028525,-27.236267896196026,2.077955348315497e-11,False,22.245811278012553
eu-us-af-row-apac-ch/pf120_k100_a040,2035,apac,eu,47.44052109475382,94.99999999911736,200.2372016867053,135.4817546670948,151.78892817972724,109.9122079504653,16.30717351263244,74.01782022360757,0.49937390626520617,True,25.569546716629503
eu-us-af-row-apac-ch/pf120_k100_a040,2035,apac,us,2.457668606067033e-07,69.99999999819245,193.62381847691248,133.52013711707363,147.2302179239196,109.9122079504653,13.71008080684597,70.00152971960121,3.510955151614993e-09,False,23.60792916660833
eu-us-af-row-apac-ch/pf120_k100_a040,2035,apac,apac,102.99999991105777,102.99999999822155,158.4160409441095,109.9122079504653,109.9122079504653,109.9122079504653,0.0,48.50383299364421,0.9999999991537497,True,0.0
eu-us-af-row-apac-ch/pf120_k100_a040,2035,apac,af,2.9645552664949874e-09,19.99999999921772,245.25558146863,423.3885150485884,436.5611311855077,109.9122079504653,13.17261613691931,122.17075738124538,1.4822776333054713e-10,False,313.4763070981231
eu-us-af-row-apac-ch/pf120_k100_a040,2035,apac,row,78.99999760370402,78.99999999912255,200.21628384712872,132.85403613766698,151.73645085422493,109.9122079504653,18.88241471655794,71.42166118010547,0.9999999696782464,True,22.94182818720168
eu-us-af-row-apac-ch/pf120_k100_a040,2035,af,ch,3.604576944617145e-09,332.99999999836297,95.90883300455452,127.30700955690314,131.80700955690315,106.08917463044914,4.5,-14.680341625894613,1.082455538929389e-11,False,21.217834926454003
eu-us-af-row-apac-ch/pf120_k100_a040,2035,af,eu,7.013704442881421e-09,94.99999999911736,200.2372016867053,127.30700955983349,133.50700955983348,106.08917463044914,6.2,87.94802705625617,7.382846782049037e-11,False,21.217834929384352
eu-us-af-row-apac-ch/pf120_k100_a040,2035,af,us,6.506718683629058e-09,69.99999999819245,193.62381847691248,127.30700955697881,135.8070095569788,106.08917463044914,8.5,79.03464384646334,9.295312405424394e-11,False,21.217834926529676
eu-us-af-row-apac-ch/pf120_k100_a040,2035,af,apac,5.038765681295617e-09,102.99999999822155,158.4160409441095,127.30700955703786,134.33158168417722,106.08917463044914,7.024572127139364,45.30229418652101,4.892005515905455e-11,False,21.217834926588722
eu-us-af-row-apac-ch/pf120_k100_a040,2035,af,af,8.39996526129505,19.99999999921772,245.25558146863,106.08917463044914,106.08917463044914,106.08917463044914,0.0,139.16640683818088,0.41999826308118027,True,0.0
eu-us-af-row-apac-ch/pf120_k100_a040,2035,af,row,6.949859894432293e-09,78.99999999912255,200.21628384712872,127.30700955690503,134.80700955690503,106.08917463044914,7.5,86.62710921667959,8.797291005708209e-11,False,21.217834926455893
eu-us-af-row-apac-ch/pf120_k100_a040,2035,row,ch,4.122208703306058e-09,332.99999999836297,95.90883300455452,248.6473219324961,262.76971783693295,207.20606052566248,14.12239590443686,-125.41962342554481,1.2379005115094063e-11,False,41.44126140683363
eu-us-af-row-apac-ch/pf120_k100_a040,2035,row,eu,1.0608253543745448e-08,94.99999999911736,200.2372016867053,248.64726498604605,256.77090662427133,207.20606052566248,8.123641638225255,-15.09250047718243,1.1166582677730535e-10,False,41.441204460383574
eu-us-af-row-apac-ch/pf120_k100_a040,2035,row,us,8.791457993162429e-09,69.99999999819245,193.62381847691248,248.64726349165716,262.434707177664,207.20606052566248,13.78744368600683,-27.369685734756835,1.255922570484206e-10,False,41.44120296599468
eu-us-af-row-apac-ch/pf120_k100_a040,2035,row,apac,5.744906661578367e-09,102.99999999822155,158.4160409441095,248.64725448296343,268.399968803618,207.20606052566248,19.75271432065455,-68.54273390220752,5.577579283182098e-11,False,41.44119395730095
eu-us-af-row-apac-ch/pf120_k100_a040,2035,row,af,3.6838677709495274e-08,19.99999999921772,245.25558146863,248.6472177260673,261.1472177260673,207.20606052566248,12.5,25.54952094296752,1.841933885546809e-09,False,41.44115720040483
eu-us-af-row-apac-ch/pf120_k100_a040,2035,row,row,8.093953142394844e-08,78.99999999912255,200.21628384712872,207.20606052566248,207.20606052566248,207.20606052566248,0.0,-6.989776678533758,1.0245510306942713e-09,False,0.0
eu-us-af-row-apac-ch/pf120_k100_a040,2040,ch,ch,315.99999989887925,315.9999999947725,86.6512572118774,86.33525719941149,86.33525719941149,86.33525719941149,0.0,0.31600001246590637,0.9999999996965403,True,0.0
eu-us-af-row-apac-ch/pf120_k100_a040,2040,ch,eu,3.3082324894083795e-07,98.9999999970644,199.43908023968768,183.97036834425376,200.08836834425375,86.33525719941149,16.118,96.9858230402762,3.3416489792994714e-09,False,97.63511114484227
eu-us-af-row-apac-ch/pf120_k100_a040,2040,ch,us,8.670947552408991e-07,74.99999999374126,202.79927714720506,192.4916248865607,203.6246248865607,86.33525719941149,11.133,105.33101994779358,1.1561263404176774e-08,False,106.1563676871492
eu-us-af-row-apac-ch/pf120_k100_a040,2040,ch,apac,4.850700886747141e-08,125.99999999415608,148.3463700684181,179.82400993469054,193.6044315135722,86.33525719941149,13.78042157888167,48.23069129012495,3.84976260870803e-10,False,93.48875273527905
eu-us-af-row-apac-ch/pf120_k100_a040,2040,ch,af,5.0220705843627066e-08,27.999999997520163,224.69888596976816,256.6098020483133,267.1098020483133,86.33525719941149,10.5,127.86362877035668,1.7935966374312463e-09,False,170.27454484890183
eu-us-af-row-apac-ch/pf120_k100_a040,2040,ch,row,31.036551719908953,88.99999999711885,187.0062450174648,172.37875620349644,186.97520851310233,86.33525719941149,14.59645230960589,86.07453550844743,0.3487253002349852,True,86.04349900408495
eu-us-af-row-apac-ch/pf120_k100_a040,2040,eu,ch,1.406282746727583e-08,315.9999999947725,86.6512572118774,190.20448302318954,206.32248302318953,158.50199826333673,16.118,-87.96874105145933,4.450261856806477e-11,False,31.70248475985281
eu-us-af-row-apac-ch/pf120_k100_a040,2040,eu,eu,49.79204294942199,98.9999999970644,199.43908023968768,158.50199826333673,158.50199826333673,158.50199826333673,0.0,40.93708197635095,0.502949928796954,True,0.0
eu-us-af-row-apac-ch/pf120_k100_a040,2040,eu,us,4.600564806924684e-08,74.99999999374126,202.79927714720506,190.19803930566377,208.95803930566376,158.50199826333673,18.76,25.53727888386833,6.134086409744801e-10,False,31.69604104232704
eu-us-af-row-apac-ch/pf120_k100_a040,2040,eu,apac,2.1970085048642126e-08,125.99999999415608,148.3463700684181,190.20284590273536,208.33648610595046,158.50199826333673,18.13364020321509,-28.28926839813371,1.7436575436238972e-10,False,31.70084763939863
eu-us-af-row-apac-ch/pf120_k100_a040,2040,eu,af,1.3093871403625272e-07,27.999999997520163,224.69888596976816,190.19913901724664,199.99913901724665,158.50199826333673,9.8,56.39688770643143,4.676382644566049e-09,False,31.697140753909906
eu-us-af-row-apac-ch/pf120_k100_a040,2040,eu,row,4.156505286742596e-08,88.99999999711885,187.0062450174648,190.20509606757756,198.64138423324025,158.50199826333673,8.436288165662685,20.06795858846539,4.670230659412531e-10,False,31.703097804240826
eu-us-af-row-apac-ch/pf120_k100_a040,2040,us,ch,1.2680059856111341e-08,315.9999999947725,86.6512572118774,204.1856383898973,228.9166383898973,170.1546096644843,24.731,-108.23435245260691,4.0126771697218685e-11,False,34.031028725412995
eu-us-af-row-apac-ch/pf120_k100_a040,2040,us,eu,4.586762468679836e-08,98.9999999970644,199.43908023968768,204.18539410959858,213.58239410959857,170.1546096644843,9.397,19.887470575203388,4.633093402844287e-10,False,34.03078444511428
eu-us-af-row-apac-ch/pf120_k100_a040,2040,us,us,35.88060007770059,74.99999999374126,202.79927714720506,170.1546096644843,170.1546096644843,170.1546096644843,0.0,32.64466748272076,0.478408001075931,True,0.0
eu-us-af-row-apac-ch/pf120_k100_a040,2040,us,apac,2.1126567872056e-08,125.99999999415608,148.3463700684181,204.18558577352044,218.92324192884413,170.1546096644843,14.73765615532369,-36.54589575138988,1.6767117359552266e-10,False,34.030976109036146
eu-us-af-row-apac-ch/pf120_k100_a040,2040,us,af,8.170038179785324e-08,27.999999997520163,224.69888596976816,204.18557073653884,218.38557073653882,170.1546096644843,14.2,40.344276305283856,2.9178707787531813e-09,False,34.03096107205454
eu-us-af-row-apac-ch/pf120_k100_a040,2040,us,row,3.3627821765272716e-08,88.99999999711885,187.0062450174648,204.18583329446903,218.63565826035804,170.1546096644843,14.449824965889,2.4018103870915084,3.778406940040599e-10,False,34.03122362998474
eu-us-af-row-apac-ch/pf120_k100_a040,2040,apac,ch,4.1957044602773504e-08,315.9999999947725,86.6512572118774,80.77057073279784,94.00346368308308,99.28554577932321,13.23289295028525,-25.86718151773107,1.327754576059101e-10,False,-18.51497504652538
eu-us-af-row-apac-ch/pf120_k100_a040,2040,apac,eu,49.20795656500905,98.9999999970644,199.43908023968768,134.14787451208656,150.455048024719,99.28554577932321,16.30717351263244,83.84636094773202,0.49705006632796145,True,34.862328732763345
eu-us-af-row-apac-ch/pf120_k100_a040,2040,apac,us,39.119398899958355,74.99999999374126,202.79927714720506,140.11525269628356,153.82533350312954,99.28554577932321,13.71008080684597,89.80365056103588,0.5215919853763049,True,40.82970691696035
eu-us-af-row-apac-ch/pf120_k100_a040,2040,apac,apac,125.99999985986359,125.99999999415608,148.3463700684181,99.28554577932321,99.28554577932321,99.28554577932321,0.0,49.060824289094896,0.9999999989341866,True,0.0
eu-us-af-row-apac-ch/pf120_k100_a040,2040,apac,af,17.100047825094528,27.999999997520163,224.69888596976816,162.57434563236623,175.74696176928555,99.28554577932321,13.17261613691931,112.24072405352564,0.6107159938074644,True,63.28879985304302
eu-us-af-row-apac-ch/pf120_k100_a040,2040,apac,row,57.96339936209682,88.99999999711885,187.0062450174648,119.13104264239459,138.01345735895254,99.28554577932321,18.88241471655794,68.83828452158366,0.6512741501570027,True,19.845496863071375
eu-us-af-row-apac-ch/pf120_k100_a040,2040,af,ch,1.2661378891307324e-08,315.9999999947725,86.6512572118774,114.99856258961726,119.49856258961726,95.83213549134676,4.5,-13.680878279469368,4.0067654719989805e-11,False,19.166427098270503
eu-us-af-row-apac-ch/pf120_k100_a040,2040,af,eu,4.23883173721432e-08,98.9999999970644,199.43908023968768,114.99856258960816,121.19856258960816,95.83213549134676,6.2,97.40694474834092,4.2816482195353654e-10,False,19.166427098261394
eu-us-af-row-apac-ch/pf120_k100_a040,2040,af,us,4.3540937341943656e-08,74.99999999374126,202.79927714720506,114.9985625896099,123.4985625896099,95.83213549134676,8.5,98.4671416558583,5.80545831274362e-10,False,19.166427098263142
eu-us-af-row-apac-ch/pf120_k100_a040,2040,af,apac,2.009846143134741e-08,125.99999999415608,148.3463700684181,114.99856258961591,122.02313471675528,95.83213549134676,7.024572127139364,45.489662449931984,1.5951159866888557e-10,False,19.166427098269153
eu-us-af-row-apac-ch/pf120_k100_a040,2040,af,af,10.899951748191599,27.999999997520163,224.69888596976816,95.83213549134676,95.83213549134676,95.83213549134676,0.0,128.8667504784214,0.38928399104132,True,0.0
eu-us-af-row-apac-ch/pf120_k100_a040,2040,af,row,3.267257300918373e-08,88.99999999711885,187.0062450174648,114.99856258960841,122.49856258960841,95.83213549134676,7.5,83.67410952611804,3.6710756191282495e-10,False,19.16642709826165
eu-us-af-row-apac-ch/pf120_k100_a040,2040,row,ch,1.4531910741207655e-08,315.9999999947725,86.6512572118774,224.6072627336689,238.72965863810578,187.17271895170572,14.12239590443686,-114.64385764426518,4.5987059308379914e-11,False,37.434543781963185
eu-us-af-row-apac-ch/pf120_k100_a040,2040,row,eu,6.355417075643198e-08,98.9999999970644,199.43908023968768,224.60726177798307,232.73090341620832,187.17271895170572,8.123641638225255,4.14271964975671,6.419613207910759e-10,False,37.43454282627735
eu-us-af-row-apac-ch/pf120_k100_a040,2040,row,us,5.9440993610485574e-08,74.99999999374126,202.79927714720506,224.60726133546854,238.39470502147537,187.17271895170572,13.78744368600683,1.8391145094925125,7.92546581539279e-10,False,37.43454238376282
eu-us-af-row-apac-ch/pf120_k100_a040,2040,row,apac,2.2590385911171486e-08,125.99999999415608,148.3463700684181,224.60726283281986,244.3599771534744,187.17271895170572,19.75271432065455,-58.579063203942155,1.7928877708110503e-10,False,37.43454388111414
eu-us-af-row-apac-ch/pf120_k100_a040,2040,row,af,1.6137423149960697e-07,27.999999997520163,224.69888596976816,224.6072612660019,237.1072612660019,187.17271895170572,12.5,25.026167018062438,5.7633654112106844e-09,False,37.43454231429618
eu-us-af-row-apac-ch/pf120_k100_a040,2040,row,row,4.880724761499441e-05,88.99999999711885,187.0062450174648,187.17271895170572,187.17271895170572,187.17271895170572,0.0,-0.16647393424091206,5.483960406356677e-07,False,0.0
